# split-by-signature : leaves
# source : cucumber_day_20_raw.obj
# vertices: 3240
v -1.53649 0.26396 0.93027 0.06666667 0.38039216 0.06666667
v -1.57722 0.24977 0.94016 0.06666667 0.38039216 0.06666667
v -1.54957 0.23059 0.90904 0.06666667 0.38039216 0.06666667
v -1.53649 0.26396 0.93027 0.06666667 0.38039216 0.06666667
v -1.54957 0.23059 0.90904 0.06666667 0.38039216 0.06666667
v -1.57722 0.24977 0.94016 0.06666667 0.38039216 0.06666667
v -1.53649 0.26396 0.93027 0.06666667 0.38039216 0.06666667
v -1.57722 0.24977 0.94016 0.06666667 0.38039216 0.06666667
v -1.5159 0.25863 0.97367 0.06666667 0.38039216 0.06666667
v -1.53649 0.26396 0.93027 0.06666667 0.38039216 0.06666667
v -1.5159 0.25863 0.97367 0.06666667 0.38039216 0.06666667
v -1.57722 0.24977 0.94016 0.06666667 0.38039216 0.06666667
v -1.5159 0.25863 0.97367 0.06666667 0.38039216 0.06666667
v -1.57989 0.25239 0.97341 0.06666667 0.38039216 0.06666667
v -1.57722 0.24977 0.94016 0.06666667 0.38039216 0.06666667
v -1.5159 0.25863 0.97367 0.06666667 0.38039216 0.06666667
v -1.57722 0.24977 0.94016 0.06666667 0.38039216 0.06666667
v -1.57989 0.25239 0.97341 0.06666667 0.38039216 0.06666667
v -1.5159 0.25863 0.97367 0.06666667 0.38039216 0.06666667
v -1.55181 0.23732 1.00161 0.06666667 0.38039216 0.06666667
v -1.57989 0.25239 0.97341 0.06666667 0.38039216 0.06666667
v -1.5159 0.25863 0.97367 0.06666667 0.38039216 0.06666667
v -1.57989 0.25239 0.97341 0.06666667 0.38039216 0.06666667
v -1.55181 0.23732 1.00161 0.06666667 0.38039216 0.06666667
v -1.5159 0.25863 0.97367 0.06666667 0.38039216 0.06666667
v -1.51865 0.23205 0.99616 0.06666667 0.38039216 0.06666667
v -1.55181 0.23732 1.00161 0.06666667 0.38039216 0.06666667
v -1.5159 0.25863 0.97367 0.06666667 0.38039216 0.06666667
v -1.55181 0.23732 1.00161 0.06666667 0.38039216 0.06666667
v -1.51865 0.23205 0.99616 0.06666667 0.38039216 0.06666667
v -1.5159 0.25863 0.97367 0.06666667 0.38039216 0.06666667
v -1.50378 0.23957 0.99139 0.06666667 0.38039216 0.06666667
v -1.51865 0.23205 0.99616 0.06666667 0.38039216 0.06666667
v -1.5159 0.25863 0.97367 0.06666667 0.38039216 0.06666667
v -1.51865 0.23205 0.99616 0.06666667 0.38039216 0.06666667
v -1.50378 0.23957 0.99139 0.06666667 0.38039216 0.06666667
v -1.5159 0.25863 0.97367 0.06666667 0.38039216 0.06666667
v -1.48059 0.23008 0.96715 0.06666667 0.38039216 0.06666667
v -1.49295 0.23856 0.98441 0.06666667 0.38039216 0.06666667
v -1.5159 0.25863 0.97367 0.06666667 0.38039216 0.06666667
v -1.49295 0.23856 0.98441 0.06666667 0.38039216 0.06666667
v -1.48059 0.23008 0.96715 0.06666667 0.38039216 0.06666667
v -1.5159 0.25863 0.97367 0.06666667 0.38039216 0.06666667
v -1.47612 0.23422 0.94349 0.06666667 0.38039216 0.06666667
v -1.48059 0.23008 0.96715 0.06666667 0.38039216 0.06666667
v -1.5159 0.25863 0.97367 0.06666667 0.38039216 0.06666667
v -1.48059 0.23008 0.96715 0.06666667 0.38039216 0.06666667
v -1.47612 0.23422 0.94349 0.06666667 0.38039216 0.06666667
v -1.5159 0.25863 0.97367 0.06666667 0.38039216 0.06666667
v -1.48646 0.25608 0.90643 0.06666667 0.38039216 0.06666667
v -1.47612 0.23422 0.94349 0.06666667 0.38039216 0.06666667
v -1.5159 0.25863 0.97367 0.06666667 0.38039216 0.06666667
v -1.47612 0.23422 0.94349 0.06666667 0.38039216 0.06666667
v -1.48646 0.25608 0.90643 0.06666667 0.38039216 0.06666667
v -1.5159 0.25863 0.97367 0.06666667 0.38039216 0.06666667
v -1.53382 0.25666 0.89466 0.06666667 0.38039216 0.06666667
v -1.48646 0.25608 0.90643 0.06666667 0.38039216 0.06666667
v -1.5159 0.25863 0.97367 0.06666667 0.38039216 0.06666667
v -1.48646 0.25608 0.90643 0.06666667 0.38039216 0.06666667
v -1.53382 0.25666 0.89466 0.06666667 0.38039216 0.06666667
v -1.5159 0.25863 0.97367 0.06666667 0.38039216 0.06666667
v -1.53649 0.26396 0.93027 0.06666667 0.38039216 0.06666667
v -1.53382 0.25666 0.89466 0.06666667 0.38039216 0.06666667
v -1.5159 0.25863 0.97367 0.06666667 0.38039216 0.06666667
v -1.53382 0.25666 0.89466 0.06666667 0.38039216 0.06666667
v -1.53649 0.26396 0.93027 0.06666667 0.38039216 0.06666667
v -1.53649 0.26396 0.93027 0.06666667 0.38039216 0.06666667
v -1.54957 0.23059 0.90904 0.06666667 0.38039216 0.06666667
v -1.53382 0.25666 0.89466 0.06666667 0.38039216 0.06666667
v -1.53649 0.26396 0.93027 0.06666667 0.38039216 0.06666667
v -1.53382 0.25666 0.89466 0.06666667 0.38039216 0.06666667
v -1.54957 0.23059 0.90904 0.06666667 0.38039216 0.06666667
v -1.41605 0.36726 1.05674 0.13725491 0.38039216 0.13725491
v -1.38244 0.33861 1.00885 0.13725491 0.38039216 0.13725491
v -1.3805 0.30192 1.03909 0.13725491 0.38039216 0.13725491
v -1.41605 0.36726 1.05674 0.13725491 0.38039216 0.13725491
v -1.3805 0.30192 1.03909 0.13725491 0.38039216 0.13725491
v -1.38244 0.33861 1.00885 0.13725491 0.38039216 0.13725491
v -1.41605 0.36726 1.05674 0.13725491 0.38039216 0.13725491
v -1.38244 0.33861 1.00885 0.13725491 0.38039216 0.13725491
v -1.45255 0.38317 1.03267 0.13725491 0.38039216 0.13725491
v -1.41605 0.36726 1.05674 0.13725491 0.38039216 0.13725491
v -1.45255 0.38317 1.03267 0.13725491 0.38039216 0.13725491
v -1.38244 0.33861 1.00885 0.13725491 0.38039216 0.13725491
v -1.45255 0.38317 1.03267 0.13725491 0.38039216 0.13725491
v -1.39874 0.33393 0.98183 0.13725491 0.38039216 0.13725491
v -1.38244 0.33861 1.00885 0.13725491 0.38039216 0.13725491
v -1.45255 0.38317 1.03267 0.13725491 0.38039216 0.13725491
v -1.38244 0.33861 1.00885 0.13725491 0.38039216 0.13725491
v -1.39874 0.33393 0.98183 0.13725491 0.38039216 0.13725491
v -1.45255 0.38317 1.03267 0.13725491 0.38039216 0.13725491
v -1.45309 0.33329 0.97186 0.13725491 0.38039216 0.13725491
v -1.39874 0.33393 0.98183 0.13725491 0.38039216 0.13725491
v -1.45255 0.38317 1.03267 0.13725491 0.38039216 0.13725491
v -1.39874 0.33393 0.98183 0.13725491 0.38039216 0.13725491
v -1.45309 0.33329 0.97186 0.13725491 0.38039216 0.13725491
v -1.45255 0.38317 1.03267 0.13725491 0.38039216 0.13725491
v -1.47847 0.33137 0.99964 0.13725491 0.38039216 0.13725491
v -1.45309 0.33329 0.97186 0.13725491 0.38039216 0.13725491
v -1.45255 0.38317 1.03267 0.13725491 0.38039216 0.13725491
v -1.45309 0.33329 0.97186 0.13725491 0.38039216 0.13725491
v -1.47847 0.33137 0.99964 0.13725491 0.38039216 0.13725491
v -1.45255 0.38317 1.03267 0.13725491 0.38039216 0.13725491
v -1.48698 0.34486 1.02697 0.13725491 0.38039216 0.13725491
v -1.47847 0.33137 0.99964 0.13725491 0.38039216 0.13725491
v -1.45255 0.38317 1.03267 0.13725491 0.38039216 0.13725491
v -1.47847 0.33137 0.99964 0.13725491 0.38039216 0.13725491
v -1.48698 0.34486 1.02697 0.13725491 0.38039216 0.13725491
v -1.45255 0.38317 1.03267 0.13725491 0.38039216 0.13725491
v -1.50194 0.34502 1.04275 0.13725491 0.38039216 0.13725491
v -1.49528 0.35366 1.03049 0.13725491 0.38039216 0.13725491
v -1.45255 0.38317 1.03267 0.13725491 0.38039216 0.13725491
v -1.49528 0.35366 1.03049 0.13725491 0.38039216 0.13725491
v -1.50194 0.34502 1.04275 0.13725491 0.38039216 0.13725491
v -1.45255 0.38317 1.03267 0.13725491 0.38039216 0.13725491
v -1.50175 0.33868 1.06283 0.13725491 0.38039216 0.13725491
v -1.50194 0.34502 1.04275 0.13725491 0.38039216 0.13725491
v -1.45255 0.38317 1.03267 0.13725491 0.38039216 0.13725491
v -1.50194 0.34502 1.04275 0.13725491 0.38039216 0.13725491
v -1.50175 0.33868 1.06283 0.13725491 0.38039216 0.13725491
v -1.45255 0.38317 1.03267 0.13725491 0.38039216 0.13725491
v -1.45281 0.34068 1.11443 0.13725491 0.38039216 0.13725491
v -1.50175 0.33868 1.06283 0.13725491 0.38039216 0.13725491
v -1.45255 0.38317 1.03267 0.13725491 0.38039216 0.13725491
v -1.50175 0.33868 1.06283 0.13725491 0.38039216 0.13725491
v -1.45281 0.34068 1.11443 0.13725491 0.38039216 0.13725491
v -1.45255 0.38317 1.03267 0.13725491 0.38039216 0.13725491
v -1.41247 0.331 1.09337 0.13725491 0.38039216 0.13725491
v -1.45281 0.34068 1.11443 0.13725491 0.38039216 0.13725491
v -1.45255 0.38317 1.03267 0.13725491 0.38039216 0.13725491
v -1.45281 0.34068 1.11443 0.13725491 0.38039216 0.13725491
v -1.41247 0.331 1.09337 0.13725491 0.38039216 0.13725491
v -1.45255 0.38317 1.03267 0.13725491 0.38039216 0.13725491
v -1.41605 0.36726 1.05674 0.13725491 0.38039216 0.13725491
v -1.41247 0.331 1.09337 0.13725491 0.38039216 0.13725491
v -1.45255 0.38317 1.03267 0.13725491 0.38039216 0.13725491
v -1.41247 0.331 1.09337 0.13725491 0.38039216 0.13725491
v -1.41605 0.36726 1.05674 0.13725491 0.38039216 0.13725491
v -1.41605 0.36726 1.05674 0.13725491 0.38039216 0.13725491
v -1.3805 0.30192 1.03909 0.13725491 0.38039216 0.13725491
v -1.41247 0.331 1.09337 0.13725491 0.38039216 0.13725491
v -1.41605 0.36726 1.05674 0.13725491 0.38039216 0.13725491
v -1.41247 0.331 1.09337 0.13725491 0.38039216 0.13725491
v -1.3805 0.30192 1.03909 0.13725491 0.38039216 0.13725491
v -1.5017 0.41347 1.02585 0.1764706 0.38039216 0.1764706
v -1.50267 0.41694 1.04699 0.1764706 0.38039216 0.1764706
v -1.51963 0.41949 1.03288 0.1764706 0.38039216 0.1764706
v -1.5017 0.41347 1.02585 0.1764706 0.38039216 0.1764706
v -1.51963 0.41949 1.03288 0.1764706 0.38039216 0.1764706
v -1.50267 0.41694 1.04699 0.1764706 0.38039216 0.1764706
v -1.5017 0.41347 1.02585 0.1764706 0.38039216 0.1764706
v -1.50267 0.41694 1.04699 0.1764706 0.38039216 0.1764706
v -1.49596 0.39077 1.02614 0.1764706 0.38039216 0.1764706
v -1.5017 0.41347 1.02585 0.1764706 0.38039216 0.1764706
v -1.49596 0.39077 1.02614 0.1764706 0.38039216 0.1764706
v -1.50267 0.41694 1.04699 0.1764706 0.38039216 0.1764706
v -1.49596 0.39077 1.02614 0.1764706 0.38039216 0.1764706
v -1.49409 0.40499 1.05379 0.1764706 0.38039216 0.1764706
v -1.50267 0.41694 1.04699 0.1764706 0.38039216 0.1764706
v -1.49596 0.39077 1.02614 0.1764706 0.38039216 0.1764706
v -1.50267 0.41694 1.04699 0.1764706 0.38039216 0.1764706
v -1.49409 0.40499 1.05379 0.1764706 0.38039216 0.1764706
v -1.49596 0.39077 1.02614 0.1764706 0.38039216 0.1764706
v -1.49636 0.3849 1.04975 0.1764706 0.38039216 0.1764706
v -1.49409 0.40499 1.05379 0.1764706 0.38039216 0.1764706
v -1.49596 0.39077 1.02614 0.1764706 0.38039216 0.1764706
v -1.49409 0.40499 1.05379 0.1764706 0.38039216 0.1764706
v -1.49636 0.3849 1.04975 0.1764706 0.38039216 0.1764706
v -1.49596 0.39077 1.02614 0.1764706 0.38039216 0.1764706
v -1.50218 0.37835 1.0358 0.1764706 0.38039216 0.1764706
v -1.49636 0.3849 1.04975 0.1764706 0.38039216 0.1764706
v -1.49596 0.39077 1.02614 0.1764706 0.38039216 0.1764706
v -1.49636 0.3849 1.04975 0.1764706 0.38039216 0.1764706
v -1.50218 0.37835 1.0358 0.1764706 0.38039216 0.1764706
v -1.49596 0.39077 1.02614 0.1764706 0.38039216 0.1764706
v -1.50108 0.37791 1.02749 0.1764706 0.38039216 0.1764706
v -1.50218 0.37835 1.0358 0.1764706 0.38039216 0.1764706
v -1.49596 0.39077 1.02614 0.1764706 0.38039216 0.1764706
v -1.50218 0.37835 1.0358 0.1764706 0.38039216 0.1764706
v -1.50108 0.37791 1.02749 0.1764706 0.38039216 0.1764706
v -1.49596 0.39077 1.02614 0.1764706 0.38039216 0.1764706
v -1.51208 0.38039 1.01491 0.1764706 0.38039216 0.1764706
v -1.50381 0.37792 1.02185 0.1764706 0.38039216 0.1764706
v -1.49596 0.39077 1.02614 0.1764706 0.38039216 0.1764706
v -1.50381 0.37792 1.02185 0.1764706 0.38039216 0.1764706
v -1.51208 0.38039 1.01491 0.1764706 0.38039216 0.1764706
v -1.49596 0.39077 1.02614 0.1764706 0.38039216 0.1764706
v -1.51581 0.38925 1.00802 0.1764706 0.38039216 0.1764706
v -1.51208 0.38039 1.01491 0.1764706 0.38039216 0.1764706
v -1.49596 0.39077 1.02614 0.1764706 0.38039216 0.1764706
v -1.51208 0.38039 1.01491 0.1764706 0.38039216 0.1764706
v -1.51581 0.38925 1.00802 0.1764706 0.38039216 0.1764706
v -1.49596 0.39077 1.02614 0.1764706 0.38039216 0.1764706
v -1.51385 0.4097 1.00191 0.1764706 0.38039216 0.1764706
v -1.51581 0.38925 1.00802 0.1764706 0.38039216 0.1764706
v -1.49596 0.39077 1.02614 0.1764706 0.38039216 0.1764706
v -1.51581 0.38925 1.00802 0.1764706 0.38039216 0.1764706
v -1.51385 0.4097 1.00191 0.1764706 0.38039216 0.1764706
v -1.49596 0.39077 1.02614 0.1764706 0.38039216 0.1764706
v -1.51279 0.42559 1.01939 0.1764706 0.38039216 0.1764706
v -1.51385 0.4097 1.00191 0.1764706 0.38039216 0.1764706
v -1.49596 0.39077 1.02614 0.1764706 0.38039216 0.1764706
v -1.51385 0.4097 1.00191 0.1764706 0.38039216 0.1764706
v -1.51279 0.42559 1.01939 0.1764706 0.38039216 0.1764706
v -1.49596 0.39077 1.02614 0.1764706 0.38039216 0.1764706
v -1.5017 0.41347 1.02585 0.1764706 0.38039216 0.1764706
v -1.51279 0.42559 1.01939 0.1764706 0.38039216 0.1764706
v -1.49596 0.39077 1.02614 0.1764706 0.38039216 0.1764706
v -1.51279 0.42559 1.01939 0.1764706 0.38039216 0.1764706
v -1.5017 0.41347 1.02585 0.1764706 0.38039216 0.1764706
v -1.5017 0.41347 1.02585 0.1764706 0.38039216 0.1764706
v -1.51963 0.41949 1.03288 0.1764706 0.38039216 0.1764706
v -1.51279 0.42559 1.01939 0.1764706 0.38039216 0.1764706
v -1.5017 0.41347 1.02585 0.1764706 0.38039216 0.1764706
v -1.51279 0.42559 1.01939 0.1764706 0.38039216 0.1764706
v -1.51963 0.41949 1.03288 0.1764706 0.38039216 0.1764706
v -0.01865 0.26396 0.92354 0.07058824 0.38039216 0.07058824
v -0.06057 0.24977 0.92335 0.07058824 0.38039216 0.07058824
v -0.02625 0.23059 0.89979 0.07058824 0.38039216 0.07058824
v -0.01865 0.26396 0.92354 0.07058824 0.38039216 0.07058824
v -0.02625 0.23059 0.89979 0.07058824 0.38039216 0.07058824
v -0.06057 0.24977 0.92335 0.07058824 0.38039216 0.07058824
v -0.01865 0.26396 0.92354 0.07058824 0.38039216 0.07058824
v -0.06057 0.24977 0.92335 0.07058824 0.38039216 0.07058824
v -0.00911 0.25863 0.97062 0.07058824 0.38039216 0.07058824
v -0.01865 0.26396 0.92354 0.07058824 0.38039216 0.07058824
v -0.00911 0.25863 0.97062 0.07058824 0.38039216 0.07058824
v -0.06057 0.24977 0.92335 0.07058824 0.38039216 0.07058824
v -0.00911 0.25863 0.97062 0.07058824 0.38039216 0.07058824
v -0.07116 0.25239 0.95499 0.07058824 0.38039216 0.07058824
v -0.06057 0.24977 0.92335 0.07058824 0.38039216 0.07058824
v -0.00911 0.25863 0.97062 0.07058824 0.38039216 0.07058824
v -0.06057 0.24977 0.92335 0.07058824 0.38039216 0.07058824
v -0.07116 0.25239 0.95499 0.07058824 0.38039216 0.07058824
v -0.00911 0.25863 0.97062 0.07058824 0.38039216 0.07058824
v -0.05067 0.23732 0.98911 0.07058824 0.38039216 0.07058824
v -0.07116 0.25239 0.95499 0.07058824 0.38039216 0.07058824
v -0.00911 0.25863 0.97062 0.07058824 0.38039216 0.07058824
v -0.07116 0.25239 0.95499 0.07058824 0.38039216 0.07058824
v -0.05067 0.23732 0.98911 0.07058824 0.38039216 0.07058824
v -0.00911 0.25863 0.97062 0.07058824 0.38039216 0.07058824
v -0.01718 0.23205 0.99179 0.07058824 0.38039216 0.07058824
v -0.05067 0.23732 0.98911 0.07058824 0.38039216 0.07058824
v -0.00911 0.25863 0.97062 0.07058824 0.38039216 0.07058824
v -0.05067 0.23732 0.98911 0.07058824 0.38039216 0.07058824
v -0.01718 0.23205 0.99179 0.07058824 0.38039216 0.07058824
v -0.00911 0.25863 0.97062 0.07058824 0.38039216 0.07058824
v -0.0016 0.23957 0.99073 0.07058824 0.38039216 0.07058824
v -0.01718 0.23205 0.99179 0.07058824 0.38039216 0.07058824
v -0.00911 0.25863 0.97062 0.07058824 0.38039216 0.07058824
v -0.01718 0.23205 0.99179 0.07058824 0.38039216 0.07058824
v -0.0016 0.23957 0.99073 0.07058824 0.38039216 0.07058824
v -0.00911 0.25863 0.97062 0.07058824 0.38039216 0.07058824
v 0.02674 0.23008 0.97278 0.07058824 0.38039216 0.07058824
v 0.01059 0.23856 0.98657 0.07058824 0.38039216 0.07058824
v -0.00911 0.25863 0.97062 0.07058824 0.38039216 0.07058824
v 0.01059 0.23856 0.98657 0.07058824 0.38039216 0.07058824
v 0.02674 0.23008 0.97278 0.07058824 0.38039216 0.07058824
v -0.00911 0.25863 0.97062 0.07058824 0.38039216 0.07058824
v 0.03676 0.23422 0.95088 0.07058824 0.38039216 0.07058824
v 0.02674 0.23008 0.97278 0.07058824 0.38039216 0.07058824
v -0.00911 0.25863 0.97062 0.07058824 0.38039216 0.07058824
v 0.02674 0.23008 0.97278 0.07058824 0.38039216 0.07058824
v 0.03676 0.23422 0.95088 0.07058824 0.38039216 0.07058824
v -0.00911 0.25863 0.97062 0.07058824 0.38039216 0.07058824
v 0.03564 0.25608 0.91243 0.07058824 0.38039216 0.07058824
v 0.03676 0.23422 0.95088 0.07058824 0.38039216 0.07058824
v -0.00911 0.25863 0.97062 0.07058824 0.38039216 0.07058824
v 0.03676 0.23422 0.95088 0.07058824 0.38039216 0.07058824
v 0.03564 0.25608 0.91243 0.07058824 0.38039216 0.07058824
v -0.00911 0.25863 0.97062 0.07058824 0.38039216 0.07058824
v -0.00751 0.25666 0.88962 0.07058824 0.38039216 0.07058824
v 0.03564 0.25608 0.91243 0.07058824 0.38039216 0.07058824
v -0.00911 0.25863 0.97062 0.07058824 0.38039216 0.07058824
v 0.03564 0.25608 0.91243 0.07058824 0.38039216 0.07058824
v -0.00751 0.25666 0.88962 0.07058824 0.38039216 0.07058824
v -0.00911 0.25863 0.97062 0.07058824 0.38039216 0.07058824
v -0.01865 0.26396 0.92354 0.07058824 0.38039216 0.07058824
v -0.00751 0.25666 0.88962 0.07058824 0.38039216 0.07058824
v -0.00911 0.25863 0.97062 0.07058824 0.38039216 0.07058824
v -0.00751 0.25666 0.88962 0.07058824 0.38039216 0.07058824
v -0.01865 0.26396 0.92354 0.07058824 0.38039216 0.07058824
v -0.01865 0.26396 0.92354 0.07058824 0.38039216 0.07058824
v -0.02625 0.23059 0.89979 0.07058824 0.38039216 0.07058824
v -0.00751 0.25666 0.88962 0.07058824 0.38039216 0.07058824
v -0.01865 0.26396 0.92354 0.07058824 0.38039216 0.07058824
v -0.00751 0.25666 0.88962 0.07058824 0.38039216 0.07058824
v -0.02625 0.23059 0.89979 0.07058824 0.38039216 0.07058824
v 0.06928 0.36617 1.07778 0.14509805 0.38039216 0.14509805
v 0.11342 0.33752 1.03937 0.14509805 0.38039216 0.14509805
v 0.10803 0.30083 1.06919 0.14509805 0.38039216 0.14509805
v 0.06928 0.36617 1.07778 0.14509805 0.38039216 0.14509805
v 0.10803 0.30083 1.06919 0.14509805 0.38039216 0.14509805
v 0.11342 0.33752 1.03937 0.14509805 0.38039216 0.14509805
v 0.06928 0.36617 1.07778 0.14509805 0.38039216 0.14509805
v 0.11342 0.33752 1.03937 0.14509805 0.38039216 0.14509805
v 0.03964 0.38208 1.04563 0.14509805 0.38039216 0.14509805
v 0.06928 0.36617 1.07778 0.14509805 0.38039216 0.14509805
v 0.03964 0.38208 1.04563 0.14509805 0.38039216 0.14509805
v 0.11342 0.33752 1.03937 0.14509805 0.38039216 0.14509805
v 0.03964 0.38208 1.04563 0.14509805 0.38039216 0.14509805
v 0.10409 0.33284 1.00922 0.14509805 0.38039216 0.14509805
v 0.11342 0.33752 1.03937 0.14509805 0.38039216 0.14509805
v 0.03964 0.38208 1.04563 0.14509805 0.38039216 0.14509805
v 0.11342 0.33752 1.03937 0.14509805 0.38039216 0.14509805
v 0.10409 0.33284 1.00922 0.14509805 0.38039216 0.14509805
v 0.03964 0.38208 1.04563 0.14509805 0.38039216 0.14509805
v 0.05374 0.33219 0.98648 0.14509805 0.38039216 0.14509805
v 0.10409 0.33284 1.00922 0.14509805 0.38039216 0.14509805
v 0.03964 0.38208 1.04563 0.14509805 0.38039216 0.14509805
v 0.10409 0.33284 1.00922 0.14509805 0.38039216 0.14509805
v 0.05374 0.33219 0.98648 0.14509805 0.38039216 0.14509805
v 0.03964 0.38208 1.04563 0.14509805 0.38039216 0.14509805
v 0.02242 0.33028 1.00735 0.14509805 0.38039216 0.14509805
v 0.05374 0.33219 0.98648 0.14509805 0.38039216 0.14509805
v 0.03964 0.38208 1.04563 0.14509805 0.38039216 0.14509805
v 0.05374 0.33219 0.98648 0.14509805 0.38039216 0.14509805
v 0.02242 0.33028 1.00735 0.14509805 0.38039216 0.14509805
v 0.03964 0.38208 1.04563 0.14509805 0.38039216 0.14509805
v 0.00759 0.34377 1.03183 0.14509805 0.38039216 0.14509805
v 0.02242 0.33028 1.00735 0.14509805 0.38039216 0.14509805
v 0.03964 0.38208 1.04563 0.14509805 0.38039216 0.14509805
v 0.02242 0.33028 1.00735 0.14509805 0.38039216 0.14509805
v 0.00759 0.34377 1.03183 0.14509805 0.38039216 0.14509805
v 0.03964 0.38208 1.04563 0.14509805 0.38039216 0.14509805
v -0.01073 0.34393 1.04354 0.14509805 0.38039216 0.14509805
v -0.00132 0.35257 1.03324 0.14509805 0.38039216 0.14509805
v 0.03964 0.38208 1.04563 0.14509805 0.38039216 0.14509805
v -0.00132 0.35257 1.03324 0.14509805 0.38039216 0.14509805
v -0.01073 0.34393 1.04354 0.14509805 0.38039216 0.14509805
v 0.03964 0.38208 1.04563 0.14509805 0.38039216 0.14509805
v -0.01536 0.33759 1.06308 0.14509805 0.38039216 0.14509805
v -0.01073 0.34393 1.04354 0.14509805 0.38039216 0.14509805
v 0.03964 0.38208 1.04563 0.14509805 0.38039216 0.14509805
v -0.01073 0.34393 1.04354 0.14509805 0.38039216 0.14509805
v -0.01536 0.33759 1.06308 0.14509805 0.38039216 0.14509805
v 0.03964 0.38208 1.04563 0.14509805 0.38039216 0.14509805
v 0.01973 0.33959 1.12494 0.14509805 0.38039216 0.14509805
v -0.01536 0.33759 1.06308 0.14509805 0.38039216 0.14509805
v 0.03964 0.38208 1.04563 0.14509805 0.38039216 0.14509805
v -0.01536 0.33759 1.06308 0.14509805 0.38039216 0.14509805
v 0.01973 0.33959 1.12494 0.14509805 0.38039216 0.14509805
v 0.03964 0.38208 1.04563 0.14509805 0.38039216 0.14509805
v 0.06395 0.32991 1.11419 0.14509805 0.38039216 0.14509805
v 0.01973 0.33959 1.12494 0.14509805 0.38039216 0.14509805
v 0.03964 0.38208 1.04563 0.14509805 0.38039216 0.14509805
v 0.01973 0.33959 1.12494 0.14509805 0.38039216 0.14509805
v 0.06395 0.32991 1.11419 0.14509805 0.38039216 0.14509805
v 0.03964 0.38208 1.04563 0.14509805 0.38039216 0.14509805
v 0.06928 0.36617 1.07778 0.14509805 0.38039216 0.14509805
v 0.06395 0.32991 1.11419 0.14509805 0.38039216 0.14509805
v 0.03964 0.38208 1.04563 0.14509805 0.38039216 0.14509805
v 0.06395 0.32991 1.11419 0.14509805 0.38039216 0.14509805
v 0.06928 0.36617 1.07778 0.14509805 0.38039216 0.14509805
v 0.06928 0.36617 1.07778 0.14509805 0.38039216 0.14509805
v 0.10803 0.30083 1.06919 0.14509805 0.38039216 0.14509805
v 0.06395 0.32991 1.11419 0.14509805 0.38039216 0.14509805
v 0.06928 0.36617 1.07778 0.14509805 0.38039216 0.14509805
v 0.06395 0.32991 1.11419 0.14509805 0.38039216 0.14509805
v 0.10803 0.30083 1.06919 0.14509805 0.38039216 0.14509805
v -0.0023 0.41236 1.02067 0.20784314 0.38039216 0.20784314
v -0.0217 0.41583 1.02912 0.20784314 0.38039216 0.20784314
v -0.01652 0.41838 1.00768 0.20784314 0.38039216 0.20784314
v -0.0023 0.41236 1.02067 0.20784314 0.38039216 0.20784314
v -0.01652 0.41838 1.00768 0.20784314 0.38039216 0.20784314
v -0.0217 0.41583 1.02912 0.20784314 0.38039216 0.20784314
v -0.0023 0.41236 1.02067 0.20784314 0.38039216 0.20784314
v -0.0217 0.41583 1.02912 0.20784314 0.38039216 0.20784314
v -3e-05 0.38966 1.02595 0.20784314 0.38039216 0.20784314
v -0.0023 0.41236 1.02067 0.20784314 0.38039216 0.20784314
v -3e-05 0.38966 1.02595 0.20784314 0.38039216 0.20784314
v -0.0217 0.41583 1.02912 0.20784314 0.38039216 0.20784314
v -3e-05 0.38966 1.02595 0.20784314 0.38039216 0.20784314
v -0.02402 0.40388 1.03982 0.20784314 0.38039216 0.20784314
v -0.0217 0.41583 1.02912 0.20784314 0.38039216 0.20784314
v -3e-05 0.38966 1.02595 0.20784314 0.38039216 0.20784314
v -0.0217 0.41583 1.02912 0.20784314 0.38039216 0.20784314
v -0.02402 0.40388 1.03982 0.20784314 0.38039216 0.20784314
v -3e-05 0.38966 1.02595 0.20784314 0.38039216 0.20784314
v -0.0214 0.38379 1.036 0.20784314 0.38039216 0.20784314
v -0.02402 0.40388 1.03982 0.20784314 0.38039216 0.20784314
v -3e-05 0.38966 1.02595 0.20784314 0.38039216 0.20784314
v -0.02402 0.40388 1.03982 0.20784314 0.38039216 0.20784314
v -0.0214 0.38379 1.036 0.20784314 0.38039216 0.20784314
v -3e-05 0.38966 1.02595 0.20784314 0.38039216 0.20784314
v -0.01144 0.37724 1.02463 0.20784314 0.38039216 0.20784314
v -0.0214 0.38379 1.036 0.20784314 0.38039216 0.20784314
v -3e-05 0.38966 1.02595 0.20784314 0.38039216 0.20784314
v -0.0214 0.38379 1.036 0.20784314 0.38039216 0.20784314
v -0.01144 0.37724 1.02463 0.20784314 0.38039216 0.20784314
v -3e-05 0.38966 1.02595 0.20784314 0.38039216 0.20784314
v -0.00349 0.3768 1.02195 0.20784314 0.38039216 0.20784314
v -0.01144 0.37724 1.02463 0.20784314 0.38039216 0.20784314
v -3e-05 0.38966 1.02595 0.20784314 0.38039216 0.20784314
v -0.01144 0.37724 1.02463 0.20784314 0.38039216 0.20784314
v -0.00349 0.3768 1.02195 0.20784314 0.38039216 0.20784314
v -3e-05 0.38966 1.02595 0.20784314 0.38039216 0.20784314
v 0.00294 0.37928 1.00653 0.20784314 0.38039216 0.20784314
v 0.00036 0.37681 1.01701 0.20784314 0.38039216 0.20784314
v -3e-05 0.38966 1.02595 0.20784314 0.38039216 0.20784314
v 0.00036 0.37681 1.01701 0.20784314 0.38039216 0.20784314
v 0.00294 0.37928 1.00653 0.20784314 0.38039216 0.20784314
v -3e-05 0.38966 1.02595 0.20784314 0.38039216 0.20784314
v 0.00748 0.38814 1.00014 0.20784314 0.38039216 0.20784314
v 0.00294 0.37928 1.00653 0.20784314 0.38039216 0.20784314
v -3e-05 0.38966 1.02595 0.20784314 0.38039216 0.20784314
v 0.00294 0.37928 1.00653 0.20784314 0.38039216 0.20784314
v 0.00748 0.38814 1.00014 0.20784314 0.38039216 0.20784314
v -3e-05 0.38966 1.02595 0.20784314 0.38039216 0.20784314
v 0.01383 0.4086 0.9992 0.20784314 0.38039216 0.20784314
v 0.00748 0.38814 1.00014 0.20784314 0.38039216 0.20784314
v -3e-05 0.38966 1.02595 0.20784314 0.38039216 0.20784314
v 0.00748 0.38814 1.00014 0.20784314 0.38039216 0.20784314
v 0.01383 0.4086 0.9992 0.20784314 0.38039216 0.20784314
v -3e-05 0.38966 1.02595 0.20784314 0.38039216 0.20784314
v -0.00139 0.42448 1.00787 0.20784314 0.38039216 0.20784314
v 0.01383 0.4086 0.9992 0.20784314 0.38039216 0.20784314
v -3e-05 0.38966 1.02595 0.20784314 0.38039216 0.20784314
v 0.01383 0.4086 0.9992 0.20784314 0.38039216 0.20784314
v -0.00139 0.42448 1.00787 0.20784314 0.38039216 0.20784314
v -3e-05 0.38966 1.02595 0.20784314 0.38039216 0.20784314
v -0.0023 0.41236 1.02067 0.20784314 0.38039216 0.20784314
v -0.00139 0.42448 1.00787 0.20784314 0.38039216 0.20784314
v -3e-05 0.38966 1.02595 0.20784314 0.38039216 0.20784314
v -0.00139 0.42448 1.00787 0.20784314 0.38039216 0.20784314
v -0.0023 0.41236 1.02067 0.20784314 0.38039216 0.20784314
v -0.0023 0.41236 1.02067 0.20784314 0.38039216 0.20784314
v -0.01652 0.41838 1.00768 0.20784314 0.38039216 0.20784314
v -0.00139 0.42448 1.00787 0.20784314 0.38039216 0.20784314
v -0.0023 0.41236 1.02067 0.20784314 0.38039216 0.20784314
v -0.00139 0.42448 1.00787 0.20784314 0.38039216 0.20784314
v -0.01652 0.41838 1.00768 0.20784314 0.38039216 0.20784314
v 1.48031 0.26396 0.9238 0.07058824 0.38039216 0.07058824
v 1.43839 0.24977 0.92418 0.07058824 0.38039216 0.07058824
v 1.47239 0.23059 0.90016 0.07058824 0.38039216 0.07058824
v 1.48031 0.26396 0.9238 0.07058824 0.38039216 0.07058824
v 1.47239 0.23059 0.90016 0.07058824 0.38039216 0.07058824
v 1.43839 0.24977 0.92418 0.07058824 0.38039216 0.07058824
v 1.48031 0.26396 0.9238 0.07058824 0.38039216 0.07058824
v 1.43839 0.24977 0.92418 0.07058824 0.38039216 0.07058824
v 1.49049 0.25863 0.97075 0.07058824 0.38039216 0.07058824
v 1.48031 0.26396 0.9238 0.07058824 0.38039216 0.07058824
v 1.49049 0.25863 0.97075 0.07058824 0.38039216 0.07058824
v 1.43839 0.24977 0.92418 0.07058824 0.38039216 0.07058824
v 1.49049 0.25863 0.97075 0.07058824 0.38039216 0.07058824
v 1.42824 0.25239 0.95596 0.07058824 0.38039216 0.07058824
v 1.43839 0.24977 0.92418 0.07058824 0.38039216 0.07058824
v 1.49049 0.25863 0.97075 0.07058824 0.38039216 0.07058824
v 1.43839 0.24977 0.92418 0.07058824 0.38039216 0.07058824
v 1.42824 0.25239 0.95596 0.07058824 0.38039216 0.07058824
v 1.49049 0.25863 0.97075 0.07058824 0.38039216 0.07058824
v 1.44918 0.23732 0.9898 0.07058824 0.38039216 0.07058824
v 1.42824 0.25239 0.95596 0.07058824 0.38039216 0.07058824
v 1.49049 0.25863 0.97075 0.07058824 0.38039216 0.07058824
v 1.42824 0.25239 0.95596 0.07058824 0.38039216 0.07058824
v 1.44918 0.23732 0.9898 0.07058824 0.38039216 0.07058824
v 1.49049 0.25863 0.97075 0.07058824 0.38039216 0.07058824
v 1.48271 0.23205 0.99202 0.07058824 0.38039216 0.07058824
v 1.44918 0.23732 0.9898 0.07058824 0.38039216 0.07058824
v 1.49049 0.25863 0.97075 0.07058824 0.38039216 0.07058824
v 1.44918 0.23732 0.9898 0.07058824 0.38039216 0.07058824
v 1.48271 0.23205 0.99202 0.07058824 0.38039216 0.07058824
v 1.49049 0.25863 0.97075 0.07058824 0.38039216 0.07058824
v 1.49827 0.23957 0.99076 0.07058824 0.38039216 0.07058824
v 1.48271 0.23205 0.99202 0.07058824 0.38039216 0.07058824
v 1.49049 0.25863 0.97075 0.07058824 0.38039216 0.07058824
v 1.48271 0.23205 0.99202 0.07058824 0.38039216 0.07058824
v 1.49827 0.23957 0.99076 0.07058824 0.38039216 0.07058824
v 1.49049 0.25863 0.97075 0.07058824 0.38039216 0.07058824
v 1.52637 0.23008 0.97241 0.07058824 0.38039216 0.07058824
v 1.51041 0.23856 0.98642 0.07058824 0.38039216 0.07058824
v 1.49049 0.25863 0.97075 0.07058824 0.38039216 0.07058824
v 1.51041 0.23856 0.98642 0.07058824 0.38039216 0.07058824
v 1.52637 0.23008 0.97241 0.07058824 0.38039216 0.07058824
v 1.49049 0.25863 0.97075 0.07058824 0.38039216 0.07058824
v 1.53609 0.23422 0.95039 0.07058824 0.38039216 0.07058824
v 1.52637 0.23008 0.97241 0.07058824 0.38039216 0.07058824
v 1.49049 0.25863 0.97075 0.07058824 0.38039216 0.07058824
v 1.52637 0.23008 0.97241 0.07058824 0.38039216 0.07058824
v 1.53609 0.23422 0.95039 0.07058824 0.38039216 0.07058824
v 1.49049 0.25863 0.97075 0.07058824 0.38039216 0.07058824
v 1.53444 0.25608 0.91196 0.07058824 0.38039216 0.07058824
v 1.53609 0.23422 0.95039 0.07058824 0.38039216 0.07058824
v 1.49049 0.25863 0.97075 0.07058824 0.38039216 0.07058824
v 1.53609 0.23422 0.95039 0.07058824 0.38039216 0.07058824
v 1.53444 0.25608 0.91196 0.07058824 0.38039216 0.07058824
v 1.49049 0.25863 0.97075 0.07058824 0.38039216 0.07058824
v 1.49099 0.25666 0.88973 0.07058824 0.38039216 0.07058824
v 1.53444 0.25608 0.91196 0.07058824 0.38039216 0.07058824
v 1.49049 0.25863 0.97075 0.07058824 0.38039216 0.07058824
v 1.53444 0.25608 0.91196 0.07058824 0.38039216 0.07058824
v 1.49099 0.25666 0.88973 0.07058824 0.38039216 0.07058824
v 1.49049 0.25863 0.97075 0.07058824 0.38039216 0.07058824
v 1.48031 0.26396 0.9238 0.07058824 0.38039216 0.07058824
v 1.49099 0.25666 0.88973 0.07058824 0.38039216 0.07058824
v 1.49049 0.25863 0.97075 0.07058824 0.38039216 0.07058824
v 1.49099 0.25666 0.88973 0.07058824 0.38039216 0.07058824
v 1.48031 0.26396 0.9238 0.07058824 0.38039216 0.07058824
v 1.48031 0.26396 0.9238 0.07058824 0.38039216 0.07058824
v 1.47239 0.23059 0.90016 0.07058824 0.38039216 0.07058824
v 1.49099 0.25666 0.88973 0.07058824 0.38039216 0.07058824
v 1.48031 0.26396 0.9238 0.07058824 0.38039216 0.07058824
v 1.49099 0.25666 0.88973 0.07058824 0.38039216 0.07058824
v 1.47239 0.23059 0.90016 0.07058824 0.38039216 0.07058824
v 1.56624 0.36897 1.06988 0.09019608 0.38039216 0.09019608
v 1.60985 0.34032 1.03087 0.09019608 0.38039216 0.09019608
v 1.60487 0.30363 1.06077 0.09019608 0.38039216 0.09019608
v 1.56624 0.36897 1.06988 0.09019608 0.38039216 0.09019608
v 1.60487 0.30363 1.06077 0.09019608 0.38039216 0.09019608
v 1.60985 0.34032 1.03087 0.09019608 0.38039216 0.09019608
v 1.56624 0.36897 1.06988 0.09019608 0.38039216 0.09019608
v 1.60985 0.34032 1.03087 0.09019608 0.38039216 0.09019608
v 1.53616 0.38489 1.03814 0.09019608 0.38039216 0.09019608
v 1.56624 0.36897 1.06988 0.09019608 0.38039216 0.09019608
v 1.53616 0.38489 1.03814 0.09019608 0.38039216 0.09019608
v 1.60985 0.34032 1.03087 0.09019608 0.38039216 0.09019608
v 1.53616 0.38489 1.03814 0.09019608 0.38039216 0.09019608
v 1.60012 0.33564 1.00085 0.09019608 0.38039216 0.09019608
v 1.60985 0.34032 1.03087 0.09019608 0.38039216 0.09019608
v 1.53616 0.38489 1.03814 0.09019608 0.38039216 0.09019608
v 1.60985 0.34032 1.03087 0.09019608 0.38039216 0.09019608
v 1.60012 0.33564 1.00085 0.09019608 0.38039216 0.09019608
v 1.53616 0.38489 1.03814 0.09019608 0.38039216 0.09019608
v 1.54945 0.335 0.9788 0.09019608 0.38039216 0.09019608
v 1.60012 0.33564 1.00085 0.09019608 0.38039216 0.09019608
v 1.53616 0.38489 1.03814 0.09019608 0.38039216 0.09019608
v 1.60012 0.33564 1.00085 0.09019608 0.38039216 0.09019608
v 1.54945 0.335 0.9788 0.09019608 0.38039216 0.09019608
v 1.53616 0.38489 1.03814 0.09019608 0.38039216 0.09019608
v 1.51843 0.33308 1.00009 0.09019608 0.38039216 0.09019608
v 1.54945 0.335 0.9788 0.09019608 0.38039216 0.09019608
v 1.53616 0.38489 1.03814 0.09019608 0.38039216 0.09019608
v 1.54945 0.335 0.9788 0.09019608 0.38039216 0.09019608
v 1.51843 0.33308 1.00009 0.09019608 0.38039216 0.09019608
v 1.53616 0.38489 1.03814 0.09019608 0.38039216 0.09019608
v 1.50393 0.34657 1.02477 0.09019608 0.38039216 0.09019608
v 1.51843 0.33308 1.00009 0.09019608 0.38039216 0.09019608
v 1.53616 0.38489 1.03814 0.09019608 0.38039216 0.09019608
v 1.51843 0.33308 1.00009 0.09019608 0.38039216 0.09019608
v 1.50393 0.34657 1.02477 0.09019608 0.38039216 0.09019608
v 1.53616 0.38489 1.03814 0.09019608 0.38039216 0.09019608
v 1.48577 0.34674 1.03674 0.09019608 0.38039216 0.09019608
v 1.49504 0.35538 1.02631 0.09019608 0.38039216 0.09019608
v 1.53616 0.38489 1.03814 0.09019608 0.38039216 0.09019608
v 1.49504 0.35538 1.02631 0.09019608 0.38039216 0.09019608
v 1.48577 0.34674 1.03674 0.09019608 0.38039216 0.09019608
v 1.53616 0.38489 1.03814 0.09019608 0.38039216 0.09019608
v 1.4814 0.3404 1.05634 0.09019608 0.38039216 0.09019608
v 1.48577 0.34674 1.03674 0.09019608 0.38039216 0.09019608
v 1.53616 0.38489 1.03814 0.09019608 0.38039216 0.09019608
v 1.48577 0.34674 1.03674 0.09019608 0.38039216 0.09019608
v 1.4814 0.3404 1.05634 0.09019608 0.38039216 0.09019608
v 1.53616 0.38489 1.03814 0.09019608 0.38039216 0.09019608
v 1.51733 0.34239 1.11771 0.09019608 0.38039216 0.09019608
v 1.4814 0.3404 1.05634 0.09019608 0.38039216 0.09019608
v 1.53616 0.38489 1.03814 0.09019608 0.38039216 0.09019608
v 1.4814 0.3404 1.05634 0.09019608 0.38039216 0.09019608
v 1.51733 0.34239 1.11771 0.09019608 0.38039216 0.09019608
v 1.53616 0.38489 1.03814 0.09019608 0.38039216 0.09019608
v 1.56141 0.33272 1.10636 0.09019608 0.38039216 0.09019608
v 1.51733 0.34239 1.11771 0.09019608 0.38039216 0.09019608
v 1.53616 0.38489 1.03814 0.09019608 0.38039216 0.09019608
v 1.51733 0.34239 1.11771 0.09019608 0.38039216 0.09019608
v 1.56141 0.33272 1.10636 0.09019608 0.38039216 0.09019608
v 1.53616 0.38489 1.03814 0.09019608 0.38039216 0.09019608
v 1.56624 0.36897 1.06988 0.09019608 0.38039216 0.09019608
v 1.56141 0.33272 1.10636 0.09019608 0.38039216 0.09019608
v 1.53616 0.38489 1.03814 0.09019608 0.38039216 0.09019608
v 1.56141 0.33272 1.10636 0.09019608 0.38039216 0.09019608
v 1.56624 0.36897 1.06988 0.09019608 0.38039216 0.09019608
v 1.56624 0.36897 1.06988 0.09019608 0.38039216 0.09019608
v 1.60487 0.30363 1.06077 0.09019608 0.38039216 0.09019608
v 1.56141 0.33272 1.10636 0.09019608 0.38039216 0.09019608
v 1.56624 0.36897 1.06988 0.09019608 0.38039216 0.09019608
v 1.56141 0.33272 1.10636 0.09019608 0.38039216 0.09019608
v 1.60487 0.30363 1.06077 0.09019608 0.38039216 0.09019608
v 1.49191 0.41605 1.02097 0.16078432 0.38039216 0.16078432
v 1.48616 0.41952 1.04133 0.16078432 0.38039216 0.16078432
v 1.47285 0.42207 1.02374 0.16078432 0.38039216 0.16078432
v 1.49191 0.41605 1.02097 0.16078432 0.38039216 0.16078432
v 1.47285 0.42207 1.02374 0.16078432 0.38039216 0.16078432
v 1.48616 0.41952 1.04133 0.16078432 0.38039216 0.16078432
v 1.49191 0.41605 1.02097 0.16078432 0.38039216 0.16078432
v 1.48616 0.41952 1.04133 0.16078432 0.38039216 0.16078432
v 1.49744 0.39336 1.02255 0.16078432 0.38039216 0.16078432
v 1.49191 0.41605 1.02097 0.16078432 0.38039216 0.16078432
v 1.49744 0.39336 1.02255 0.16078432 0.38039216 0.16078432
v 1.48616 0.41952 1.04133 0.16078432 0.38039216 0.16078432
v 1.49744 0.39336 1.02255 0.16078432 0.38039216 0.16078432
v 1.49297 0.40757 1.0499 0.16078432 0.38039216 0.16078432
v 1.48616 0.41952 1.04133 0.16078432 0.38039216 0.16078432
v 1.49744 0.39336 1.02255 0.16078432 0.38039216 0.16078432
v 1.48616 0.41952 1.04133 0.16078432 0.38039216 0.16078432
v 1.49297 0.40757 1.0499 0.16078432 0.38039216 0.16078432
v 1.49744 0.39336 1.02255 0.16078432 0.38039216 0.16078432
v 1.49168 0.38748 1.04546 0.16078432 0.38039216 0.16078432
v 1.49297 0.40757 1.0499 0.16078432 0.38039216 0.16078432
v 1.49744 0.39336 1.02255 0.16078432 0.38039216 0.16078432
v 1.49297 0.40757 1.0499 0.16078432 0.38039216 0.16078432
v 1.49168 0.38748 1.04546 0.16078432 0.38039216 0.16078432
v 1.49744 0.39336 1.02255 0.16078432 0.38039216 0.16078432
v 1.48919 0.38093 1.03054 0.16078432 0.38039216 0.16078432
v 1.49168 0.38748 1.04546 0.16078432 0.38039216 0.16078432
v 1.49744 0.39336 1.02255 0.16078432 0.38039216 0.16078432
v 1.49168 0.38748 1.04546 0.16078432 0.38039216 0.16078432
v 1.48919 0.38093 1.03054 0.16078432 0.38039216 0.16078432
v 1.49744 0.39336 1.02255 0.16078432 0.38039216 0.16078432
v 1.49214 0.38049 1.0227 0.16078432 0.38039216 0.16078432
v 1.48919 0.38093 1.03054 0.16078432 0.38039216 0.16078432
v 1.49744 0.39336 1.02255 0.16078432 0.38039216 0.16078432
v 1.48919 0.38093 1.03054 0.16078432 0.38039216 0.16078432
v 1.49214 0.38049 1.0227 0.16078432 0.38039216 0.16078432
v 1.49744 0.39336 1.02255 0.16078432 0.38039216 0.16078432
v 1.48428 0.38297 1.00796 0.16078432 0.38039216 0.16078432
v 1.49076 0.3805 1.01659 0.16078432 0.38039216 0.16078432
v 1.49744 0.39336 1.02255 0.16078432 0.38039216 0.16078432
v 1.49076 0.3805 1.01659 0.16078432 0.38039216 0.16078432
v 1.48428 0.38297 1.00796 0.16078432 0.38039216 0.16078432
v 1.49744 0.39336 1.02255 0.16078432 0.38039216 0.16078432
v 1.48222 0.39183 1.00039 0.16078432 0.38039216 0.16078432
v 1.48428 0.38297 1.00796 0.16078432 0.38039216 0.16078432
v 1.49744 0.39336 1.02255 0.16078432 0.38039216 0.16078432
v 1.48428 0.38297 1.00796 0.16078432 0.38039216 0.16078432
v 1.48222 0.39183 1.00039 0.16078432 0.38039216 0.16078432
v 1.49744 0.39336 1.02255 0.16078432 0.38039216 0.16078432
v 1.48552 0.41229 0.99489 0.16078432 0.38039216 0.16078432
v 1.48222 0.39183 1.00039 0.16078432 0.38039216 0.16078432
v 1.49744 0.39336 1.02255 0.16078432 0.38039216 0.16078432
v 1.48222 0.39183 1.00039 0.16078432 0.38039216 0.16078432
v 1.48552 0.41229 0.99489 0.16078432 0.38039216 0.16078432
v 1.49744 0.39336 1.02255 0.16078432 0.38039216 0.16078432
v 1.48258 0.42817 1.01215 0.16078432 0.38039216 0.16078432
v 1.48552 0.41229 0.99489 0.16078432 0.38039216 0.16078432
v 1.49744 0.39336 1.02255 0.16078432 0.38039216 0.16078432
v 1.48552 0.41229 0.99489 0.16078432 0.38039216 0.16078432
v 1.48258 0.42817 1.01215 0.16078432 0.38039216 0.16078432
v 1.49744 0.39336 1.02255 0.16078432 0.38039216 0.16078432
v 1.49191 0.41605 1.02097 0.16078432 0.38039216 0.16078432
v 1.48258 0.42817 1.01215 0.16078432 0.38039216 0.16078432
v 1.49744 0.39336 1.02255 0.16078432 0.38039216 0.16078432
v 1.48258 0.42817 1.01215 0.16078432 0.38039216 0.16078432
v 1.49191 0.41605 1.02097 0.16078432 0.38039216 0.16078432
v 1.49191 0.41605 1.02097 0.16078432 0.38039216 0.16078432
v 1.47285 0.42207 1.02374 0.16078432 0.38039216 0.16078432
v 1.48258 0.42817 1.01215 0.16078432 0.38039216 0.16078432
v 1.49191 0.41605 1.02097 0.16078432 0.38039216 0.16078432
v 1.48258 0.42817 1.01215 0.16078432 0.38039216 0.16078432
v 1.47285 0.42207 1.02374 0.16078432 0.38039216 0.16078432
v -1.44882 0.26757 0.44021 0.0627451 0.38039216 0.0627451
v -1.47314 0.25337 0.40607 0.0627451 0.38039216 0.0627451
v -1.43397 0.23419 0.42018 0.0627451 0.38039216 0.0627451
v -1.44882 0.26757 0.44021 0.0627451 0.38039216 0.0627451
v -1.43397 0.23419 0.42018 0.0627451 0.38039216 0.0627451
v -1.47314 0.25337 0.40607 0.0627451 0.38039216 0.0627451
v -1.44882 0.26757 0.44021 0.0627451 0.38039216 0.0627451
v -1.47314 0.25337 0.40607 0.0627451 0.38039216 0.0627451
v -1.48147 0.26224 0.47545 0.0627451 0.38039216 0.0627451
v -1.44882 0.26757 0.44021 0.0627451 0.38039216 0.0627451
v -1.48147 0.26224 0.47545 0.0627451 0.38039216 0.0627451
v -1.47314 0.25337 0.40607 0.0627451 0.38039216 0.0627451
v -1.48147 0.26224 0.47545 0.0627451 0.38039216 0.0627451
v -1.50501 0.25599 0.41595 0.0627451 0.38039216 0.0627451
v -1.47314 0.25337 0.40607 0.0627451 0.38039216 0.0627451
v -1.48147 0.26224 0.47545 0.0627451 0.38039216 0.0627451
v -1.47314 0.25337 0.40607 0.0627451 0.38039216 0.0627451
v -1.50501 0.25599 0.41595 0.0627451 0.38039216 0.0627451
v -1.48147 0.26224 0.47545 0.0627451 0.38039216 0.0627451
v -1.52075 0.24092 0.4525 0.0627451 0.38039216 0.0627451
v -1.50501 0.25599 0.41595 0.0627451 0.38039216 0.0627451
v -1.48147 0.26224 0.47545 0.0627451 0.38039216 0.0627451
v -1.50501 0.25599 0.41595 0.0627451 0.38039216 0.0627451
v -1.52075 0.24092 0.4525 0.0627451 0.38039216 0.0627451
v -1.48147 0.26224 0.47545 0.0627451 0.38039216 0.0627451
v -1.50336 0.23565 0.48126 0.0627451 0.38039216 0.0627451
v -1.52075 0.24092 0.4525 0.0627451 0.38039216 0.0627451
v -1.48147 0.26224 0.47545 0.0627451 0.38039216 0.0627451
v -1.52075 0.24092 0.4525 0.0627451 0.38039216 0.0627451
v -1.50336 0.23565 0.48126 0.0627451 0.38039216 0.0627451
v -1.48147 0.26224 0.47545 0.0627451 0.38039216 0.0627451
v -1.49341 0.24317 0.49329 0.0627451 0.38039216 0.0627451
v -1.50336 0.23565 0.48126 0.0627451 0.38039216 0.0627451
v -1.48147 0.26224 0.47545 0.0627451 0.38039216 0.0627451
v -1.50336 0.23565 0.48126 0.0627451 0.38039216 0.0627451
v -1.49341 0.24317 0.49329 0.0627451 0.38039216 0.0627451
v -1.48147 0.26224 0.47545 0.0627451 0.38039216 0.0627451
v -1.46228 0.23369 0.50581 0.0627451 0.38039216 0.0627451
v -1.48291 0.24216 0.50076 0.0627451 0.38039216 0.0627451
v -1.48147 0.26224 0.47545 0.0627451 0.38039216 0.0627451
v -1.48291 0.24216 0.50076 0.0627451 0.38039216 0.0627451
v -1.46228 0.23369 0.50581 0.0627451 0.38039216 0.0627451
v -1.48147 0.26224 0.47545 0.0627451 0.38039216 0.0627451
v -1.43866 0.23782 0.50117 0.0627451 0.38039216 0.0627451
v -1.46228 0.23369 0.50581 0.0627451 0.38039216 0.0627451
v -1.48147 0.26224 0.47545 0.0627451 0.38039216 0.0627451
v -1.46228 0.23369 0.50581 0.0627451 0.38039216 0.0627451
v -1.43866 0.23782 0.50117 0.0627451 0.38039216 0.0627451
v -1.48147 0.26224 0.47545 0.0627451 0.38039216 0.0627451
v -1.4081 0.25969 0.4778 0.0627451 0.38039216 0.0627451
v -1.43866 0.23782 0.50117 0.0627451 0.38039216 0.0627451
v -1.48147 0.26224 0.47545 0.0627451 0.38039216 0.0627451
v -1.43866 0.23782 0.50117 0.0627451 0.38039216 0.0627451
v -1.4081 0.25969 0.4778 0.0627451 0.38039216 0.0627451
v -1.48147 0.26224 0.47545 0.0627451 0.38039216 0.0627451
v -1.41477 0.26026 0.42945 0.0627451 0.38039216 0.0627451
v -1.4081 0.25969 0.4778 0.0627451 0.38039216 0.0627451
v -1.48147 0.26224 0.47545 0.0627451 0.38039216 0.0627451
v -1.4081 0.25969 0.4778 0.0627451 0.38039216 0.0627451
v -1.41477 0.26026 0.42945 0.0627451 0.38039216 0.0627451
v -1.48147 0.26224 0.47545 0.0627451 0.38039216 0.0627451
v -1.44882 0.26757 0.44021 0.0627451 0.38039216 0.0627451
v -1.41477 0.26026 0.42945 0.0627451 0.38039216 0.0627451
v -1.48147 0.26224 0.47545 0.0627451 0.38039216 0.0627451
v -1.41477 0.26026 0.42945 0.0627451 0.38039216 0.0627451
v -1.44882 0.26757 0.44021 0.0627451 0.38039216 0.0627451
v -1.44882 0.26757 0.44021 0.0627451 0.38039216 0.0627451
v -1.43397 0.23419 0.42018 0.0627451 0.38039216 0.0627451
v -1.41477 0.26026 0.42945 0.0627451 0.38039216 0.0627451
v -1.44882 0.26757 0.44021 0.0627451 0.38039216 0.0627451
v -1.41477 0.26026 0.42945 0.0627451 0.38039216 0.0627451
v -1.43397 0.23419 0.42018 0.0627451 0.38039216 0.0627451
v -1.43122 0.36761 0.58562 0.09803922 0.38039216 0.09803922
v -1.3843 0.33896 0.55067 0.09803922 0.38039216 0.09803922
v -1.39193 0.30227 0.58 0.09803922 0.38039216 0.09803922
v -1.43122 0.36761 0.58562 0.09803922 0.38039216 0.09803922
v -1.39193 0.30227 0.58 0.09803922 0.38039216 0.09803922
v -1.3843 0.33896 0.55067 0.09803922 0.38039216 0.09803922
v -1.43122 0.36761 0.58562 0.09803922 0.38039216 0.09803922
v -1.3843 0.33896 0.55067 0.09803922 0.38039216 0.09803922
v -1.45834 0.38352 0.55131 0.09803922 0.38039216 0.09803922
v -1.43122 0.36761 0.58562 0.09803922 0.38039216 0.09803922
v -1.45834 0.38352 0.55131 0.09803922 0.38039216 0.09803922
v -1.3843 0.33896 0.55067 0.09803922 0.38039216 0.09803922
v -1.45834 0.38352 0.55131 0.09803922 0.38039216 0.09803922
v -1.3913 0.33428 0.5199 0.09803922 0.38039216 0.09803922
v -1.3843 0.33896 0.55067 0.09803922 0.38039216 0.09803922
v -1.45834 0.38352 0.55131 0.09803922 0.38039216 0.09803922
v -1.3843 0.33896 0.55067 0.09803922 0.38039216 0.09803922
v -1.3913 0.33428 0.5199 0.09803922 0.38039216 0.09803922
v -1.45834 0.38352 0.55131 0.09803922 0.38039216 0.09803922
v -1.43979 0.33363 0.4934 0.09803922 0.38039216 0.09803922
v -1.3913 0.33428 0.5199 0.09803922 0.38039216 0.09803922
v -1.45834 0.38352 0.55131 0.09803922 0.38039216 0.09803922
v -1.3913 0.33428 0.5199 0.09803922 0.38039216 0.09803922
v -1.43979 0.33363 0.4934 0.09803922 0.38039216 0.09803922
v -1.45834 0.38352 0.55131 0.09803922 0.38039216 0.09803922
v -1.4726 0.33172 0.51183 0.09803922 0.38039216 0.09803922
v -1.43979 0.33363 0.4934 0.09803922 0.38039216 0.09803922
v -1.45834 0.38352 0.55131 0.09803922 0.38039216 0.09803922
v -1.43979 0.33363 0.4934 0.09803922 0.38039216 0.09803922
v -1.4726 0.33172 0.51183 0.09803922 0.38039216 0.09803922
v -1.45834 0.38352 0.55131 0.09803922 0.38039216 0.09803922
v -1.48924 0.34521 0.53512 0.09803922 0.38039216 0.09803922
v -1.4726 0.33172 0.51183 0.09803922 0.38039216 0.09803922
v -1.45834 0.38352 0.55131 0.09803922 0.38039216 0.09803922
v -1.4726 0.33172 0.51183 0.09803922 0.38039216 0.09803922
v -1.48924 0.34521 0.53512 0.09803922 0.38039216 0.09803922
v -1.45834 0.38352 0.55131 0.09803922 0.38039216 0.09803922
v -1.5084 0.34537 0.54541 0.09803922 0.38039216 0.09803922
v -1.49823 0.35401 0.53585 0.09803922 0.38039216 0.09803922
v -1.45834 0.38352 0.55131 0.09803922 0.38039216 0.09803922
v -1.49823 0.35401 0.53585 0.09803922 0.38039216 0.09803922
v -1.5084 0.34537 0.54541 0.09803922 0.38039216 0.09803922
v -1.45834 0.38352 0.55131 0.09803922 0.38039216 0.09803922
v -1.5145 0.33903 0.56454 0.09803922 0.38039216 0.09803922
v -1.5084 0.34537 0.54541 0.09803922 0.38039216 0.09803922
v -1.45834 0.38352 0.55131 0.09803922 0.38039216 0.09803922
v -1.5084 0.34537 0.54541 0.09803922 0.38039216 0.09803922
v -1.5145 0.33903 0.56454 0.09803922 0.38039216 0.09803922
v -1.45834 0.38352 0.55131 0.09803922 0.38039216 0.09803922
v -1.48421 0.34103 0.62888 0.09803922 0.38039216 0.09803922
v -1.5145 0.33903 0.56454 0.09803922 0.38039216 0.09803922
v -1.45834 0.38352 0.55131 0.09803922 0.38039216 0.09803922
v -1.5145 0.33903 0.56454 0.09803922 0.38039216 0.09803922
v -1.48421 0.34103 0.62888 0.09803922 0.38039216 0.09803922
v -1.45834 0.38352 0.55131 0.09803922 0.38039216 0.09803922
v -1.4393 0.33135 0.62152 0.09803922 0.38039216 0.09803922
v -1.48421 0.34103 0.62888 0.09803922 0.38039216 0.09803922
v -1.45834 0.38352 0.55131 0.09803922 0.38039216 0.09803922
v -1.48421 0.34103 0.62888 0.09803922 0.38039216 0.09803922
v -1.4393 0.33135 0.62152 0.09803922 0.38039216 0.09803922
v -1.45834 0.38352 0.55131 0.09803922 0.38039216 0.09803922
v -1.43122 0.36761 0.58562 0.09803922 0.38039216 0.09803922
v -1.4393 0.33135 0.62152 0.09803922 0.38039216 0.09803922
v -1.45834 0.38352 0.55131 0.09803922 0.38039216 0.09803922
v -1.4393 0.33135 0.62152 0.09803922 0.38039216 0.09803922
v -1.43122 0.36761 0.58562 0.09803922 0.38039216 0.09803922
v -1.43122 0.36761 0.58562 0.09803922 0.38039216 0.09803922
v -1.39193 0.30227 0.58 0.09803922 0.38039216 0.09803922
v -1.4393 0.33135 0.62152 0.09803922 0.38039216 0.09803922
v -1.43122 0.36761 0.58562 0.09803922 0.38039216 0.09803922
v -1.4393 0.33135 0.62152 0.09803922 0.38039216 0.09803922
v -1.39193 0.30227 0.58 0.09803922 0.38039216 0.09803922
v -1.49948 0.41379 0.5251 0.16470589 0.38039216 0.16470589
v -1.51878 0.41726 0.53378 0.16470589 0.38039216 0.16470589
v -1.51386 0.41982 0.51227 0.16470589 0.38039216 0.16470589
v -1.49948 0.41379 0.5251 0.16470589 0.38039216 0.16470589
v -1.51386 0.41982 0.51227 0.16470589 0.38039216 0.16470589
v -1.51878 0.41726 0.53378 0.16470589 0.38039216 0.16470589
v -1.49948 0.41379 0.5251 0.16470589 0.38039216 0.16470589
v -1.51878 0.41726 0.53378 0.16470589 0.38039216 0.16470589
v -1.49715 0.3911 0.53035 0.16470589 0.38039216 0.16470589
v -1.49948 0.41379 0.5251 0.16470589 0.38039216 0.16470589
v -1.49715 0.3911 0.53035 0.16470589 0.38039216 0.16470589
v -1.51878 0.41726 0.53378 0.16470589 0.38039216 0.16470589
v -1.49715 0.3911 0.53035 0.16470589 0.38039216 0.16470589
v -1.52097 0.40531 0.5445 0.16470589 0.38039216 0.16470589
v -1.51878 0.41726 0.53378 0.16470589 0.38039216 0.16470589
v -1.49715 0.3911 0.53035 0.16470589 0.38039216 0.16470589
v -1.51878 0.41726 0.53378 0.16470589 0.38039216 0.16470589
v -1.52097 0.40531 0.5445 0.16470589 0.38039216 0.16470589
v -1.49715 0.3911 0.53035 0.16470589 0.38039216 0.16470589
v -1.5184 0.38522 0.54065 0.16470589 0.38039216 0.16470589
v -1.52097 0.40531 0.5445 0.16470589 0.38039216 0.16470589
v -1.49715 0.3911 0.53035 0.16470589 0.38039216 0.16470589
v -1.52097 0.40531 0.5445 0.16470589 0.38039216 0.16470589
v -1.5184 0.38522 0.54065 0.16470589 0.38039216 0.16470589
v -1.49715 0.3911 0.53035 0.16470589 0.38039216 0.16470589
v -1.50857 0.37867 0.52916 0.16470589 0.38039216 0.16470589
v -1.5184 0.38522 0.54065 0.16470589 0.38039216 0.16470589
v -1.49715 0.3911 0.53035 0.16470589 0.38039216 0.16470589
v -1.5184 0.38522 0.54065 0.16470589 0.38039216 0.16470589
v -1.50857 0.37867 0.52916 0.16470589 0.38039216 0.16470589
v -1.49715 0.3911 0.53035 0.16470589 0.38039216 0.16470589
v -1.50066 0.37824 0.52639 0.16470589 0.38039216 0.16470589
v -1.50857 0.37867 0.52916 0.16470589 0.38039216 0.16470589
v -1.49715 0.3911 0.53035 0.16470589 0.38039216 0.16470589
v -1.50857 0.37867 0.52916 0.16470589 0.38039216 0.16470589
v -1.50066 0.37824 0.52639 0.16470589 0.38039216 0.16470589
v -1.49715 0.3911 0.53035 0.16470589 0.38039216 0.16470589
v -1.49442 0.38071 0.51089 0.16470589 0.38039216 0.16470589
v -1.49687 0.37824 0.52141 0.16470589 0.38039216 0.16470589
v -1.49715 0.3911 0.53035 0.16470589 0.38039216 0.16470589
v -1.49687 0.37824 0.52141 0.16470589 0.38039216 0.16470589
v -1.49442 0.38071 0.51089 0.16470589 0.38039216 0.16470589
v -1.49715 0.3911 0.53035 0.16470589 0.38039216 0.16470589
v -1.48995 0.38958 0.50445 0.16470589 0.38039216 0.16470589
v -1.49442 0.38071 0.51089 0.16470589 0.38039216 0.16470589
v -1.49715 0.3911 0.53035 0.16470589 0.38039216 0.16470589
v -1.49442 0.38071 0.51089 0.16470589 0.38039216 0.16470589
v -1.48995 0.38958 0.50445 0.16470589 0.38039216 0.16470589
v -1.49715 0.3911 0.53035 0.16470589 0.38039216 0.16470589
v -1.48361 0.41003 0.50344 0.16470589 0.38039216 0.16470589
v -1.48995 0.38958 0.50445 0.16470589 0.38039216 0.16470589
v -1.49715 0.3911 0.53035 0.16470589 0.38039216 0.16470589
v -1.48995 0.38958 0.50445 0.16470589 0.38039216 0.16470589
v -1.48361 0.41003 0.50344 0.16470589 0.38039216 0.16470589
v -1.49715 0.3911 0.53035 0.16470589 0.38039216 0.16470589
v -1.49873 0.42591 0.51228 0.16470589 0.38039216 0.16470589
v -1.48361 0.41003 0.50344 0.16470589 0.38039216 0.16470589
v -1.49715 0.3911 0.53035 0.16470589 0.38039216 0.16470589
v -1.48361 0.41003 0.50344 0.16470589 0.38039216 0.16470589
v -1.49873 0.42591 0.51228 0.16470589 0.38039216 0.16470589
v -1.49715 0.3911 0.53035 0.16470589 0.38039216 0.16470589
v -1.49948 0.41379 0.5251 0.16470589 0.38039216 0.16470589
v -1.49873 0.42591 0.51228 0.16470589 0.38039216 0.16470589
v -1.49715 0.3911 0.53035 0.16470589 0.38039216 0.16470589
v -1.49873 0.42591 0.51228 0.16470589 0.38039216 0.16470589
v -1.49948 0.41379 0.5251 0.16470589 0.38039216 0.16470589
v -1.49948 0.41379 0.5251 0.16470589 0.38039216 0.16470589
v -1.51386 0.41982 0.51227 0.16470589 0.38039216 0.16470589
v -1.49873 0.42591 0.51228 0.16470589 0.38039216 0.16470589
v -1.49948 0.41379 0.5251 0.16470589 0.38039216 0.16470589
v -1.49873 0.42591 0.51228 0.16470589 0.38039216 0.16470589
v -1.51386 0.41982 0.51227 0.16470589 0.38039216 0.16470589
v 0.04698 0.26396 0.43686 0.0627451 0.38039216 0.0627451
v 0.02039 0.24977 0.40446 0.0627451 0.38039216 0.0627451
v 0.06043 0.23059 0.41586 0.0627451 0.38039216 0.0627451
v 0.04698 0.26396 0.43686 0.0627451 0.38039216 0.0627451
v 0.06043 0.23059 0.41586 0.0627451 0.38039216 0.0627451
v 0.02039 0.24977 0.40446 0.0627451 0.38039216 0.0627451
v 0.04698 0.26396 0.43686 0.0627451 0.38039216 0.0627451
v 0.02039 0.24977 0.40446 0.0627451 0.38039216 0.0627451
v 0.01682 0.25863 0.47424 0.0627451 0.38039216 0.0627451
v 0.04698 0.26396 0.43686 0.0627451 0.38039216 0.0627451
v 0.01682 0.25863 0.47424 0.0627451 0.38039216 0.0627451
v 0.02039 0.24977 0.40446 0.0627451 0.38039216 0.0627451
v 0.01682 0.25863 0.47424 0.0627451 0.38039216 0.0627451
v -0.01073 0.25239 0.41649 0.0627451 0.38039216 0.0627451
v 0.02039 0.24977 0.40446 0.0627451 0.38039216 0.0627451
v 0.01682 0.25863 0.47424 0.0627451 0.38039216 0.0627451
v 0.02039 0.24977 0.40446 0.0627451 0.38039216 0.0627451
v -0.01073 0.25239 0.41649 0.0627451 0.38039216 0.0627451
v 0.01682 0.25863 0.47424 0.0627451 0.38039216 0.0627451
v -0.02394 0.23732 0.45403 0.0627451 0.38039216 0.0627451
v -0.01073 0.25239 0.41649 0.0627451 0.38039216 0.0627451
v 0.01682 0.25863 0.47424 0.0627451 0.38039216 0.0627451
v -0.01073 0.25239 0.41649 0.0627451 0.38039216 0.0627451
v -0.02394 0.23732 0.45403 0.0627451 0.38039216 0.0627451
v 0.01682 0.25863 0.47424 0.0627451 0.38039216 0.0627451
v -0.00463 0.23205 0.48153 0.0627451 0.38039216 0.0627451
v -0.02394 0.23732 0.45403 0.0627451 0.38039216 0.0627451
v 0.01682 0.25863 0.47424 0.0627451 0.38039216 0.0627451
v -0.02394 0.23732 0.45403 0.0627451 0.38039216 0.0627451
v -0.00463 0.23205 0.48153 0.0627451 0.38039216 0.0627451
v 0.01682 0.25863 0.47424 0.0627451 0.38039216 0.0627451
v 0.00611 0.23957 0.49285 0.0627451 0.38039216 0.0627451
v -0.00463 0.23205 0.48153 0.0627451 0.38039216 0.0627451
v 0.01682 0.25863 0.47424 0.0627451 0.38039216 0.0627451
v -0.00463 0.23205 0.48153 0.0627451 0.38039216 0.0627451
v 0.00611 0.23957 0.49285 0.0627451 0.38039216 0.0627451
v 0.01682 0.25863 0.47424 0.0627451 0.38039216 0.0627451
v 0.03802 0.23008 0.50323 0.0627451 0.38039216 0.0627451
v 0.0171 0.23856 0.49959 0.0627451 0.38039216 0.0627451
v 0.01682 0.25863 0.47424 0.0627451 0.38039216 0.0627451
v 0.0171 0.23856 0.49959 0.0627451 0.38039216 0.0627451
v 0.03802 0.23008 0.50323 0.0627451 0.38039216 0.0627451
v 0.01682 0.25863 0.47424 0.0627451 0.38039216 0.0627451
v 0.06128 0.23422 0.49698 0.0627451 0.38039216 0.0627451
v 0.03802 0.23008 0.50323 0.0627451 0.38039216 0.0627451
v 0.01682 0.25863 0.47424 0.0627451 0.38039216 0.0627451
v 0.03802 0.23008 0.50323 0.0627451 0.38039216 0.0627451
v 0.06128 0.23422 0.49698 0.0627451 0.38039216 0.0627451
v 0.01682 0.25863 0.47424 0.0627451 0.38039216 0.0627451
v 0.09017 0.25608 0.47158 0.0627451 0.38039216 0.0627451
v 0.06128 0.23422 0.49698 0.0627451 0.38039216 0.0627451
v 0.01682 0.25863 0.47424 0.0627451 0.38039216 0.0627451
v 0.06128 0.23422 0.49698 0.0627451 0.38039216 0.0627451
v 0.09017 0.25608 0.47158 0.0627451 0.38039216 0.0627451
v 0.01682 0.25863 0.47424 0.0627451 0.38039216 0.0627451
v 0.08022 0.25666 0.42381 0.0627451 0.38039216 0.0627451
v 0.09017 0.25608 0.47158 0.0627451 0.38039216 0.0627451
v 0.01682 0.25863 0.47424 0.0627451 0.38039216 0.0627451
v 0.09017 0.25608 0.47158 0.0627451 0.38039216 0.0627451
v 0.08022 0.25666 0.42381 0.0627451 0.38039216 0.0627451
v 0.01682 0.25863 0.47424 0.0627451 0.38039216 0.0627451
v 0.04698 0.26396 0.43686 0.0627451 0.38039216 0.0627451
v 0.08022 0.25666 0.42381 0.0627451 0.38039216 0.0627451
v 0.01682 0.25863 0.47424 0.0627451 0.38039216 0.0627451
v 0.08022 0.25666 0.42381 0.0627451 0.38039216 0.0627451
v 0.04698 0.26396 0.43686 0.0627451 0.38039216 0.0627451
v 0.04698 0.26396 0.43686 0.0627451 0.38039216 0.0627451
v 0.06043 0.23059 0.41586 0.0627451 0.38039216 0.0627451
v 0.08022 0.25666 0.42381 0.0627451 0.38039216 0.0627451
v 0.04698 0.26396 0.43686 0.0627451 0.38039216 0.0627451
v 0.08022 0.25666 0.42381 0.0627451 0.38039216 0.0627451
v 0.06043 0.23059 0.41586 0.0627451 0.38039216 0.0627451
v 0.08097 0.37001 0.56464 0.09411765 0.38039216 0.09411765
v 0.11805 0.34136 0.51939 0.09411765 0.38039216 0.09411765
v 0.11773 0.30467 0.54969 0.09411765 0.38039216 0.09411765
v 0.08097 0.37001 0.56464 0.09411765 0.38039216 0.09411765
v 0.11773 0.30467 0.54969 0.09411765 0.38039216 0.09411765
v 0.11805 0.34136 0.51939 0.09411765 0.38039216 0.09411765
v 0.08097 0.37001 0.56464 0.09411765 0.38039216 0.09411765
v 0.11805 0.34136 0.51939 0.09411765 0.38039216 0.09411765
v 0.04636 0.38592 0.53791 0.09411765 0.38039216 0.09411765
v 0.08097 0.37001 0.56464 0.09411765 0.38039216 0.09411765
v 0.04636 0.38592 0.53791 0.09411765 0.38039216 0.09411765
v 0.11805 0.34136 0.51939 0.09411765 0.38039216 0.09411765
v 0.04636 0.38592 0.53791 0.09411765 0.38039216 0.09411765
v 0.10381 0.33668 0.49123 0.09411765 0.38039216 0.09411765
v 0.11805 0.34136 0.51939 0.09411765 0.38039216 0.09411765
v 0.04636 0.38592 0.53791 0.09411765 0.38039216 0.09411765
v 0.11805 0.34136 0.51939 0.09411765 0.38039216 0.09411765
v 0.10381 0.33668 0.49123 0.09411765 0.38039216 0.09411765
v 0.04636 0.38592 0.53791 0.09411765 0.38039216 0.09411765
v 0.05036 0.33603 0.47724 0.09411765 0.38039216 0.09411765
v 0.10381 0.33668 0.49123 0.09411765 0.38039216 0.09411765
v 0.04636 0.38592 0.53791 0.09411765 0.38039216 0.09411765
v 0.10381 0.33668 0.49123 0.09411765 0.38039216 0.09411765
v 0.05036 0.33603 0.47724 0.09411765 0.38039216 0.09411765
v 0.04636 0.38592 0.53791 0.09411765 0.38039216 0.09411765
v 0.02297 0.33412 0.50305 0.09411765 0.38039216 0.09411765
v 0.05036 0.33603 0.47724 0.09411765 0.38039216 0.09411765
v 0.04636 0.38592 0.53791 0.09411765 0.38039216 0.09411765
v 0.05036 0.33603 0.47724 0.09411765 0.38039216 0.09411765
v 0.02297 0.33412 0.50305 0.09411765 0.38039216 0.09411765
v 0.04636 0.38592 0.53791 0.09411765 0.38039216 0.09411765
v 0.01245 0.34761 0.52967 0.09411765 0.38039216 0.09411765
v 0.02297 0.33412 0.50305 0.09411765 0.38039216 0.09411765
v 0.04636 0.38592 0.53791 0.09411765 0.38039216 0.09411765
v 0.02297 0.33412 0.50305 0.09411765 0.38039216 0.09411765
v 0.01245 0.34761 0.52967 0.09411765 0.38039216 0.09411765
v 0.04636 0.38592 0.53791 0.09411765 0.38039216 0.09411765
v -0.00365 0.34777 0.54429 0.09411765 0.38039216 0.09411765
v 0.00391 0.35641 0.53256 0.09411765 0.38039216 0.09411765
v 0.04636 0.38592 0.53791 0.09411765 0.38039216 0.09411765
v 0.00391 0.35641 0.53256 0.09411765 0.38039216 0.09411765
v -0.00365 0.34777 0.54429 0.09411765 0.38039216 0.09411765
v 0.04636 0.38592 0.53791 0.09411765 0.38039216 0.09411765
v -0.00495 0.34143 0.56432 0.09411765 0.38039216 0.09411765
v -0.00365 0.34777 0.54429 0.09411765 0.38039216 0.09411765
v 0.04636 0.38592 0.53791 0.09411765 0.38039216 0.09411765
v -0.00365 0.34777 0.54429 0.09411765 0.38039216 0.09411765
v -0.00495 0.34143 0.56432 0.09411765 0.38039216 0.09411765
v 0.04636 0.38592 0.53791 0.09411765 0.38039216 0.09411765
v 0.04 0.34343 0.61943 0.09411765 0.38039216 0.09411765
v -0.00495 0.34143 0.56432 0.09411765 0.38039216 0.09411765
v 0.04636 0.38592 0.53791 0.09411765 0.38039216 0.09411765
v -0.00495 0.34143 0.56432 0.09411765 0.38039216 0.09411765
v 0.04 0.34343 0.61943 0.09411765 0.38039216 0.09411765
v 0.04636 0.38592 0.53791 0.09411765 0.38039216 0.09411765
v 0.0818 0.33375 0.60143 0.09411765 0.38039216 0.09411765
v 0.04 0.34343 0.61943 0.09411765 0.38039216 0.09411765
v 0.04636 0.38592 0.53791 0.09411765 0.38039216 0.09411765
v 0.04 0.34343 0.61943 0.09411765 0.38039216 0.09411765
v 0.0818 0.33375 0.60143 0.09411765 0.38039216 0.09411765
v 0.04636 0.38592 0.53791 0.09411765 0.38039216 0.09411765
v 0.08097 0.37001 0.56464 0.09411765 0.38039216 0.09411765
v 0.0818 0.33375 0.60143 0.09411765 0.38039216 0.09411765
v 0.04636 0.38592 0.53791 0.09411765 0.38039216 0.09411765
v 0.0818 0.33375 0.60143 0.09411765 0.38039216 0.09411765
v 0.08097 0.37001 0.56464 0.09411765 0.38039216 0.09411765
v 0.08097 0.37001 0.56464 0.09411765 0.38039216 0.09411765
v 0.11773 0.30467 0.54969 0.09411765 0.38039216 0.09411765
v 0.0818 0.33375 0.60143 0.09411765 0.38039216 0.09411765
v 0.08097 0.37001 0.56464 0.09411765 0.38039216 0.09411765
v 0.0818 0.33375 0.60143 0.09411765 0.38039216 0.09411765
v 0.11773 0.30467 0.54969 0.09411765 0.38039216 0.09411765
v 0.00166 0.41768 0.528 0.16078432 0.38039216 0.16078432
v -0.00088 0.42115 0.549 0.16078432 0.38039216 0.16078432
v -0.01674 0.4237 0.53367 0.16078432 0.38039216 0.16078432
v 0.00166 0.41768 0.528 0.16078432 0.38039216 0.16078432
v -0.01674 0.4237 0.53367 0.16078432 0.38039216 0.16078432
v -0.00088 0.42115 0.549 0.16078432 0.38039216 0.16078432
v 0.00166 0.41768 0.528 0.16078432 0.38039216 0.16078432
v -0.00088 0.42115 0.549 0.16078432 0.38039216 0.16078432
v 0.00737 0.39498 0.52871 0.16078432 0.38039216 0.16078432
v 0.00166 0.41768 0.528 0.16078432 0.38039216 0.16078432
v 0.00737 0.39498 0.52871 0.16078432 0.38039216 0.16078432
v -0.00088 0.42115 0.549 0.16078432 0.38039216 0.16078432
v 0.00737 0.39498 0.52871 0.16078432 0.38039216 0.16078432
v 0.00717 0.4092 0.55642 0.16078432 0.38039216 0.16078432
v -0.00088 0.42115 0.549 0.16078432 0.38039216 0.16078432
v 0.00737 0.39498 0.52871 0.16078432 0.38039216 0.16078432
v -0.00088 0.42115 0.549 0.16078432 0.38039216 0.16078432
v 0.00717 0.4092 0.55642 0.16078432 0.38039216 0.16078432
v 0.00737 0.39498 0.52871 0.16078432 0.38039216 0.16078432
v 0.0052 0.38911 0.55223 0.16078432 0.38039216 0.16078432
v 0.00717 0.4092 0.55642 0.16078432 0.38039216 0.16078432
v 0.00737 0.39498 0.52871 0.16078432 0.38039216 0.16078432
v 0.00717 0.4092 0.55642 0.16078432 0.38039216 0.16078432
v 0.0052 0.38911 0.55223 0.16078432 0.38039216 0.16078432
v 0.00737 0.39498 0.52871 0.16078432 0.38039216 0.16078432
v 0.00045 0.38256 0.53788 0.16078432 0.38039216 0.16078432
v 0.0052 0.38911 0.55223 0.16078432 0.38039216 0.16078432
v 0.00737 0.39498 0.52871 0.16078432 0.38039216 0.16078432
v 0.0052 0.38911 0.55223 0.16078432 0.38039216 0.16078432
v 0.00045 0.38256 0.53788 0.16078432 0.38039216 0.16078432
v 0.00737 0.39498 0.52871 0.16078432 0.38039216 0.16078432
v 0.00216 0.38212 0.52967 0.16078432 0.38039216 0.16078432
v 0.00045 0.38256 0.53788 0.16078432 0.38039216 0.16078432
v 0.00737 0.39498 0.52871 0.16078432 0.38039216 0.16078432
v 0.00045 0.38256 0.53788 0.16078432 0.38039216 0.16078432
v 0.00216 0.38212 0.52967 0.16078432 0.38039216 0.16078432
v 0.00737 0.39498 0.52871 0.16078432 0.38039216 0.16078432
v -0.00788 0.3846 0.51632 0.16078432 0.38039216 0.16078432
v -0.00014 0.38213 0.52385 0.16078432 0.38039216 0.16078432
v 0.00737 0.39498 0.52871 0.16078432 0.38039216 0.16078432
v -0.00014 0.38213 0.52385 0.16078432 0.38039216 0.16078432
v -0.00788 0.3846 0.51632 0.16078432 0.38039216 0.16078432
v 0.00737 0.39498 0.52871 0.16078432 0.38039216 0.16078432
v -0.01108 0.39346 0.50916 0.16078432 0.38039216 0.16078432
v -0.00788 0.3846 0.51632 0.16078432 0.38039216 0.16078432
v 0.00737 0.39498 0.52871 0.16078432 0.38039216 0.16078432
v -0.00788 0.3846 0.51632 0.16078432 0.38039216 0.16078432
v -0.01108 0.39346 0.50916 0.16078432 0.38039216 0.16078432
v 0.00737 0.39498 0.52871 0.16078432 0.38039216 0.16078432
v -0.00867 0.41391 0.50321 0.16078432 0.38039216 0.16078432
v -0.01108 0.39346 0.50916 0.16078432 0.38039216 0.16078432
v 0.00737 0.39498 0.52871 0.16078432 0.38039216 0.16078432
v -0.01108 0.39346 0.50916 0.16078432 0.38039216 0.16078432
v -0.00867 0.41391 0.50321 0.16078432 0.38039216 0.16078432
v 0.00737 0.39498 0.52871 0.16078432 0.38039216 0.16078432
v -0.00891 0.4298 0.52072 0.16078432 0.38039216 0.16078432
v -0.00867 0.41391 0.50321 0.16078432 0.38039216 0.16078432
v 0.00737 0.39498 0.52871 0.16078432 0.38039216 0.16078432
v -0.00867 0.41391 0.50321 0.16078432 0.38039216 0.16078432
v -0.00891 0.4298 0.52072 0.16078432 0.38039216 0.16078432
v 0.00737 0.39498 0.52871 0.16078432 0.38039216 0.16078432
v 0.00166 0.41768 0.528 0.16078432 0.38039216 0.16078432
v -0.00891 0.4298 0.52072 0.16078432 0.38039216 0.16078432
v 0.00737 0.39498 0.52871 0.16078432 0.38039216 0.16078432
v -0.00891 0.4298 0.52072 0.16078432 0.38039216 0.16078432
v 0.00166 0.41768 0.528 0.16078432 0.38039216 0.16078432
v 0.00166 0.41768 0.528 0.16078432 0.38039216 0.16078432
v -0.01674 0.4237 0.53367 0.16078432 0.38039216 0.16078432
v -0.00891 0.4298 0.52072 0.16078432 0.38039216 0.16078432
v 0.00166 0.41768 0.528 0.16078432 0.38039216 0.16078432
v -0.00891 0.4298 0.52072 0.16078432 0.38039216 0.16078432
v -0.01674 0.4237 0.53367 0.16078432 0.38039216 0.16078432
v 1.54323 0.26757 0.43423 0.0627451 0.38039216 0.0627451
v 1.5148 0.25337 0.40343 0.0627451 0.38039216 0.0627451
v 1.55543 0.23419 0.41249 0.0627451 0.38039216 0.0627451
v 1.54323 0.26757 0.43423 0.0627451 0.38039216 0.0627451
v 1.55543 0.23419 0.41249 0.0627451 0.38039216 0.0627451
v 1.5148 0.25337 0.40343 0.0627451 0.38039216 0.0627451
v 1.54323 0.26757 0.43423 0.0627451 0.38039216 0.0627451
v 1.5148 0.25337 0.40343 0.0627451 0.38039216 0.0627451
v 1.51529 0.26224 0.47331 0.0627451 0.38039216 0.0627451
v 1.54323 0.26757 0.43423 0.0627451 0.38039216 0.0627451
v 1.51529 0.26224 0.47331 0.0627451 0.38039216 0.0627451
v 1.5148 0.25337 0.40343 0.0627451 0.38039216 0.0627451
v 1.51529 0.26224 0.47331 0.0627451 0.38039216 0.0627451
v 1.48444 0.25599 0.41725 0.0627451 0.38039216 0.0627451
v 1.5148 0.25337 0.40343 0.0627451 0.38039216 0.0627451
v 1.51529 0.26224 0.47331 0.0627451 0.38039216 0.0627451
v 1.5148 0.25337 0.40343 0.0627451 0.38039216 0.0627451
v 1.48444 0.25599 0.41725 0.0627451 0.38039216 0.0627451
v 1.51529 0.26224 0.47331 0.0627451 0.38039216 0.0627451
v 1.47343 0.24092 0.4555 0.0627451 0.38039216 0.0627451
v 1.48444 0.25599 0.41725 0.0627451 0.38039216 0.0627451
v 1.51529 0.26224 0.47331 0.0627451 0.38039216 0.0627451
v 1.48444 0.25599 0.41725 0.0627451 0.38039216 0.0627451
v 1.47343 0.24092 0.4555 0.0627451 0.38039216 0.0627451
v 1.51529 0.26224 0.47331 0.0627451 0.38039216 0.0627451
v 1.4943 0.23565 0.48183 0.0627451 0.38039216 0.0627451
v 1.47343 0.24092 0.4555 0.0627451 0.38039216 0.0627451
v 1.51529 0.26224 0.47331 0.0627451 0.38039216 0.0627451
v 1.47343 0.24092 0.4555 0.0627451 0.38039216 0.0627451
v 1.4943 0.23565 0.48183 0.0627451 0.38039216 0.0627451
v 1.51529 0.26224 0.47331 0.0627451 0.38039216 0.0627451
v 1.50569 0.24317 0.49251 0.0627451 0.38039216 0.0627451
v 1.4943 0.23565 0.48183 0.0627451 0.38039216 0.0627451
v 1.51529 0.26224 0.47331 0.0627451 0.38039216 0.0627451
v 1.4943 0.23565 0.48183 0.0627451 0.38039216 0.0627451
v 1.50569 0.24317 0.49251 0.0627451 0.38039216 0.0627451
v 1.51529 0.26224 0.47331 0.0627451 0.38039216 0.0627451
v 1.53815 0.23369 0.50101 0.0627451 0.38039216 0.0627451
v 1.51705 0.24216 0.4986 0.0627451 0.38039216 0.0627451
v 1.51529 0.26224 0.47331 0.0627451 0.38039216 0.0627451
v 1.51705 0.24216 0.4986 0.0627451 0.38039216 0.0627451
v 1.53815 0.23369 0.50101 0.0627451 0.38039216 0.0627451
v 1.51529 0.26224 0.47331 0.0627451 0.38039216 0.0627451
v 1.561 0.23782 0.49342 0.0627451 0.38039216 0.0627451
v 1.53815 0.23369 0.50101 0.0627451 0.38039216 0.0627451
v 1.51529 0.26224 0.47331 0.0627451 0.38039216 0.0627451
v 1.53815 0.23369 0.50101 0.0627451 0.38039216 0.0627451
v 1.561 0.23782 0.49342 0.0627451 0.38039216 0.0627451
v 1.51529 0.26224 0.47331 0.0627451 0.38039216 0.0627451
v 1.58836 0.25969 0.46639 0.0627451 0.38039216 0.0627451
v 1.561 0.23782 0.49342 0.0627451 0.38039216 0.0627451
v 1.51529 0.26224 0.47331 0.0627451 0.38039216 0.0627451
v 1.561 0.23782 0.49342 0.0627451 0.38039216 0.0627451
v 1.58836 0.25969 0.46639 0.0627451 0.38039216 0.0627451
v 1.51529 0.26224 0.47331 0.0627451 0.38039216 0.0627451
v 1.57565 0.26026 0.41927 0.0627451 0.38039216 0.0627451
v 1.58836 0.25969 0.46639 0.0627451 0.38039216 0.0627451
v 1.51529 0.26224 0.47331 0.0627451 0.38039216 0.0627451
v 1.58836 0.25969 0.46639 0.0627451 0.38039216 0.0627451
v 1.57565 0.26026 0.41927 0.0627451 0.38039216 0.0627451
v 1.51529 0.26224 0.47331 0.0627451 0.38039216 0.0627451
v 1.54323 0.26757 0.43423 0.0627451 0.38039216 0.0627451
v 1.57565 0.26026 0.41927 0.0627451 0.38039216 0.0627451
v 1.51529 0.26224 0.47331 0.0627451 0.38039216 0.0627451
v 1.57565 0.26026 0.41927 0.0627451 0.38039216 0.0627451
v 1.54323 0.26757 0.43423 0.0627451 0.38039216 0.0627451
v 1.54323 0.26757 0.43423 0.0627451 0.38039216 0.0627451
v 1.55543 0.23419 0.41249 0.0627451 0.38039216 0.0627451
v 1.57565 0.26026 0.41927 0.0627451 0.38039216 0.0627451
v 1.54323 0.26757 0.43423 0.0627451 0.38039216 0.0627451
v 1.57565 0.26026 0.41927 0.0627451 0.38039216 0.0627451
v 1.55543 0.23419 0.41249 0.0627451 0.38039216 0.0627451
v 1.54434 0.37052 0.59307 0.101960786 0.38039216 0.101960786
v 1.60113 0.34187 0.579 0.101960786 0.38039216 0.101960786
v 1.58275 0.30518 0.60309 0.101960786 0.38039216 0.101960786
v 1.54434 0.37052 0.59307 0.101960786 0.38039216 0.101960786
v 1.58275 0.30518 0.60309 0.101960786 0.38039216 0.101960786
v 1.60113 0.34187 0.579 0.101960786 0.38039216 0.101960786
v 1.54434 0.37052 0.59307 0.101960786 0.38039216 0.101960786
v 1.60113 0.34187 0.579 0.101960786 0.38039216 0.101960786
v 1.5326 0.38643 0.55095 0.101960786 0.38039216 0.101960786
v 1.54434 0.37052 0.59307 0.101960786 0.38039216 0.101960786
v 1.5326 0.38643 0.55095 0.101960786 0.38039216 0.101960786
v 1.60113 0.34187 0.579 0.101960786 0.38039216 0.101960786
v 1.5326 0.38643 0.55095 0.101960786 0.38039216 0.101960786
v 1.60657 0.33719 0.54791 0.101960786 0.38039216 0.101960786
v 1.60113 0.34187 0.579 0.101960786 0.38039216 0.101960786
v 1.5326 0.38643 0.55095 0.101960786 0.38039216 0.101960786
v 1.60113 0.34187 0.579 0.101960786 0.38039216 0.101960786
v 1.60657 0.33719 0.54791 0.101960786 0.38039216 0.101960786
v 1.5326 0.38643 0.55095 0.101960786 0.38039216 0.101960786
v 1.57211 0.33655 0.50472 0.101960786 0.38039216 0.101960786
v 1.60657 0.33719 0.54791 0.101960786 0.38039216 0.101960786
v 1.5326 0.38643 0.55095 0.101960786 0.38039216 0.101960786
v 1.60657 0.33719 0.54791 0.101960786 0.38039216 0.101960786
v 1.57211 0.33655 0.50472 0.101960786 0.38039216 0.101960786
v 1.5326 0.38643 0.55095 0.101960786 0.38039216 0.101960786
v 1.53472 0.33463 0.50903 0.101960786 0.38039216 0.101960786
v 1.57211 0.33655 0.50472 0.101960786 0.38039216 0.101960786
v 1.5326 0.38643 0.55095 0.101960786 0.38039216 0.101960786
v 1.57211 0.33655 0.50472 0.101960786 0.38039216 0.101960786
v 1.53472 0.33463 0.50903 0.101960786 0.38039216 0.101960786
v 1.5326 0.38643 0.55095 0.101960786 0.38039216 0.101960786
v 1.51037 0.34812 0.52406 0.101960786 0.38039216 0.101960786
v 1.53472 0.33463 0.50903 0.101960786 0.38039216 0.101960786
v 1.5326 0.38643 0.55095 0.101960786 0.38039216 0.101960786
v 1.53472 0.33463 0.50903 0.101960786 0.38039216 0.101960786
v 1.51037 0.34812 0.52406 0.101960786 0.38039216 0.101960786
v 1.5326 0.38643 0.55095 0.101960786 0.38039216 0.101960786
v 1.48872 0.34828 0.52614 0.101960786 0.38039216 0.101960786
v 1.50179 0.35692 0.52126 0.101960786 0.38039216 0.101960786
v 1.5326 0.38643 0.55095 0.101960786 0.38039216 0.101960786
v 1.50179 0.35692 0.52126 0.101960786 0.38039216 0.101960786
v 1.48872 0.34828 0.52614 0.101960786 0.38039216 0.101960786
v 1.5326 0.38643 0.55095 0.101960786 0.38039216 0.101960786
v 1.47569 0.34194 0.54142 0.101960786 0.38039216 0.101960786
v 1.48872 0.34828 0.52614 0.101960786 0.38039216 0.101960786
v 1.5326 0.38643 0.55095 0.101960786 0.38039216 0.101960786
v 1.48872 0.34828 0.52614 0.101960786 0.38039216 0.101960786
v 1.47569 0.34194 0.54142 0.101960786 0.38039216 0.101960786
v 1.5326 0.38643 0.55095 0.101960786 0.38039216 0.101960786
v 1.47874 0.34394 0.61247 0.101960786 0.38039216 0.101960786
v 1.47569 0.34194 0.54142 0.101960786 0.38039216 0.101960786
v 1.5326 0.38643 0.55095 0.101960786 0.38039216 0.101960786
v 1.47569 0.34194 0.54142 0.101960786 0.38039216 0.101960786
v 1.47874 0.34394 0.61247 0.101960786 0.38039216 0.101960786
v 1.5326 0.38643 0.55095 0.101960786 0.38039216 0.101960786
v 1.523 0.33426 0.62306 0.101960786 0.38039216 0.101960786
v 1.47874 0.34394 0.61247 0.101960786 0.38039216 0.101960786
v 1.5326 0.38643 0.55095 0.101960786 0.38039216 0.101960786
v 1.47874 0.34394 0.61247 0.101960786 0.38039216 0.101960786
v 1.523 0.33426 0.62306 0.101960786 0.38039216 0.101960786
v 1.5326 0.38643 0.55095 0.101960786 0.38039216 0.101960786
v 1.54434 0.37052 0.59307 0.101960786 0.38039216 0.101960786
v 1.523 0.33426 0.62306 0.101960786 0.38039216 0.101960786
v 1.5326 0.38643 0.55095 0.101960786 0.38039216 0.101960786
v 1.523 0.33426 0.62306 0.101960786 0.38039216 0.101960786
v 1.54434 0.37052 0.59307 0.101960786 0.38039216 0.101960786
v 1.54434 0.37052 0.59307 0.101960786 0.38039216 0.101960786
v 1.58275 0.30518 0.60309 0.101960786 0.38039216 0.101960786
v 1.523 0.33426 0.62306 0.101960786 0.38039216 0.101960786
v 1.54434 0.37052 0.59307 0.101960786 0.38039216 0.101960786
v 1.523 0.33426 0.62306 0.101960786 0.38039216 0.101960786
v 1.58275 0.30518 0.60309 0.101960786 0.38039216 0.101960786
v 1.50298 0.41868 0.52052 0.16078432 0.38039216 0.16078432
v 1.48403 0.42215 0.52994 0.16078432 0.38039216 0.16078432
v 1.48812 0.4247 0.50826 0.16078432 0.38039216 0.16078432
v 1.50298 0.41868 0.52052 0.16078432 0.38039216 0.16078432
v 1.48812 0.4247 0.50826 0.16078432 0.38039216 0.16078432
v 1.48403 0.42215 0.52994 0.16078432 0.38039216 0.16078432
v 1.50298 0.41868 0.52052 0.16078432 0.38039216 0.16078432
v 1.48403 0.42215 0.52994 0.16078432 0.38039216 0.16078432
v 1.50551 0.39598 0.52568 0.16078432 0.38039216 0.16078432
v 1.50298 0.41868 0.52052 0.16078432 0.38039216 0.16078432
v 1.50551 0.39598 0.52568 0.16078432 0.38039216 0.16078432
v 1.48403 0.42215 0.52994 0.16078432 0.38039216 0.16078432
v 1.50551 0.39598 0.52568 0.16078432 0.38039216 0.16078432
v 1.48225 0.41019 0.54074 0.16078432 0.38039216 0.16078432
v 1.48403 0.42215 0.52994 0.16078432 0.38039216 0.16078432
v 1.50551 0.39598 0.52568 0.16078432 0.38039216 0.16078432
v 1.48403 0.42215 0.52994 0.16078432 0.38039216 0.16078432
v 1.48225 0.41019 0.54074 0.16078432 0.38039216 0.16078432
v 1.50551 0.39598 0.52568 0.16078432 0.38039216 0.16078432
v 1.48468 0.39011 0.53679 0.16078432 0.38039216 0.16078432
v 1.48225 0.41019 0.54074 0.16078432 0.38039216 0.16078432
v 1.50551 0.39598 0.52568 0.16078432 0.38039216 0.16078432
v 1.48225 0.41019 0.54074 0.16078432 0.38039216 0.16078432
v 1.48468 0.39011 0.53679 0.16078432 0.38039216 0.16078432
v 1.50551 0.39598 0.52568 0.16078432 0.38039216 0.16078432
v 1.49405 0.38356 0.52493 0.16078432 0.38039216 0.16078432
v 1.48468 0.39011 0.53679 0.16078432 0.38039216 0.16078432
v 1.50551 0.39598 0.52568 0.16078432 0.38039216 0.16078432
v 1.48468 0.39011 0.53679 0.16078432 0.38039216 0.16078432
v 1.49405 0.38356 0.52493 0.16078432 0.38039216 0.16078432
v 1.50551 0.39598 0.52568 0.16078432 0.38039216 0.16078432
v 1.50185 0.38312 0.52186 0.16078432 0.38039216 0.16078432
v 1.49405 0.38356 0.52493 0.16078432 0.38039216 0.16078432
v 1.50551 0.39598 0.52568 0.16078432 0.38039216 0.16078432
v 1.49405 0.38356 0.52493 0.16078432 0.38039216 0.16078432
v 1.50185 0.38312 0.52186 0.16078432 0.38039216 0.16078432
v 1.50551 0.39598 0.52568 0.16078432 0.38039216 0.16078432
v 1.50749 0.3856 0.50613 0.16078432 0.38039216 0.16078432
v 1.50545 0.38313 0.51673 0.16078432 0.38039216 0.16078432
v 1.50551 0.39598 0.52568 0.16078432 0.38039216 0.16078432
v 1.50545 0.38313 0.51673 0.16078432 0.38039216 0.16078432
v 1.50749 0.3856 0.50613 0.16078432 0.38039216 0.16078432
v 1.50551 0.39598 0.52568 0.16078432 0.38039216 0.16078432
v 1.51171 0.39446 0.49952 0.16078432 0.38039216 0.16078432
v 1.50749 0.3856 0.50613 0.16078432 0.38039216 0.16078432
v 1.50551 0.39598 0.52568 0.16078432 0.38039216 0.16078432
v 1.50749 0.3856 0.50613 0.16078432 0.38039216 0.16078432
v 1.51171 0.39446 0.49952 0.16078432 0.38039216 0.16078432
v 1.50551 0.39598 0.52568 0.16078432 0.38039216 0.16078432
v 1.518 0.41491 0.49827 0.16078432 0.38039216 0.16078432
v 1.51171 0.39446 0.49952 0.16078432 0.38039216 0.16078432
v 1.50551 0.39598 0.52568 0.16078432 0.38039216 0.16078432
v 1.51171 0.39446 0.49952 0.16078432 0.38039216 0.16078432
v 1.518 0.41491 0.49827 0.16078432 0.38039216 0.16078432
v 1.50551 0.39598 0.52568 0.16078432 0.38039216 0.16078432
v 1.50324 0.4308 0.50769 0.16078432 0.38039216 0.16078432
v 1.518 0.41491 0.49827 0.16078432 0.38039216 0.16078432
v 1.50551 0.39598 0.52568 0.16078432 0.38039216 0.16078432
v 1.518 0.41491 0.49827 0.16078432 0.38039216 0.16078432
v 1.50324 0.4308 0.50769 0.16078432 0.38039216 0.16078432
v 1.50551 0.39598 0.52568 0.16078432 0.38039216 0.16078432
v 1.50298 0.41868 0.52052 0.16078432 0.38039216 0.16078432
v 1.50324 0.4308 0.50769 0.16078432 0.38039216 0.16078432
v 1.50551 0.39598 0.52568 0.16078432 0.38039216 0.16078432
v 1.50324 0.4308 0.50769 0.16078432 0.38039216 0.16078432
v 1.50298 0.41868 0.52052 0.16078432 0.38039216 0.16078432
v 1.50298 0.41868 0.52052 0.16078432 0.38039216 0.16078432
v 1.48812 0.4247 0.50826 0.16078432 0.38039216 0.16078432
v 1.50324 0.4308 0.50769 0.16078432 0.38039216 0.16078432
v 1.50298 0.41868 0.52052 0.16078432 0.38039216 0.16078432
v 1.50324 0.4308 0.50769 0.16078432 0.38039216 0.16078432
v 1.48812 0.4247 0.50826 0.16078432 0.38039216 0.16078432
v -1.52814 0.26757 -0.0735 0.06666667 0.38039216 0.06666667
v -1.56975 0.25337 -0.0684 0.06666667 0.38039216 0.06666667
v -1.53867 0.23419 -0.0961 0.06666667 0.38039216 0.06666667
v -1.52814 0.26757 -0.0735 0.06666667 0.38039216 0.06666667
v -1.53867 0.23419 -0.0961 0.06666667 0.38039216 0.06666667
v -1.56975 0.25337 -0.0684 0.06666667 0.38039216 0.06666667
v -1.52814 0.26757 -0.0735 0.06666667 0.38039216 0.06666667
v -1.56975 0.25337 -0.0684 0.06666667 0.38039216 0.06666667
v -1.51274 0.26224 -0.028 0.06666667 0.38039216 0.06666667
v -1.52814 0.26757 -0.0735 0.06666667 0.38039216 0.06666667
v -1.51274 0.26224 -0.028 0.06666667 0.38039216 0.06666667
v -1.56975 0.25337 -0.0684 0.06666667 0.38039216 0.06666667
v -1.51274 0.26224 -0.028 0.06666667 0.38039216 0.06666667
v -1.57626 0.25599 -0.03569 0.06666667 0.38039216 0.06666667
v -1.56975 0.25337 -0.0684 0.06666667 0.38039216 0.06666667
v -1.51274 0.26224 -0.028 0.06666667 0.38039216 0.06666667
v -1.56975 0.25337 -0.0684 0.06666667 0.38039216 0.06666667
v -1.57626 0.25599 -0.03569 0.06666667 0.38039216 0.06666667
v -1.51274 0.26224 -0.028 0.06666667 0.38039216 0.06666667
v -1.55164 0.24092 -0.00442 0.06666667 0.38039216 0.06666667
v -1.57626 0.25599 -0.03569 0.06666667 0.38039216 0.06666667
v -1.51274 0.26224 -0.028 0.06666667 0.38039216 0.06666667
v -1.57626 0.25599 -0.03569 0.06666667 0.38039216 0.06666667
v -1.55164 0.24092 -0.00442 0.06666667 0.38039216 0.06666667
v -1.51274 0.26224 -0.028 0.06666667 0.38039216 0.06666667
v -1.51808 0.23565 -0.00598 0.06666667 0.38039216 0.06666667
v -1.55164 0.24092 -0.00442 0.06666667 0.38039216 0.06666667
v -1.51274 0.26224 -0.028 0.06666667 0.38039216 0.06666667
v -1.55164 0.24092 -0.00442 0.06666667 0.38039216 0.06666667
v -1.51808 0.23565 -0.00598 0.06666667 0.38039216 0.06666667
v -1.51274 0.26224 -0.028 0.06666667 0.38039216 0.06666667
v -1.50276 0.24317 -0.00899 0.06666667 0.38039216 0.06666667
v -1.51808 0.23565 -0.00598 0.06666667 0.38039216 0.06666667
v -1.51274 0.26224 -0.028 0.06666667 0.38039216 0.06666667
v -1.51808 0.23565 -0.00598 0.06666667 0.38039216 0.06666667
v -1.50276 0.24317 -0.00899 0.06666667 0.38039216 0.06666667
v -1.51274 0.26224 -0.028 0.06666667 0.38039216 0.06666667
v -1.4769 0.23369 -0.03038 0.06666667 0.38039216 0.06666667
v -1.49118 0.24216 -0.01466 0.06666667 0.38039216 0.06666667
v -1.51274 0.26224 -0.028 0.06666667 0.38039216 0.06666667
v -1.49118 0.24216 -0.01466 0.06666667 0.38039216 0.06666667
v -1.4769 0.23369 -0.03038 0.06666667 0.38039216 0.06666667
v -1.51274 0.26224 -0.028 0.06666667 0.38039216 0.06666667
v -1.46972 0.23782 -0.05336 0.06666667 0.38039216 0.06666667
v -1.4769 0.23369 -0.03038 0.06666667 0.38039216 0.06666667
v -1.51274 0.26224 -0.028 0.06666667 0.38039216 0.06666667
v -1.4769 0.23369 -0.03038 0.06666667 0.38039216 0.06666667
v -1.46972 0.23782 -0.05336 0.06666667 0.38039216 0.06666667
v -1.51274 0.26224 -0.028 0.06666667 0.38039216 0.06666667
v -1.47568 0.25969 -0.09136 0.06666667 0.38039216 0.06666667
v -1.46972 0.23782 -0.05336 0.06666667 0.38039216 0.06666667
v -1.51274 0.26224 -0.028 0.06666667 0.38039216 0.06666667
v -1.46972 0.23782 -0.05336 0.06666667 0.38039216 0.06666667
v -1.47568 0.25969 -0.09136 0.06666667 0.38039216 0.06666667
v -1.51274 0.26224 -0.028 0.06666667 0.38039216 0.06666667
v -1.52136 0.26026 -0.10855 0.06666667 0.38039216 0.06666667
v -1.47568 0.25969 -0.09136 0.06666667 0.38039216 0.06666667
v -1.51274 0.26224 -0.028 0.06666667 0.38039216 0.06666667
v -1.47568 0.25969 -0.09136 0.06666667 0.38039216 0.06666667
v -1.52136 0.26026 -0.10855 0.06666667 0.38039216 0.06666667
v -1.51274 0.26224 -0.028 0.06666667 0.38039216 0.06666667
v -1.52814 0.26757 -0.0735 0.06666667 0.38039216 0.06666667
v -1.52136 0.26026 -0.10855 0.06666667 0.38039216 0.06666667
v -1.51274 0.26224 -0.028 0.06666667 0.38039216 0.06666667
v -1.52136 0.26026 -0.10855 0.06666667 0.38039216 0.06666667
v -1.52814 0.26757 -0.0735 0.06666667 0.38039216 0.06666667
v -1.52814 0.26757 -0.0735 0.06666667 0.38039216 0.06666667
v -1.53867 0.23419 -0.0961 0.06666667 0.38039216 0.06666667
v -1.52136 0.26026 -0.10855 0.06666667 0.38039216 0.06666667
v -1.52814 0.26757 -0.0735 0.06666667 0.38039216 0.06666667
v -1.52136 0.26026 -0.10855 0.06666667 0.38039216 0.06666667
v -1.53867 0.23419 -0.0961 0.06666667 0.38039216 0.06666667
v -1.44466 0.37117 0.08521 0.11372549 0.38039216 0.11372549
v -1.39093 0.34252 0.06206 0.11372549 0.38039216 0.11372549
v -1.40514 0.30583 0.08883 0.11372549 0.38039216 0.11372549
v -1.44466 0.37117 0.08521 0.11372549 0.38039216 0.11372549
v -1.40514 0.30583 0.08883 0.11372549 0.38039216 0.11372549
v -1.39093 0.34252 0.06206 0.11372549 0.38039216 0.11372549
v -1.44466 0.37117 0.08521 0.11372549 0.38039216 0.11372549
v -1.39093 0.34252 0.06206 0.11372549 0.38039216 0.11372549
v -1.46312 0.38709 0.04556 0.11372549 0.38039216 0.11372549
v -1.44466 0.37117 0.08521 0.11372549 0.38039216 0.11372549
v -1.46312 0.38709 0.04556 0.11372549 0.38039216 0.11372549
v -1.39093 0.34252 0.06206 0.11372549 0.38039216 0.11372549
v -1.46312 0.38709 0.04556 0.11372549 0.38039216 0.11372549
v -1.39064 0.33784 0.0305 0.11372549 0.38039216 0.11372549
v -1.39093 0.34252 0.06206 0.11372549 0.38039216 0.11372549
v -1.46312 0.38709 0.04556 0.11372549 0.38039216 0.11372549
v -1.39093 0.34252 0.06206 0.11372549 0.38039216 0.11372549
v -1.39064 0.33784 0.0305 0.11372549 0.38039216 0.11372549
v -1.46312 0.38709 0.04556 0.11372549 0.38039216 0.11372549
v -1.43168 0.3372 -0.00649 0.11372549 0.38039216 0.11372549
v -1.39064 0.33784 0.0305 0.11372549 0.38039216 0.11372549
v -1.46312 0.38709 0.04556 0.11372549 0.38039216 0.11372549
v -1.39064 0.33784 0.0305 0.11372549 0.38039216 0.11372549
v -1.43168 0.3372 -0.00649 0.11372549 0.38039216 0.11372549
v -1.46312 0.38709 0.04556 0.11372549 0.38039216 0.11372549
v -1.46786 0.33528 0.00386 0.11372549 0.38039216 0.11372549
v -1.43168 0.3372 -0.00649 0.11372549 0.38039216 0.11372549
v -1.46312 0.38709 0.04556 0.11372549 0.38039216 0.11372549
v -1.43168 0.3372 -0.00649 0.11372549 0.38039216 0.11372549
v -1.46786 0.33528 0.00386 0.11372549 0.38039216 0.11372549
v -1.46312 0.38709 0.04556 0.11372549 0.38039216 0.11372549
v -1.48944 0.34877 0.02266 0.11372549 0.38039216 0.11372549
v -1.46786 0.33528 0.00386 0.11372549 0.38039216 0.11372549
v -1.46312 0.38709 0.04556 0.11372549 0.38039216 0.11372549
v -1.46786 0.33528 0.00386 0.11372549 0.38039216 0.11372549
v -1.48944 0.34877 0.02266 0.11372549 0.38039216 0.11372549
v -1.46312 0.38709 0.04556 0.11372549 0.38039216 0.11372549
v -1.51046 0.34894 0.02825 0.11372549 0.38039216 0.11372549
v -1.49836 0.35758 0.0213 0.11372549 0.38039216 0.11372549
v -1.46312 0.38709 0.04556 0.11372549 0.38039216 0.11372549
v -1.49836 0.35758 0.0213 0.11372549 0.38039216 0.11372549
v -1.51046 0.34894 0.02825 0.11372549 0.38039216 0.11372549
v -1.46312 0.38709 0.04556 0.11372549 0.38039216 0.11372549
v -1.52082 0.3426 0.04545 0.11372549 0.38039216 0.11372549
v -1.51046 0.34894 0.02825 0.11372549 0.38039216 0.11372549
v -1.46312 0.38709 0.04556 0.11372549 0.38039216 0.11372549
v -1.51046 0.34894 0.02825 0.11372549 0.38039216 0.11372549
v -1.52082 0.3426 0.04545 0.11372549 0.38039216 0.11372549
v -1.46312 0.38709 0.04556 0.11372549 0.38039216 0.11372549
v -1.50622 0.34459 0.11505 0.11372549 0.38039216 0.11372549
v -1.52082 0.3426 0.04545 0.11372549 0.38039216 0.11372549
v -1.46312 0.38709 0.04556 0.11372549 0.38039216 0.11372549
v -1.52082 0.3426 0.04545 0.11372549 0.38039216 0.11372549
v -1.50622 0.34459 0.11505 0.11372549 0.38039216 0.11372549
v -1.46312 0.38709 0.04556 0.11372549 0.38039216 0.11372549
v -1.46083 0.33492 0.11827 0.11372549 0.38039216 0.11372549
v -1.50622 0.34459 0.11505 0.11372549 0.38039216 0.11372549
v -1.46312 0.38709 0.04556 0.11372549 0.38039216 0.11372549
v -1.50622 0.34459 0.11505 0.11372549 0.38039216 0.11372549
v -1.46083 0.33492 0.11827 0.11372549 0.38039216 0.11372549
v -1.46312 0.38709 0.04556 0.11372549 0.38039216 0.11372549
v -1.44466 0.37117 0.08521 0.11372549 0.38039216 0.11372549
v -1.46083 0.33492 0.11827 0.11372549 0.38039216 0.11372549
v -1.46312 0.38709 0.04556 0.11372549 0.38039216 0.11372549
v -1.46083 0.33492 0.11827 0.11372549 0.38039216 0.11372549
v -1.44466 0.37117 0.08521 0.11372549 0.38039216 0.11372549
v -1.44466 0.37117 0.08521 0.11372549 0.38039216 0.11372549
v -1.40514 0.30583 0.08883 0.11372549 0.38039216 0.11372549
v -1.46083 0.33492 0.11827 0.11372549 0.38039216 0.11372549
v -1.44466 0.37117 0.08521 0.11372549 0.38039216 0.11372549
v -1.46083 0.33492 0.11827 0.11372549 0.38039216 0.11372549
v -1.40514 0.30583 0.08883 0.11372549 0.38039216 0.11372549
v -1.50331 0.41817 0.02514 0.16078432 0.38039216 0.16078432
v -1.50673 0.42164 0.04602 0.16078432 0.38039216 0.16078432
v -1.52194 0.42419 0.03004 0.16078432 0.38039216 0.16078432
v -1.50331 0.41817 0.02514 0.16078432 0.38039216 0.16078432
v -1.52194 0.42419 0.03004 0.16078432 0.38039216 0.16078432
v -1.50673 0.42164 0.04602 0.16078432 0.38039216 0.16078432
v -1.50331 0.41817 0.02514 0.16078432 0.38039216 0.16078432
v -1.50673 0.42164 0.04602 0.16078432 0.38039216 0.16078432
v -1.49764 0.39547 0.02609 0.16078432 0.38039216 0.16078432
v -1.50331 0.41817 0.02514 0.16078432 0.38039216 0.16078432
v -1.49764 0.39547 0.02609 0.16078432 0.38039216 0.16078432
v -1.50673 0.42164 0.04602 0.16078432 0.38039216 0.16078432
v -1.49764 0.39547 0.02609 0.16078432 0.38039216 0.16078432
v -1.499 0.40969 0.05377 0.16078432 0.38039216 0.16078432
v -1.50673 0.42164 0.04602 0.16078432 0.38039216 0.16078432
v -1.49764 0.39547 0.02609 0.16078432 0.38039216 0.16078432
v -1.50673 0.42164 0.04602 0.16078432 0.38039216 0.16078432
v -1.499 0.40969 0.05377 0.16078432 0.38039216 0.16078432
v -1.49764 0.39547 0.02609 0.16078432 0.38039216 0.16078432
v -1.50079 0.3896 0.0495 0.16078432 0.38039216 0.16078432
v -1.499 0.40969 0.05377 0.16078432 0.38039216 0.16078432
v -1.49764 0.39547 0.02609 0.16078432 0.38039216 0.16078432
v -1.499 0.40969 0.05377 0.16078432 0.38039216 0.16078432
v -1.50079 0.3896 0.0495 0.16078432 0.38039216 0.16078432
v -1.49764 0.39547 0.02609 0.16078432 0.38039216 0.16078432
v -1.50494 0.38305 0.03496 0.16078432 0.38039216 0.16078432
v -1.50079 0.3896 0.0495 0.16078432 0.38039216 0.16078432
v -1.49764 0.39547 0.02609 0.16078432 0.38039216 0.16078432
v -1.50079 0.3896 0.0495 0.16078432 0.38039216 0.16078432
v -1.50494 0.38305 0.03496 0.16078432 0.38039216 0.16078432
v -1.49764 0.39547 0.02609 0.16078432 0.38039216 0.16078432
v -1.50288 0.38261 0.02683 0.16078432 0.38039216 0.16078432
v -1.50494 0.38305 0.03496 0.16078432 0.38039216 0.16078432
v -1.49764 0.39547 0.02609 0.16078432 0.38039216 0.16078432
v -1.50494 0.38305 0.03496 0.16078432 0.38039216 0.16078432
v -1.50288 0.38261 0.02683 0.16078432 0.38039216 0.16078432
v -1.49764 0.39547 0.02609 0.16078432 0.38039216 0.16078432
v -1.51235 0.38509 0.01307 0.16078432 0.38039216 0.16078432
v -1.50494 0.38262 0.02092 0.16078432 0.38039216 0.16078432
v -1.49764 0.39547 0.02609 0.16078432 0.38039216 0.16078432
v -1.50494 0.38262 0.02092 0.16078432 0.38039216 0.16078432
v -1.51235 0.38509 0.01307 0.16078432 0.38039216 0.16078432
v -1.49764 0.39547 0.02609 0.16078432 0.38039216 0.16078432
v -1.51526 0.39395 0.00578 0.16078432 0.38039216 0.16078432
v -1.51235 0.38509 0.01307 0.16078432 0.38039216 0.16078432
v -1.49764 0.39547 0.02609 0.16078432 0.38039216 0.16078432
v -1.51235 0.38509 0.01307 0.16078432 0.38039216 0.16078432
v -1.51526 0.39395 0.00578 0.16078432 0.38039216 0.16078432
v -1.49764 0.39547 0.02609 0.16078432 0.38039216 0.16078432
v -1.5126 0.4144 -6e-05 0.16078432 0.38039216 0.16078432
v -1.51526 0.39395 0.00578 0.16078432 0.38039216 0.16078432
v -1.49764 0.39547 0.02609 0.16078432 0.38039216 0.16078432
v -1.51526 0.39395 0.00578 0.16078432 0.38039216 0.16078432
v -1.5126 0.4144 -6e-05 0.16078432 0.38039216 0.16078432
v -1.49764 0.39547 0.02609 0.16078432 0.38039216 0.16078432
v -1.51357 0.43029 0.01743 0.16078432 0.38039216 0.16078432
v -1.5126 0.4144 -6e-05 0.16078432 0.38039216 0.16078432
v -1.49764 0.39547 0.02609 0.16078432 0.38039216 0.16078432
v -1.5126 0.4144 -6e-05 0.16078432 0.38039216 0.16078432
v -1.51357 0.43029 0.01743 0.16078432 0.38039216 0.16078432
v -1.49764 0.39547 0.02609 0.16078432 0.38039216 0.16078432
v -1.50331 0.41817 0.02514 0.16078432 0.38039216 0.16078432
v -1.51357 0.43029 0.01743 0.16078432 0.38039216 0.16078432
v -1.49764 0.39547 0.02609 0.16078432 0.38039216 0.16078432
v -1.51357 0.43029 0.01743 0.16078432 0.38039216 0.16078432
v -1.50331 0.41817 0.02514 0.16078432 0.38039216 0.16078432
v -1.50331 0.41817 0.02514 0.16078432 0.38039216 0.16078432
v -1.52194 0.42419 0.03004 0.16078432 0.38039216 0.16078432
v -1.51357 0.43029 0.01743 0.16078432 0.38039216 0.16078432
v -1.50331 0.41817 0.02514 0.16078432 0.38039216 0.16078432
v -1.51357 0.43029 0.01743 0.16078432 0.38039216 0.16078432
v -1.52194 0.42419 0.03004 0.16078432 0.38039216 0.16078432
v -0.04182 0.26757 -0.06667 0.06666667 0.38039216 0.06666667
v -0.08165 0.25337 -0.05363 0.06666667 0.38039216 0.06666667
v -0.05651 0.23419 -0.08682 0.06666667 0.38039216 0.06666667
v -0.04182 0.26757 -0.06667 0.06666667 0.38039216 0.06666667
v -0.05651 0.23419 -0.08682 0.06666667 0.38039216 0.06666667
v -0.08165 0.25337 -0.05363 0.06666667 0.38039216 0.06666667
v -0.04182 0.26757 -0.06667 0.06666667 0.38039216 0.06666667
v -0.08165 0.25337 -0.05363 0.06666667 0.38039216 0.06666667
v -0.01791 0.26224 -0.02501 0.06666667 0.38039216 0.06666667
v -0.04182 0.26757 -0.06667 0.06666667 0.38039216 0.06666667
v -0.01791 0.26224 -0.02501 0.06666667 0.38039216 0.06666667
v -0.08165 0.25337 -0.05363 0.06666667 0.38039216 0.06666667
v -0.01791 0.26224 -0.02501 0.06666667 0.38039216 0.06666667
v -0.08172 0.25599 -0.02028 0.06666667 0.38039216 0.06666667
v -0.08165 0.25337 -0.05363 0.06666667 0.38039216 0.06666667
v -0.01791 0.26224 -0.02501 0.06666667 0.38039216 0.06666667
v -0.08165 0.25337 -0.05363 0.06666667 0.38039216 0.06666667
v -0.08172 0.25599 -0.02028 0.06666667 0.38039216 0.06666667
v -0.01791 0.26224 -0.02501 0.06666667 0.38039216 0.06666667
v -0.05152 0.24092 0.00564 0.06666667 0.38039216 0.06666667
v -0.08172 0.25599 -0.02028 0.06666667 0.38039216 0.06666667
v -0.01791 0.26224 -0.02501 0.06666667 0.38039216 0.06666667
v -0.08172 0.25599 -0.02028 0.06666667 0.38039216 0.06666667
v -0.05152 0.24092 0.00564 0.06666667 0.38039216 0.06666667
v -0.01791 0.26224 -0.02501 0.06666667 0.38039216 0.06666667
v -0.01889 0.23565 -0.00238 0.06666667 0.38039216 0.06666667
v -0.05152 0.24092 0.00564 0.06666667 0.38039216 0.06666667
v -0.01791 0.26224 -0.02501 0.06666667 0.38039216 0.06666667
v -0.05152 0.24092 0.00564 0.06666667 0.38039216 0.06666667
v -0.01889 0.23565 -0.00238 0.06666667 0.38039216 0.06666667
v -0.01791 0.26224 -0.02501 0.06666667 0.38039216 0.06666667
v -0.00444 0.24317 -0.00829 0.06666667 0.38039216 0.06666667
v -0.01889 0.23565 -0.00238 0.06666667 0.38039216 0.06666667
v -0.01791 0.26224 -0.02501 0.06666667 0.38039216 0.06666667
v -0.01889 0.23565 -0.00238 0.06666667 0.38039216 0.06666667
v -0.00444 0.24317 -0.00829 0.06666667 0.38039216 0.06666667
v -0.01791 0.26224 -0.02501 0.06666667 0.38039216 0.06666667
v 0.01679 0.23369 -0.03427 0.06666667 0.38039216 0.06666667
v 0.00582 0.24216 -0.01609 0.06666667 0.38039216 0.06666667
v -0.01791 0.26224 -0.02501 0.06666667 0.38039216 0.06666667
v 0.00582 0.24216 -0.01609 0.06666667 0.38039216 0.06666667
v 0.01679 0.23369 -0.03427 0.06666667 0.38039216 0.06666667
v -0.01791 0.26224 -0.02501 0.06666667 0.38039216 0.06666667
v 0.0194 0.23782 -0.0582 0.06666667 0.38039216 0.06666667
v 0.01679 0.23369 -0.03427 0.06666667 0.38039216 0.06666667
v -0.01791 0.26224 -0.02501 0.06666667 0.38039216 0.06666667
v 0.01679 0.23369 -0.03427 0.06666667 0.38039216 0.06666667
v 0.0194 0.23782 -0.0582 0.06666667 0.38039216 0.06666667
v -0.01791 0.26224 -0.02501 0.06666667 0.38039216 0.06666667
v 0.0062 0.25969 -0.09434 0.06666667 0.38039216 0.06666667
v 0.0194 0.23782 -0.0582 0.06666667 0.38039216 0.06666667
v -0.01791 0.26224 -0.02501 0.06666667 0.38039216 0.06666667
v 0.0194 0.23782 -0.0582 0.06666667 0.38039216 0.06666667
v 0.0062 0.25969 -0.09434 0.06666667 0.38039216 0.06666667
v -0.01791 0.26224 -0.02501 0.06666667 0.38039216 0.06666667
v -0.04193 0.26026 -0.10238 0.06666667 0.38039216 0.06666667
v 0.0062 0.25969 -0.09434 0.06666667 0.38039216 0.06666667
v -0.01791 0.26224 -0.02501 0.06666667 0.38039216 0.06666667
v 0.0062 0.25969 -0.09434 0.06666667 0.38039216 0.06666667
v -0.04193 0.26026 -0.10238 0.06666667 0.38039216 0.06666667
v -0.01791 0.26224 -0.02501 0.06666667 0.38039216 0.06666667
v -0.04182 0.26757 -0.06667 0.06666667 0.38039216 0.06666667
v -0.04193 0.26026 -0.10238 0.06666667 0.38039216 0.06666667
v -0.01791 0.26224 -0.02501 0.06666667 0.38039216 0.06666667
v -0.04193 0.26026 -0.10238 0.06666667 0.38039216 0.06666667
v -0.04182 0.26757 -0.06667 0.06666667 0.38039216 0.06666667
v -0.04182 0.26757 -0.06667 0.06666667 0.38039216 0.06666667
v -0.05651 0.23419 -0.08682 0.06666667 0.38039216 0.06666667
v -0.04193 0.26026 -0.10238 0.06666667 0.38039216 0.06666667
v -0.04182 0.26757 -0.06667 0.06666667 0.38039216 0.06666667
v -0.04193 0.26026 -0.10238 0.06666667 0.38039216 0.06666667
v -0.05651 0.23419 -0.08682 0.06666667 0.38039216 0.06666667
v 0.06856 0.3757 0.07093 0.101960786 0.38039216 0.101960786
v 0.1168 0.34706 0.03783 0.101960786 0.38039216 0.101960786
v 0.10804 0.31037 0.06684 0.101960786 0.38039216 0.101960786
v 0.06856 0.3757 0.07093 0.101960786 0.38039216 0.101960786
v 0.10804 0.31037 0.06684 0.101960786 0.38039216 0.101960786
v 0.1168 0.34706 0.03783 0.101960786 0.38039216 0.101960786
v 0.06856 0.3757 0.07093 0.101960786 0.38039216 0.101960786
v 0.1168 0.34706 0.03783 0.101960786 0.38039216 0.101960786
v 0.04279 0.39162 0.0356 0.101960786 0.38039216 0.101960786
v 0.06856 0.3757 0.07093 0.101960786 0.38039216 0.101960786
v 0.04279 0.39162 0.0356 0.101960786 0.38039216 0.101960786
v 0.1168 0.34706 0.03783 0.101960786 0.38039216 0.101960786
v 0.04279 0.39162 0.0356 0.101960786 0.38039216 0.101960786
v 0.11099 0.34238 0.00681 0.101960786 0.38039216 0.101960786
v 0.1168 0.34706 0.03783 0.101960786 0.38039216 0.101960786
v 0.04279 0.39162 0.0356 0.101960786 0.38039216 0.101960786
v 0.1168 0.34706 0.03783 0.101960786 0.38039216 0.101960786
v 0.11099 0.34238 0.00681 0.101960786 0.38039216 0.101960786
v 0.04279 0.39162 0.0356 0.101960786 0.38039216 0.101960786
v 0.06357 0.34173 -0.02155 0.101960786 0.38039216 0.101960786
v 0.11099 0.34238 0.00681 0.101960786 0.38039216 0.101960786
v 0.04279 0.39162 0.0356 0.101960786 0.38039216 0.101960786
v 0.11099 0.34238 0.00681 0.101960786 0.38039216 0.101960786
v 0.06357 0.34173 -0.02155 0.101960786 0.38039216 0.101960786
v 0.04279 0.39162 0.0356 0.101960786 0.38039216 0.101960786
v 0.03007 0.33982 -0.0044 0.101960786 0.38039216 0.101960786
v 0.06357 0.34173 -0.02155 0.101960786 0.38039216 0.101960786
v 0.04279 0.39162 0.0356 0.101960786 0.38039216 0.101960786
v 0.06357 0.34173 -0.02155 0.101960786 0.38039216 0.101960786
v 0.03007 0.33982 -0.0044 0.101960786 0.38039216 0.101960786
v 0.04279 0.39162 0.0356 0.101960786 0.38039216 0.101960786
v 0.01254 0.35331 0.01822 0.101960786 0.38039216 0.101960786
v 0.03007 0.33982 -0.0044 0.101960786 0.38039216 0.101960786
v 0.04279 0.39162 0.0356 0.101960786 0.38039216 0.101960786
v 0.03007 0.33982 -0.0044 0.101960786 0.38039216 0.101960786
v 0.01254 0.35331 0.01822 0.101960786 0.38039216 0.101960786
v 0.04279 0.39162 0.0356 0.101960786 0.38039216 0.101960786
v -0.007 0.35347 0.02776 0.101960786 0.38039216 0.101960786
v 0.00353 0.36211 0.01861 0.101960786 0.38039216 0.101960786
v 0.04279 0.39162 0.0356 0.101960786 0.38039216 0.101960786
v 0.00353 0.36211 0.01861 0.101960786 0.38039216 0.101960786
v -0.007 0.35347 0.02776 0.101960786 0.38039216 0.101960786
v 0.04279 0.39162 0.0356 0.101960786 0.38039216 0.101960786
v -0.01385 0.34713 0.04664 0.101960786 0.38039216 0.101960786
v -0.007 0.35347 0.02776 0.101960786 0.38039216 0.101960786
v 0.04279 0.39162 0.0356 0.101960786 0.38039216 0.101960786
v -0.007 0.35347 0.02776 0.101960786 0.38039216 0.101960786
v -0.01385 0.34713 0.04664 0.101960786 0.38039216 0.101960786
v 0.04279 0.39162 0.0356 0.101960786 0.38039216 0.101960786
v 0.01393 0.34913 0.11211 0.101960786 0.38039216 0.101960786
v -0.01385 0.34713 0.04664 0.101960786 0.38039216 0.101960786
v 0.04279 0.39162 0.0356 0.101960786 0.38039216 0.101960786
v -0.01385 0.34713 0.04664 0.101960786 0.38039216 0.101960786
v 0.01393 0.34913 0.11211 0.101960786 0.38039216 0.101960786
v 0.04279 0.39162 0.0356 0.101960786 0.38039216 0.101960786
v 0.05909 0.33945 0.10649 0.101960786 0.38039216 0.101960786
v 0.01393 0.34913 0.11211 0.101960786 0.38039216 0.101960786
v 0.04279 0.39162 0.0356 0.101960786 0.38039216 0.101960786
v 0.01393 0.34913 0.11211 0.101960786 0.38039216 0.101960786
v 0.05909 0.33945 0.10649 0.101960786 0.38039216 0.101960786
v 0.04279 0.39162 0.0356 0.101960786 0.38039216 0.101960786
v 0.06856 0.3757 0.07093 0.101960786 0.38039216 0.101960786
v 0.05909 0.33945 0.10649 0.101960786 0.38039216 0.101960786
v 0.04279 0.39162 0.0356 0.101960786 0.38039216 0.101960786
v 0.05909 0.33945 0.10649 0.101960786 0.38039216 0.101960786
v 0.06856 0.3757 0.07093 0.101960786 0.38039216 0.101960786
v 0.06856 0.3757 0.07093 0.101960786 0.38039216 0.101960786
v 0.10804 0.31037 0.06684 0.101960786 0.38039216 0.101960786
v 0.05909 0.33945 0.10649 0.101960786 0.38039216 0.101960786
v 0.06856 0.3757 0.07093 0.101960786 0.38039216 0.101960786
v 0.05909 0.33945 0.10649 0.101960786 0.38039216 0.101960786
v 0.10804 0.31037 0.06684 0.101960786 0.38039216 0.101960786
v -0.00317 0.42163 0.02336 0.16862746 0.38039216 0.16862746
v -0.00249 0.4251 0.0445 0.16862746 0.38039216 0.16862746
v -0.0205 0.42765 0.03177 0.16862746 0.38039216 0.16862746
v -0.00317 0.42163 0.02336 0.16862746 0.38039216 0.16862746
v -0.0205 0.42765 0.03177 0.16862746 0.38039216 0.16862746
v -0.00249 0.4251 0.0445 0.16862746 0.38039216 0.16862746
v -0.00317 0.42163 0.02336 0.16862746 0.38039216 0.16862746
v -0.00249 0.4251 0.0445 0.16862746 0.38039216 0.16862746
v 0.00258 0.39893 0.0232 0.16862746 0.38039216 0.16862746
v -0.00317 0.42163 0.02336 0.16862746 0.38039216 0.16862746
v 0.00258 0.39893 0.0232 0.16862746 0.38039216 0.16862746
v -0.00249 0.4251 0.0445 0.16862746 0.38039216 0.16862746
v 0.00258 0.39893 0.0232 0.16862746 0.38039216 0.16862746
v 0.00659 0.41315 0.05062 0.16862746 0.38039216 0.16862746
v -0.00249 0.4251 0.0445 0.16862746 0.38039216 0.16862746
v 0.00258 0.39893 0.0232 0.16862746 0.38039216 0.16862746
v -0.00249 0.4251 0.0445 0.16862746 0.38039216 0.16862746
v 0.00659 0.41315 0.05062 0.16862746 0.38039216 0.16862746
v 0.00258 0.39893 0.0232 0.16862746 0.38039216 0.16862746
v 0.00401 0.39306 0.04677 0.16862746 0.38039216 0.16862746
v 0.00659 0.41315 0.05062 0.16862746 0.38039216 0.16862746
v 0.00258 0.39893 0.0232 0.16862746 0.38039216 0.16862746
v 0.00659 0.41315 0.05062 0.16862746 0.38039216 0.16862746
v 0.00401 0.39306 0.04677 0.16862746 0.38039216 0.16862746
v 0.00258 0.39893 0.0232 0.16862746 0.38039216 0.16862746
v -0.00287 0.38651 0.03331 0.16862746 0.38039216 0.16862746
v 0.00401 0.39306 0.04677 0.16862746 0.38039216 0.16862746
v 0.00258 0.39893 0.0232 0.16862746 0.38039216 0.16862746
v 0.00401 0.39306 0.04677 0.16862746 0.38039216 0.16862746
v -0.00287 0.38651 0.03331 0.16862746 0.38039216 0.16862746
v 0.00258 0.39893 0.0232 0.16862746 0.38039216 0.16862746
v -0.00242 0.38607 0.02494 0.16862746 0.38039216 0.16862746
v -0.00287 0.38651 0.03331 0.16862746 0.38039216 0.16862746
v 0.00258 0.39893 0.0232 0.16862746 0.38039216 0.16862746
v -0.00287 0.38651 0.03331 0.16862746 0.38039216 0.16862746
v -0.00242 0.38607 0.02494 0.16862746 0.38039216 0.16862746
v 0.00258 0.39893 0.0232 0.16862746 0.38039216 0.16862746
v -0.01438 0.38855 0.01326 0.16862746 0.38039216 0.16862746
v -0.00559 0.38608 0.01953 0.16862746 0.38039216 0.16862746
v 0.00258 0.39893 0.0232 0.16862746 0.38039216 0.16862746
v -0.00559 0.38608 0.01953 0.16862746 0.38039216 0.16862746
v -0.01438 0.38855 0.01326 0.16862746 0.38039216 0.16862746
v 0.00258 0.39893 0.0232 0.16862746 0.38039216 0.16862746
v -0.01863 0.39741 0.00668 0.16862746 0.38039216 0.16862746
v -0.01438 0.38855 0.01326 0.16862746 0.38039216 0.16862746
v 0.00258 0.39893 0.0232 0.16862746 0.38039216 0.16862746
v -0.01438 0.38855 0.01326 0.16862746 0.38039216 0.16862746
v -0.01863 0.39741 0.00668 0.16862746 0.38039216 0.16862746
v 0.00258 0.39893 0.0232 0.16862746 0.38039216 0.16862746
v -0.01715 0.41786 0.00043 0.16862746 0.38039216 0.16862746
v -0.01863 0.39741 0.00668 0.16862746 0.38039216 0.16862746
v 0.00258 0.39893 0.0232 0.16862746 0.38039216 0.16862746
v -0.01863 0.39741 0.00668 0.16862746 0.38039216 0.16862746
v -0.01715 0.41786 0.00043 0.16862746 0.38039216 0.16862746
v 0.00258 0.39893 0.0232 0.16862746 0.38039216 0.16862746
v -0.01473 0.43375 0.01778 0.16862746 0.38039216 0.16862746
v -0.01715 0.41786 0.00043 0.16862746 0.38039216 0.16862746
v 0.00258 0.39893 0.0232 0.16862746 0.38039216 0.16862746
v -0.01715 0.41786 0.00043 0.16862746 0.38039216 0.16862746
v -0.01473 0.43375 0.01778 0.16862746 0.38039216 0.16862746
v 0.00258 0.39893 0.0232 0.16862746 0.38039216 0.16862746
v -0.00317 0.42163 0.02336 0.16862746 0.38039216 0.16862746
v -0.01473 0.43375 0.01778 0.16862746 0.38039216 0.16862746
v 0.00258 0.39893 0.0232 0.16862746 0.38039216 0.16862746
v -0.01473 0.43375 0.01778 0.16862746 0.38039216 0.16862746
v -0.00317 0.42163 0.02336 0.16862746 0.38039216 0.16862746
v -0.00317 0.42163 0.02336 0.16862746 0.38039216 0.16862746
v -0.0205 0.42765 0.03177 0.16862746 0.38039216 0.16862746
v -0.01473 0.43375 0.01778 0.16862746 0.38039216 0.16862746
v -0.00317 0.42163 0.02336 0.16862746 0.38039216 0.16862746
v -0.01473 0.43375 0.01778 0.16862746 0.38039216 0.16862746
v -0.0205 0.42765 0.03177 0.16862746 0.38039216 0.16862746
v 1.48093 0.26396 -0.07636 0.06666667 0.38039216 0.06666667
v 1.43902 0.24977 -0.07632 0.06666667 0.38039216 0.06666667
v 1.47321 0.23059 -0.10007 0.06666667 0.38039216 0.06666667
v 1.48093 0.26396 -0.07636 0.06666667 0.38039216 0.06666667
v 1.47321 0.23059 -0.10007 0.06666667 0.38039216 0.06666667
v 1.43902 0.24977 -0.07632 0.06666667 0.38039216 0.06666667
v 1.48093 0.26396 -0.07636 0.06666667 0.38039216 0.06666667
v 1.43902 0.24977 -0.07632 0.06666667 0.38039216 0.06666667
v 1.49073 0.25863 -0.02933 0.06666667 0.38039216 0.06666667
v 1.48093 0.26396 -0.07636 0.06666667 0.38039216 0.06666667
v 1.49073 0.25863 -0.02933 0.06666667 0.38039216 0.06666667
v 1.43902 0.24977 -0.07632 0.06666667 0.38039216 0.06666667
v 1.49073 0.25863 -0.02933 0.06666667 0.38039216 0.06666667
v 1.4286 0.25239 -0.04463 0.06666667 0.38039216 0.06666667
v 1.43902 0.24977 -0.07632 0.06666667 0.38039216 0.06666667
v 1.49073 0.25863 -0.02933 0.06666667 0.38039216 0.06666667
v 1.43902 0.24977 -0.07632 0.06666667 0.38039216 0.06666667
v 1.4286 0.25239 -0.04463 0.06666667 0.38039216 0.06666667
v 1.49073 0.25863 -0.02933 0.06666667 0.38039216 0.06666667
v 1.44927 0.23732 -0.01062 0.06666667 0.38039216 0.06666667
v 1.4286 0.25239 -0.04463 0.06666667 0.38039216 0.06666667
v 1.49073 0.25863 -0.02933 0.06666667 0.38039216 0.06666667
v 1.4286 0.25239 -0.04463 0.06666667 0.38039216 0.06666667
v 1.44927 0.23732 -0.01062 0.06666667 0.38039216 0.06666667
v 1.49073 0.25863 -0.02933 0.06666667 0.38039216 0.06666667
v 1.48278 0.23205 -0.00812 0.06666667 0.38039216 0.06666667
v 1.44927 0.23732 -0.01062 0.06666667 0.38039216 0.06666667
v 1.49073 0.25863 -0.02933 0.06666667 0.38039216 0.06666667
v 1.44927 0.23732 -0.01062 0.06666667 0.38039216 0.06666667
v 1.48278 0.23205 -0.00812 0.06666667 0.38039216 0.06666667
v 1.49073 0.25863 -0.02933 0.06666667 0.38039216 0.06666667
v 1.49835 0.23957 -0.00926 0.06666667 0.38039216 0.06666667
v 1.48278 0.23205 -0.00812 0.06666667 0.38039216 0.06666667
v 1.49073 0.25863 -0.02933 0.06666667 0.38039216 0.06666667
v 1.48278 0.23205 -0.00812 0.06666667 0.38039216 0.06666667
v 1.49835 0.23957 -0.00926 0.06666667 0.38039216 0.06666667
v 1.49073 0.25863 -0.02933 0.06666667 0.38039216 0.06666667
v 1.52659 0.23008 -0.02737 0.06666667 0.38039216 0.06666667
v 1.51052 0.23856 -0.01349 0.06666667 0.38039216 0.06666667
v 1.49073 0.25863 -0.02933 0.06666667 0.38039216 0.06666667
v 1.51052 0.23856 -0.01349 0.06666667 0.38039216 0.06666667
v 1.52659 0.23008 -0.02737 0.06666667 0.38039216 0.06666667
v 1.49073 0.25863 -0.02933 0.06666667 0.38039216 0.06666667
v 1.5365 0.23422 -0.04931 0.06666667 0.38039216 0.06666667
v 1.52659 0.23008 -0.02737 0.06666667 0.38039216 0.06666667
v 1.49073 0.25863 -0.02933 0.06666667 0.38039216 0.06666667
v 1.52659 0.23008 -0.02737 0.06666667 0.38039216 0.06666667
v 1.5365 0.23422 -0.04931 0.06666667 0.38039216 0.06666667
v 1.49073 0.25863 -0.02933 0.06666667 0.38039216 0.06666667
v 1.53517 0.25608 -0.08776 0.06666667 0.38039216 0.06666667
v 1.5365 0.23422 -0.04931 0.06666667 0.38039216 0.06666667
v 1.49073 0.25863 -0.02933 0.06666667 0.38039216 0.06666667
v 1.5365 0.23422 -0.04931 0.06666667 0.38039216 0.06666667
v 1.53517 0.25608 -0.08776 0.06666667 0.38039216 0.06666667
v 1.49073 0.25863 -0.02933 0.06666667 0.38039216 0.06666667
v 1.4919 0.25666 -0.11034 0.06666667 0.38039216 0.06666667
v 1.53517 0.25608 -0.08776 0.06666667 0.38039216 0.06666667
v 1.49073 0.25863 -0.02933 0.06666667 0.38039216 0.06666667
v 1.53517 0.25608 -0.08776 0.06666667 0.38039216 0.06666667
v 1.4919 0.25666 -0.11034 0.06666667 0.38039216 0.06666667
v 1.49073 0.25863 -0.02933 0.06666667 0.38039216 0.06666667
v 1.48093 0.26396 -0.07636 0.06666667 0.38039216 0.06666667
v 1.4919 0.25666 -0.11034 0.06666667 0.38039216 0.06666667
v 1.49073 0.25863 -0.02933 0.06666667 0.38039216 0.06666667
v 1.4919 0.25666 -0.11034 0.06666667 0.38039216 0.06666667
v 1.48093 0.26396 -0.07636 0.06666667 0.38039216 0.06666667
v 1.48093 0.26396 -0.07636 0.06666667 0.38039216 0.06666667
v 1.47321 0.23059 -0.10007 0.06666667 0.38039216 0.06666667
v 1.4919 0.25666 -0.11034 0.06666667 0.38039216 0.06666667
v 1.48093 0.26396 -0.07636 0.06666667 0.38039216 0.06666667
v 1.4919 0.25666 -0.11034 0.06666667 0.38039216 0.06666667
v 1.47321 0.23059 -0.10007 0.06666667 0.38039216 0.06666667
v 1.59121 0.37177 0.03751 0.09803922 0.38039216 0.09803922
v 1.61472 0.34312 -0.01606 0.09803922 0.38039216 0.09803922
v 1.62259 0.30643 0.0132 0.09803922 0.38039216 0.09803922
v 1.59121 0.37177 0.03751 0.09803922 0.38039216 0.09803922
v 1.62259 0.30643 0.0132 0.09803922 0.38039216 0.09803922
v 1.61472 0.34312 -0.01606 0.09803922 0.38039216 0.09803922
v 1.59121 0.37177 0.03751 0.09803922 0.38039216 0.09803922
v 1.61472 0.34312 -0.01606 0.09803922 0.38039216 0.09803922
v 1.55068 0.38768 0.02109 0.09803922 0.38039216 0.09803922
v 1.59121 0.37177 0.03751 0.09803922 0.38039216 0.09803922
v 1.55068 0.38768 0.02109 0.09803922 0.38039216 0.09803922
v 1.61472 0.34312 -0.01606 0.09803922 0.38039216 0.09803922
v 1.55068 0.38768 0.02109 0.09803922 0.38039216 0.09803922
v 1.59342 0.33844 -0.03935 0.09803922 0.38039216 0.09803922
v 1.61472 0.34312 -0.01606 0.09803922 0.38039216 0.09803922
v 1.55068 0.38768 0.02109 0.09803922 0.38039216 0.09803922
v 1.61472 0.34312 -0.01606 0.09803922 0.38039216 0.09803922
v 1.59342 0.33844 -0.03935 0.09803922 0.38039216 0.09803922
v 1.55068 0.38768 0.02109 0.09803922 0.38039216 0.09803922
v 1.53818 0.3378 -0.03842 0.09803922 0.38039216 0.09803922
v 1.59342 0.33844 -0.03935 0.09803922 0.38039216 0.09803922
v 1.55068 0.38768 0.02109 0.09803922 0.38039216 0.09803922
v 1.59342 0.33844 -0.03935 0.09803922 0.38039216 0.09803922
v 1.53818 0.3378 -0.03842 0.09803922 0.38039216 0.09803922
v 1.55068 0.38768 0.02109 0.09803922 0.38039216 0.09803922
v 1.51876 0.33588 -0.00618 0.09803922 0.38039216 0.09803922
v 1.53818 0.3378 -0.03842 0.09803922 0.38039216 0.09803922
v 1.55068 0.38768 0.02109 0.09803922 0.38039216 0.09803922
v 1.53818 0.3378 -0.03842 0.09803922 0.38039216 0.09803922
v 1.51876 0.33588 -0.00618 0.09803922 0.38039216 0.09803922
v 1.55068 0.38768 0.02109 0.09803922 0.38039216 0.09803922
v 1.51581 0.34937 0.02228 0.09803922 0.38039216 0.09803922
v 1.51876 0.33588 -0.00618 0.09803922 0.38039216 0.09803922
v 1.55068 0.38768 0.02109 0.09803922 0.38039216 0.09803922
v 1.51876 0.33588 -0.00618 0.09803922 0.38039216 0.09803922
v 1.51581 0.34937 0.02228 0.09803922 0.38039216 0.09803922
v 1.55068 0.38768 0.02109 0.09803922 0.38039216 0.09803922
v 1.50424 0.34954 0.0407 0.09803922 0.38039216 0.09803922
v 1.50835 0.35818 0.02737 0.09803922 0.38039216 0.09803922
v 1.55068 0.38768 0.02109 0.09803922 0.38039216 0.09803922
v 1.50835 0.35818 0.02737 0.09803922 0.38039216 0.09803922
v 1.50424 0.34954 0.0407 0.09803922 0.38039216 0.09803922
v 1.55068 0.38768 0.02109 0.09803922 0.38039216 0.09803922
v 1.50839 0.3432 0.06035 0.09803922 0.38039216 0.09803922
v 1.50424 0.34954 0.0407 0.09803922 0.38039216 0.09803922
v 1.55068 0.38768 0.02109 0.09803922 0.38039216 0.09803922
v 1.50424 0.34954 0.0407 0.09803922 0.38039216 0.09803922
v 1.50839 0.3432 0.06035 0.09803922 0.38039216 0.09803922
v 1.55068 0.38768 0.02109 0.09803922 0.38039216 0.09803922
v 1.56652 0.34519 0.10131 0.09803922 0.38039216 0.09803922
v 1.50839 0.3432 0.06035 0.09803922 0.38039216 0.09803922
v 1.55068 0.38768 0.02109 0.09803922 0.38039216 0.09803922
v 1.50839 0.3432 0.06035 0.09803922 0.38039216 0.09803922
v 1.56652 0.34519 0.10131 0.09803922 0.38039216 0.09803922
v 1.55068 0.38768 0.02109 0.09803922 0.38039216 0.09803922
v 1.60193 0.33552 0.07271 0.09803922 0.38039216 0.09803922
v 1.56652 0.34519 0.10131 0.09803922 0.38039216 0.09803922
v 1.55068 0.38768 0.02109 0.09803922 0.38039216 0.09803922
v 1.56652 0.34519 0.10131 0.09803922 0.38039216 0.09803922
v 1.60193 0.33552 0.07271 0.09803922 0.38039216 0.09803922
v 1.55068 0.38768 0.02109 0.09803922 0.38039216 0.09803922
v 1.59121 0.37177 0.03751 0.09803922 0.38039216 0.09803922
v 1.60193 0.33552 0.07271 0.09803922 0.38039216 0.09803922
v 1.55068 0.38768 0.02109 0.09803922 0.38039216 0.09803922
v 1.60193 0.33552 0.07271 0.09803922 0.38039216 0.09803922
v 1.59121 0.37177 0.03751 0.09803922 0.38039216 0.09803922
v 1.59121 0.37177 0.03751 0.09803922 0.38039216 0.09803922
v 1.62259 0.30643 0.0132 0.09803922 0.38039216 0.09803922
v 1.60193 0.33552 0.07271 0.09803922 0.38039216 0.09803922
v 1.59121 0.37177 0.03751 0.09803922 0.38039216 0.09803922
v 1.60193 0.33552 0.07271 0.09803922 0.38039216 0.09803922
v 1.62259 0.30643 0.0132 0.09803922 0.38039216 0.09803922
v 1.50206 0.41795 0.01643 0.16078432 0.38039216 0.16078432
v 1.48813 0.42142 0.03234 0.16078432 0.38039216 0.16078432
v 1.48365 0.42397 0.01074 0.16078432 0.38039216 0.16078432
v 1.50206 0.41795 0.01643 0.16078432 0.38039216 0.16078432
v 1.48365 0.42397 0.01074 0.16078432 0.38039216 0.16078432
v 1.48813 0.42142 0.03234 0.16078432 0.38039216 0.16078432
v 1.50206 0.41795 0.01643 0.16078432 0.38039216 0.16078432
v 1.48813 0.42142 0.03234 0.16078432 0.38039216 0.16078432
v 1.50637 0.39525 0.02023 0.16078432 0.38039216 0.16078432
v 1.50206 0.41795 0.01643 0.16078432 0.38039216 0.16078432
v 1.50637 0.39525 0.02023 0.16078432 0.38039216 0.16078432
v 1.48813 0.42142 0.03234 0.16078432 0.38039216 0.16078432
v 1.50637 0.39525 0.02023 0.16078432 0.38039216 0.16078432
v 1.49059 0.40947 0.04301 0.16078432 0.38039216 0.16078432
v 1.48813 0.42142 0.03234 0.16078432 0.38039216 0.16078432
v 1.50637 0.39525 0.02023 0.16078432 0.38039216 0.16078432
v 1.48813 0.42142 0.03234 0.16078432 0.38039216 0.16078432
v 1.49059 0.40947 0.04301 0.16078432 0.38039216 0.16078432
v 1.50637 0.39525 0.02023 0.16078432 0.38039216 0.16078432
v 1.49133 0.38938 0.03844 0.16078432 0.38039216 0.16078432
v 1.49059 0.40947 0.04301 0.16078432 0.38039216 0.16078432
v 1.50637 0.39525 0.02023 0.16078432 0.38039216 0.16078432
v 1.49059 0.40947 0.04301 0.16078432 0.38039216 0.16078432
v 1.49133 0.38938 0.03844 0.16078432 0.38039216 0.16078432
v 1.50637 0.39525 0.02023 0.16078432 0.38039216 0.16078432
v 1.49549 0.38283 0.0239 0.16078432 0.38039216 0.16078432
v 1.49133 0.38938 0.03844 0.16078432 0.38039216 0.16078432
v 1.50637 0.39525 0.02023 0.16078432 0.38039216 0.16078432
v 1.49133 0.38938 0.03844 0.16078432 0.38039216 0.16078432
v 1.49549 0.38283 0.0239 0.16078432 0.38039216 0.16078432
v 1.50637 0.39525 0.02023 0.16078432 0.38039216 0.16078432
v 1.50153 0.38239 0.01809 0.16078432 0.38039216 0.16078432
v 1.49549 0.38283 0.0239 0.16078432 0.38039216 0.16078432
v 1.50637 0.39525 0.02023 0.16078432 0.38039216 0.16078432
v 1.49549 0.38283 0.0239 0.16078432 0.38039216 0.16078432
v 1.50153 0.38239 0.01809 0.16078432 0.38039216 0.16078432
v 1.50637 0.39525 0.02023 0.16078432 0.38039216 0.16078432
v 1.50076 0.38487 0.0014 0.16078432 0.38039216 0.16078432
v 1.5029 0.3824 0.01198 0.16078432 0.38039216 0.16078432
v 1.50637 0.39525 0.02023 0.16078432 0.38039216 0.16078432
v 1.5029 0.3824 0.01198 0.16078432 0.38039216 0.16078432
v 1.50076 0.38487 0.0014 0.16078432 0.38039216 0.16078432
v 1.50637 0.39525 0.02023 0.16078432 0.38039216 0.16078432
v 1.50214 0.39373 -0.00632 0.16078432 0.38039216 0.16078432
v 1.50076 0.38487 0.0014 0.16078432 0.38039216 0.16078432
v 1.50637 0.39525 0.02023 0.16078432 0.38039216 0.16078432
v 1.50076 0.38487 0.0014 0.16078432 0.38039216 0.16078432
v 1.50214 0.39373 -0.00632 0.16078432 0.38039216 0.16078432
v 1.50637 0.39525 0.02023 0.16078432 0.38039216 0.16078432
v 1.50748 0.41418 -0.00987 0.16078432 0.38039216 0.16078432
v 1.50214 0.39373 -0.00632 0.16078432 0.38039216 0.16078432
v 1.50637 0.39525 0.02023 0.16078432 0.38039216 0.16078432
v 1.50214 0.39373 -0.00632 0.16078432 0.38039216 0.16078432
v 1.50748 0.41418 -0.00987 0.16078432 0.38039216 0.16078432
v 1.50637 0.39525 0.02023 0.16078432 0.38039216 0.16078432
v 1.49742 0.43007 0.00446 0.16078432 0.38039216 0.16078432
v 1.50748 0.41418 -0.00987 0.16078432 0.38039216 0.16078432
v 1.50637 0.39525 0.02023 0.16078432 0.38039216 0.16078432
v 1.50748 0.41418 -0.00987 0.16078432 0.38039216 0.16078432
v 1.49742 0.43007 0.00446 0.16078432 0.38039216 0.16078432
v 1.50637 0.39525 0.02023 0.16078432 0.38039216 0.16078432
v 1.50206 0.41795 0.01643 0.16078432 0.38039216 0.16078432
v 1.49742 0.43007 0.00446 0.16078432 0.38039216 0.16078432
v 1.50637 0.39525 0.02023 0.16078432 0.38039216 0.16078432
v 1.49742 0.43007 0.00446 0.16078432 0.38039216 0.16078432
v 1.50206 0.41795 0.01643 0.16078432 0.38039216 0.16078432
v 1.50206 0.41795 0.01643 0.16078432 0.38039216 0.16078432
v 1.48365 0.42397 0.01074 0.16078432 0.38039216 0.16078432
v 1.49742 0.43007 0.00446 0.16078432 0.38039216 0.16078432
v 1.50206 0.41795 0.01643 0.16078432 0.38039216 0.16078432
v 1.49742 0.43007 0.00446 0.16078432 0.38039216 0.16078432
v 1.48365 0.42397 0.01074 0.16078432 0.38039216 0.16078432
v -1.52202 0.26396 -0.57556 0.0627451 0.38039216 0.0627451
v -1.5639 0.24977 -0.57389 0.0627451 0.38039216 0.0627451
v -1.53066 0.23059 -0.59895 0.0627451 0.38039216 0.0627451
v -1.52202 0.26396 -0.57556 0.0627451 0.38039216 0.0627451
v -1.53066 0.23059 -0.59895 0.0627451 0.38039216 0.0627451
v -1.5639 0.24977 -0.57389 0.0627451 0.38039216 0.0627451
v -1.52202 0.26396 -0.57556 0.0627451 0.38039216 0.0627451
v -1.5639 0.24977 -0.57389 0.0627451 0.38039216 0.0627451
v -1.5104 0.25863 -0.52895 0.0627451 0.38039216 0.0627451
v -1.52202 0.26396 -0.57556 0.0627451 0.38039216 0.0627451
v -1.5104 0.25863 -0.52895 0.0627451 0.38039216 0.0627451
v -1.5639 0.24977 -0.57389 0.0627451 0.38039216 0.0627451
v -1.5104 0.25863 -0.52895 0.0627451 0.38039216 0.0627451
v -1.57308 0.25239 -0.54182 0.0627451 0.38039216 0.0627451
v -1.5639 0.24977 -0.57389 0.0627451 0.38039216 0.0627451
v -1.5104 0.25863 -0.52895 0.0627451 0.38039216 0.0627451
v -1.5639 0.24977 -0.57389 0.0627451 0.38039216 0.0627451
v -1.57308 0.25239 -0.54182 0.0627451 0.38039216 0.0627451
v -1.5104 0.25863 -0.52895 0.0627451 0.38039216 0.0627451
v -1.55111 0.23732 -0.50864 0.0627451 0.38039216 0.0627451
v -1.57308 0.25239 -0.54182 0.0627451 0.38039216 0.0627451
v -1.5104 0.25863 -0.52895 0.0627451 0.38039216 0.0627451
v -1.57308 0.25239 -0.54182 0.0627451 0.38039216 0.0627451
v -1.55111 0.23732 -0.50864 0.0627451 0.38039216 0.0627451
v -1.5104 0.25863 -0.52895 0.0627451 0.38039216 0.0627451
v -1.51753 0.23205 -0.50745 0.0627451 0.38039216 0.0627451
v -1.55111 0.23732 -0.50864 0.0627451 0.38039216 0.0627451
v -1.5104 0.25863 -0.52895 0.0627451 0.38039216 0.0627451
v -1.55111 0.23732 -0.50864 0.0627451 0.38039216 0.0627451
v -1.51753 0.23205 -0.50745 0.0627451 0.38039216 0.0627451
v -1.5104 0.25863 -0.52895 0.0627451 0.38039216 0.0627451
v -1.50201 0.23957 -0.50919 0.0627451 0.38039216 0.0627451
v -1.51753 0.23205 -0.50745 0.0627451 0.38039216 0.0627451
v -1.5104 0.25863 -0.52895 0.0627451 0.38039216 0.0627451
v -1.51753 0.23205 -0.50745 0.0627451 0.38039216 0.0627451
v -1.50201 0.23957 -0.50919 0.0627451 0.38039216 0.0627451
v -1.5104 0.25863 -0.52895 0.0627451 0.38039216 0.0627451
v -1.47449 0.23008 -0.52838 0.0627451 0.38039216 0.0627451
v -1.49001 0.23856 -0.51389 0.0627451 0.38039216 0.0627451
v -1.5104 0.25863 -0.52895 0.0627451 0.38039216 0.0627451
v -1.49001 0.23856 -0.51389 0.0627451 0.38039216 0.0627451
v -1.47449 0.23008 -0.52838 0.0627451 0.38039216 0.0627451
v -1.5104 0.25863 -0.52895 0.0627451 0.38039216 0.0627451
v -1.46545 0.23422 -0.55069 0.0627451 0.38039216 0.0627451
v -1.47449 0.23008 -0.52838 0.0627451 0.38039216 0.0627451
v -1.5104 0.25863 -0.52895 0.0627451 0.38039216 0.0627451
v -1.47449 0.23008 -0.52838 0.0627451 0.38039216 0.0627451
v -1.46545 0.23422 -0.55069 0.0627451 0.38039216 0.0627451
v -1.5104 0.25863 -0.52895 0.0627451 0.38039216 0.0627451
v -1.46827 0.25608 -0.58906 0.0627451 0.38039216 0.0627451
v -1.46545 0.23422 -0.55069 0.0627451 0.38039216 0.0627451
v -1.5104 0.25863 -0.52895 0.0627451 0.38039216 0.0627451
v -1.46545 0.23422 -0.55069 0.0627451 0.38039216 0.0627451
v -1.46827 0.25608 -0.58906 0.0627451 0.38039216 0.0627451
v -1.5104 0.25863 -0.52895 0.0627451 0.38039216 0.0627451
v -1.51238 0.25666 -0.60994 0.0627451 0.38039216 0.0627451
v -1.46827 0.25608 -0.58906 0.0627451 0.38039216 0.0627451
v -1.5104 0.25863 -0.52895 0.0627451 0.38039216 0.0627451
v -1.46827 0.25608 -0.58906 0.0627451 0.38039216 0.0627451
v -1.51238 0.25666 -0.60994 0.0627451 0.38039216 0.0627451
v -1.5104 0.25863 -0.52895 0.0627451 0.38039216 0.0627451
v -1.52202 0.26396 -0.57556 0.0627451 0.38039216 0.0627451
v -1.51238 0.25666 -0.60994 0.0627451 0.38039216 0.0627451
v -1.5104 0.25863 -0.52895 0.0627451 0.38039216 0.0627451
v -1.51238 0.25666 -0.60994 0.0627451 0.38039216 0.0627451
v -1.52202 0.26396 -0.57556 0.0627451 0.38039216 0.0627451
v -1.52202 0.26396 -0.57556 0.0627451 0.38039216 0.0627451
v -1.53066 0.23059 -0.59895 0.0627451 0.38039216 0.0627451
v -1.51238 0.25666 -0.60994 0.0627451 0.38039216 0.0627451
v -1.52202 0.26396 -0.57556 0.0627451 0.38039216 0.0627451
v -1.51238 0.25666 -0.60994 0.0627451 0.38039216 0.0627451
v -1.53066 0.23059 -0.59895 0.0627451 0.38039216 0.0627451
v -1.43346 0.36829 -0.41375 0.11372549 0.38039216 0.11372549
v -1.38466 0.33964 -0.44603 0.11372549 0.38039216 0.11372549
v -1.39391 0.30295 -0.41717 0.11372549 0.38039216 0.11372549
v -1.43346 0.36829 -0.41375 0.11372549 0.38039216 0.11372549
v -1.39391 0.30295 -0.41717 0.11372549 0.38039216 0.11372549
v -1.38466 0.33964 -0.44603 0.11372549 0.38039216 0.11372549
v -1.43346 0.36829 -0.41375 0.11372549 0.38039216 0.11372549
v -1.38466 0.33964 -0.44603 0.11372549 0.38039216 0.11372549
v -1.45862 0.3842 -0.44951 0.11372549 0.38039216 0.11372549
v -1.43346 0.36829 -0.41375 0.11372549 0.38039216 0.11372549
v -1.45862 0.3842 -0.44951 0.11372549 0.38039216 0.11372549
v -1.38466 0.33964 -0.44603 0.11372549 0.38039216 0.11372549
v -1.45862 0.3842 -0.44951 0.11372549 0.38039216 0.11372549
v -1.38995 0.33496 -0.47714 0.11372549 0.38039216 0.11372549
v -1.38466 0.33964 -0.44603 0.11372549 0.38039216 0.11372549
v -1.45862 0.3842 -0.44951 0.11372549 0.38039216 0.11372549
v -1.38466 0.33964 -0.44603 0.11372549 0.38039216 0.11372549
v -1.38995 0.33496 -0.47714 0.11372549 0.38039216 0.11372549
v -1.45862 0.3842 -0.44951 0.11372549 0.38039216 0.11372549
v -1.43688 0.33432 -0.5063 0.11372549 0.38039216 0.11372549
v -1.38995 0.33496 -0.47714 0.11372549 0.38039216 0.11372549
v -1.45862 0.3842 -0.44951 0.11372549 0.38039216 0.11372549
v -1.38995 0.33496 -0.47714 0.11372549 0.38039216 0.11372549
v -1.43688 0.33432 -0.5063 0.11372549 0.38039216 0.11372549
v -1.45862 0.3842 -0.44951 0.11372549 0.38039216 0.11372549
v -1.47067 0.3324 -0.48972 0.11372549 0.38039216 0.11372549
v -1.43688 0.33432 -0.5063 0.11372549 0.38039216 0.11372549
v -1.45862 0.3842 -0.44951 0.11372549 0.38039216 0.11372549
v -1.43688 0.33432 -0.5063 0.11372549 0.38039216 0.11372549
v -1.47067 0.3324 -0.48972 0.11372549 0.38039216 0.11372549
v -1.45862 0.3842 -0.44951 0.11372549 0.38039216 0.11372549
v -1.48858 0.34589 -0.4674 0.11372549 0.38039216 0.11372549
v -1.47067 0.3324 -0.48972 0.11372549 0.38039216 0.11372549
v -1.45862 0.3842 -0.44951 0.11372549 0.38039216 0.11372549
v -1.47067 0.3324 -0.48972 0.11372549 0.38039216 0.11372549
v -1.48858 0.34589 -0.4674 0.11372549 0.38039216 0.11372549
v -1.45862 0.3842 -0.44951 0.11372549 0.38039216 0.11372549
v -1.50828 0.34605 -0.45819 0.11372549 0.38039216 0.11372549
v -1.4976 0.35469 -0.46717 0.11372549 0.38039216 0.11372549
v -1.45862 0.3842 -0.44951 0.11372549 0.38039216 0.11372549
v -1.4976 0.35469 -0.46717 0.11372549 0.38039216 0.11372549
v -1.50828 0.34605 -0.45819 0.11372549 0.38039216 0.11372549
v -1.45862 0.3842 -0.44951 0.11372549 0.38039216 0.11372549
v -1.51544 0.33971 -0.43943 0.11372549 0.38039216 0.11372549
v -1.50828 0.34605 -0.45819 0.11372549 0.38039216 0.11372549
v -1.45862 0.3842 -0.44951 0.11372549 0.38039216 0.11372549
v -1.50828 0.34605 -0.45819 0.11372549 0.38039216 0.11372549
v -1.51544 0.33971 -0.43943 0.11372549 0.38039216 0.11372549
v -1.45862 0.3842 -0.44951 0.11372549 0.38039216 0.11372549
v -1.48877 0.34171 -0.3735 0.11372549 0.38039216 0.11372549
v -1.51544 0.33971 -0.43943 0.11372549 0.38039216 0.11372549
v -1.45862 0.3842 -0.44951 0.11372549 0.38039216 0.11372549
v -1.51544 0.33971 -0.43943 0.11372549 0.38039216 0.11372549
v -1.48877 0.34171 -0.3735 0.11372549 0.38039216 0.11372549
v -1.45862 0.3842 -0.44951 0.11372549 0.38039216 0.11372549
v -1.44352 0.33203 -0.37835 0.11372549 0.38039216 0.11372549
v -1.48877 0.34171 -0.3735 0.11372549 0.38039216 0.11372549
v -1.45862 0.3842 -0.44951 0.11372549 0.38039216 0.11372549
v -1.48877 0.34171 -0.3735 0.11372549 0.38039216 0.11372549
v -1.44352 0.33203 -0.37835 0.11372549 0.38039216 0.11372549
v -1.45862 0.3842 -0.44951 0.11372549 0.38039216 0.11372549
v -1.43346 0.36829 -0.41375 0.11372549 0.38039216 0.11372549
v -1.44352 0.33203 -0.37835 0.11372549 0.38039216 0.11372549
v -1.45862 0.3842 -0.44951 0.11372549 0.38039216 0.11372549
v -1.44352 0.33203 -0.37835 0.11372549 0.38039216 0.11372549
v -1.43346 0.36829 -0.41375 0.11372549 0.38039216 0.11372549
v -1.43346 0.36829 -0.41375 0.11372549 0.38039216 0.11372549
v -1.39391 0.30295 -0.41717 0.11372549 0.38039216 0.11372549
v -1.44352 0.33203 -0.37835 0.11372549 0.38039216 0.11372549
v -1.43346 0.36829 -0.41375 0.11372549 0.38039216 0.11372549
v -1.44352 0.33203 -0.37835 0.11372549 0.38039216 0.11372549
v -1.39391 0.30295 -0.41717 0.11372549 0.38039216 0.11372549
v -1.50005 0.41533 -0.47261 0.24313726 0.38039216 0.24313726
v -1.51336 0.4188 -0.45616 0.24313726 0.38039216 0.24313726
v -1.51867 0.42135 -0.47757 0.24313726 0.38039216 0.24313726
v -1.50005 0.41533 -0.47261 0.24313726 0.38039216 0.24313726
v -1.51867 0.42135 -0.47757 0.24313726 0.38039216 0.24313726
v -1.51336 0.4188 -0.45616 0.24313726 0.38039216 0.24313726
v -1.50005 0.41533 -0.47261 0.24313726 0.38039216 0.24313726
v -1.51336 0.4188 -0.45616 0.24313726 0.38039216 0.24313726
v -1.4956 0.39263 -0.46897 0.24313726 0.38039216 0.24313726
v -1.50005 0.41533 -0.47261 0.24313726 0.38039216 0.24313726
v -1.4956 0.39263 -0.46897 0.24313726 0.38039216 0.24313726
v -1.51336 0.4188 -0.45616 0.24313726 0.38039216 0.24313726
v -1.4956 0.39263 -0.46897 0.24313726 0.38039216 0.24313726
v -1.51048 0.40684 -0.4456 0.24313726 0.38039216 0.24313726
v -1.51336 0.4188 -0.45616 0.24313726 0.38039216 0.24313726
v -1.4956 0.39263 -0.46897 0.24313726 0.38039216 0.24313726
v -1.51336 0.4188 -0.45616 0.24313726 0.38039216 0.24313726
v -1.51048 0.40684 -0.4456 0.24313726 0.38039216 0.24313726
v -1.4956 0.39263 -0.46897 0.24313726 0.38039216 0.24313726
v -1.50992 0.38676 -0.45019 0.24313726 0.38039216 0.24313726
v -1.51048 0.40684 -0.4456 0.24313726 0.38039216 0.24313726
v -1.4956 0.39263 -0.46897 0.24313726 0.38039216 0.24313726
v -1.51048 0.40684 -0.4456 0.24313726 0.38039216 0.24313726
v -1.50992 0.38676 -0.45019 0.24313726 0.38039216 0.24313726
v -1.4956 0.39263 -0.46897 0.24313726 0.38039216 0.24313726
v -1.50633 0.38021 -0.46488 0.24313726 0.38039216 0.24313726
v -1.50992 0.38676 -0.45019 0.24313726 0.38039216 0.24313726
v -1.4956 0.39263 -0.46897 0.24313726 0.38039216 0.24313726
v -1.50992 0.38676 -0.45019 0.24313726 0.38039216 0.24313726
v -1.50633 0.38021 -0.46488 0.24313726 0.38039216 0.24313726
v -1.4956 0.39263 -0.46897 0.24313726 0.38039216 0.24313726
v -1.50052 0.37977 -0.47092 0.24313726 0.38039216 0.24313726
v -1.50633 0.38021 -0.46488 0.24313726 0.38039216 0.24313726
v -1.4956 0.39263 -0.46897 0.24313726 0.38039216 0.24313726
v -1.50633 0.38021 -0.46488 0.24313726 0.38039216 0.24313726
v -1.50052 0.37977 -0.47092 0.24313726 0.38039216 0.24313726
v -1.4956 0.39263 -0.46897 0.24313726 0.38039216 0.24313726
v -1.50194 0.38225 -0.48757 0.24313726 0.38039216 0.24313726
v -1.49938 0.37978 -0.47708 0.24313726 0.38039216 0.24313726
v -1.4956 0.39263 -0.46897 0.24313726 0.38039216 0.24313726
v -1.49938 0.37978 -0.47708 0.24313726 0.38039216 0.24313726
v -1.50194 0.38225 -0.48757 0.24313726 0.38039216 0.24313726
v -1.4956 0.39263 -0.46897 0.24313726 0.38039216 0.24313726
v -1.50085 0.39111 -0.49534 0.24313726 0.38039216 0.24313726
v -1.50194 0.38225 -0.48757 0.24313726 0.38039216 0.24313726
v -1.4956 0.39263 -0.46897 0.24313726 0.38039216 0.24313726
v -1.50194 0.38225 -0.48757 0.24313726 0.38039216 0.24313726
v -1.50085 0.39111 -0.49534 0.24313726 0.38039216 0.24313726
v -1.4956 0.39263 -0.46897 0.24313726 0.38039216 0.24313726
v -1.49566 0.41156 -0.4991 0.24313726 0.38039216 0.24313726
v -1.50085 0.39111 -0.49534 0.24313726 0.38039216 0.24313726
v -1.4956 0.39263 -0.46897 0.24313726 0.38039216 0.24313726
v -1.50085 0.39111 -0.49534 0.24313726 0.38039216 0.24313726
v -1.49566 0.41156 -0.4991 0.24313726 0.38039216 0.24313726
v -1.4956 0.39263 -0.46897 0.24313726 0.38039216 0.24313726
v -1.50516 0.42745 -0.48439 0.24313726 0.38039216 0.24313726
v -1.49566 0.41156 -0.4991 0.24313726 0.38039216 0.24313726
v -1.4956 0.39263 -0.46897 0.24313726 0.38039216 0.24313726
v -1.49566 0.41156 -0.4991 0.24313726 0.38039216 0.24313726
v -1.50516 0.42745 -0.48439 0.24313726 0.38039216 0.24313726
v -1.4956 0.39263 -0.46897 0.24313726 0.38039216 0.24313726
v -1.50005 0.41533 -0.47261 0.24313726 0.38039216 0.24313726
v -1.50516 0.42745 -0.48439 0.24313726 0.38039216 0.24313726
v -1.4956 0.39263 -0.46897 0.24313726 0.38039216 0.24313726
v -1.50516 0.42745 -0.48439 0.24313726 0.38039216 0.24313726
v -1.50005 0.41533 -0.47261 0.24313726 0.38039216 0.24313726
v -1.50005 0.41533 -0.47261 0.24313726 0.38039216 0.24313726
v -1.51867 0.42135 -0.47757 0.24313726 0.38039216 0.24313726
v -1.50516 0.42745 -0.48439 0.24313726 0.38039216 0.24313726
v -1.50005 0.41533 -0.47261 0.24313726 0.38039216 0.24313726
v -1.50516 0.42745 -0.48439 0.24313726 0.38039216 0.24313726
v -1.51867 0.42135 -0.47757 0.24313726 0.38039216 0.24313726
v 0.04302 0.26396 -0.5659 0.0627451 0.38039216 0.0627451
v 0.01449 0.24977 -0.59661 0.0627451 0.38039216 0.0627451
v 0.05515 0.23059 -0.58769 0.0627451 0.38039216 0.0627451
v 0.04302 0.26396 -0.5659 0.0627451 0.38039216 0.0627451
v 0.05515 0.23059 -0.58769 0.0627451 0.38039216 0.0627451
v 0.01449 0.24977 -0.59661 0.0627451 0.38039216 0.0627451
v 0.04302 0.26396 -0.5659 0.0627451 0.38039216 0.0627451
v 0.01449 0.24977 -0.59661 0.0627451 0.38039216 0.0627451
v 0.0152 0.25863 -0.52674 0.0627451 0.38039216 0.0627451
v 0.04302 0.26396 -0.5659 0.0627451 0.38039216 0.0627451
v 0.0152 0.25863 -0.52674 0.0627451 0.38039216 0.0627451
v 0.01449 0.24977 -0.59661 0.0627451 0.38039216 0.0627451
v 0.0152 0.25863 -0.52674 0.0627451 0.38039216 0.0627451
v -0.01583 0.25239 -0.5827 0.0627451 0.38039216 0.0627451
v 0.01449 0.24977 -0.59661 0.0627451 0.38039216 0.0627451
v 0.0152 0.25863 -0.52674 0.0627451 0.38039216 0.0627451
v 0.01449 0.24977 -0.59661 0.0627451 0.38039216 0.0627451
v -0.01583 0.25239 -0.5827 0.0627451 0.38039216 0.0627451
v 0.0152 0.25863 -0.52674 0.0627451 0.38039216 0.0627451
v -0.02671 0.23732 -0.54442 0.0627451 0.38039216 0.0627451
v -0.01583 0.25239 -0.5827 0.0627451 0.38039216 0.0627451
v 0.0152 0.25863 -0.52674 0.0627451 0.38039216 0.0627451
v -0.01583 0.25239 -0.5827 0.0627451 0.38039216 0.0627451
v -0.02671 0.23732 -0.54442 0.0627451 0.38039216 0.0627451
v 0.0152 0.25863 -0.52674 0.0627451 0.38039216 0.0627451
v -0.00576 0.23205 -0.51815 0.0627451 0.38039216 0.0627451
v -0.02671 0.23732 -0.54442 0.0627451 0.38039216 0.0627451
v 0.0152 0.25863 -0.52674 0.0627451 0.38039216 0.0627451
v -0.02671 0.23732 -0.54442 0.0627451 0.38039216 0.0627451
v -0.00576 0.23205 -0.51815 0.0627451 0.38039216 0.0627451
v 0.0152 0.25863 -0.52674 0.0627451 0.38039216 0.0627451
v 0.00566 0.23957 -0.50751 0.0627451 0.38039216 0.0627451
v -0.00576 0.23205 -0.51815 0.0627451 0.38039216 0.0627451
v 0.0152 0.25863 -0.52674 0.0627451 0.38039216 0.0627451
v -0.00576 0.23205 -0.51815 0.0627451 0.38039216 0.0627451
v 0.00566 0.23957 -0.50751 0.0627451 0.38039216 0.0627451
v 0.0152 0.25863 -0.52674 0.0627451 0.38039216 0.0627451
v 0.03815 0.23008 -0.49911 0.0627451 0.38039216 0.0627451
v 0.01705 0.23856 -0.50146 0.0627451 0.38039216 0.0627451
v 0.0152 0.25863 -0.52674 0.0627451 0.38039216 0.0627451
v 0.01705 0.23856 -0.50146 0.0627451 0.38039216 0.0627451
v 0.03815 0.23008 -0.49911 0.0627451 0.38039216 0.0627451
v 0.0152 0.25863 -0.52674 0.0627451 0.38039216 0.0627451
v 0.06098 0.23422 -0.50677 0.0627451 0.38039216 0.0627451
v 0.03815 0.23008 -0.49911 0.0627451 0.38039216 0.0627451
v 0.0152 0.25863 -0.52674 0.0627451 0.38039216 0.0627451
v 0.03815 0.23008 -0.49911 0.0627451 0.38039216 0.0627451
v 0.06098 0.23422 -0.50677 0.0627451 0.38039216 0.0627451
v 0.0152 0.25863 -0.52674 0.0627451 0.38039216 0.0627451
v 0.08826 0.25608 -0.53389 0.0627451 0.38039216 0.0627451
v 0.06098 0.23422 -0.50677 0.0627451 0.38039216 0.0627451
v 0.0152 0.25863 -0.52674 0.0627451 0.38039216 0.0627451
v 0.06098 0.23422 -0.50677 0.0627451 0.38039216 0.0627451
v 0.08826 0.25608 -0.53389 0.0627451 0.38039216 0.0627451
v 0.0152 0.25863 -0.52674 0.0627451 0.38039216 0.0627451
v 0.07539 0.25666 -0.58097 0.0627451 0.38039216 0.0627451
v 0.08826 0.25608 -0.53389 0.0627451 0.38039216 0.0627451
v 0.0152 0.25863 -0.52674 0.0627451 0.38039216 0.0627451
v 0.08826 0.25608 -0.53389 0.0627451 0.38039216 0.0627451
v 0.07539 0.25666 -0.58097 0.0627451 0.38039216 0.0627451
v 0.0152 0.25863 -0.52674 0.0627451 0.38039216 0.0627451
v 0.04302 0.26396 -0.5659 0.0627451 0.38039216 0.0627451
v 0.07539 0.25666 -0.58097 0.0627451 0.38039216 0.0627451
v 0.0152 0.25863 -0.52674 0.0627451 0.38039216 0.0627451
v 0.07539 0.25666 -0.58097 0.0627451 0.38039216 0.0627451
v 0.04302 0.26396 -0.5659 0.0627451 0.38039216 0.0627451
v 0.04302 0.26396 -0.5659 0.0627451 0.38039216 0.0627451
v 0.05515 0.23059 -0.58769 0.0627451 0.38039216 0.0627451
v 0.07539 0.25666 -0.58097 0.0627451 0.38039216 0.0627451
v 0.04302 0.26396 -0.5659 0.0627451 0.38039216 0.0627451
v 0.07539 0.25666 -0.58097 0.0627451 0.38039216 0.0627451
v 0.05515 0.23059 -0.58769 0.0627451 0.38039216 0.0627451
v 0.0892 0.36734 -0.43568 0.11764706 0.38039216 0.11764706
v 0.12344 0.33869 -0.48312 0.11764706 0.38039216 0.11764706
v 0.12499 0.302 -0.45285 0.11764706 0.38039216 0.11764706
v 0.0892 0.36734 -0.43568 0.11764706 0.38039216 0.11764706
v 0.12499 0.302 -0.45285 0.11764706 0.38039216 0.11764706
v 0.12344 0.33869 -0.48312 0.11764706 0.38039216 0.11764706
v 0.0892 0.36734 -0.43568 0.11764706 0.38039216 0.11764706
v 0.12344 0.33869 -0.48312 0.11764706 0.38039216 0.11764706
v 0.05302 0.38325 -0.46023 0.11764706 0.38039216 0.11764706
v 0.0892 0.36734 -0.43568 0.11764706 0.38039216 0.11764706
v 0.05302 0.38325 -0.46023 0.11764706 0.38039216 0.11764706
v 0.12344 0.33869 -0.48312 0.11764706 0.38039216 0.11764706
v 0.05302 0.38325 -0.46023 0.11764706 0.38039216 0.11764706
v 0.1075 0.33401 -0.51036 0.11764706 0.38039216 0.11764706
v 0.12344 0.33869 -0.48312 0.11764706 0.38039216 0.11764706
v 0.05302 0.38325 -0.46023 0.11764706 0.38039216 0.11764706
v 0.12344 0.33869 -0.48312 0.11764706 0.38039216 0.11764706
v 0.1075 0.33401 -0.51036 0.11764706 0.38039216 0.11764706
v 0.05302 0.38325 -0.46023 0.11764706 0.38039216 0.11764706
v 0.05329 0.33336 -0.52104 0.11764706 0.38039216 0.11764706
v 0.1075 0.33401 -0.51036 0.11764706 0.38039216 0.11764706
v 0.05302 0.38325 -0.46023 0.11764706 0.38039216 0.11764706
v 0.1075 0.33401 -0.51036 0.11764706 0.38039216 0.11764706
v 0.05329 0.33336 -0.52104 0.11764706 0.38039216 0.11764706
v 0.05302 0.38325 -0.46023 0.11764706 0.38039216 0.11764706
v 0.02755 0.33145 -0.4936 0.11764706 0.38039216 0.11764706
v 0.05329 0.33336 -0.52104 0.11764706 0.38039216 0.11764706
v 0.05302 0.38325 -0.46023 0.11764706 0.38039216 0.11764706
v 0.05329 0.33336 -0.52104 0.11764706 0.38039216 0.11764706
v 0.02755 0.33145 -0.4936 0.11764706 0.38039216 0.11764706
v 0.05302 0.38325 -0.46023 0.11764706 0.38039216 0.11764706
v 0.01868 0.34494 -0.46639 0.11764706 0.38039216 0.11764706
v 0.02755 0.33145 -0.4936 0.11764706 0.38039216 0.11764706
v 0.05302 0.38325 -0.46023 0.11764706 0.38039216 0.11764706
v 0.02755 0.33145 -0.4936 0.11764706 0.38039216 0.11764706
v 0.01868 0.34494 -0.46639 0.11764706 0.38039216 0.11764706
v 0.05302 0.38325 -0.46023 0.11764706 0.38039216 0.11764706
v 0.0035 0.3451 -0.45081 0.11764706 0.38039216 0.11764706
v 0.01032 0.35374 -0.46298 0.11764706 0.38039216 0.11764706
v 0.05302 0.38325 -0.46023 0.11764706 0.38039216 0.11764706
v 0.01032 0.35374 -0.46298 0.11764706 0.38039216 0.11764706
v 0.0035 0.3451 -0.45081 0.11764706 0.38039216 0.11764706
v 0.05302 0.38325 -0.46023 0.11764706 0.38039216 0.11764706
v 0.00344 0.33876 -0.43073 0.11764706 0.38039216 0.11764706
v 0.0035 0.3451 -0.45081 0.11764706 0.38039216 0.11764706
v 0.05302 0.38325 -0.46023 0.11764706 0.38039216 0.11764706
v 0.0035 0.3451 -0.45081 0.11764706 0.38039216 0.11764706
v 0.00344 0.33876 -0.43073 0.11764706 0.38039216 0.11764706
v 0.05302 0.38325 -0.46023 0.11764706 0.38039216 0.11764706
v 0.05168 0.34076 -0.37848 0.11764706 0.38039216 0.11764706
v 0.00344 0.33876 -0.43073 0.11764706 0.38039216 0.11764706
v 0.05302 0.38325 -0.46023 0.11764706 0.38039216 0.11764706
v 0.00344 0.33876 -0.43073 0.11764706 0.38039216 0.11764706
v 0.05168 0.34076 -0.37848 0.11764706 0.38039216 0.11764706
v 0.05302 0.38325 -0.46023 0.11764706 0.38039216 0.11764706
v 0.0923 0.33108 -0.39901 0.11764706 0.38039216 0.11764706
v 0.05168 0.34076 -0.37848 0.11764706 0.38039216 0.11764706
v 0.05302 0.38325 -0.46023 0.11764706 0.38039216 0.11764706
v 0.05168 0.34076 -0.37848 0.11764706 0.38039216 0.11764706
v 0.0923 0.33108 -0.39901 0.11764706 0.38039216 0.11764706
v 0.05302 0.38325 -0.46023 0.11764706 0.38039216 0.11764706
v 0.0892 0.36734 -0.43568 0.11764706 0.38039216 0.11764706
v 0.0923 0.33108 -0.39901 0.11764706 0.38039216 0.11764706
v 0.05302 0.38325 -0.46023 0.11764706 0.38039216 0.11764706
v 0.0923 0.33108 -0.39901 0.11764706 0.38039216 0.11764706
v 0.0892 0.36734 -0.43568 0.11764706 0.38039216 0.11764706
v 0.0892 0.36734 -0.43568 0.11764706 0.38039216 0.11764706
v 0.12499 0.302 -0.45285 0.11764706 0.38039216 0.11764706
v 0.0923 0.33108 -0.39901 0.11764706 0.38039216 0.11764706
v 0.0892 0.36734 -0.43568 0.11764706 0.38039216 0.11764706
v 0.0923 0.33108 -0.39901 0.11764706 0.38039216 0.11764706
v 0.12499 0.302 -0.45285 0.11764706 0.38039216 0.11764706
v 0.00625 0.41429 -0.47148 0.24313726 0.38039216 0.24313726
v -0.0038 0.41776 -0.45287 0.24313726 0.38039216 0.24313726
v -0.01296 0.42031 -0.47293 0.24313726 0.38039216 0.24313726
v 0.00625 0.41429 -0.47148 0.24313726 0.38039216 0.24313726
v -0.01296 0.42031 -0.47293 0.24313726 0.38039216 0.24313726
v -0.0038 0.41776 -0.45287 0.24313726 0.38039216 0.24313726
v 0.00625 0.41429 -0.47148 0.24313726 0.38039216 0.24313726
v -0.0038 0.41776 -0.45287 0.24313726 0.38039216 0.24313726
v 0.0113 0.39159 -0.46873 0.24313726 0.38039216 0.24313726
v 0.00625 0.41429 -0.47148 0.24313726 0.38039216 0.24313726
v 0.0113 0.39159 -0.46873 0.24313726 0.38039216 0.24313726
v -0.0038 0.41776 -0.45287 0.24313726 0.38039216 0.24313726
v 0.0113 0.39159 -0.46873 0.24313726 0.38039216 0.24313726
v 0.00098 0.4058 -0.44301 0.24313726 0.38039216 0.24313726
v -0.0038 0.41776 -0.45287 0.24313726 0.38039216 0.24313726
v 0.0113 0.39159 -0.46873 0.24313726 0.38039216 0.24313726
v -0.0038 0.41776 -0.45287 0.24313726 0.38039216 0.24313726
v 0.00098 0.4058 -0.44301 0.24313726 0.38039216 0.24313726
v 0.0113 0.39159 -0.46873 0.24313726 0.38039216 0.24313726
v 0.00068 0.38572 -0.44764 0.24313726 0.38039216 0.24313726
v 0.00098 0.4058 -0.44301 0.24313726 0.38039216 0.24313726
v 0.0113 0.39159 -0.46873 0.24313726 0.38039216 0.24313726
v 0.00098 0.4058 -0.44301 0.24313726 0.38039216 0.24313726
v 0.00068 0.38572 -0.44764 0.24313726 0.38039216 0.24313726
v 0.0113 0.39159 -0.46873 0.24313726 0.38039216 0.24313726
v 0.0015 0.37917 -0.46273 0.24313726 0.38039216 0.24313726
v 0.00068 0.38572 -0.44764 0.24313726 0.38039216 0.24313726
v 0.0113 0.39159 -0.46873 0.24313726 0.38039216 0.24313726
v 0.00068 0.38572 -0.44764 0.24313726 0.38039216 0.24313726
v 0.0015 0.37917 -0.46273 0.24313726 0.38039216 0.24313726
v 0.0113 0.39159 -0.46873 0.24313726 0.38039216 0.24313726
v 0.0061 0.37873 -0.46974 0.24313726 0.38039216 0.24313726
v 0.0015 0.37917 -0.46273 0.24313726 0.38039216 0.24313726
v 0.0113 0.39159 -0.46873 0.24313726 0.38039216 0.24313726
v 0.0015 0.37917 -0.46273 0.24313726 0.38039216 0.24313726
v 0.0061 0.37873 -0.46974 0.24313726 0.38039216 0.24313726
v 0.0113 0.39159 -0.46873 0.24313726 0.38039216 0.24313726
v 0.00164 0.38121 -0.48585 0.24313726 0.38039216 0.24313726
v 0.00608 0.37873 -0.47601 0.24313726 0.38039216 0.24313726
v 0.0113 0.39159 -0.46873 0.24313726 0.38039216 0.24313726
v 0.00608 0.37873 -0.47601 0.24313726 0.38039216 0.24313726
v 0.00164 0.38121 -0.48585 0.24313726 0.38039216 0.24313726
v 0.0113 0.39159 -0.46873 0.24313726 0.38039216 0.24313726
v 0.00127 0.39007 -0.49368 0.24313726 0.38039216 0.24313726
v 0.00164 0.38121 -0.48585 0.24313726 0.38039216 0.24313726
v 0.0113 0.39159 -0.46873 0.24313726 0.38039216 0.24313726
v 0.00164 0.38121 -0.48585 0.24313726 0.38039216 0.24313726
v 0.00127 0.39007 -0.49368 0.24313726 0.38039216 0.24313726
v 0.0113 0.39159 -0.46873 0.24313726 0.38039216 0.24313726
v 0.00569 0.41052 -0.49833 0.24313726 0.38039216 0.24313726
v 0.00127 0.39007 -0.49368 0.24313726 0.38039216 0.24313726
v 0.0113 0.39159 -0.46873 0.24313726 0.38039216 0.24313726
v 0.00127 0.39007 -0.49368 0.24313726 0.38039216 0.24313726
v 0.00569 0.41052 -0.49833 0.24313726 0.38039216 0.24313726
v 0.0113 0.39159 -0.46873 0.24313726 0.38039216 0.24313726
v -0.00094 0.42641 -0.48212 0.24313726 0.38039216 0.24313726
v 0.00569 0.41052 -0.49833 0.24313726 0.38039216 0.24313726
v 0.0113 0.39159 -0.46873 0.24313726 0.38039216 0.24313726
v 0.00569 0.41052 -0.49833 0.24313726 0.38039216 0.24313726
v -0.00094 0.42641 -0.48212 0.24313726 0.38039216 0.24313726
v 0.0113 0.39159 -0.46873 0.24313726 0.38039216 0.24313726
v 0.00625 0.41429 -0.47148 0.24313726 0.38039216 0.24313726
v -0.00094 0.42641 -0.48212 0.24313726 0.38039216 0.24313726
v 0.0113 0.39159 -0.46873 0.24313726 0.38039216 0.24313726
v -0.00094 0.42641 -0.48212 0.24313726 0.38039216 0.24313726
v 0.00625 0.41429 -0.47148 0.24313726 0.38039216 0.24313726
v 0.00625 0.41429 -0.47148 0.24313726 0.38039216 0.24313726
v -0.01296 0.42031 -0.47293 0.24313726 0.38039216 0.24313726
v -0.00094 0.42641 -0.48212 0.24313726 0.38039216 0.24313726
v 0.00625 0.41429 -0.47148 0.24313726 0.38039216 0.24313726
v -0.00094 0.42641 -0.48212 0.24313726 0.38039216 0.24313726
v -0.01296 0.42031 -0.47293 0.24313726 0.38039216 0.24313726
v 1.47303 0.26396 -0.57393 0.07058824 0.38039216 0.07058824
v 1.43135 0.24977 -0.5695 0.07058824 0.38039216 0.07058824
v 1.46286 0.23059 -0.5967 0.07058824 0.38039216 0.07058824
v 1.47303 0.26396 -0.57393 0.07058824 0.38039216 0.07058824
v 1.46286 0.23059 -0.5967 0.07058824 0.38039216 0.07058824
v 1.43135 0.24977 -0.5695 0.07058824 0.38039216 0.07058824
v 1.47303 0.26396 -0.57393 0.07058824 0.38039216 0.07058824
v 1.43135 0.24977 -0.5695 0.07058824 0.38039216 0.07058824
v 1.48771 0.25863 -0.5282 0.07058824 0.38039216 0.07058824
v 1.47303 0.26396 -0.57393 0.07058824 0.38039216 0.07058824
v 1.48771 0.25863 -0.5282 0.07058824 0.38039216 0.07058824
v 1.43135 0.24977 -0.5695 0.07058824 0.38039216 0.07058824
v 1.48771 0.25863 -0.5282 0.07058824 0.38039216 0.07058824
v 1.42431 0.25239 -0.53689 0.07058824 0.38039216 0.07058824
v 1.43135 0.24977 -0.5695 0.07058824 0.38039216 0.07058824
v 1.48771 0.25863 -0.5282 0.07058824 0.38039216 0.07058824
v 1.43135 0.24977 -0.5695 0.07058824 0.38039216 0.07058824
v 1.42431 0.25239 -0.53689 0.07058824 0.38039216 0.07058824
v 1.48771 0.25863 -0.5282 0.07058824 0.38039216 0.07058824
v 1.44844 0.23732 -0.50524 0.07058824 0.38039216 0.07058824
v 1.42431 0.25239 -0.53689 0.07058824 0.38039216 0.07058824
v 1.48771 0.25863 -0.5282 0.07058824 0.38039216 0.07058824
v 1.42431 0.25239 -0.53689 0.07058824 0.38039216 0.07058824
v 1.44844 0.23732 -0.50524 0.07058824 0.38039216 0.07058824
v 1.48771 0.25863 -0.5282 0.07058824 0.38039216 0.07058824
v 1.48202 0.23205 -0.50627 0.07058824 0.38039216 0.07058824
v 1.44844 0.23732 -0.50524 0.07058824 0.38039216 0.07058824
v 1.48771 0.25863 -0.5282 0.07058824 0.38039216 0.07058824
v 1.44844 0.23732 -0.50524 0.07058824 0.38039216 0.07058824
v 1.48202 0.23205 -0.50627 0.07058824 0.38039216 0.07058824
v 1.48771 0.25863 -0.5282 0.07058824 0.38039216 0.07058824
v 1.49738 0.23957 -0.50903 0.07058824 0.38039216 0.07058824
v 1.48202 0.23205 -0.50627 0.07058824 0.38039216 0.07058824
v 1.48771 0.25863 -0.5282 0.07058824 0.38039216 0.07058824
v 1.48202 0.23205 -0.50627 0.07058824 0.38039216 0.07058824
v 1.49738 0.23957 -0.50903 0.07058824 0.38039216 0.07058824
v 1.48771 0.25863 -0.5282 0.07058824 0.38039216 0.07058824
v 1.52358 0.23008 -0.53001 0.07058824 0.38039216 0.07058824
v 1.50905 0.23856 -0.51452 0.07058824 0.38039216 0.07058824
v 1.48771 0.25863 -0.5282 0.07058824 0.38039216 0.07058824
v 1.50905 0.23856 -0.51452 0.07058824 0.38039216 0.07058824
v 1.52358 0.23008 -0.53001 0.07058824 0.38039216 0.07058824
v 1.48771 0.25863 -0.5282 0.07058824 0.38039216 0.07058824
v 1.53112 0.23422 -0.55287 0.07058824 0.38039216 0.07058824
v 1.52358 0.23008 -0.53001 0.07058824 0.38039216 0.07058824
v 1.48771 0.25863 -0.5282 0.07058824 0.38039216 0.07058824
v 1.52358 0.23008 -0.53001 0.07058824 0.38039216 0.07058824
v 1.53112 0.23422 -0.55287 0.07058824 0.38039216 0.07058824
v 1.48771 0.25863 -0.5282 0.07058824 0.38039216 0.07058824
v 1.52576 0.25608 -0.59096 0.07058824 0.38039216 0.07058824
v 1.53112 0.23422 -0.55287 0.07058824 0.38039216 0.07058824
v 1.48771 0.25863 -0.5282 0.07058824 0.38039216 0.07058824
v 1.53112 0.23422 -0.55287 0.07058824 0.38039216 0.07058824
v 1.52576 0.25608 -0.59096 0.07058824 0.38039216 0.07058824
v 1.48771 0.25863 -0.5282 0.07058824 0.38039216 0.07058824
v 1.48037 0.25666 -0.60888 0.07058824 0.38039216 0.07058824
v 1.52576 0.25608 -0.59096 0.07058824 0.38039216 0.07058824
v 1.48771 0.25863 -0.5282 0.07058824 0.38039216 0.07058824
v 1.52576 0.25608 -0.59096 0.07058824 0.38039216 0.07058824
v 1.48037 0.25666 -0.60888 0.07058824 0.38039216 0.07058824
v 1.48771 0.25863 -0.5282 0.07058824 0.38039216 0.07058824
v 1.47303 0.26396 -0.57393 0.07058824 0.38039216 0.07058824
v 1.48037 0.25666 -0.60888 0.07058824 0.38039216 0.07058824
v 1.48771 0.25863 -0.5282 0.07058824 0.38039216 0.07058824
v 1.48037 0.25666 -0.60888 0.07058824 0.38039216 0.07058824
v 1.47303 0.26396 -0.57393 0.07058824 0.38039216 0.07058824
v 1.47303 0.26396 -0.57393 0.07058824 0.38039216 0.07058824
v 1.46286 0.23059 -0.5967 0.07058824 0.38039216 0.07058824
v 1.48037 0.25666 -0.60888 0.07058824 0.38039216 0.07058824
v 1.47303 0.26396 -0.57393 0.07058824 0.38039216 0.07058824
v 1.48037 0.25666 -0.60888 0.07058824 0.38039216 0.07058824
v 1.46286 0.23059 -0.5967 0.07058824 0.38039216 0.07058824
v 1.52885 0.36863 -0.41151 0.09019608 0.38039216 0.09019608
v 1.5873 0.33998 -0.4089 0.09019608 0.38039216 0.09019608
v 1.56284 0.30329 -0.39101 0.09019608 0.38039216 0.09019608
v 1.52885 0.36863 -0.41151 0.09019608 0.38039216 0.09019608
v 1.56284 0.30329 -0.39101 0.09019608 0.38039216 0.09019608
v 1.5873 0.33998 -0.4089 0.09019608 0.38039216 0.09019608
v 1.52885 0.36863 -0.41151 0.09019608 0.38039216 0.09019608
v 1.5873 0.33998 -0.4089 0.09019608 0.38039216 0.09019608
v 1.52955 0.38454 -0.45524 0.09019608 0.38039216 0.09019608
v 1.52885 0.36863 -0.41151 0.09019608 0.38039216 0.09019608
v 1.52955 0.38454 -0.45524 0.09019608 0.38039216 0.09019608
v 1.5873 0.33998 -0.4089 0.09019608 0.38039216 0.09019608
v 1.52955 0.38454 -0.45524 0.09019608 0.38039216 0.09019608
v 1.60133 0.3353 -0.43717 0.09019608 0.38039216 0.09019608
v 1.5873 0.33998 -0.4089 0.09019608 0.38039216 0.09019608
v 1.52955 0.38454 -0.45524 0.09019608 0.38039216 0.09019608
v 1.5873 0.33998 -0.4089 0.09019608 0.38039216 0.09019608
v 1.60133 0.3353 -0.43717 0.09019608 0.38039216 0.09019608
v 1.52955 0.38454 -0.45524 0.09019608 0.38039216 0.09019608
v 1.58054 0.33466 -0.48836 0.09019608 0.38039216 0.09019608
v 1.60133 0.3353 -0.43717 0.09019608 0.38039216 0.09019608
v 1.52955 0.38454 -0.45524 0.09019608 0.38039216 0.09019608
v 1.60133 0.3353 -0.43717 0.09019608 0.38039216 0.09019608
v 1.58054 0.33466 -0.48836 0.09019608 0.38039216 0.09019608
v 1.52955 0.38454 -0.45524 0.09019608 0.38039216 0.09019608
v 1.54347 0.33274 -0.49484 0.09019608 0.38039216 0.09019608
v 1.58054 0.33466 -0.48836 0.09019608 0.38039216 0.09019608
v 1.52955 0.38454 -0.45524 0.09019608 0.38039216 0.09019608
v 1.58054 0.33466 -0.48836 0.09019608 0.38039216 0.09019608
v 1.54347 0.33274 -0.49484 0.09019608 0.38039216 0.09019608
v 1.52955 0.38454 -0.45524 0.09019608 0.38039216 0.09019608
v 1.51585 0.34623 -0.48733 0.09019608 0.38039216 0.09019608
v 1.54347 0.33274 -0.49484 0.09019608 0.38039216 0.09019608
v 1.52955 0.38454 -0.45524 0.09019608 0.38039216 0.09019608
v 1.54347 0.33274 -0.49484 0.09019608 0.38039216 0.09019608
v 1.51585 0.34623 -0.48733 0.09019608 0.38039216 0.09019608
v 1.52955 0.38454 -0.45524 0.09019608 0.38039216 0.09019608
v 1.4945 0.34639 -0.49148 0.09019608 0.38039216 0.09019608
v 1.50842 0.35503 -0.49245 0.09019608 0.38039216 0.09019608
v 1.52955 0.38454 -0.45524 0.09019608 0.38039216 0.09019608
v 1.50842 0.35503 -0.49245 0.09019608 0.38039216 0.09019608
v 1.4945 0.34639 -0.49148 0.09019608 0.38039216 0.09019608
v 1.52955 0.38454 -0.45524 0.09019608 0.38039216 0.09019608
v 1.47768 0.34005 -0.48052 0.09019608 0.38039216 0.09019608
v 1.4945 0.34639 -0.49148 0.09019608 0.38039216 0.09019608
v 1.52955 0.38454 -0.45524 0.09019608 0.38039216 0.09019608
v 1.4945 0.34639 -0.49148 0.09019608 0.38039216 0.09019608
v 1.47768 0.34005 -0.48052 0.09019608 0.38039216 0.09019608
v 1.52955 0.38454 -0.45524 0.09019608 0.38039216 0.09019608
v 1.46044 0.34205 -0.41152 0.09019608 0.38039216 0.09019608
v 1.47768 0.34005 -0.48052 0.09019608 0.38039216 0.09019608
v 1.52955 0.38454 -0.45524 0.09019608 0.38039216 0.09019608
v 1.47768 0.34005 -0.48052 0.09019608 0.38039216 0.09019608
v 1.46044 0.34205 -0.41152 0.09019608 0.38039216 0.09019608
v 1.52955 0.38454 -0.45524 0.09019608 0.38039216 0.09019608
v 1.49989 0.33237 -0.38882 0.09019608 0.38039216 0.09019608
v 1.46044 0.34205 -0.41152 0.09019608 0.38039216 0.09019608
v 1.52955 0.38454 -0.45524 0.09019608 0.38039216 0.09019608
v 1.46044 0.34205 -0.41152 0.09019608 0.38039216 0.09019608
v 1.49989 0.33237 -0.38882 0.09019608 0.38039216 0.09019608
v 1.52955 0.38454 -0.45524 0.09019608 0.38039216 0.09019608
v 1.52885 0.36863 -0.41151 0.09019608 0.38039216 0.09019608
v 1.49989 0.33237 -0.38882 0.09019608 0.38039216 0.09019608
v 1.52955 0.38454 -0.45524 0.09019608 0.38039216 0.09019608
v 1.49989 0.33237 -0.38882 0.09019608 0.38039216 0.09019608
v 1.52885 0.36863 -0.41151 0.09019608 0.38039216 0.09019608
v 1.52885 0.36863 -0.41151 0.09019608 0.38039216 0.09019608
v 1.56284 0.30329 -0.39101 0.09019608 0.38039216 0.09019608
v 1.49989 0.33237 -0.38882 0.09019608 0.38039216 0.09019608
v 1.52885 0.36863 -0.41151 0.09019608 0.38039216 0.09019608
v 1.49989 0.33237 -0.38882 0.09019608 0.38039216 0.09019608
v 1.56284 0.30329 -0.39101 0.09019608 0.38039216 0.09019608
v 1.50018 0.41616 -0.48078 0.24313726 0.38039216 0.24313726
v 1.49121 0.41963 -0.46162 0.24313726 0.38039216 0.24313726
v 1.48092 0.42218 -0.48114 0.24313726 0.38039216 0.24313726
v 1.50018 0.41616 -0.48078 0.24313726 0.38039216 0.24313726
v 1.48092 0.42218 -0.48114 0.24313726 0.38039216 0.24313726
v 1.49121 0.41963 -0.46162 0.24313726 0.38039216 0.24313726
v 1.50018 0.41616 -0.48078 0.24313726 0.38039216 0.24313726
v 1.49121 0.41963 -0.46162 0.24313726 0.38039216 0.24313726
v 1.50538 0.39347 -0.47832 0.24313726 0.38039216 0.24313726
v 1.50018 0.41616 -0.48078 0.24313726 0.38039216 0.24313726
v 1.50538 0.39347 -0.47832 0.24313726 0.38039216 0.24313726
v 1.49121 0.41963 -0.46162 0.24313726 0.38039216 0.24313726
v 1.50538 0.39347 -0.47832 0.24313726 0.38039216 0.24313726
v 1.49654 0.40768 -0.45206 0.24313726 0.38039216 0.24313726
v 1.49121 0.41963 -0.46162 0.24313726 0.38039216 0.24313726
v 1.50538 0.39347 -0.47832 0.24313726 0.38039216 0.24313726
v 1.49121 0.41963 -0.46162 0.24313726 0.38039216 0.24313726
v 1.49654 0.40768 -0.45206 0.24313726 0.38039216 0.24313726
v 1.50538 0.39347 -0.47832 0.24313726 0.38039216 0.24313726
v 1.49598 0.38759 -0.45666 0.24313726 0.38039216 0.24313726
v 1.49654 0.40768 -0.45206 0.24313726 0.38039216 0.24313726
v 1.50538 0.39347 -0.47832 0.24313726 0.38039216 0.24313726
v 1.49654 0.40768 -0.45206 0.24313726 0.38039216 0.24313726
v 1.49598 0.38759 -0.45666 0.24313726 0.38039216 0.24313726
v 1.50538 0.39347 -0.47832 0.24313726 0.38039216 0.24313726
v 1.49594 0.38104 -0.47178 0.24313726 0.38039216 0.24313726
v 1.49598 0.38759 -0.45666 0.24313726 0.38039216 0.24313726
v 1.50538 0.39347 -0.47832 0.24313726 0.38039216 0.24313726
v 1.49598 0.38759 -0.45666 0.24313726 0.38039216 0.24313726
v 1.49594 0.38104 -0.47178 0.24313726 0.38039216 0.24313726
v 1.50538 0.39347 -0.47832 0.24313726 0.38039216 0.24313726
v 1.50013 0.3806 -0.47904 0.24313726 0.38039216 0.24313726
v 1.49594 0.38104 -0.47178 0.24313726 0.38039216 0.24313726
v 1.50538 0.39347 -0.47832 0.24313726 0.38039216 0.24313726
v 1.49594 0.38104 -0.47178 0.24313726 0.38039216 0.24313726
v 1.50013 0.3806 -0.47904 0.24313726 0.38039216 0.24313726
v 1.50538 0.39347 -0.47832 0.24313726 0.38039216 0.24313726
v 1.49476 0.38308 -0.49486 0.24313726 0.38039216 0.24313726
v 1.49976 0.38061 -0.48529 0.24313726 0.38039216 0.24313726
v 1.50538 0.39347 -0.47832 0.24313726 0.38039216 0.24313726
v 1.49976 0.38061 -0.48529 0.24313726 0.38039216 0.24313726
v 1.49476 0.38308 -0.49486 0.24313726 0.38039216 0.24313726
v 1.50538 0.39347 -0.47832 0.24313726 0.38039216 0.24313726
v 1.49395 0.39194 -0.50266 0.24313726 0.38039216 0.24313726
v 1.49476 0.38308 -0.49486 0.24313726 0.38039216 0.24313726
v 1.50538 0.39347 -0.47832 0.24313726 0.38039216 0.24313726
v 1.49476 0.38308 -0.49486 0.24313726 0.38039216 0.24313726
v 1.49395 0.39194 -0.50266 0.24313726 0.38039216 0.24313726
v 1.50538 0.39347 -0.47832 0.24313726 0.38039216 0.24313726
v 1.4981 0.4124 -0.50756 0.24313726 0.38039216 0.24313726
v 1.49395 0.39194 -0.50266 0.24313726 0.38039216 0.24313726
v 1.50538 0.39347 -0.47832 0.24313726 0.38039216 0.24313726
v 1.49395 0.39194 -0.50266 0.24313726 0.38039216 0.24313726
v 1.4981 0.4124 -0.50756 0.24313726 0.38039216 0.24313726
v 1.50538 0.39347 -0.47832 0.24313726 0.38039216 0.24313726
v 1.4924 0.42828 -0.491 0.24313726 0.38039216 0.24313726
v 1.4981 0.4124 -0.50756 0.24313726 0.38039216 0.24313726
v 1.50538 0.39347 -0.47832 0.24313726 0.38039216 0.24313726
v 1.4981 0.4124 -0.50756 0.24313726 0.38039216 0.24313726
v 1.4924 0.42828 -0.491 0.24313726 0.38039216 0.24313726
v 1.50538 0.39347 -0.47832 0.24313726 0.38039216 0.24313726
v 1.50018 0.41616 -0.48078 0.24313726 0.38039216 0.24313726
v 1.4924 0.42828 -0.491 0.24313726 0.38039216 0.24313726
v 1.50538 0.39347 -0.47832 0.24313726 0.38039216 0.24313726
v 1.4924 0.42828 -0.491 0.24313726 0.38039216 0.24313726
v 1.50018 0.41616 -0.48078 0.24313726 0.38039216 0.24313726
v 1.50018 0.41616 -0.48078 0.24313726 0.38039216 0.24313726
v 1.48092 0.42218 -0.48114 0.24313726 0.38039216 0.24313726
v 1.4924 0.42828 -0.491 0.24313726 0.38039216 0.24313726
v 1.50018 0.41616 -0.48078 0.24313726 0.38039216 0.24313726
v 1.4924 0.42828 -0.491 0.24313726 0.38039216 0.24313726
v 1.48092 0.42218 -0.48114 0.24313726 0.38039216 0.24313726
v -1.5154 0.26396 -1.07718 0.0627451 0.38039216 0.0627451
v -1.55727 0.24977 -1.07915 0.0627451 0.38039216 0.0627451
v -1.52198 0.23059 -1.10123 0.0627451 0.38039216 0.0627451
v -1.5154 0.26396 -1.07718 0.0627451 0.38039216 0.0627451
v -1.52198 0.23059 -1.10123 0.0627451 0.38039216 0.0627451
v -1.55727 0.24977 -1.07915 0.0627451 0.38039216 0.0627451
v -1.5154 0.26396 -1.07718 0.0627451 0.38039216 0.0627451
v -1.55727 0.24977 -1.07915 0.0627451 0.38039216 0.0627451
v -1.50785 0.25863 -1.02974 0.0627451 0.38039216 0.0627451
v -1.5154 0.26396 -1.07718 0.0627451 0.38039216 0.0627451
v -1.50785 0.25863 -1.02974 0.0627451 0.38039216 0.0627451
v -1.55727 0.24977 -1.07915 0.0627451 0.38039216 0.0627451
v -1.50785 0.25863 -1.02974 0.0627451 0.38039216 0.0627451
v -1.56918 0.25239 -1.04799 0.0627451 0.38039216 0.0627451
v -1.55727 0.24977 -1.07915 0.0627451 0.38039216 0.0627451
v -1.50785 0.25863 -1.02974 0.0627451 0.38039216 0.0627451
v -1.55727 0.24977 -1.07915 0.0627451 0.38039216 0.0627451
v -1.56918 0.25239 -1.04799 0.0627451 0.38039216 0.0627451
v -1.50785 0.25863 -1.02974 0.0627451 0.38039216 0.0627451
v -1.55017 0.23732 -1.01303 0.0627451 0.38039216 0.0627451
v -1.56918 0.25239 -1.04799 0.0627451 0.38039216 0.0627451
v -1.50785 0.25863 -1.02974 0.0627451 0.38039216 0.0627451
v -1.56918 0.25239 -1.04799 0.0627451 0.38039216 0.0627451
v -1.55017 0.23732 -1.01303 0.0627451 0.38039216 0.0627451
v -1.50785 0.25863 -1.02974 0.0627451 0.38039216 0.0627451
v -1.51682 0.23205 -1.00894 0.0627451 0.38039216 0.0627451
v -1.55017 0.23732 -1.01303 0.0627451 0.38039216 0.0627451
v -1.50785 0.25863 -1.02974 0.0627451 0.38039216 0.0627451
v -1.55017 0.23732 -1.01303 0.0627451 0.38039216 0.0627451
v -1.51682 0.23205 -1.00894 0.0627451 0.38039216 0.0627451
v -1.50785 0.25863 -1.02974 0.0627451 0.38039216 0.0627451
v -1.50121 0.23957 -1.00933 0.0627451 0.38039216 0.0627451
v -1.51682 0.23205 -1.00894 0.0627451 0.38039216 0.0627451
v -1.50785 0.25863 -1.02974 0.0627451 0.38039216 0.0627451
v -1.51682 0.23205 -1.00894 0.0627451 0.38039216 0.0627451
v -1.50121 0.23957 -1.00933 0.0627451 0.38039216 0.0627451
v -1.50785 0.25863 -1.02974 0.0627451 0.38039216 0.0627451
v -1.47213 0.23008 -1.02607 0.0627451 0.38039216 0.0627451
v -1.48885 0.23856 -1.01297 0.0627451 0.38039216 0.0627451
v -1.50785 0.25863 -1.02974 0.0627451 0.38039216 0.0627451
v -1.48885 0.23856 -1.01297 0.0627451 0.38039216 0.0627451
v -1.47213 0.23008 -1.02607 0.0627451 0.38039216 0.0627451
v -1.50785 0.25863 -1.02974 0.0627451 0.38039216 0.0627451
v -1.46119 0.23422 -1.04751 0.0627451 0.38039216 0.0627451
v -1.47213 0.23008 -1.02607 0.0627451 0.38039216 0.0627451
v -1.50785 0.25863 -1.02974 0.0627451 0.38039216 0.0627451
v -1.47213 0.23008 -1.02607 0.0627451 0.38039216 0.0627451
v -1.46119 0.23422 -1.04751 0.0627451 0.38039216 0.0627451
v -1.50785 0.25863 -1.02974 0.0627451 0.38039216 0.0627451
v -1.46068 0.25608 -1.08598 0.0627451 0.38039216 0.0627451
v -1.46119 0.23422 -1.04751 0.0627451 0.38039216 0.0627451
v -1.50785 0.25863 -1.02974 0.0627451 0.38039216 0.0627451
v -1.46119 0.23422 -1.04751 0.0627451 0.38039216 0.0627451
v -1.46068 0.25608 -1.08598 0.0627451 0.38039216 0.0627451
v -1.50785 0.25863 -1.02974 0.0627451 0.38039216 0.0627451
v -1.50282 0.25666 -1.1106 0.0627451 0.38039216 0.0627451
v -1.46068 0.25608 -1.08598 0.0627451 0.38039216 0.0627451
v -1.50785 0.25863 -1.02974 0.0627451 0.38039216 0.0627451
v -1.46068 0.25608 -1.08598 0.0627451 0.38039216 0.0627451
v -1.50282 0.25666 -1.1106 0.0627451 0.38039216 0.0627451
v -1.50785 0.25863 -1.02974 0.0627451 0.38039216 0.0627451
v -1.5154 0.26396 -1.07718 0.0627451 0.38039216 0.0627451
v -1.50282 0.25666 -1.1106 0.0627451 0.38039216 0.0627451
v -1.50785 0.25863 -1.02974 0.0627451 0.38039216 0.0627451
v -1.50282 0.25666 -1.1106 0.0627451 0.38039216 0.0627451
v -1.5154 0.26396 -1.07718 0.0627451 0.38039216 0.0627451
v -1.5154 0.26396 -1.07718 0.0627451 0.38039216 0.0627451
v -1.52198 0.23059 -1.10123 0.0627451 0.38039216 0.0627451
v -1.50282 0.25666 -1.1106 0.0627451 0.38039216 0.0627451
v -1.5154 0.26396 -1.07718 0.0627451 0.38039216 0.0627451
v -1.50282 0.25666 -1.1106 0.0627451 0.38039216 0.0627451
v -1.52198 0.23059 -1.10123 0.0627451 0.38039216 0.0627451
v -1.43091 0.3686 -0.93125 0.101960786 0.38039216 0.101960786
v -1.38857 0.33995 -0.97163 0.101960786 0.38039216 0.101960786
v -1.39259 0.30326 -0.94159 0.101960786 0.38039216 0.101960786
v -1.43091 0.3686 -0.93125 0.101960786 0.38039216 0.101960786
v -1.39259 0.30326 -0.94159 0.101960786 0.38039216 0.101960786
v -1.38857 0.33995 -0.97163 0.101960786 0.38039216 0.101960786
v -1.43091 0.3686 -0.93125 0.101960786 0.38039216 0.101960786
v -1.38857 0.33995 -0.97163 0.101960786 0.38039216 0.101960786
v -1.46199 0.38451 -0.96202 0.101960786 0.38039216 0.101960786
v -1.43091 0.3686 -0.93125 0.101960786 0.38039216 0.101960786
v -1.46199 0.38451 -0.96202 0.101960786 0.38039216 0.101960786
v -1.38857 0.33995 -0.97163 0.101960786 0.38039216 0.101960786
v -1.46199 0.38451 -0.96202 0.101960786 0.38039216 0.101960786
v -1.39926 0.33527 -1.00132 0.101960786 0.38039216 0.101960786
v -1.38857 0.33995 -0.97163 0.101960786 0.38039216 0.101960786
v -1.46199 0.38451 -0.96202 0.101960786 0.38039216 0.101960786
v -1.38857 0.33995 -0.97163 0.101960786 0.38039216 0.101960786
v -1.39926 0.33527 -1.00132 0.101960786 0.38039216 0.101960786
v -1.46199 0.38451 -0.96202 0.101960786 0.38039216 0.101960786
v -1.4506 0.33462 -1.02175 0.101960786 0.38039216 0.101960786
v -1.39926 0.33527 -1.00132 0.101960786 0.38039216 0.101960786
v -1.46199 0.38451 -0.96202 0.101960786 0.38039216 0.101960786
v -1.39926 0.33527 -1.00132 0.101960786 0.38039216 0.101960786
v -1.4506 0.33462 -1.02175 0.101960786 0.38039216 0.101960786
v -1.46199 0.38451 -0.96202 0.101960786 0.38039216 0.101960786
v -1.48093 0.33271 -0.99948 0.101960786 0.38039216 0.101960786
v -1.4506 0.33462 -1.02175 0.101960786 0.38039216 0.101960786
v -1.46199 0.38451 -0.96202 0.101960786 0.38039216 0.101960786
v -1.4506 0.33462 -1.02175 0.101960786 0.38039216 0.101960786
v -1.48093 0.33271 -0.99948 0.101960786 0.38039216 0.101960786
v -1.46199 0.38451 -0.96202 0.101960786 0.38039216 0.101960786
v -1.49463 0.3462 -0.97435 0.101960786 0.38039216 0.101960786
v -1.48093 0.33271 -0.99948 0.101960786 0.38039216 0.101960786
v -1.46199 0.38451 -0.96202 0.101960786 0.38039216 0.101960786
v -1.48093 0.33271 -0.99948 0.101960786 0.38039216 0.101960786
v -1.49463 0.3462 -0.97435 0.101960786 0.38039216 0.101960786
v -1.46199 0.38451 -0.96202 0.101960786 0.38039216 0.101960786
v -1.5124 0.34636 -0.96181 0.101960786 0.38039216 0.101960786
v -1.50347 0.355 -0.97252 0.101960786 0.38039216 0.101960786
v -1.46199 0.38451 -0.96202 0.101960786 0.38039216 0.101960786
v -1.50347 0.355 -0.97252 0.101960786 0.38039216 0.101960786
v -1.5124 0.34636 -0.96181 0.101960786 0.38039216 0.101960786
v -1.46199 0.38451 -0.96202 0.101960786 0.38039216 0.101960786
v -1.51614 0.34002 -0.94208 0.101960786 0.38039216 0.101960786
v -1.5124 0.34636 -0.96181 0.101960786 0.38039216 0.101960786
v -1.46199 0.38451 -0.96202 0.101960786 0.38039216 0.101960786
v -1.5124 0.34636 -0.96181 0.101960786 0.38039216 0.101960786
v -1.51614 0.34002 -0.94208 0.101960786 0.38039216 0.101960786
v -1.46199 0.38451 -0.96202 0.101960786 0.38039216 0.101960786
v -1.47827 0.34202 -0.88188 0.101960786 0.38039216 0.101960786
v -1.51614 0.34002 -0.94208 0.101960786 0.38039216 0.101960786
v -1.46199 0.38451 -0.96202 0.101960786 0.38039216 0.101960786
v -1.51614 0.34002 -0.94208 0.101960786 0.38039216 0.101960786
v -1.47827 0.34202 -0.88188 0.101960786 0.38039216 0.101960786
v -1.46199 0.38451 -0.96202 0.101960786 0.38039216 0.101960786
v -1.43458 0.33234 -0.89464 0.101960786 0.38039216 0.101960786
v -1.47827 0.34202 -0.88188 0.101960786 0.38039216 0.101960786
v -1.46199 0.38451 -0.96202 0.101960786 0.38039216 0.101960786
v -1.47827 0.34202 -0.88188 0.101960786 0.38039216 0.101960786
v -1.43458 0.33234 -0.89464 0.101960786 0.38039216 0.101960786
v -1.46199 0.38451 -0.96202 0.101960786 0.38039216 0.101960786
v -1.43091 0.3686 -0.93125 0.101960786 0.38039216 0.101960786
v -1.43458 0.33234 -0.89464 0.101960786 0.38039216 0.101960786
v -1.46199 0.38451 -0.96202 0.101960786 0.38039216 0.101960786
v -1.43458 0.33234 -0.89464 0.101960786 0.38039216 0.101960786
v -1.43091 0.3686 -0.93125 0.101960786 0.38039216 0.101960786
v -1.43091 0.3686 -0.93125 0.101960786 0.38039216 0.101960786
v -1.39259 0.30326 -0.94159 0.101960786 0.38039216 0.101960786
v -1.43458 0.33234 -0.89464 0.101960786 0.38039216 0.101960786
v -1.43091 0.3686 -0.93125 0.101960786 0.38039216 0.101960786
v -1.43458 0.33234 -0.89464 0.101960786 0.38039216 0.101960786
v -1.39259 0.30326 -0.94159 0.101960786 0.38039216 0.101960786
v -1.50322 0.41556 -0.98455 0.20392157 0.38039216 0.20392157
v -1.52221 0.41903 -0.97523 0.20392157 0.38039216 0.20392157
v -1.51802 0.42158 -0.99688 0.20392157 0.38039216 0.20392157
v -1.50322 0.41556 -0.98455 0.20392157 0.38039216 0.20392157
v -1.51802 0.42158 -0.99688 0.20392157 0.38039216 0.20392157
v -1.52221 0.41903 -0.97523 0.20392157 0.38039216 0.20392157
v -1.50322 0.41556 -0.98455 0.20392157 0.38039216 0.20392157
v -1.52221 0.41903 -0.97523 0.20392157 0.38039216 0.20392157
v -1.50071 0.39286 -0.97938 0.20392157 0.38039216 0.20392157
v -1.50322 0.41556 -0.98455 0.20392157 0.38039216 0.20392157
v -1.50071 0.39286 -0.97938 0.20392157 0.38039216 0.20392157
v -1.52221 0.41903 -0.97523 0.20392157 0.38039216 0.20392157
v -1.50071 0.39286 -0.97938 0.20392157 0.38039216 0.20392157
v -1.52404 0.40707 -0.96443 0.20392157 0.38039216 0.20392157
v -1.52221 0.41903 -0.97523 0.20392157 0.38039216 0.20392157
v -1.50071 0.39286 -0.97938 0.20392157 0.38039216 0.20392157
v -1.52221 0.41903 -0.97523 0.20392157 0.38039216 0.20392157
v -1.52404 0.40707 -0.96443 0.20392157 0.38039216 0.20392157
v -1.50071 0.39286 -0.97938 0.20392157 0.38039216 0.20392157
v -1.5216 0.38698 -0.96837 0.20392157 0.38039216 0.20392157
v -1.52404 0.40707 -0.96443 0.20392157 0.38039216 0.20392157
v -1.50071 0.39286 -0.97938 0.20392157 0.38039216 0.20392157
v -1.52404 0.40707 -0.96443 0.20392157 0.38039216 0.20392157
v -1.5216 0.38698 -0.96837 0.20392157 0.38039216 0.20392157
v -1.50071 0.39286 -0.97938 0.20392157 0.38039216 0.20392157
v -1.51217 0.38044 -0.98018 0.20392157 0.38039216 0.20392157
v -1.5216 0.38698 -0.96837 0.20392157 0.38039216 0.20392157
v -1.50071 0.39286 -0.97938 0.20392157 0.38039216 0.20392157
v -1.5216 0.38698 -0.96837 0.20392157 0.38039216 0.20392157
v -1.51217 0.38044 -0.98018 0.20392157 0.38039216 0.20392157
v -1.50071 0.39286 -0.97938 0.20392157 0.38039216 0.20392157
v -1.50435 0.38 -0.98322 0.20392157 0.38039216 0.20392157
v -1.51217 0.38044 -0.98018 0.20392157 0.38039216 0.20392157
v -1.50071 0.39286 -0.97938 0.20392157 0.38039216 0.20392157
v -1.51217 0.38044 -0.98018 0.20392157 0.38039216 0.20392157
v -1.50435 0.38 -0.98322 0.20392157 0.38039216 0.20392157
v -1.50071 0.39286 -0.97938 0.20392157 0.38039216 0.20392157
v -1.49863 0.38248 -0.99892 0.20392157 0.38039216 0.20392157
v -1.50073 0.38 -0.98833 0.20392157 0.38039216 0.20392157
v -1.50071 0.39286 -0.97938 0.20392157 0.38039216 0.20392157
v -1.50073 0.38 -0.98833 0.20392157 0.38039216 0.20392157
v -1.49863 0.38248 -0.99892 0.20392157 0.38039216 0.20392157
v -1.50071 0.39286 -0.97938 0.20392157 0.38039216 0.20392157
v -1.49438 0.39134 -1.00551 0.20392157 0.38039216 0.20392157
v -1.49863 0.38248 -0.99892 0.20392157 0.38039216 0.20392157
v -1.50071 0.39286 -0.97938 0.20392157 0.38039216 0.20392157
v -1.49863 0.38248 -0.99892 0.20392157 0.38039216 0.20392157
v -1.49438 0.39134 -1.00551 0.20392157 0.38039216 0.20392157
v -1.50071 0.39286 -0.97938 0.20392157 0.38039216 0.20392157
v -1.48808 0.41179 -1.00673 0.20392157 0.38039216 0.20392157
v -1.49438 0.39134 -1.00551 0.20392157 0.38039216 0.20392157
v -1.50071 0.39286 -0.97938 0.20392157 0.38039216 0.20392157
v -1.49438 0.39134 -1.00551 0.20392157 0.38039216 0.20392157
v -1.48808 0.41179 -1.00673 0.20392157 0.38039216 0.20392157
v -1.50071 0.39286 -0.97938 0.20392157 0.38039216 0.20392157
v -1.50289 0.42768 -0.99738 0.20392157 0.38039216 0.20392157
v -1.48808 0.41179 -1.00673 0.20392157 0.38039216 0.20392157
v -1.50071 0.39286 -0.97938 0.20392157 0.38039216 0.20392157
v -1.48808 0.41179 -1.00673 0.20392157 0.38039216 0.20392157
v -1.50289 0.42768 -0.99738 0.20392157 0.38039216 0.20392157
v -1.50071 0.39286 -0.97938 0.20392157 0.38039216 0.20392157
v -1.50322 0.41556 -0.98455 0.20392157 0.38039216 0.20392157
v -1.50289 0.42768 -0.99738 0.20392157 0.38039216 0.20392157
v -1.50071 0.39286 -0.97938 0.20392157 0.38039216 0.20392157
v -1.50289 0.42768 -0.99738 0.20392157 0.38039216 0.20392157
v -1.50322 0.41556 -0.98455 0.20392157 0.38039216 0.20392157
v -1.50322 0.41556 -0.98455 0.20392157 0.38039216 0.20392157
v -1.51802 0.42158 -0.99688 0.20392157 0.38039216 0.20392157
v -1.50289 0.42768 -0.99738 0.20392157 0.38039216 0.20392157
v -1.50322 0.41556 -0.98455 0.20392157 0.38039216 0.20392157
v -1.50289 0.42768 -0.99738 0.20392157 0.38039216 0.20392157
v -1.51802 0.42158 -0.99688 0.20392157 0.38039216 0.20392157
v -0.04936 0.26396 -1.0613 0.06666667 0.38039216 0.06666667
v -0.08739 0.24977 -1.04367 0.06666667 0.38039216 0.06666667
v -0.06632 0.23059 -1.07958 0.06666667 0.38039216 0.06666667
v -0.04936 0.26396 -1.0613 0.06666667 0.38039216 0.06666667
v -0.06632 0.23059 -1.07958 0.06666667 0.38039216 0.06666667
v -0.08739 0.24977 -1.04367 0.06666667 0.38039216 0.06666667
v -0.04936 0.26396 -1.0613 0.06666667 0.38039216 0.06666667
v -0.08739 0.24977 -1.04367 0.06666667 0.38039216 0.06666667
v -0.02072 0.25863 -1.02273 0.06666667 0.38039216 0.06666667
v -0.04936 0.26396 -1.0613 0.06666667 0.38039216 0.06666667
v -0.02072 0.25863 -1.02273 0.06666667 0.38039216 0.06666667
v -0.08739 0.24977 -1.04367 0.06666667 0.38039216 0.06666667
v -0.02072 0.25863 -1.02273 0.06666667 0.38039216 0.06666667
v -0.08354 0.25239 -1.01053 0.06666667 0.38039216 0.06666667
v -0.08739 0.24977 -1.04367 0.06666667 0.38039216 0.06666667
v -0.02072 0.25863 -1.02273 0.06666667 0.38039216 0.06666667
v -0.08739 0.24977 -1.04367 0.06666667 0.38039216 0.06666667
v -0.08354 0.25239 -1.01053 0.06666667 0.38039216 0.06666667
v -0.02072 0.25863 -1.02273 0.06666667 0.38039216 0.06666667
v -0.0505 0.23732 -0.98834 0.06666667 0.38039216 0.06666667
v -0.08354 0.25239 -1.01053 0.06666667 0.38039216 0.06666667
v -0.02072 0.25863 -1.02273 0.06666667 0.38039216 0.06666667
v -0.08354 0.25239 -1.01053 0.06666667 0.38039216 0.06666667
v -0.0505 0.23732 -0.98834 0.06666667 0.38039216 0.06666667
v -0.02072 0.25863 -1.02273 0.06666667 0.38039216 0.06666667
v -0.01904 0.23205 -1.00014 0.06666667 0.38039216 0.06666667
v -0.0505 0.23732 -0.98834 0.06666667 0.38039216 0.06666667
v -0.02072 0.25863 -1.02273 0.06666667 0.38039216 0.06666667
v -0.0505 0.23732 -0.98834 0.06666667 0.38039216 0.06666667
v -0.01904 0.23205 -1.00014 0.06666667 0.38039216 0.06666667
v -0.02072 0.25863 -1.02273 0.06666667 0.38039216 0.06666667
v -0.00539 0.23957 -1.00771 0.06666667 0.38039216 0.06666667
v -0.01904 0.23205 -1.00014 0.06666667 0.38039216 0.06666667
v -0.02072 0.25863 -1.02273 0.06666667 0.38039216 0.06666667
v -0.01904 0.23205 -1.00014 0.06666667 0.38039216 0.06666667
v -0.00539 0.23957 -1.00771 0.06666667 0.38039216 0.06666667
v -0.02072 0.25863 -1.02273 0.06666667 0.38039216 0.06666667
v 0.01265 0.23008 -1.036 0.06666667 0.38039216 0.06666667
v 0.00389 0.23856 -1.01666 0.06666667 0.38039216 0.06666667
v -0.02072 0.25863 -1.02273 0.06666667 0.38039216 0.06666667
v 0.00389 0.23856 -1.01666 0.06666667 0.38039216 0.06666667
v 0.01265 0.23008 -1.036 0.06666667 0.38039216 0.06666667
v -0.02072 0.25863 -1.02273 0.06666667 0.38039216 0.06666667
v 0.01243 0.23422 -1.06008 0.06666667 0.38039216 0.06666667
v 0.01265 0.23008 -1.036 0.06666667 0.38039216 0.06666667
v -0.02072 0.25863 -1.02273 0.06666667 0.38039216 0.06666667
v 0.01265 0.23008 -1.036 0.06666667 0.38039216 0.06666667
v 0.01243 0.23422 -1.06008 0.06666667 0.38039216 0.06666667
v -0.02072 0.25863 -1.02273 0.06666667 0.38039216 0.06666667
v -0.00492 0.25608 -1.09441 0.06666667 0.38039216 0.06666667
v 0.01243 0.23422 -1.06008 0.06666667 0.38039216 0.06666667
v -0.02072 0.25863 -1.02273 0.06666667 0.38039216 0.06666667
v 0.01243 0.23422 -1.06008 0.06666667 0.38039216 0.06666667
v -0.00492 0.25608 -1.09441 0.06666667 0.38039216 0.06666667
v -0.02072 0.25863 -1.02273 0.06666667 0.38039216 0.06666667
v -0.05367 0.25666 -1.09674 0.06666667 0.38039216 0.06666667
v -0.00492 0.25608 -1.09441 0.06666667 0.38039216 0.06666667
v -0.02072 0.25863 -1.02273 0.06666667 0.38039216 0.06666667
v -0.00492 0.25608 -1.09441 0.06666667 0.38039216 0.06666667
v -0.05367 0.25666 -1.09674 0.06666667 0.38039216 0.06666667
v -0.02072 0.25863 -1.02273 0.06666667 0.38039216 0.06666667
v -0.04936 0.26396 -1.0613 0.06666667 0.38039216 0.06666667
v -0.05367 0.25666 -1.09674 0.06666667 0.38039216 0.06666667
v -0.02072 0.25863 -1.02273 0.06666667 0.38039216 0.06666667
v -0.05367 0.25666 -1.09674 0.06666667 0.38039216 0.06666667
v -0.04936 0.26396 -1.0613 0.06666667 0.38039216 0.06666667
v -0.04936 0.26396 -1.0613 0.06666667 0.38039216 0.06666667
v -0.06632 0.23059 -1.07958 0.06666667 0.38039216 0.06666667
v -0.05367 0.25666 -1.09674 0.06666667 0.38039216 0.06666667
v -0.04936 0.26396 -1.0613 0.06666667 0.38039216 0.06666667
v -0.05367 0.25666 -1.09674 0.06666667 0.38039216 0.06666667
v -0.06632 0.23059 -1.07958 0.06666667 0.38039216 0.06666667
v 0.0459 0.36697 -0.91412 0.09411765 0.38039216 0.09411765
v 0.10407 0.33832 -0.9204 0.09411765 0.38039216 0.09411765
v 0.0826 0.30163 -0.89901 0.09411765 0.38039216 0.09411765
v 0.0459 0.36697 -0.91412 0.09411765 0.38039216 0.09411765
v 0.0826 0.30163 -0.89901 0.09411765 0.38039216 0.09411765
v 0.10407 0.33832 -0.9204 0.09411765 0.38039216 0.09411765
v 0.0459 0.36697 -0.91412 0.09411765 0.38039216 0.09411765
v 0.10407 0.33832 -0.9204 0.09411765 0.38039216 0.09411765
v 0.03996 0.38288 -0.95744 0.09411765 0.38039216 0.09411765
v 0.0459 0.36697 -0.91412 0.09411765 0.38039216 0.09411765
v 0.03996 0.38288 -0.95744 0.09411765 0.38039216 0.09411765
v 0.10407 0.33832 -0.9204 0.09411765 0.38039216 0.09411765
v 0.03996 0.38288 -0.95744 0.09411765 0.38039216 0.09411765
v 0.11366 0.33364 -0.95046 0.09411765 0.38039216 0.09411765
v 0.10407 0.33832 -0.9204 0.09411765 0.38039216 0.09411765
v 0.03996 0.38288 -0.95744 0.09411765 0.38039216 0.09411765
v 0.10407 0.33832 -0.9204 0.09411765 0.38039216 0.09411765
v 0.11366 0.33364 -0.95046 0.09411765 0.38039216 0.09411765
v 0.03996 0.38288 -0.95744 0.09411765 0.38039216 0.09411765
v 0.08534 0.333 -0.99791 0.09411765 0.38039216 0.09411765
v 0.11366 0.33364 -0.95046 0.09411765 0.38039216 0.09411765
v 0.03996 0.38288 -0.95744 0.09411765 0.38039216 0.09411765
v 0.11366 0.33364 -0.95046 0.09411765 0.38039216 0.09411765
v 0.08534 0.333 -0.99791 0.09411765 0.38039216 0.09411765
v 0.03996 0.38288 -0.95744 0.09411765 0.38039216 0.09411765
v 0.04772 0.33108 -0.99869 0.09411765 0.38039216 0.09411765
v 0.08534 0.333 -0.99791 0.09411765 0.38039216 0.09411765
v 0.03996 0.38288 -0.95744 0.09411765 0.38039216 0.09411765
v 0.08534 0.333 -0.99791 0.09411765 0.38039216 0.09411765
v 0.04772 0.33108 -0.99869 0.09411765 0.38039216 0.09411765
v 0.03996 0.38288 -0.95744 0.09411765 0.38039216 0.09411765
v 0.02156 0.34457 -0.98709 0.09411765 0.38039216 0.09411765
v 0.04772 0.33108 -0.99869 0.09411765 0.38039216 0.09411765
v 0.03996 0.38288 -0.95744 0.09411765 0.38039216 0.09411765
v 0.04772 0.33108 -0.99869 0.09411765 0.38039216 0.09411765
v 0.02156 0.34457 -0.98709 0.09411765 0.38039216 0.09411765
v 0.03996 0.38288 -0.95744 0.09411765 0.38039216 0.09411765
v -0.00017 0.34474 -0.98795 0.09411765 0.38039216 0.09411765
v 0.01344 0.35337 -0.99102 0.09411765 0.38039216 0.09411765
v 0.03996 0.38288 -0.95744 0.09411765 0.38039216 0.09411765
v 0.01344 0.35337 -0.99102 0.09411765 0.38039216 0.09411765
v -0.00017 0.34474 -0.98795 0.09411765 0.38039216 0.09411765
v 0.03996 0.38288 -0.95744 0.09411765 0.38039216 0.09411765
v -0.01515 0.33839 -0.97457 0.09411765 0.38039216 0.09411765
v -0.00017 0.34474 -0.98795 0.09411765 0.38039216 0.09411765
v 0.03996 0.38288 -0.95744 0.09411765 0.38039216 0.09411765
v -0.00017 0.34474 -0.98795 0.09411765 0.38039216 0.09411765
v -0.01515 0.33839 -0.97457 0.09411765 0.38039216 0.09411765
v 0.03996 0.38288 -0.95744 0.09411765 0.38039216 0.09411765
v -0.02172 0.34039 -0.90376 0.09411765 0.38039216 0.09411765
v -0.01515 0.33839 -0.97457 0.09411765 0.38039216 0.09411765
v 0.03996 0.38288 -0.95744 0.09411765 0.38039216 0.09411765
v -0.01515 0.33839 -0.97457 0.09411765 0.38039216 0.09411765
v -0.02172 0.34039 -0.90376 0.09411765 0.38039216 0.09411765
v 0.03996 0.38288 -0.95744 0.09411765 0.38039216 0.09411765
v 0.02071 0.33072 -0.88729 0.09411765 0.38039216 0.09411765
v -0.02172 0.34039 -0.90376 0.09411765 0.38039216 0.09411765
v 0.03996 0.38288 -0.95744 0.09411765 0.38039216 0.09411765
v -0.02172 0.34039 -0.90376 0.09411765 0.38039216 0.09411765
v 0.02071 0.33072 -0.88729 0.09411765 0.38039216 0.09411765
v 0.03996 0.38288 -0.95744 0.09411765 0.38039216 0.09411765
v 0.0459 0.36697 -0.91412 0.09411765 0.38039216 0.09411765
v 0.02071 0.33072 -0.88729 0.09411765 0.38039216 0.09411765
v 0.03996 0.38288 -0.95744 0.09411765 0.38039216 0.09411765
v 0.02071 0.33072 -0.88729 0.09411765 0.38039216 0.09411765
v 0.0459 0.36697 -0.91412 0.09411765 0.38039216 0.09411765
v 0.0459 0.36697 -0.91412 0.09411765 0.38039216 0.09411765
v 0.0826 0.30163 -0.89901 0.09411765 0.38039216 0.09411765
v 0.02071 0.33072 -0.88729 0.09411765 0.38039216 0.09411765
v 0.0459 0.36697 -0.91412 0.09411765 0.38039216 0.09411765
v 0.02071 0.33072 -0.88729 0.09411765 0.38039216 0.09411765
v 0.0826 0.30163 -0.89901 0.09411765 0.38039216 0.09411765
v 0.00854 0.41498 -0.97843 0.24313726 0.38039216 0.24313726
v 0.00258 0.41845 -0.95813 0.24313726 0.38039216 0.24313726
v -0.01055 0.421 -0.97586 0.24313726 0.38039216 0.24313726
v 0.00854 0.41498 -0.97843 0.24313726 0.38039216 0.24313726
v -0.01055 0.421 -0.97586 0.24313726 0.38039216 0.24313726
v 0.00258 0.41845 -0.95813 0.24313726 0.38039216 0.24313726
v 0.00854 0.41498 -0.97843 0.24313726 0.38039216 0.24313726
v 0.00258 0.41845 -0.95813 0.24313726 0.38039216 0.24313726
v 0.01405 0.39228 -0.97679 0.24313726 0.38039216 0.24313726
v 0.00854 0.41498 -0.97843 0.24313726 0.38039216 0.24313726
v 0.01405 0.39228 -0.97679 0.24313726 0.38039216 0.24313726
v 0.00258 0.41845 -0.95813 0.24313726 0.38039216 0.24313726
v 0.01405 0.39228 -0.97679 0.24313726 0.38039216 0.24313726
v 0.0093 0.4065 -0.94949 0.24313726 0.38039216 0.24313726
v 0.00258 0.41845 -0.95813 0.24313726 0.38039216 0.24313726
v 0.01405 0.39228 -0.97679 0.24313726 0.38039216 0.24313726
v 0.00258 0.41845 -0.95813 0.24313726 0.38039216 0.24313726
v 0.0093 0.4065 -0.94949 0.24313726 0.38039216 0.24313726
v 0.01405 0.39228 -0.97679 0.24313726 0.38039216 0.24313726
v 0.00805 0.38641 -0.95395 0.24313726 0.38039216 0.24313726
v 0.0093 0.4065 -0.94949 0.24313726 0.38039216 0.24313726
v 0.01405 0.39228 -0.97679 0.24313726 0.38039216 0.24313726
v 0.0093 0.4065 -0.94949 0.24313726 0.38039216 0.24313726
v 0.00805 0.38641 -0.95395 0.24313726 0.38039216 0.24313726
v 0.01405 0.39228 -0.97679 0.24313726 0.38039216 0.24313726
v 0.00572 0.37986 -0.96889 0.24313726 0.38039216 0.24313726
v 0.00805 0.38641 -0.95395 0.24313726 0.38039216 0.24313726
v 0.01405 0.39228 -0.97679 0.24313726 0.38039216 0.24313726
v 0.00805 0.38641 -0.95395 0.24313726 0.38039216 0.24313726
v 0.00572 0.37986 -0.96889 0.24313726 0.38039216 0.24313726
v 0.01405 0.39228 -0.97679 0.24313726 0.38039216 0.24313726
v 0.00876 0.37942 -0.9767 0.24313726 0.38039216 0.24313726
v 0.00572 0.37986 -0.96889 0.24313726 0.38039216 0.24313726
v 0.01405 0.39228 -0.97679 0.24313726 0.38039216 0.24313726
v 0.00572 0.37986 -0.96889 0.24313726 0.38039216 0.24313726
v 0.00876 0.37942 -0.9767 0.24313726 0.38039216 0.24313726
v 0.01405 0.39228 -0.97679 0.24313726 0.38039216 0.24313726
v 0.00105 0.3819 -0.99152 0.24313726 0.38039216 0.24313726
v 0.00744 0.37943 -0.98282 0.24313726 0.38039216 0.24313726
v 0.01405 0.39228 -0.97679 0.24313726 0.38039216 0.24313726
v 0.00744 0.37943 -0.98282 0.24313726 0.38039216 0.24313726
v 0.00105 0.3819 -0.99152 0.24313726 0.38039216 0.24313726
v 0.01405 0.39228 -0.97679 0.24313726 0.38039216 0.24313726
v -0.00093 0.39076 -0.99911 0.24313726 0.38039216 0.24313726
v 0.00105 0.3819 -0.99152 0.24313726 0.38039216 0.24313726
v 0.01405 0.39228 -0.97679 0.24313726 0.38039216 0.24313726
v 0.00105 0.3819 -0.99152 0.24313726 0.38039216 0.24313726
v -0.00093 0.39076 -0.99911 0.24313726 0.38039216 0.24313726
v 0.01405 0.39228 -0.97679 0.24313726 0.38039216 0.24313726
v 0.00243 0.41122 -1.00458 0.24313726 0.38039216 0.24313726
v -0.00093 0.39076 -0.99911 0.24313726 0.38039216 0.24313726
v 0.01405 0.39228 -0.97679 0.24313726 0.38039216 0.24313726
v -0.00093 0.39076 -0.99911 0.24313726 0.38039216 0.24313726
v 0.00243 0.41122 -1.00458 0.24313726 0.38039216 0.24313726
v 0.01405 0.39228 -0.97679 0.24313726 0.38039216 0.24313726
v -0.00069 0.4271 -0.98735 0.24313726 0.38039216 0.24313726
v 0.00243 0.41122 -1.00458 0.24313726 0.38039216 0.24313726
v 0.01405 0.39228 -0.97679 0.24313726 0.38039216 0.24313726
v 0.00243 0.41122 -1.00458 0.24313726 0.38039216 0.24313726
v -0.00069 0.4271 -0.98735 0.24313726 0.38039216 0.24313726
v 0.01405 0.39228 -0.97679 0.24313726 0.38039216 0.24313726
v 0.00854 0.41498 -0.97843 0.24313726 0.38039216 0.24313726
v -0.00069 0.4271 -0.98735 0.24313726 0.38039216 0.24313726
v 0.01405 0.39228 -0.97679 0.24313726 0.38039216 0.24313726
v -0.00069 0.4271 -0.98735 0.24313726 0.38039216 0.24313726
v 0.00854 0.41498 -0.97843 0.24313726 0.38039216 0.24313726
v 0.00854 0.41498 -0.97843 0.24313726 0.38039216 0.24313726
v -0.01055 0.421 -0.97586 0.24313726 0.38039216 0.24313726
v -0.00069 0.4271 -0.98735 0.24313726 0.38039216 0.24313726
v 0.00854 0.41498 -0.97843 0.24313726 0.38039216 0.24313726
v -0.00069 0.4271 -0.98735 0.24313726 0.38039216 0.24313726
v -0.01055 0.421 -0.97586 0.24313726 0.38039216 0.24313726
v 1.53784 0.26396 -1.06901 0.06666667 0.38039216 0.06666667
v 1.50704 0.24977 -1.09744 0.06666667 0.38039216 0.06666667
v 1.54827 0.23059 -1.09165 0.06666667 0.38039216 0.06666667
v 1.53784 0.26396 -1.06901 0.06666667 0.38039216 0.06666667
v 1.54827 0.23059 -1.09165 0.06666667 0.38039216 0.06666667
v 1.50704 0.24977 -1.09744 0.06666667 0.38039216 0.06666667
v 1.53784 0.26396 -1.06901 0.06666667 0.38039216 0.06666667
v 1.50704 0.24977 -1.09744 0.06666667 0.38039216 0.06666667
v 1.51311 0.25863 -1.02783 0.06666667 0.38039216 0.06666667
v 1.53784 0.26396 -1.06901 0.06666667 0.38039216 0.06666667
v 1.51311 0.25863 -1.02783 0.06666667 0.38039216 0.06666667
v 1.50704 0.24977 -1.09744 0.06666667 0.38039216 0.06666667
v 1.51311 0.25863 -1.02783 0.06666667 0.38039216 0.06666667
v 1.47788 0.25239 -1.08124 0.06666667 0.38039216 0.06666667
v 1.50704 0.24977 -1.09744 0.06666667 0.38039216 0.06666667
v 1.51311 0.25863 -1.02783 0.06666667 0.38039216 0.06666667
v 1.50704 0.24977 -1.09744 0.06666667 0.38039216 0.06666667
v 1.47788 0.25239 -1.08124 0.06666667 0.38039216 0.06666667
v 1.51311 0.25863 -1.02783 0.06666667 0.38039216 0.06666667
v 1.46996 0.23732 -1.04224 0.06666667 0.38039216 0.06666667
v 1.47788 0.25239 -1.08124 0.06666667 0.38039216 0.06666667
v 1.51311 0.25863 -1.02783 0.06666667 0.38039216 0.06666667
v 1.47788 0.25239 -1.08124 0.06666667 0.38039216 0.06666667
v 1.46996 0.23732 -1.04224 0.06666667 0.38039216 0.06666667
v 1.51311 0.25863 -1.02783 0.06666667 0.38039216 0.06666667
v 1.49287 0.23205 -1.01766 0.06666667 0.38039216 0.06666667
v 1.46996 0.23732 -1.04224 0.06666667 0.38039216 0.06666667
v 1.51311 0.25863 -1.02783 0.06666667 0.38039216 0.06666667
v 1.46996 0.23732 -1.04224 0.06666667 0.38039216 0.06666667
v 1.49287 0.23205 -1.01766 0.06666667 0.38039216 0.06666667
v 1.51311 0.25863 -1.02783 0.06666667 0.38039216 0.06666667
v 1.50507 0.23957 -1.00792 0.06666667 0.38039216 0.06666667
v 1.49287 0.23205 -1.01766 0.06666667 0.38039216 0.06666667
v 1.51311 0.25863 -1.02783 0.06666667 0.38039216 0.06666667
v 1.49287 0.23205 -1.01766 0.06666667 0.38039216 0.06666667
v 1.50507 0.23957 -1.00792 0.06666667 0.38039216 0.06666667
v 1.51311 0.25863 -1.02783 0.06666667 0.38039216 0.06666667
v 1.53811 0.23008 -1.00204 0.06666667 0.38039216 0.06666667
v 1.51688 0.23856 -1.00276 0.06666667 0.38039216 0.06666667
v 1.51311 0.25863 -1.02783 0.06666667 0.38039216 0.06666667
v 1.51688 0.23856 -1.00276 0.06666667 0.38039216 0.06666667
v 1.53811 0.23008 -1.00204 0.06666667 0.38039216 0.06666667
v 1.51311 0.25863 -1.02783 0.06666667 0.38039216 0.06666667
v 1.56028 0.23422 -1.01142 0.06666667 0.38039216 0.06666667
v 1.53811 0.23008 -1.00204 0.06666667 0.38039216 0.06666667
v 1.51311 0.25863 -1.02783 0.06666667 0.38039216 0.06666667
v 1.53811 0.23008 -1.00204 0.06666667 0.38039216 0.06666667
v 1.56028 0.23422 -1.01142 0.06666667 0.38039216 0.06666667
v 1.51311 0.25863 -1.02783 0.06666667 0.38039216 0.06666667
v 1.5854 0.25608 -1.04056 0.06666667 0.38039216 0.06666667
v 1.56028 0.23422 -1.01142 0.06666667 0.38039216 0.06666667
v 1.51311 0.25863 -1.02783 0.06666667 0.38039216 0.06666667
v 1.56028 0.23422 -1.01142 0.06666667 0.38039216 0.06666667
v 1.5854 0.25608 -1.04056 0.06666667 0.38039216 0.06666667
v 1.51311 0.25863 -1.02783 0.06666667 0.38039216 0.06666667
v 1.56897 0.25666 -1.08651 0.06666667 0.38039216 0.06666667
v 1.5854 0.25608 -1.04056 0.06666667 0.38039216 0.06666667
v 1.51311 0.25863 -1.02783 0.06666667 0.38039216 0.06666667
v 1.5854 0.25608 -1.04056 0.06666667 0.38039216 0.06666667
v 1.56897 0.25666 -1.08651 0.06666667 0.38039216 0.06666667
v 1.51311 0.25863 -1.02783 0.06666667 0.38039216 0.06666667
v 1.53784 0.26396 -1.06901 0.06666667 0.38039216 0.06666667
v 1.56897 0.25666 -1.08651 0.06666667 0.38039216 0.06666667
v 1.51311 0.25863 -1.02783 0.06666667 0.38039216 0.06666667
v 1.56897 0.25666 -1.08651 0.06666667 0.38039216 0.06666667
v 1.53784 0.26396 -1.06901 0.06666667 0.38039216 0.06666667
v 1.53784 0.26396 -1.06901 0.06666667 0.38039216 0.06666667
v 1.54827 0.23059 -1.09165 0.06666667 0.38039216 0.06666667
v 1.56897 0.25666 -1.08651 0.06666667 0.38039216 0.06666667
v 1.53784 0.26396 -1.06901 0.06666667 0.38039216 0.06666667
v 1.56897 0.25666 -1.08651 0.06666667 0.38039216 0.06666667
v 1.54827 0.23059 -1.09165 0.06666667 0.38039216 0.06666667
v 1.56602 0.36924 -0.92993 0.105882354 0.38039216 0.105882354
v 1.61186 0.34059 -0.96628 0.105882354 0.38039216 0.105882354
v 1.60512 0.3039 -0.93674 0.105882354 0.38039216 0.105882354
v 1.56602 0.36924 -0.92993 0.105882354 0.38039216 0.105882354
v 1.60512 0.3039 -0.93674 0.105882354 0.38039216 0.105882354
v 1.61186 0.34059 -0.96628 0.105882354 0.38039216 0.105882354
v 1.56602 0.36924 -0.92993 0.105882354 0.38039216 0.105882354
v 1.61186 0.34059 -0.96628 0.105882354 0.38039216 0.105882354
v 1.53787 0.38516 -0.96339 0.105882354 0.38039216 0.105882354
v 1.56602 0.36924 -0.92993 0.105882354 0.38039216 0.105882354
v 1.53787 0.38516 -0.96339 0.105882354 0.38039216 0.105882354
v 1.61186 0.34059 -0.96628 0.105882354 0.38039216 0.105882354
v 1.53787 0.38516 -0.96339 0.105882354 0.38039216 0.105882354
v 1.60392 0.33592 -0.99683 0.105882354 0.38039216 0.105882354
v 1.61186 0.34059 -0.96628 0.105882354 0.38039216 0.105882354
v 1.53787 0.38516 -0.96339 0.105882354 0.38039216 0.105882354
v 1.61186 0.34059 -0.96628 0.105882354 0.38039216 0.105882354
v 1.60392 0.33592 -0.99683 0.105882354 0.38039216 0.105882354
v 1.53787 0.38516 -0.96339 0.105882354 0.38039216 0.105882354
v 1.55465 0.33527 -1.02184 0.105882354 0.38039216 0.105882354
v 1.60392 0.33592 -0.99683 0.105882354 0.38039216 0.105882354
v 1.53787 0.38516 -0.96339 0.105882354 0.38039216 0.105882354
v 1.60392 0.33592 -0.99683 0.105882354 0.38039216 0.105882354
v 1.55465 0.33527 -1.02184 0.105882354 0.38039216 0.105882354
v 1.53787 0.38516 -0.96339 0.105882354 0.38039216 0.105882354
v 1.52242 0.33335 -1.00242 0.105882354 0.38039216 0.105882354
v 1.55465 0.33527 -1.02184 0.105882354 0.38039216 0.105882354
v 1.53787 0.38516 -0.96339 0.105882354 0.38039216 0.105882354
v 1.55465 0.33527 -1.02184 0.105882354 0.38039216 0.105882354
v 1.52242 0.33335 -1.00242 0.105882354 0.38039216 0.105882354
v 1.53787 0.38516 -0.96339 0.105882354 0.38039216 0.105882354
v 1.50649 0.34685 -0.97864 0.105882354 0.38039216 0.105882354
v 1.52242 0.33335 -1.00242 0.105882354 0.38039216 0.105882354
v 1.53787 0.38516 -0.96339 0.105882354 0.38039216 0.105882354
v 1.52242 0.33335 -1.00242 0.105882354 0.38039216 0.105882354
v 1.50649 0.34685 -0.97864 0.105882354 0.38039216 0.105882354
v 1.53787 0.38516 -0.96339 0.105882354 0.38039216 0.105882354
v 1.48765 0.34701 -0.96777 0.105882354 0.38039216 0.105882354
v 1.49752 0.35565 -0.97763 0.105882354 0.38039216 0.105882354
v 1.53787 0.38516 -0.96339 0.105882354 0.38039216 0.105882354
v 1.49752 0.35565 -0.97763 0.105882354 0.38039216 0.105882354
v 1.48765 0.34701 -0.96777 0.105882354 0.38039216 0.105882354
v 1.53787 0.38516 -0.96339 0.105882354 0.38039216 0.105882354
v 1.48213 0.34067 -0.94846 0.105882354 0.38039216 0.105882354
v 1.48765 0.34701 -0.96777 0.105882354 0.38039216 0.105882354
v 1.53787 0.38516 -0.96339 0.105882354 0.38039216 0.105882354
v 1.48765 0.34701 -0.96777 0.105882354 0.38039216 0.105882354
v 1.48213 0.34067 -0.94846 0.105882354 0.38039216 0.105882354
v 1.53787 0.38516 -0.96339 0.105882354 0.38039216 0.105882354
v 1.51437 0.34266 -0.88507 0.105882354 0.38039216 0.105882354
v 1.48213 0.34067 -0.94846 0.105882354 0.38039216 0.105882354
v 1.53787 0.38516 -0.96339 0.105882354 0.38039216 0.105882354
v 1.48213 0.34067 -0.94846 0.105882354 0.38039216 0.105882354
v 1.51437 0.34266 -0.88507 0.105882354 0.38039216 0.105882354
v 1.53787 0.38516 -0.96339 0.105882354 0.38039216 0.105882354
v 1.55903 0.33299 -0.8938 0.105882354 0.38039216 0.105882354
v 1.51437 0.34266 -0.88507 0.105882354 0.38039216 0.105882354
v 1.53787 0.38516 -0.96339 0.105882354 0.38039216 0.105882354
v 1.51437 0.34266 -0.88507 0.105882354 0.38039216 0.105882354
v 1.55903 0.33299 -0.8938 0.105882354 0.38039216 0.105882354
v 1.53787 0.38516 -0.96339 0.105882354 0.38039216 0.105882354
v 1.56602 0.36924 -0.92993 0.105882354 0.38039216 0.105882354
v 1.55903 0.33299 -0.8938 0.105882354 0.38039216 0.105882354
v 1.53787 0.38516 -0.96339 0.105882354 0.38039216 0.105882354
v 1.55903 0.33299 -0.8938 0.105882354 0.38039216 0.105882354
v 1.56602 0.36924 -0.92993 0.105882354 0.38039216 0.105882354
v 1.56602 0.36924 -0.92993 0.105882354 0.38039216 0.105882354
v 1.60512 0.3039 -0.93674 0.105882354 0.38039216 0.105882354
v 1.55903 0.33299 -0.8938 0.105882354 0.38039216 0.105882354
v 1.56602 0.36924 -0.92993 0.105882354 0.38039216 0.105882354
v 1.55903 0.33299 -0.8938 0.105882354 0.38039216 0.105882354
v 1.60512 0.3039 -0.93674 0.105882354 0.38039216 0.105882354
v 1.50061 0.41747 -0.98533 0.19215687 0.38039216 0.19215687
v 1.48248 0.42094 -0.97443 0.19215687 0.38039216 0.19215687
v 1.48482 0.4235 -0.99637 0.19215687 0.38039216 0.19215687
v 1.50061 0.41747 -0.98533 0.19215687 0.38039216 0.19215687
v 1.48482 0.4235 -0.99637 0.19215687 0.38039216 0.19215687
v 1.48248 0.42094 -0.97443 0.19215687 0.38039216 0.19215687
v 1.50061 0.41747 -0.98533 0.19215687 0.38039216 0.19215687
v 1.48248 0.42094 -0.97443 0.19215687 0.38039216 0.19215687
v 1.50355 0.39478 -0.98039 0.19215687 0.38039216 0.19215687
v 1.50061 0.41747 -0.98533 0.19215687 0.38039216 0.19215687
v 1.50355 0.39478 -0.98039 0.19215687 0.38039216 0.19215687
v 1.48248 0.42094 -0.97443 0.19215687 0.38039216 0.19215687
v 1.50355 0.39478 -0.98039 0.19215687 0.38039216 0.19215687
v 1.48157 0.40899 -0.96352 0.19215687 0.38039216 0.19215687
v 1.48248 0.42094 -0.97443 0.19215687 0.38039216 0.19215687
v 1.50355 0.39478 -0.98039 0.19215687 0.38039216 0.19215687
v 1.48248 0.42094 -0.97443 0.19215687 0.38039216 0.19215687
v 1.48157 0.40899 -0.96352 0.19215687 0.38039216 0.19215687
v 1.50355 0.39478 -0.98039 0.19215687 0.38039216 0.19215687
v 1.48367 0.3889 -0.96765 0.19215687 0.38039216 0.19215687
v 1.48157 0.40899 -0.96352 0.19215687 0.38039216 0.19215687
v 1.50355 0.39478 -0.98039 0.19215687 0.38039216 0.19215687
v 1.48157 0.40899 -0.96352 0.19215687 0.38039216 0.19215687
v 1.48367 0.3889 -0.96765 0.19215687 0.38039216 0.19215687
v 1.50355 0.39478 -0.98039 0.19215687 0.38039216 0.19215687
v 1.49207 0.38235 -0.98022 0.19215687 0.38039216 0.19215687
v 1.48367 0.3889 -0.96765 0.19215687 0.38039216 0.19215687
v 1.50355 0.39478 -0.98039 0.19215687 0.38039216 0.19215687
v 1.48367 0.3889 -0.96765 0.19215687 0.38039216 0.19215687
v 1.49207 0.38235 -0.98022 0.19215687 0.38039216 0.19215687
v 1.50355 0.39478 -0.98039 0.19215687 0.38039216 0.19215687
v 1.49959 0.38192 -0.98391 0.19215687 0.38039216 0.19215687
v 1.49207 0.38235 -0.98022 0.19215687 0.38039216 0.19215687
v 1.50355 0.39478 -0.98039 0.19215687 0.38039216 0.19215687
v 1.49207 0.38235 -0.98022 0.19215687 0.38039216 0.19215687
v 1.49959 0.38192 -0.98391 0.19215687 0.38039216 0.19215687
v 1.50355 0.39478 -0.98039 0.19215687 0.38039216 0.19215687
v 1.50397 0.38439 -1.00004 0.19215687 0.38039216 0.19215687
v 1.50277 0.38192 -0.9893 0.19215687 0.38039216 0.19215687
v 1.50355 0.39478 -0.98039 0.19215687 0.38039216 0.19215687
v 1.50277 0.38192 -0.9893 0.19215687 0.38039216 0.19215687
v 1.50397 0.38439 -1.00004 0.19215687 0.38039216 0.19215687
v 1.50355 0.39478 -0.98039 0.19215687 0.38039216 0.19215687
v 1.50764 0.39326 -1.00696 0.19215687 0.38039216 0.19215687
v 1.50397 0.38439 -1.00004 0.19215687 0.38039216 0.19215687
v 1.50355 0.39478 -0.98039 0.19215687 0.38039216 0.19215687
v 1.50397 0.38439 -1.00004 0.19215687 0.38039216 0.19215687
v 1.50764 0.39326 -1.00696 0.19215687 0.38039216 0.19215687
v 1.50355 0.39478 -0.98039 0.19215687 0.38039216 0.19215687
v 1.51382 0.41371 -1.00871 0.19215687 0.38039216 0.19215687
v 1.50764 0.39326 -1.00696 0.19215687 0.38039216 0.19215687
v 1.50355 0.39478 -0.98039 0.19215687 0.38039216 0.19215687
v 1.50764 0.39326 -1.00696 0.19215687 0.38039216 0.19215687
v 1.51382 0.41371 -1.00871 0.19215687 0.38039216 0.19215687
v 1.50355 0.39478 -0.98039 0.19215687 0.38039216 0.19215687
v 1.49985 0.42959 -0.99815 0.19215687 0.38039216 0.19215687
v 1.51382 0.41371 -1.00871 0.19215687 0.38039216 0.19215687
v 1.50355 0.39478 -0.98039 0.19215687 0.38039216 0.19215687
v 1.51382 0.41371 -1.00871 0.19215687 0.38039216 0.19215687
v 1.49985 0.42959 -0.99815 0.19215687 0.38039216 0.19215687
v 1.50355 0.39478 -0.98039 0.19215687 0.38039216 0.19215687
v 1.50061 0.41747 -0.98533 0.19215687 0.38039216 0.19215687
v 1.49985 0.42959 -0.99815 0.19215687 0.38039216 0.19215687
v 1.50355 0.39478 -0.98039 0.19215687 0.38039216 0.19215687
v 1.49985 0.42959 -0.99815 0.19215687 0.38039216 0.19215687
v 1.50061 0.41747 -0.98533 0.19215687 0.38039216 0.19215687
v 1.50061 0.41747 -0.98533 0.19215687 0.38039216 0.19215687
v 1.48482 0.4235 -0.99637 0.19215687 0.38039216 0.19215687
v 1.49985 0.42959 -0.99815 0.19215687 0.38039216 0.19215687
v 1.50061 0.41747 -0.98533 0.19215687 0.38039216 0.19215687
v 1.49985 0.42959 -0.99815 0.19215687 0.38039216 0.19215687
v 1.48482 0.4235 -0.99637 0.19215687 0.38039216 0.19215687
f 1 3 2
f 4 6 5
f 7 9 8
f 10 12 11
f 13 15 14
f 16 18 17
f 19 21 20
f 22 24 23
f 25 27 26
f 28 30 29
f 31 33 32
f 34 36 35
f 37 39 38
f 40 42 41
f 43 45 44
f 46 48 47
f 49 51 50
f 52 54 53
f 55 57 56
f 58 60 59
f 61 63 62
f 64 66 65
f 67 69 68
f 70 72 71
f 73 75 74
f 76 78 77
f 79 81 80
f 82 84 83
f 85 87 86
f 88 90 89
f 91 93 92
f 94 96 95
f 97 99 98
f 100 102 101
f 103 105 104
f 106 108 107
f 109 111 110
f 112 114 113
f 115 117 116
f 118 120 119
f 121 123 122
f 124 126 125
f 127 129 128
f 130 132 131
f 133 135 134
f 136 138 137
f 139 141 140
f 142 144 143
f 145 147 146
f 148 150 149
f 151 153 152
f 154 156 155
f 157 159 158
f 160 162 161
f 163 165 164
f 166 168 167
f 169 171 170
f 172 174 173
f 175 177 176
f 178 180 179
f 181 183 182
f 184 186 185
f 187 189 188
f 190 192 191
f 193 195 194
f 196 198 197
f 199 201 200
f 202 204 203
f 205 207 206
f 208 210 209
f 211 213 212
f 214 216 215
f 217 219 218
f 220 222 221
f 223 225 224
f 226 228 227
f 229 231 230
f 232 234 233
f 235 237 236
f 238 240 239
f 241 243 242
f 244 246 245
f 247 249 248
f 250 252 251
f 253 255 254
f 256 258 257
f 259 261 260
f 262 264 263
f 265 267 266
f 268 270 269
f 271 273 272
f 274 276 275
f 277 279 278
f 280 282 281
f 283 285 284
f 286 288 287
f 289 291 290
f 292 294 293
f 295 297 296
f 298 300 299
f 301 303 302
f 304 306 305
f 307 309 308
f 310 312 311
f 313 315 314
f 316 318 317
f 319 321 320
f 322 324 323
f 325 327 326
f 328 330 329
f 331 333 332
f 334 336 335
f 337 339 338
f 340 342 341
f 343 345 344
f 346 348 347
f 349 351 350
f 352 354 353
f 355 357 356
f 358 360 359
f 361 363 362
f 364 366 365
f 367 369 368
f 370 372 371
f 373 375 374
f 376 378 377
f 379 381 380
f 382 384 383
f 385 387 386
f 388 390 389
f 391 393 392
f 394 396 395
f 397 399 398
f 400 402 401
f 403 405 404
f 406 408 407
f 409 411 410
f 412 414 413
f 415 417 416
f 418 420 419
f 421 423 422
f 424 426 425
f 427 429 428
f 430 432 431
f 433 435 434
f 436 438 437
f 439 441 440
f 442 444 443
f 445 447 446
f 448 450 449
f 451 453 452
f 454 456 455
f 457 459 458
f 460 462 461
f 463 465 464
f 466 468 467
f 469 471 470
f 472 474 473
f 475 477 476
f 478 480 479
f 481 483 482
f 484 486 485
f 487 489 488
f 490 492 491
f 493 495 494
f 496 498 497
f 499 501 500
f 502 504 503
f 505 507 506
f 508 510 509
f 511 513 512
f 514 516 515
f 517 519 518
f 520 522 521
f 523 525 524
f 526 528 527
f 529 531 530
f 532 534 533
f 535 537 536
f 538 540 539
f 541 543 542
f 544 546 545
f 547 549 548
f 550 552 551
f 553 555 554
f 556 558 557
f 559 561 560
f 562 564 563
f 565 567 566
f 568 570 569
f 571 573 572
f 574 576 575
f 577 579 578
f 580 582 581
f 583 585 584
f 586 588 587
f 589 591 590
f 592 594 593
f 595 597 596
f 598 600 599
f 601 603 602
f 604 606 605
f 607 609 608
f 610 612 611
f 613 615 614
f 616 618 617
f 619 621 620
f 622 624 623
f 625 627 626
f 628 630 629
f 631 633 632
f 634 636 635
f 637 639 638
f 640 642 641
f 643 645 644
f 646 648 647
f 649 651 650
f 652 654 653
f 655 657 656
f 658 660 659
f 661 663 662
f 664 666 665
f 667 669 668
f 670 672 671
f 673 675 674
f 676 678 677
f 679 681 680
f 682 684 683
f 685 687 686
f 688 690 689
f 691 693 692
f 694 696 695
f 697 699 698
f 700 702 701
f 703 705 704
f 706 708 707
f 709 711 710
f 712 714 713
f 715 717 716
f 718 720 719
f 721 723 722
f 724 726 725
f 727 729 728
f 730 732 731
f 733 735 734
f 736 738 737
f 739 741 740
f 742 744 743
f 745 747 746
f 748 750 749
f 751 753 752
f 754 756 755
f 757 759 758
f 760 762 761
f 763 765 764
f 766 768 767
f 769 771 770
f 772 774 773
f 775 777 776
f 778 780 779
f 781 783 782
f 784 786 785
f 787 789 788
f 790 792 791
f 793 795 794
f 796 798 797
f 799 801 800
f 802 804 803
f 805 807 806
f 808 810 809
f 811 813 812
f 814 816 815
f 817 819 818
f 820 822 821
f 823 825 824
f 826 828 827
f 829 831 830
f 832 834 833
f 835 837 836
f 838 840 839
f 841 843 842
f 844 846 845
f 847 849 848
f 850 852 851
f 853 855 854
f 856 858 857
f 859 861 860
f 862 864 863
f 865 867 866
f 868 870 869
f 871 873 872
f 874 876 875
f 877 879 878
f 880 882 881
f 883 885 884
f 886 888 887
f 889 891 890
f 892 894 893
f 895 897 896
f 898 900 899
f 901 903 902
f 904 906 905
f 907 909 908
f 910 912 911
f 913 915 914
f 916 918 917
f 919 921 920
f 922 924 923
f 925 927 926
f 928 930 929
f 931 933 932
f 934 936 935
f 937 939 938
f 940 942 941
f 943 945 944
f 946 948 947
f 949 951 950
f 952 954 953
f 955 957 956
f 958 960 959
f 961 963 962
f 964 966 965
f 967 969 968
f 970 972 971
f 973 975 974
f 976 978 977
f 979 981 980
f 982 984 983
f 985 987 986
f 988 990 989
f 991 993 992
f 994 996 995
f 997 999 998
f 1000 1002 1001
f 1003 1005 1004
f 1006 1008 1007
f 1009 1011 1010
f 1012 1014 1013
f 1015 1017 1016
f 1018 1020 1019
f 1021 1023 1022
f 1024 1026 1025
f 1027 1029 1028
f 1030 1032 1031
f 1033 1035 1034
f 1036 1038 1037
f 1039 1041 1040
f 1042 1044 1043
f 1045 1047 1046
f 1048 1050 1049
f 1051 1053 1052
f 1054 1056 1055
f 1057 1059 1058
f 1060 1062 1061
f 1063 1065 1064
f 1066 1068 1067
f 1069 1071 1070
f 1072 1074 1073
f 1075 1077 1076
f 1078 1080 1079
f 1081 1083 1082
f 1084 1086 1085
f 1087 1089 1088
f 1090 1092 1091
f 1093 1095 1094
f 1096 1098 1097
f 1099 1101 1100
f 1102 1104 1103
f 1105 1107 1106
f 1108 1110 1109
f 1111 1113 1112
f 1114 1116 1115
f 1117 1119 1118
f 1120 1122 1121
f 1123 1125 1124
f 1126 1128 1127
f 1129 1131 1130
f 1132 1134 1133
f 1135 1137 1136
f 1138 1140 1139
f 1141 1143 1142
f 1144 1146 1145
f 1147 1149 1148
f 1150 1152 1151
f 1153 1155 1154
f 1156 1158 1157
f 1159 1161 1160
f 1162 1164 1163
f 1165 1167 1166
f 1168 1170 1169
f 1171 1173 1172
f 1174 1176 1175
f 1177 1179 1178
f 1180 1182 1181
f 1183 1185 1184
f 1186 1188 1187
f 1189 1191 1190
f 1192 1194 1193
f 1195 1197 1196
f 1198 1200 1199
f 1201 1203 1202
f 1204 1206 1205
f 1207 1209 1208
f 1210 1212 1211
f 1213 1215 1214
f 1216 1218 1217
f 1219 1221 1220
f 1222 1224 1223
f 1225 1227 1226
f 1228 1230 1229
f 1231 1233 1232
f 1234 1236 1235
f 1237 1239 1238
f 1240 1242 1241
f 1243 1245 1244
f 1246 1248 1247
f 1249 1251 1250
f 1252 1254 1253
f 1255 1257 1256
f 1258 1260 1259
f 1261 1263 1262
f 1264 1266 1265
f 1267 1269 1268
f 1270 1272 1271
f 1273 1275 1274
f 1276 1278 1277
f 1279 1281 1280
f 1282 1284 1283
f 1285 1287 1286
f 1288 1290 1289
f 1291 1293 1292
f 1294 1296 1295
f 1297 1299 1298
f 1300 1302 1301
f 1303 1305 1304
f 1306 1308 1307
f 1309 1311 1310
f 1312 1314 1313
f 1315 1317 1316
f 1318 1320 1319
f 1321 1323 1322
f 1324 1326 1325
f 1327 1329 1328
f 1330 1332 1331
f 1333 1335 1334
f 1336 1338 1337
f 1339 1341 1340
f 1342 1344 1343
f 1345 1347 1346
f 1348 1350 1349
f 1351 1353 1352
f 1354 1356 1355
f 1357 1359 1358
f 1360 1362 1361
f 1363 1365 1364
f 1366 1368 1367
f 1369 1371 1370
f 1372 1374 1373
f 1375 1377 1376
f 1378 1380 1379
f 1381 1383 1382
f 1384 1386 1385
f 1387 1389 1388
f 1390 1392 1391
f 1393 1395 1394
f 1396 1398 1397
f 1399 1401 1400
f 1402 1404 1403
f 1405 1407 1406
f 1408 1410 1409
f 1411 1413 1412
f 1414 1416 1415
f 1417 1419 1418
f 1420 1422 1421
f 1423 1425 1424
f 1426 1428 1427
f 1429 1431 1430
f 1432 1434 1433
f 1435 1437 1436
f 1438 1440 1439
f 1441 1443 1442
f 1444 1446 1445
f 1447 1449 1448
f 1450 1452 1451
f 1453 1455 1454
f 1456 1458 1457
f 1459 1461 1460
f 1462 1464 1463
f 1465 1467 1466
f 1468 1470 1469
f 1471 1473 1472
f 1474 1476 1475
f 1477 1479 1478
f 1480 1482 1481
f 1483 1485 1484
f 1486 1488 1487
f 1489 1491 1490
f 1492 1494 1493
f 1495 1497 1496
f 1498 1500 1499
f 1501 1503 1502
f 1504 1506 1505
f 1507 1509 1508
f 1510 1512 1511
f 1513 1515 1514
f 1516 1518 1517
f 1519 1521 1520
f 1522 1524 1523
f 1525 1527 1526
f 1528 1530 1529
f 1531 1533 1532
f 1534 1536 1535
f 1537 1539 1538
f 1540 1542 1541
f 1543 1545 1544
f 1546 1548 1547
f 1549 1551 1550
f 1552 1554 1553
f 1555 1557 1556
f 1558 1560 1559
f 1561 1563 1562
f 1564 1566 1565
f 1567 1569 1568
f 1570 1572 1571
f 1573 1575 1574
f 1576 1578 1577
f 1579 1581 1580
f 1582 1584 1583
f 1585 1587 1586
f 1588 1590 1589
f 1591 1593 1592
f 1594 1596 1595
f 1597 1599 1598
f 1600 1602 1601
f 1603 1605 1604
f 1606 1608 1607
f 1609 1611 1610
f 1612 1614 1613
f 1615 1617 1616
f 1618 1620 1619
f 1621 1623 1622
f 1624 1626 1625
f 1627 1629 1628
f 1630 1632 1631
f 1633 1635 1634
f 1636 1638 1637
f 1639 1641 1640
f 1642 1644 1643
f 1645 1647 1646
f 1648 1650 1649
f 1651 1653 1652
f 1654 1656 1655
f 1657 1659 1658
f 1660 1662 1661
f 1663 1665 1664
f 1666 1668 1667
f 1669 1671 1670
f 1672 1674 1673
f 1675 1677 1676
f 1678 1680 1679
f 1681 1683 1682
f 1684 1686 1685
f 1687 1689 1688
f 1690 1692 1691
f 1693 1695 1694
f 1696 1698 1697
f 1699 1701 1700
f 1702 1704 1703
f 1705 1707 1706
f 1708 1710 1709
f 1711 1713 1712
f 1714 1716 1715
f 1717 1719 1718
f 1720 1722 1721
f 1723 1725 1724
f 1726 1728 1727
f 1729 1731 1730
f 1732 1734 1733
f 1735 1737 1736
f 1738 1740 1739
f 1741 1743 1742
f 1744 1746 1745
f 1747 1749 1748
f 1750 1752 1751
f 1753 1755 1754
f 1756 1758 1757
f 1759 1761 1760
f 1762 1764 1763
f 1765 1767 1766
f 1768 1770 1769
f 1771 1773 1772
f 1774 1776 1775
f 1777 1779 1778
f 1780 1782 1781
f 1783 1785 1784
f 1786 1788 1787
f 1789 1791 1790
f 1792 1794 1793
f 1795 1797 1796
f 1798 1800 1799
f 1801 1803 1802
f 1804 1806 1805
f 1807 1809 1808
f 1810 1812 1811
f 1813 1815 1814
f 1816 1818 1817
f 1819 1821 1820
f 1822 1824 1823
f 1825 1827 1826
f 1828 1830 1829
f 1831 1833 1832
f 1834 1836 1835
f 1837 1839 1838
f 1840 1842 1841
f 1843 1845 1844
f 1846 1848 1847
f 1849 1851 1850
f 1852 1854 1853
f 1855 1857 1856
f 1858 1860 1859
f 1861 1863 1862
f 1864 1866 1865
f 1867 1869 1868
f 1870 1872 1871
f 1873 1875 1874
f 1876 1878 1877
f 1879 1881 1880
f 1882 1884 1883
f 1885 1887 1886
f 1888 1890 1889
f 1891 1893 1892
f 1894 1896 1895
f 1897 1899 1898
f 1900 1902 1901
f 1903 1905 1904
f 1906 1908 1907
f 1909 1911 1910
f 1912 1914 1913
f 1915 1917 1916
f 1918 1920 1919
f 1921 1923 1922
f 1924 1926 1925
f 1927 1929 1928
f 1930 1932 1931
f 1933 1935 1934
f 1936 1938 1937
f 1939 1941 1940
f 1942 1944 1943
f 1945 1947 1946
f 1948 1950 1949
f 1951 1953 1952
f 1954 1956 1955
f 1957 1959 1958
f 1960 1962 1961
f 1963 1965 1964
f 1966 1968 1967
f 1969 1971 1970
f 1972 1974 1973
f 1975 1977 1976
f 1978 1980 1979
f 1981 1983 1982
f 1984 1986 1985
f 1987 1989 1988
f 1990 1992 1991
f 1993 1995 1994
f 1996 1998 1997
f 1999 2001 2000
f 2002 2004 2003
f 2005 2007 2006
f 2008 2010 2009
f 2011 2013 2012
f 2014 2016 2015
f 2017 2019 2018
f 2020 2022 2021
f 2023 2025 2024
f 2026 2028 2027
f 2029 2031 2030
f 2032 2034 2033
f 2035 2037 2036
f 2038 2040 2039
f 2041 2043 2042
f 2044 2046 2045
f 2047 2049 2048
f 2050 2052 2051
f 2053 2055 2054
f 2056 2058 2057
f 2059 2061 2060
f 2062 2064 2063
f 2065 2067 2066
f 2068 2070 2069
f 2071 2073 2072
f 2074 2076 2075
f 2077 2079 2078
f 2080 2082 2081
f 2083 2085 2084
f 2086 2088 2087
f 2089 2091 2090
f 2092 2094 2093
f 2095 2097 2096
f 2098 2100 2099
f 2101 2103 2102
f 2104 2106 2105
f 2107 2109 2108
f 2110 2112 2111
f 2113 2115 2114
f 2116 2118 2117
f 2119 2121 2120
f 2122 2124 2123
f 2125 2127 2126
f 2128 2130 2129
f 2131 2133 2132
f 2134 2136 2135
f 2137 2139 2138
f 2140 2142 2141
f 2143 2145 2144
f 2146 2148 2147
f 2149 2151 2150
f 2152 2154 2153
f 2155 2157 2156
f 2158 2160 2159
f 2161 2163 2162
f 2164 2166 2165
f 2167 2169 2168
f 2170 2172 2171
f 2173 2175 2174
f 2176 2178 2177
f 2179 2181 2180
f 2182 2184 2183
f 2185 2187 2186
f 2188 2190 2189
f 2191 2193 2192
f 2194 2196 2195
f 2197 2199 2198
f 2200 2202 2201
f 2203 2205 2204
f 2206 2208 2207
f 2209 2211 2210
f 2212 2214 2213
f 2215 2217 2216
f 2218 2220 2219
f 2221 2223 2222
f 2224 2226 2225
f 2227 2229 2228
f 2230 2232 2231
f 2233 2235 2234
f 2236 2238 2237
f 2239 2241 2240
f 2242 2244 2243
f 2245 2247 2246
f 2248 2250 2249
f 2251 2253 2252
f 2254 2256 2255
f 2257 2259 2258
f 2260 2262 2261
f 2263 2265 2264
f 2266 2268 2267
f 2269 2271 2270
f 2272 2274 2273
f 2275 2277 2276
f 2278 2280 2279
f 2281 2283 2282
f 2284 2286 2285
f 2287 2289 2288
f 2290 2292 2291
f 2293 2295 2294
f 2296 2298 2297
f 2299 2301 2300
f 2302 2304 2303
f 2305 2307 2306
f 2308 2310 2309
f 2311 2313 2312
f 2314 2316 2315
f 2317 2319 2318
f 2320 2322 2321
f 2323 2325 2324
f 2326 2328 2327
f 2329 2331 2330
f 2332 2334 2333
f 2335 2337 2336
f 2338 2340 2339
f 2341 2343 2342
f 2344 2346 2345
f 2347 2349 2348
f 2350 2352 2351
f 2353 2355 2354
f 2356 2358 2357
f 2359 2361 2360
f 2362 2364 2363
f 2365 2367 2366
f 2368 2370 2369
f 2371 2373 2372
f 2374 2376 2375
f 2377 2379 2378
f 2380 2382 2381
f 2383 2385 2384
f 2386 2388 2387
f 2389 2391 2390
f 2392 2394 2393
f 2395 2397 2396
f 2398 2400 2399
f 2401 2403 2402
f 2404 2406 2405
f 2407 2409 2408
f 2410 2412 2411
f 2413 2415 2414
f 2416 2418 2417
f 2419 2421 2420
f 2422 2424 2423
f 2425 2427 2426
f 2428 2430 2429
f 2431 2433 2432
f 2434 2436 2435
f 2437 2439 2438
f 2440 2442 2441
f 2443 2445 2444
f 2446 2448 2447
f 2449 2451 2450
f 2452 2454 2453
f 2455 2457 2456
f 2458 2460 2459
f 2461 2463 2462
f 2464 2466 2465
f 2467 2469 2468
f 2470 2472 2471
f 2473 2475 2474
f 2476 2478 2477
f 2479 2481 2480
f 2482 2484 2483
f 2485 2487 2486
f 2488 2490 2489
f 2491 2493 2492
f 2494 2496 2495
f 2497 2499 2498
f 2500 2502 2501
f 2503 2505 2504
f 2506 2508 2507
f 2509 2511 2510
f 2512 2514 2513
f 2515 2517 2516
f 2518 2520 2519
f 2521 2523 2522
f 2524 2526 2525
f 2527 2529 2528
f 2530 2532 2531
f 2533 2535 2534
f 2536 2538 2537
f 2539 2541 2540
f 2542 2544 2543
f 2545 2547 2546
f 2548 2550 2549
f 2551 2553 2552
f 2554 2556 2555
f 2557 2559 2558
f 2560 2562 2561
f 2563 2565 2564
f 2566 2568 2567
f 2569 2571 2570
f 2572 2574 2573
f 2575 2577 2576
f 2578 2580 2579
f 2581 2583 2582
f 2584 2586 2585
f 2587 2589 2588
f 2590 2592 2591
f 2593 2595 2594
f 2596 2598 2597
f 2599 2601 2600
f 2602 2604 2603
f 2605 2607 2606
f 2608 2610 2609
f 2611 2613 2612
f 2614 2616 2615
f 2617 2619 2618
f 2620 2622 2621
f 2623 2625 2624
f 2626 2628 2627
f 2629 2631 2630
f 2632 2634 2633
f 2635 2637 2636
f 2638 2640 2639
f 2641 2643 2642
f 2644 2646 2645
f 2647 2649 2648
f 2650 2652 2651
f 2653 2655 2654
f 2656 2658 2657
f 2659 2661 2660
f 2662 2664 2663
f 2665 2667 2666
f 2668 2670 2669
f 2671 2673 2672
f 2674 2676 2675
f 2677 2679 2678
f 2680 2682 2681
f 2683 2685 2684
f 2686 2688 2687
f 2689 2691 2690
f 2692 2694 2693
f 2695 2697 2696
f 2698 2700 2699
f 2701 2703 2702
f 2704 2706 2705
f 2707 2709 2708
f 2710 2712 2711
f 2713 2715 2714
f 2716 2718 2717
f 2719 2721 2720
f 2722 2724 2723
f 2725 2727 2726
f 2728 2730 2729
f 2731 2733 2732
f 2734 2736 2735
f 2737 2739 2738
f 2740 2742 2741
f 2743 2745 2744
f 2746 2748 2747
f 2749 2751 2750
f 2752 2754 2753
f 2755 2757 2756
f 2758 2760 2759
f 2761 2763 2762
f 2764 2766 2765
f 2767 2769 2768
f 2770 2772 2771
f 2773 2775 2774
f 2776 2778 2777
f 2779 2781 2780
f 2782 2784 2783
f 2785 2787 2786
f 2788 2790 2789
f 2791 2793 2792
f 2794 2796 2795
f 2797 2799 2798
f 2800 2802 2801
f 2803 2805 2804
f 2806 2808 2807
f 2809 2811 2810
f 2812 2814 2813
f 2815 2817 2816
f 2818 2820 2819
f 2821 2823 2822
f 2824 2826 2825
f 2827 2829 2828
f 2830 2832 2831
f 2833 2835 2834
f 2836 2838 2837
f 2839 2841 2840
f 2842 2844 2843
f 2845 2847 2846
f 2848 2850 2849
f 2851 2853 2852
f 2854 2856 2855
f 2857 2859 2858
f 2860 2862 2861
f 2863 2865 2864
f 2866 2868 2867
f 2869 2871 2870
f 2872 2874 2873
f 2875 2877 2876
f 2878 2880 2879
f 2881 2883 2882
f 2884 2886 2885
f 2887 2889 2888
f 2890 2892 2891
f 2893 2895 2894
f 2896 2898 2897
f 2899 2901 2900
f 2902 2904 2903
f 2905 2907 2906
f 2908 2910 2909
f 2911 2913 2912
f 2914 2916 2915
f 2917 2919 2918
f 2920 2922 2921
f 2923 2925 2924
f 2926 2928 2927
f 2929 2931 2930
f 2932 2934 2933
f 2935 2937 2936
f 2938 2940 2939
f 2941 2943 2942
f 2944 2946 2945
f 2947 2949 2948
f 2950 2952 2951
f 2953 2955 2954
f 2956 2958 2957
f 2959 2961 2960
f 2962 2964 2963
f 2965 2967 2966
f 2968 2970 2969
f 2971 2973 2972
f 2974 2976 2975
f 2977 2979 2978
f 2980 2982 2981
f 2983 2985 2984
f 2986 2988 2987
f 2989 2991 2990
f 2992 2994 2993
f 2995 2997 2996
f 2998 3000 2999
f 3001 3003 3002
f 3004 3006 3005
f 3007 3009 3008
f 3010 3012 3011
f 3013 3015 3014
f 3016 3018 3017
f 3019 3021 3020
f 3022 3024 3023
f 3025 3027 3026
f 3028 3030 3029
f 3031 3033 3032
f 3034 3036 3035
f 3037 3039 3038
f 3040 3042 3041
f 3043 3045 3044
f 3046 3048 3047
f 3049 3051 3050
f 3052 3054 3053
f 3055 3057 3056
f 3058 3060 3059
f 3061 3063 3062
f 3064 3066 3065
f 3067 3069 3068
f 3070 3072 3071
f 3073 3075 3074
f 3076 3078 3077
f 3079 3081 3080
f 3082 3084 3083
f 3085 3087 3086
f 3088 3090 3089
f 3091 3093 3092
f 3094 3096 3095
f 3097 3099 3098
f 3100 3102 3101
f 3103 3105 3104
f 3106 3108 3107
f 3109 3111 3110
f 3112 3114 3113
f 3115 3117 3116
f 3118 3120 3119
f 3121 3123 3122
f 3124 3126 3125
f 3127 3129 3128
f 3130 3132 3131
f 3133 3135 3134
f 3136 3138 3137
f 3139 3141 3140
f 3142 3144 3143
f 3145 3147 3146
f 3148 3150 3149
f 3151 3153 3152
f 3154 3156 3155
f 3157 3159 3158
f 3160 3162 3161
f 3163 3165 3164
f 3166 3168 3167
f 3169 3171 3170
f 3172 3174 3173
f 3175 3177 3176
f 3178 3180 3179
f 3181 3183 3182
f 3184 3186 3185
f 3187 3189 3188
f 3190 3192 3191
f 3193 3195 3194
f 3196 3198 3197
f 3199 3201 3200
f 3202 3204 3203
f 3205 3207 3206
f 3208 3210 3209
f 3211 3213 3212
f 3214 3216 3215
f 3217 3219 3218
f 3220 3222 3221
f 3223 3225 3224
f 3226 3228 3227
f 3229 3231 3230
f 3232 3234 3233
f 3235 3237 3236
f 3238 3240 3239
