# split-by-signature : stems
# source : cucumber_day_09_raw.obj
# vertices: 7200
v -1.5 0.075 1.0 1.0 1.0 0.33333334
v -1.49541 0.075 1.00139 1.0 1.0 0.33333334
v -1.4952 0.075 0.9999 1.0 1.0 0.33333334
v -1.5 0.10036 1.0 1.0 1.0 0.33333334
v -1.4952 0.10036 0.9999 1.0 1.0 0.33333334
v -1.49541 0.10036 1.00139 1.0 1.0 0.33333334
v -1.4952 0.075 0.9999 1.0 1.0 0.33333334
v -1.49541 0.075 1.00139 1.0 1.0 0.33333334
v -1.49541 0.10036 1.00139 1.0 1.0 0.33333334
v -1.4952 0.075 0.9999 1.0 1.0 0.33333334
v -1.49541 0.10036 1.00139 1.0 1.0 0.33333334
v -1.4952 0.10036 0.9999 1.0 1.0 0.33333334
v -1.5 0.075 1.0 1.0 1.0 0.33333334
v -1.49606 0.075 1.00274 1.0 1.0 0.33333334
v -1.49541 0.075 1.00139 1.0 1.0 0.33333334
v -1.5 0.10036 1.0 1.0 1.0 0.33333334
v -1.49541 0.10036 1.00139 1.0 1.0 0.33333334
v -1.49606 0.10036 1.00274 1.0 1.0 0.33333334
v -1.49541 0.075 1.00139 1.0 1.0 0.33333334
v -1.49606 0.075 1.00274 1.0 1.0 0.33333334
v -1.49606 0.10036 1.00274 1.0 1.0 0.33333334
v -1.49541 0.075 1.00139 1.0 1.0 0.33333334
v -1.49606 0.10036 1.00274 1.0 1.0 0.33333334
v -1.49541 0.10036 1.00139 1.0 1.0 0.33333334
v -1.5 0.075 1.0 1.0 1.0 0.33333334
v -1.4971 0.075 1.00383 1.0 1.0 0.33333334
v -1.49606 0.075 1.00274 1.0 1.0 0.33333334
v -1.5 0.10036 1.0 1.0 1.0 0.33333334
v -1.49606 0.10036 1.00274 1.0 1.0 0.33333334
v -1.4971 0.10036 1.00383 1.0 1.0 0.33333334
v -1.49606 0.075 1.00274 1.0 1.0 0.33333334
v -1.4971 0.075 1.00383 1.0 1.0 0.33333334
v -1.4971 0.10036 1.00383 1.0 1.0 0.33333334
v -1.49606 0.075 1.00274 1.0 1.0 0.33333334
v -1.4971 0.10036 1.00383 1.0 1.0 0.33333334
v -1.49606 0.10036 1.00274 1.0 1.0 0.33333334
v -1.5 0.075 1.0 1.0 1.0 0.33333334
v -1.49843 0.075 1.00453 1.0 1.0 0.33333334
v -1.4971 0.075 1.00383 1.0 1.0 0.33333334
v -1.5 0.10036 1.0 1.0 1.0 0.33333334
v -1.4971 0.10036 1.00383 1.0 1.0 0.33333334
v -1.49843 0.10036 1.00453 1.0 1.0 0.33333334
v -1.4971 0.075 1.00383 1.0 1.0 0.33333334
v -1.49843 0.075 1.00453 1.0 1.0 0.33333334
v -1.49843 0.10036 1.00453 1.0 1.0 0.33333334
v -1.4971 0.075 1.00383 1.0 1.0 0.33333334
v -1.49843 0.10036 1.00453 1.0 1.0 0.33333334
v -1.4971 0.10036 1.00383 1.0 1.0 0.33333334
v -1.5 0.075 1.0 1.0 1.0 0.33333334
v -1.4999 0.075 1.0048 1.0 1.0 0.33333334
v -1.49843 0.075 1.00453 1.0 1.0 0.33333334
v -1.5 0.10036 1.0 1.0 1.0 0.33333334
v -1.49843 0.10036 1.00453 1.0 1.0 0.33333334
v -1.4999 0.10036 1.0048 1.0 1.0 0.33333334
v -1.49843 0.075 1.00453 1.0 1.0 0.33333334
v -1.4999 0.075 1.0048 1.0 1.0 0.33333334
v -1.4999 0.10036 1.0048 1.0 1.0 0.33333334
v -1.49843 0.075 1.00453 1.0 1.0 0.33333334
v -1.4999 0.10036 1.0048 1.0 1.0 0.33333334
v -1.49843 0.10036 1.00453 1.0 1.0 0.33333334
v -1.5 0.075 1.0 1.0 1.0 0.33333334
v -1.50139 0.075 1.00459 1.0 1.0 0.33333334
v -1.4999 0.075 1.0048 1.0 1.0 0.33333334
v -1.5 0.10036 1.0 1.0 1.0 0.33333334
v -1.4999 0.10036 1.0048 1.0 1.0 0.33333334
v -1.50139 0.10036 1.00459 1.0 1.0 0.33333334
v -1.4999 0.075 1.0048 1.0 1.0 0.33333334
v -1.50139 0.075 1.00459 1.0 1.0 0.33333334
v -1.50139 0.10036 1.00459 1.0 1.0 0.33333334
v -1.4999 0.075 1.0048 1.0 1.0 0.33333334
v -1.50139 0.10036 1.00459 1.0 1.0 0.33333334
v -1.4999 0.10036 1.0048 1.0 1.0 0.33333334
v -1.5 0.075 1.0 1.0 1.0 0.33333334
v -1.50274 0.075 1.00394 1.0 1.0 0.33333334
v -1.50139 0.075 1.00459 1.0 1.0 0.33333334
v -1.5 0.10036 1.0 1.0 1.0 0.33333334
v -1.50139 0.10036 1.00459 1.0 1.0 0.33333334
v -1.50274 0.10036 1.00394 1.0 1.0 0.33333334
v -1.50139 0.075 1.00459 1.0 1.0 0.33333334
v -1.50274 0.075 1.00394 1.0 1.0 0.33333334
v -1.50274 0.10036 1.00394 1.0 1.0 0.33333334
v -1.50139 0.075 1.00459 1.0 1.0 0.33333334
v -1.50274 0.10036 1.00394 1.0 1.0 0.33333334
v -1.50139 0.10036 1.00459 1.0 1.0 0.33333334
v -1.5 0.075 1.0 1.0 1.0 0.33333334
v -1.50383 0.075 1.0029 1.0 1.0 0.33333334
v -1.50274 0.075 1.00394 1.0 1.0 0.33333334
v -1.5 0.10036 1.0 1.0 1.0 0.33333334
v -1.50274 0.10036 1.00394 1.0 1.0 0.33333334
v -1.50383 0.10036 1.0029 1.0 1.0 0.33333334
v -1.50274 0.075 1.00394 1.0 1.0 0.33333334
v -1.50383 0.075 1.0029 1.0 1.0 0.33333334
v -1.50383 0.10036 1.0029 1.0 1.0 0.33333334
v -1.50274 0.075 1.00394 1.0 1.0 0.33333334
v -1.50383 0.10036 1.0029 1.0 1.0 0.33333334
v -1.50274 0.10036 1.00394 1.0 1.0 0.33333334
v -1.5 0.075 1.0 1.0 1.0 0.33333334
v -1.50453 0.075 1.00157 1.0 1.0 0.33333334
v -1.50383 0.075 1.0029 1.0 1.0 0.33333334
v -1.5 0.10036 1.0 1.0 1.0 0.33333334
v -1.50383 0.10036 1.0029 1.0 1.0 0.33333334
v -1.50453 0.10036 1.00157 1.0 1.0 0.33333334
v -1.50383 0.075 1.0029 1.0 1.0 0.33333334
v -1.50453 0.075 1.00157 1.0 1.0 0.33333334
v -1.50453 0.10036 1.00157 1.0 1.0 0.33333334
v -1.50383 0.075 1.0029 1.0 1.0 0.33333334
v -1.50453 0.10036 1.00157 1.0 1.0 0.33333334
v -1.50383 0.10036 1.0029 1.0 1.0 0.33333334
v -1.5 0.075 1.0 1.0 1.0 0.33333334
v -1.5048 0.075 1.0001 1.0 1.0 0.33333334
v -1.50453 0.075 1.00157 1.0 1.0 0.33333334
v -1.5 0.10036 1.0 1.0 1.0 0.33333334
v -1.50453 0.10036 1.00157 1.0 1.0 0.33333334
v -1.5048 0.10036 1.0001 1.0 1.0 0.33333334
v -1.50453 0.075 1.00157 1.0 1.0 0.33333334
v -1.5048 0.075 1.0001 1.0 1.0 0.33333334
v -1.5048 0.10036 1.0001 1.0 1.0 0.33333334
v -1.50453 0.075 1.00157 1.0 1.0 0.33333334
v -1.5048 0.10036 1.0001 1.0 1.0 0.33333334
v -1.50453 0.10036 1.00157 1.0 1.0 0.33333334
v -1.5 0.075 1.0 1.0 1.0 0.33333334
v -1.50459 0.075 0.99861 1.0 1.0 0.33333334
v -1.5048 0.075 1.0001 1.0 1.0 0.33333334
v -1.5 0.10036 1.0 1.0 1.0 0.33333334
v -1.5048 0.10036 1.0001 1.0 1.0 0.33333334
v -1.50459 0.10036 0.99861 1.0 1.0 0.33333334
v -1.5048 0.075 1.0001 1.0 1.0 0.33333334
v -1.50459 0.075 0.99861 1.0 1.0 0.33333334
v -1.50459 0.10036 0.99861 1.0 1.0 0.33333334
v -1.5048 0.075 1.0001 1.0 1.0 0.33333334
v -1.50459 0.10036 0.99861 1.0 1.0 0.33333334
v -1.5048 0.10036 1.0001 1.0 1.0 0.33333334
v -1.5 0.075 1.0 1.0 1.0 0.33333334
v -1.50394 0.075 0.99726 1.0 1.0 0.33333334
v -1.50459 0.075 0.99861 1.0 1.0 0.33333334
v -1.5 0.10036 1.0 1.0 1.0 0.33333334
v -1.50459 0.10036 0.99861 1.0 1.0 0.33333334
v -1.50394 0.10036 0.99726 1.0 1.0 0.33333334
v -1.50459 0.075 0.99861 1.0 1.0 0.33333334
v -1.50394 0.075 0.99726 1.0 1.0 0.33333334
v -1.50394 0.10036 0.99726 1.0 1.0 0.33333334
v -1.50459 0.075 0.99861 1.0 1.0 0.33333334
v -1.50394 0.10036 0.99726 1.0 1.0 0.33333334
v -1.50459 0.10036 0.99861 1.0 1.0 0.33333334
v -1.5 0.075 1.0 1.0 1.0 0.33333334
v -1.5029 0.075 0.99617 1.0 1.0 0.33333334
v -1.50394 0.075 0.99726 1.0 1.0 0.33333334
v -1.5 0.10036 1.0 1.0 1.0 0.33333334
v -1.50394 0.10036 0.99726 1.0 1.0 0.33333334
v -1.5029 0.10036 0.99617 1.0 1.0 0.33333334
v -1.50394 0.075 0.99726 1.0 1.0 0.33333334
v -1.5029 0.075 0.99617 1.0 1.0 0.33333334
v -1.5029 0.10036 0.99617 1.0 1.0 0.33333334
v -1.50394 0.075 0.99726 1.0 1.0 0.33333334
v -1.5029 0.10036 0.99617 1.0 1.0 0.33333334
v -1.50394 0.10036 0.99726 1.0 1.0 0.33333334
v -1.5 0.075 1.0 1.0 1.0 0.33333334
v -1.50157 0.075 0.99547 1.0 1.0 0.33333334
v -1.5029 0.075 0.99617 1.0 1.0 0.33333334
v -1.5 0.10036 1.0 1.0 1.0 0.33333334
v -1.5029 0.10036 0.99617 1.0 1.0 0.33333334
v -1.50157 0.10036 0.99547 1.0 1.0 0.33333334
v -1.5029 0.075 0.99617 1.0 1.0 0.33333334
v -1.50157 0.075 0.99547 1.0 1.0 0.33333334
v -1.50157 0.10036 0.99547 1.0 1.0 0.33333334
v -1.5029 0.075 0.99617 1.0 1.0 0.33333334
v -1.50157 0.10036 0.99547 1.0 1.0 0.33333334
v -1.5029 0.10036 0.99617 1.0 1.0 0.33333334
v -1.5 0.075 1.0 1.0 1.0 0.33333334
v -1.5001 0.075 0.9952 1.0 1.0 0.33333334
v -1.50157 0.075 0.99547 1.0 1.0 0.33333334
v -1.5 0.10036 1.0 1.0 1.0 0.33333334
v -1.50157 0.10036 0.99547 1.0 1.0 0.33333334
v -1.5001 0.10036 0.9952 1.0 1.0 0.33333334
v -1.50157 0.075 0.99547 1.0 1.0 0.33333334
v -1.5001 0.075 0.9952 1.0 1.0 0.33333334
v -1.5001 0.10036 0.9952 1.0 1.0 0.33333334
v -1.50157 0.075 0.99547 1.0 1.0 0.33333334
v -1.5001 0.10036 0.9952 1.0 1.0 0.33333334
v -1.50157 0.10036 0.99547 1.0 1.0 0.33333334
v -1.5 0.075 1.0 1.0 1.0 0.33333334
v -1.49861 0.075 0.99541 1.0 1.0 0.33333334
v -1.5001 0.075 0.9952 1.0 1.0 0.33333334
v -1.5 0.10036 1.0 1.0 1.0 0.33333334
v -1.5001 0.10036 0.9952 1.0 1.0 0.33333334
v -1.49861 0.10036 0.99541 1.0 1.0 0.33333334
v -1.5001 0.075 0.9952 1.0 1.0 0.33333334
v -1.49861 0.075 0.99541 1.0 1.0 0.33333334
v -1.49861 0.10036 0.99541 1.0 1.0 0.33333334
v -1.5001 0.075 0.9952 1.0 1.0 0.33333334
v -1.49861 0.10036 0.99541 1.0 1.0 0.33333334
v -1.5001 0.10036 0.9952 1.0 1.0 0.33333334
v -1.5 0.075 1.0 1.0 1.0 0.33333334
v -1.49726 0.075 0.99606 1.0 1.0 0.33333334
v -1.49861 0.075 0.99541 1.0 1.0 0.33333334
v -1.5 0.10036 1.0 1.0 1.0 0.33333334
v -1.49861 0.10036 0.99541 1.0 1.0 0.33333334
v -1.49726 0.10036 0.99606 1.0 1.0 0.33333334
v -1.49861 0.075 0.99541 1.0 1.0 0.33333334
v -1.49726 0.075 0.99606 1.0 1.0 0.33333334
v -1.49726 0.10036 0.99606 1.0 1.0 0.33333334
v -1.49861 0.075 0.99541 1.0 1.0 0.33333334
v -1.49726 0.10036 0.99606 1.0 1.0 0.33333334
v -1.49861 0.10036 0.99541 1.0 1.0 0.33333334
v -1.5 0.075 1.0 1.0 1.0 0.33333334
v -1.49617 0.075 0.9971 1.0 1.0 0.33333334
v -1.49726 0.075 0.99606 1.0 1.0 0.33333334
v -1.5 0.10036 1.0 1.0 1.0 0.33333334
v -1.49726 0.10036 0.99606 1.0 1.0 0.33333334
v -1.49617 0.10036 0.9971 1.0 1.0 0.33333334
v -1.49726 0.075 0.99606 1.0 1.0 0.33333334
v -1.49617 0.075 0.9971 1.0 1.0 0.33333334
v -1.49617 0.10036 0.9971 1.0 1.0 0.33333334
v -1.49726 0.075 0.99606 1.0 1.0 0.33333334
v -1.49617 0.10036 0.9971 1.0 1.0 0.33333334
v -1.49726 0.10036 0.99606 1.0 1.0 0.33333334
v -1.5 0.075 1.0 1.0 1.0 0.33333334
v -1.49547 0.075 0.99843 1.0 1.0 0.33333334
v -1.49617 0.075 0.9971 1.0 1.0 0.33333334
v -1.5 0.10036 1.0 1.0 1.0 0.33333334
v -1.49617 0.10036 0.9971 1.0 1.0 0.33333334
v -1.49547 0.10036 0.99843 1.0 1.0 0.33333334
v -1.49617 0.075 0.9971 1.0 1.0 0.33333334
v -1.49547 0.075 0.99843 1.0 1.0 0.33333334
v -1.49547 0.10036 0.99843 1.0 1.0 0.33333334
v -1.49617 0.075 0.9971 1.0 1.0 0.33333334
v -1.49547 0.10036 0.99843 1.0 1.0 0.33333334
v -1.49617 0.10036 0.9971 1.0 1.0 0.33333334
v -1.5 0.075 1.0 1.0 1.0 0.33333334
v -1.4952 0.075 0.9999 1.0 1.0 0.33333334
v -1.49547 0.075 0.99843 1.0 1.0 0.33333334
v -1.5 0.10036 1.0 1.0 1.0 0.33333334
v -1.49547 0.10036 0.99843 1.0 1.0 0.33333334
v -1.4952 0.10036 0.9999 1.0 1.0 0.33333334
v -1.49547 0.075 0.99843 1.0 1.0 0.33333334
v -1.4952 0.075 0.9999 1.0 1.0 0.33333334
v -1.4952 0.10036 0.9999 1.0 1.0 0.33333334
v -1.49547 0.075 0.99843 1.0 1.0 0.33333334
v -1.4952 0.10036 0.9999 1.0 1.0 0.33333334
v -1.49547 0.10036 0.99843 1.0 1.0 0.33333334
v -1.5 0.10036 1.0 1.0 1.0 0.33333334
v -1.49569 0.10046 1.0013 1.0 1.0 0.33333334
v -1.4955 0.10036 0.99991 1.0 1.0 0.33333334
v -1.50002 0.11378 0.9991 1.0 1.0 0.33333334
v -1.49552 0.11378 0.99901 1.0 1.0 0.33333334
v -1.49571 0.11387 1.0004 1.0 1.0 0.33333334
v -1.4955 0.10036 0.99991 1.0 1.0 0.33333334
v -1.49569 0.10046 1.0013 1.0 1.0 0.33333334
v -1.49571 0.11387 1.0004 1.0 1.0 0.33333334
v -1.4955 0.10036 0.99991 1.0 1.0 0.33333334
v -1.49571 0.11387 1.0004 1.0 1.0 0.33333334
v -1.49552 0.11378 0.99901 1.0 1.0 0.33333334
v -1.5 0.10036 1.0 1.0 1.0 0.33333334
v -1.49631 0.10054 1.00257 1.0 1.0 0.33333334
v -1.49569 0.10046 1.0013 1.0 1.0 0.33333334
v -1.50002 0.11378 0.9991 1.0 1.0 0.33333334
v -1.49571 0.11387 1.0004 1.0 1.0 0.33333334
v -1.49633 0.11396 1.00166 1.0 1.0 0.33333334
v -1.49569 0.10046 1.0013 1.0 1.0 0.33333334
v -1.49631 0.10054 1.00257 1.0 1.0 0.33333334
v -1.49633 0.11396 1.00166 1.0 1.0 0.33333334
v -1.49569 0.10046 1.0013 1.0 1.0 0.33333334
v -1.49633 0.11396 1.00166 1.0 1.0 0.33333334
v -1.49571 0.11387 1.0004 1.0 1.0 0.33333334
v -1.5 0.10036 1.0 1.0 1.0 0.33333334
v -1.49728 0.10061 1.00358 1.0 1.0 0.33333334
v -1.49631 0.10054 1.00257 1.0 1.0 0.33333334
v -1.50002 0.11378 0.9991 1.0 1.0 0.33333334
v -1.49633 0.11396 1.00166 1.0 1.0 0.33333334
v -1.4973 0.11402 1.00268 1.0 1.0 0.33333334
v -1.49631 0.10054 1.00257 1.0 1.0 0.33333334
v -1.49728 0.10061 1.00358 1.0 1.0 0.33333334
v -1.4973 0.11402 1.00268 1.0 1.0 0.33333334
v -1.49631 0.10054 1.00257 1.0 1.0 0.33333334
v -1.4973 0.11402 1.00268 1.0 1.0 0.33333334
v -1.49633 0.11396 1.00166 1.0 1.0 0.33333334
v -1.5 0.10036 1.0 1.0 1.0 0.33333334
v -1.49853 0.10065 1.00424 1.0 1.0 0.33333334
v -1.49728 0.10061 1.00358 1.0 1.0 0.33333334
v -1.50002 0.11378 0.9991 1.0 1.0 0.33333334
v -1.4973 0.11402 1.00268 1.0 1.0 0.33333334
v -1.49854 0.11407 1.00334 1.0 1.0 0.33333334
v -1.49728 0.10061 1.00358 1.0 1.0 0.33333334
v -1.49853 0.10065 1.00424 1.0 1.0 0.33333334
v -1.49854 0.11407 1.00334 1.0 1.0 0.33333334
v -1.49728 0.10061 1.00358 1.0 1.0 0.33333334
v -1.49854 0.11407 1.00334 1.0 1.0 0.33333334
v -1.4973 0.11402 1.00268 1.0 1.0 0.33333334
v -1.5 0.10036 1.0 1.0 1.0 0.33333334
v -1.49991 0.10067 1.00449 1.0 1.0 0.33333334
v -1.49853 0.10065 1.00424 1.0 1.0 0.33333334
v -1.50002 0.11378 0.9991 1.0 1.0 0.33333334
v -1.49854 0.11407 1.00334 1.0 1.0 0.33333334
v -1.49993 0.11408 1.00359 1.0 1.0 0.33333334
v -1.49853 0.10065 1.00424 1.0 1.0 0.33333334
v -1.49991 0.10067 1.00449 1.0 1.0 0.33333334
v -1.49993 0.11408 1.00359 1.0 1.0 0.33333334
v -1.49853 0.10065 1.00424 1.0 1.0 0.33333334
v -1.49993 0.11408 1.00359 1.0 1.0 0.33333334
v -1.49854 0.11407 1.00334 1.0 1.0 0.33333334
v -1.5 0.10036 1.0 1.0 1.0 0.33333334
v -1.50131 0.10065 1.0043 1.0 1.0 0.33333334
v -1.49991 0.10067 1.00449 1.0 1.0 0.33333334
v -1.50002 0.11378 0.9991 1.0 1.0 0.33333334
v -1.49993 0.11408 1.00359 1.0 1.0 0.33333334
v -1.50132 0.11407 1.0034 1.0 1.0 0.33333334
v -1.49991 0.10067 1.00449 1.0 1.0 0.33333334
v -1.50131 0.10065 1.0043 1.0 1.0 0.33333334
v -1.50132 0.11407 1.0034 1.0 1.0 0.33333334
v -1.49991 0.10067 1.00449 1.0 1.0 0.33333334
v -1.50132 0.11407 1.0034 1.0 1.0 0.33333334
v -1.49993 0.11408 1.00359 1.0 1.0 0.33333334
v -1.5 0.10036 1.0 1.0 1.0 0.33333334
v -1.50257 0.10061 1.00368 1.0 1.0 0.33333334
v -1.50131 0.10065 1.0043 1.0 1.0 0.33333334
v -1.50002 0.11378 0.9991 1.0 1.0 0.33333334
v -1.50132 0.11407 1.0034 1.0 1.0 0.33333334
v -1.50259 0.11402 1.00278 1.0 1.0 0.33333334
v -1.50131 0.10065 1.0043 1.0 1.0 0.33333334
v -1.50257 0.10061 1.00368 1.0 1.0 0.33333334
v -1.50259 0.11402 1.00278 1.0 1.0 0.33333334
v -1.50131 0.10065 1.0043 1.0 1.0 0.33333334
v -1.50259 0.11402 1.00278 1.0 1.0 0.33333334
v -1.50132 0.11407 1.0034 1.0 1.0 0.33333334
v -1.5 0.10036 1.0 1.0 1.0 0.33333334
v -1.50359 0.10054 1.00271 1.0 1.0 0.33333334
v -1.50257 0.10061 1.00368 1.0 1.0 0.33333334
v -1.50002 0.11378 0.9991 1.0 1.0 0.33333334
v -1.50259 0.11402 1.00278 1.0 1.0 0.33333334
v -1.50361 0.11396 1.00181 1.0 1.0 0.33333334
v -1.50257 0.10061 1.00368 1.0 1.0 0.33333334
v -1.50359 0.10054 1.00271 1.0 1.0 0.33333334
v -1.50361 0.11396 1.00181 1.0 1.0 0.33333334
v -1.50257 0.10061 1.00368 1.0 1.0 0.33333334
v -1.50361 0.11396 1.00181 1.0 1.0 0.33333334
v -1.50259 0.11402 1.00278 1.0 1.0 0.33333334
v -1.5 0.10036 1.0 1.0 1.0 0.33333334
v -1.50425 0.10046 1.00147 1.0 1.0 0.33333334
v -1.50359 0.10054 1.00271 1.0 1.0 0.33333334
v -1.50002 0.11378 0.9991 1.0 1.0 0.33333334
v -1.50361 0.11396 1.00181 1.0 1.0 0.33333334
v -1.50427 0.11387 1.00057 1.0 1.0 0.33333334
v -1.50359 0.10054 1.00271 1.0 1.0 0.33333334
v -1.50425 0.10046 1.00147 1.0 1.0 0.33333334
v -1.50427 0.11387 1.00057 1.0 1.0 0.33333334
v -1.50359 0.10054 1.00271 1.0 1.0 0.33333334
v -1.50427 0.11387 1.00057 1.0 1.0 0.33333334
v -1.50361 0.11396 1.00181 1.0 1.0 0.33333334
v -1.5 0.10036 1.0 1.0 1.0 0.33333334
v -1.5045 0.10036 1.00009 1.0 1.0 0.33333334
v -1.50425 0.10046 1.00147 1.0 1.0 0.33333334
v -1.50002 0.11378 0.9991 1.0 1.0 0.33333334
v -1.50427 0.11387 1.00057 1.0 1.0 0.33333334
v -1.50452 0.11378 0.99919 1.0 1.0 0.33333334
v -1.50425 0.10046 1.00147 1.0 1.0 0.33333334
v -1.5045 0.10036 1.00009 1.0 1.0 0.33333334
v -1.50452 0.11378 0.99919 1.0 1.0 0.33333334
v -1.50425 0.10046 1.00147 1.0 1.0 0.33333334
v -1.50452 0.11378 0.99919 1.0 1.0 0.33333334
v -1.50427 0.11387 1.00057 1.0 1.0 0.33333334
v -1.5 0.10036 1.0 1.0 1.0 0.33333334
v -1.50431 0.10027 0.9987 1.0 1.0 0.33333334
v -1.5045 0.10036 1.00009 1.0 1.0 0.33333334
v -1.50002 0.11378 0.9991 1.0 1.0 0.33333334
v -1.50452 0.11378 0.99919 1.0 1.0 0.33333334
v -1.50432 0.11369 0.9978 1.0 1.0 0.33333334
v -1.5045 0.10036 1.00009 1.0 1.0 0.33333334
v -1.50431 0.10027 0.9987 1.0 1.0 0.33333334
v -1.50432 0.11369 0.9978 1.0 1.0 0.33333334
v -1.5045 0.10036 1.00009 1.0 1.0 0.33333334
v -1.50432 0.11369 0.9978 1.0 1.0 0.33333334
v -1.50452 0.11378 0.99919 1.0 1.0 0.33333334
v -1.5 0.10036 1.0 1.0 1.0 0.33333334
v -1.50369 0.10019 0.99743 1.0 1.0 0.33333334
v -1.50431 0.10027 0.9987 1.0 1.0 0.33333334
v -1.50002 0.11378 0.9991 1.0 1.0 0.33333334
v -1.50432 0.11369 0.9978 1.0 1.0 0.33333334
v -1.50371 0.1136 0.99653 1.0 1.0 0.33333334
v -1.50431 0.10027 0.9987 1.0 1.0 0.33333334
v -1.50369 0.10019 0.99743 1.0 1.0 0.33333334
v -1.50371 0.1136 0.99653 1.0 1.0 0.33333334
v -1.50431 0.10027 0.9987 1.0 1.0 0.33333334
v -1.50371 0.1136 0.99653 1.0 1.0 0.33333334
v -1.50432 0.11369 0.9978 1.0 1.0 0.33333334
v -1.5 0.10036 1.0 1.0 1.0 0.33333334
v -1.50272 0.10012 0.99642 1.0 1.0 0.33333334
v -1.50369 0.10019 0.99743 1.0 1.0 0.33333334
v -1.50002 0.11378 0.9991 1.0 1.0 0.33333334
v -1.50371 0.1136 0.99653 1.0 1.0 0.33333334
v -1.50273 0.11353 0.99552 1.0 1.0 0.33333334
v -1.50369 0.10019 0.99743 1.0 1.0 0.33333334
v -1.50272 0.10012 0.99642 1.0 1.0 0.33333334
v -1.50273 0.11353 0.99552 1.0 1.0 0.33333334
v -1.50369 0.10019 0.99743 1.0 1.0 0.33333334
v -1.50273 0.11353 0.99552 1.0 1.0 0.33333334
v -1.50371 0.1136 0.99653 1.0 1.0 0.33333334
v -1.5 0.10036 1.0 1.0 1.0 0.33333334
v -1.50147 0.10008 0.99576 1.0 1.0 0.33333334
v -1.50272 0.10012 0.99642 1.0 1.0 0.33333334
v -1.50002 0.11378 0.9991 1.0 1.0 0.33333334
v -1.50273 0.11353 0.99552 1.0 1.0 0.33333334
v -1.50149 0.11349 0.99486 1.0 1.0 0.33333334
v -1.50272 0.10012 0.99642 1.0 1.0 0.33333334
v -1.50147 0.10008 0.99576 1.0 1.0 0.33333334
v -1.50149 0.11349 0.99486 1.0 1.0 0.33333334
v -1.50272 0.10012 0.99642 1.0 1.0 0.33333334
v -1.50149 0.11349 0.99486 1.0 1.0 0.33333334
v -1.50273 0.11353 0.99552 1.0 1.0 0.33333334
v -1.5 0.10036 1.0 1.0 1.0 0.33333334
v -1.50009 0.10006 0.99551 1.0 1.0 0.33333334
v -1.50147 0.10008 0.99576 1.0 1.0 0.33333334
v -1.50002 0.11378 0.9991 1.0 1.0 0.33333334
v -1.50149 0.11349 0.99486 1.0 1.0 0.33333334
v -1.50011 0.11348 0.99461 1.0 1.0 0.33333334
v -1.50147 0.10008 0.99576 1.0 1.0 0.33333334
v -1.50009 0.10006 0.99551 1.0 1.0 0.33333334
v -1.50011 0.11348 0.99461 1.0 1.0 0.33333334
v -1.50147 0.10008 0.99576 1.0 1.0 0.33333334
v -1.50011 0.11348 0.99461 1.0 1.0 0.33333334
v -1.50149 0.11349 0.99486 1.0 1.0 0.33333334
v -1.5 0.10036 1.0 1.0 1.0 0.33333334
v -1.49869 0.10008 0.9957 1.0 1.0 0.33333334
v -1.50009 0.10006 0.99551 1.0 1.0 0.33333334
v -1.50002 0.11378 0.9991 1.0 1.0 0.33333334
v -1.50011 0.11348 0.99461 1.0 1.0 0.33333334
v -1.49871 0.11349 0.9948 1.0 1.0 0.33333334
v -1.50009 0.10006 0.99551 1.0 1.0 0.33333334
v -1.49869 0.10008 0.9957 1.0 1.0 0.33333334
v -1.49871 0.11349 0.9948 1.0 1.0 0.33333334
v -1.50009 0.10006 0.99551 1.0 1.0 0.33333334
v -1.49871 0.11349 0.9948 1.0 1.0 0.33333334
v -1.50011 0.11348 0.99461 1.0 1.0 0.33333334
v -1.5 0.10036 1.0 1.0 1.0 0.33333334
v -1.49743 0.10012 0.99632 1.0 1.0 0.33333334
v -1.49869 0.10008 0.9957 1.0 1.0 0.33333334
v -1.50002 0.11378 0.9991 1.0 1.0 0.33333334
v -1.49871 0.11349 0.9948 1.0 1.0 0.33333334
v -1.49745 0.11353 0.99541 1.0 1.0 0.33333334
v -1.49869 0.10008 0.9957 1.0 1.0 0.33333334
v -1.49743 0.10012 0.99632 1.0 1.0 0.33333334
v -1.49745 0.11353 0.99541 1.0 1.0 0.33333334
v -1.49869 0.10008 0.9957 1.0 1.0 0.33333334
v -1.49745 0.11353 0.99541 1.0 1.0 0.33333334
v -1.49871 0.11349 0.9948 1.0 1.0 0.33333334
v -1.5 0.10036 1.0 1.0 1.0 0.33333334
v -1.49641 0.10019 0.99729 1.0 1.0 0.33333334
v -1.49743 0.10012 0.99632 1.0 1.0 0.33333334
v -1.50002 0.11378 0.9991 1.0 1.0 0.33333334
v -1.49745 0.11353 0.99541 1.0 1.0 0.33333334
v -1.49643 0.1136 0.99639 1.0 1.0 0.33333334
v -1.49743 0.10012 0.99632 1.0 1.0 0.33333334
v -1.49641 0.10019 0.99729 1.0 1.0 0.33333334
v -1.49643 0.1136 0.99639 1.0 1.0 0.33333334
v -1.49743 0.10012 0.99632 1.0 1.0 0.33333334
v -1.49643 0.1136 0.99639 1.0 1.0 0.33333334
v -1.49745 0.11353 0.99541 1.0 1.0 0.33333334
v -1.5 0.10036 1.0 1.0 1.0 0.33333334
v -1.49575 0.10027 0.99853 1.0 1.0 0.33333334
v -1.49641 0.10019 0.99729 1.0 1.0 0.33333334
v -1.50002 0.11378 0.9991 1.0 1.0 0.33333334
v -1.49643 0.1136 0.99639 1.0 1.0 0.33333334
v -1.49577 0.11369 0.99763 1.0 1.0 0.33333334
v -1.49641 0.10019 0.99729 1.0 1.0 0.33333334
v -1.49575 0.10027 0.99853 1.0 1.0 0.33333334
v -1.49577 0.11369 0.99763 1.0 1.0 0.33333334
v -1.49641 0.10019 0.99729 1.0 1.0 0.33333334
v -1.49577 0.11369 0.99763 1.0 1.0 0.33333334
v -1.49643 0.1136 0.99639 1.0 1.0 0.33333334
v -1.5 0.10036 1.0 1.0 1.0 0.33333334
v -1.4955 0.10036 0.99991 1.0 1.0 0.33333334
v -1.49575 0.10027 0.99853 1.0 1.0 0.33333334
v -1.50002 0.11378 0.9991 1.0 1.0 0.33333334
v -1.49577 0.11369 0.99763 1.0 1.0 0.33333334
v -1.49552 0.11378 0.99901 1.0 1.0 0.33333334
v -1.49575 0.10027 0.99853 1.0 1.0 0.33333334
v -1.4955 0.10036 0.99991 1.0 1.0 0.33333334
v -1.49552 0.11378 0.99901 1.0 1.0 0.33333334
v -1.49575 0.10027 0.99853 1.0 1.0 0.33333334
v -1.49552 0.11378 0.99901 1.0 1.0 0.33333334
v -1.49577 0.11369 0.99763 1.0 1.0 0.33333334
v 0.0 0.075 1.0 1.0 1.0 0.33333334
v 0.00412 0.075 1.00246 1.0 1.0 0.33333334
v 0.00468 0.075 1.00106 1.0 1.0 0.33333334
v 0.0 0.10036 1.0 1.0 1.0 0.33333334
v 0.00468 0.10036 1.00106 1.0 1.0 0.33333334
v 0.00412 0.10036 1.00246 1.0 1.0 0.33333334
v 0.00468 0.075 1.00106 1.0 1.0 0.33333334
v 0.00412 0.075 1.00246 1.0 1.0 0.33333334
v 0.00412 0.10036 1.00246 1.0 1.0 0.33333334
v 0.00468 0.075 1.00106 1.0 1.0 0.33333334
v 0.00412 0.10036 1.00246 1.0 1.0 0.33333334
v 0.00468 0.10036 1.00106 1.0 1.0 0.33333334
v 0.0 0.075 1.0 1.0 1.0 0.33333334
v 0.00316 0.075 1.00361 1.0 1.0 0.33333334
v 0.00412 0.075 1.00246 1.0 1.0 0.33333334
v 0.0 0.10036 1.0 1.0 1.0 0.33333334
v 0.00412 0.10036 1.00246 1.0 1.0 0.33333334
v 0.00316 0.10036 1.00361 1.0 1.0 0.33333334
v 0.00412 0.075 1.00246 1.0 1.0 0.33333334
v 0.00316 0.075 1.00361 1.0 1.0 0.33333334
v 0.00316 0.10036 1.00361 1.0 1.0 0.33333334
v 0.00412 0.075 1.00246 1.0 1.0 0.33333334
v 0.00316 0.10036 1.00361 1.0 1.0 0.33333334
v 0.00412 0.10036 1.00246 1.0 1.0 0.33333334
v 0.0 0.075 1.0 1.0 1.0 0.33333334
v 0.00189 0.075 1.00441 1.0 1.0 0.33333334
v 0.00316 0.075 1.00361 1.0 1.0 0.33333334
v 0.0 0.10036 1.0 1.0 1.0 0.33333334
v 0.00316 0.10036 1.00361 1.0 1.0 0.33333334
v 0.00189 0.10036 1.00441 1.0 1.0 0.33333334
v 0.00316 0.075 1.00361 1.0 1.0 0.33333334
v 0.00189 0.075 1.00441 1.0 1.0 0.33333334
v 0.00189 0.10036 1.00441 1.0 1.0 0.33333334
v 0.00316 0.075 1.00361 1.0 1.0 0.33333334
v 0.00189 0.10036 1.00441 1.0 1.0 0.33333334
v 0.00316 0.10036 1.00361 1.0 1.0 0.33333334
v 0.0 0.075 1.0 1.0 1.0 0.33333334
v 0.00044 0.075 1.00478 1.0 1.0 0.33333334
v 0.00189 0.075 1.00441 1.0 1.0 0.33333334
v 0.0 0.10036 1.0 1.0 1.0 0.33333334
v 0.00189 0.10036 1.00441 1.0 1.0 0.33333334
v 0.00044 0.10036 1.00478 1.0 1.0 0.33333334
v 0.00189 0.075 1.00441 1.0 1.0 0.33333334
v 0.00044 0.075 1.00478 1.0 1.0 0.33333334
v 0.00044 0.10036 1.00478 1.0 1.0 0.33333334
v 0.00189 0.075 1.00441 1.0 1.0 0.33333334
v 0.00044 0.10036 1.00478 1.0 1.0 0.33333334
v 0.00189 0.10036 1.00441 1.0 1.0 0.33333334
v 0.0 0.075 1.0 1.0 1.0 0.33333334
v -0.00106 0.075 1.00468 1.0 1.0 0.33333334
v 0.00044 0.075 1.00478 1.0 1.0 0.33333334
v 0.0 0.10036 1.0 1.0 1.0 0.33333334
v 0.00044 0.10036 1.00478 1.0 1.0 0.33333334
v -0.00106 0.10036 1.00468 1.0 1.0 0.33333334
v 0.00044 0.075 1.00478 1.0 1.0 0.33333334
v -0.00106 0.075 1.00468 1.0 1.0 0.33333334
v -0.00106 0.10036 1.00468 1.0 1.0 0.33333334
v 0.00044 0.075 1.00478 1.0 1.0 0.33333334
v -0.00106 0.10036 1.00468 1.0 1.0 0.33333334
v 0.00044 0.10036 1.00478 1.0 1.0 0.33333334
v 0.0 0.075 1.0 1.0 1.0 0.33333334
v -0.00246 0.075 1.00412 1.0 1.0 0.33333334
v -0.00106 0.075 1.00468 1.0 1.0 0.33333334
v 0.0 0.10036 1.0 1.0 1.0 0.33333334
v -0.00106 0.10036 1.00468 1.0 1.0 0.33333334
v -0.00246 0.10036 1.00412 1.0 1.0 0.33333334
v -0.00106 0.075 1.00468 1.0 1.0 0.33333334
v -0.00246 0.075 1.00412 1.0 1.0 0.33333334
v -0.00246 0.10036 1.00412 1.0 1.0 0.33333334
v -0.00106 0.075 1.00468 1.0 1.0 0.33333334
v -0.00246 0.10036 1.00412 1.0 1.0 0.33333334
v -0.00106 0.10036 1.00468 1.0 1.0 0.33333334
v 0.0 0.075 1.0 1.0 1.0 0.33333334
v -0.00361 0.075 1.00316 1.0 1.0 0.33333334
v -0.00246 0.075 1.00412 1.0 1.0 0.33333334
v 0.0 0.10036 1.0 1.0 1.0 0.33333334
v -0.00246 0.10036 1.00412 1.0 1.0 0.33333334
v -0.00361 0.10036 1.00316 1.0 1.0 0.33333334
v -0.00246 0.075 1.00412 1.0 1.0 0.33333334
v -0.00361 0.075 1.00316 1.0 1.0 0.33333334
v -0.00361 0.10036 1.00316 1.0 1.0 0.33333334
v -0.00246 0.075 1.00412 1.0 1.0 0.33333334
v -0.00361 0.10036 1.00316 1.0 1.0 0.33333334
v -0.00246 0.10036 1.00412 1.0 1.0 0.33333334
v 0.0 0.075 1.0 1.0 1.0 0.33333334
v -0.00441 0.075 1.00189 1.0 1.0 0.33333334
v -0.00361 0.075 1.00316 1.0 1.0 0.33333334
v 0.0 0.10036 1.0 1.0 1.0 0.33333334
v -0.00361 0.10036 1.00316 1.0 1.0 0.33333334
v -0.00441 0.10036 1.00189 1.0 1.0 0.33333334
v -0.00361 0.075 1.00316 1.0 1.0 0.33333334
v -0.00441 0.075 1.00189 1.0 1.0 0.33333334
v -0.00441 0.10036 1.00189 1.0 1.0 0.33333334
v -0.00361 0.075 1.00316 1.0 1.0 0.33333334
v -0.00441 0.10036 1.00189 1.0 1.0 0.33333334
v -0.00361 0.10036 1.00316 1.0 1.0 0.33333334
v 0.0 0.075 1.0 1.0 1.0 0.33333334
v -0.00478 0.075 1.00044 1.0 1.0 0.33333334
v -0.00441 0.075 1.00189 1.0 1.0 0.33333334
v 0.0 0.10036 1.0 1.0 1.0 0.33333334
v -0.00441 0.10036 1.00189 1.0 1.0 0.33333334
v -0.00478 0.10036 1.00044 1.0 1.0 0.33333334
v -0.00441 0.075 1.00189 1.0 1.0 0.33333334
v -0.00478 0.075 1.00044 1.0 1.0 0.33333334
v -0.00478 0.10036 1.00044 1.0 1.0 0.33333334
v -0.00441 0.075 1.00189 1.0 1.0 0.33333334
v -0.00478 0.10036 1.00044 1.0 1.0 0.33333334
v -0.00441 0.10036 1.00189 1.0 1.0 0.33333334
v 0.0 0.075 1.0 1.0 1.0 0.33333334
v -0.00468 0.075 0.99894 1.0 1.0 0.33333334
v -0.00478 0.075 1.00044 1.0 1.0 0.33333334
v 0.0 0.10036 1.0 1.0 1.0 0.33333334
v -0.00478 0.10036 1.00044 1.0 1.0 0.33333334
v -0.00468 0.10036 0.99894 1.0 1.0 0.33333334
v -0.00478 0.075 1.00044 1.0 1.0 0.33333334
v -0.00468 0.075 0.99894 1.0 1.0 0.33333334
v -0.00468 0.10036 0.99894 1.0 1.0 0.33333334
v -0.00478 0.075 1.00044 1.0 1.0 0.33333334
v -0.00468 0.10036 0.99894 1.0 1.0 0.33333334
v -0.00478 0.10036 1.00044 1.0 1.0 0.33333334
v 0.0 0.075 1.0 1.0 1.0 0.33333334
v -0.00412 0.075 0.99754 1.0 1.0 0.33333334
v -0.00468 0.075 0.99894 1.0 1.0 0.33333334
v 0.0 0.10036 1.0 1.0 1.0 0.33333334
v -0.00468 0.10036 0.99894 1.0 1.0 0.33333334
v -0.00412 0.10036 0.99754 1.0 1.0 0.33333334
v -0.00468 0.075 0.99894 1.0 1.0 0.33333334
v -0.00412 0.075 0.99754 1.0 1.0 0.33333334
v -0.00412 0.10036 0.99754 1.0 1.0 0.33333334
v -0.00468 0.075 0.99894 1.0 1.0 0.33333334
v -0.00412 0.10036 0.99754 1.0 1.0 0.33333334
v -0.00468 0.10036 0.99894 1.0 1.0 0.33333334
v 0.0 0.075 1.0 1.0 1.0 0.33333334
v -0.00316 0.075 0.99639 1.0 1.0 0.33333334
v -0.00412 0.075 0.99754 1.0 1.0 0.33333334
v 0.0 0.10036 1.0 1.0 1.0 0.33333334
v -0.00412 0.10036 0.99754 1.0 1.0 0.33333334
v -0.00316 0.10036 0.99639 1.0 1.0 0.33333334
v -0.00412 0.075 0.99754 1.0 1.0 0.33333334
v -0.00316 0.075 0.99639 1.0 1.0 0.33333334
v -0.00316 0.10036 0.99639 1.0 1.0 0.33333334
v -0.00412 0.075 0.99754 1.0 1.0 0.33333334
v -0.00316 0.10036 0.99639 1.0 1.0 0.33333334
v -0.00412 0.10036 0.99754 1.0 1.0 0.33333334
v 0.0 0.075 1.0 1.0 1.0 0.33333334
v -0.00189 0.075 0.99559 1.0 1.0 0.33333334
v -0.00316 0.075 0.99639 1.0 1.0 0.33333334
v 0.0 0.10036 1.0 1.0 1.0 0.33333334
v -0.00316 0.10036 0.99639 1.0 1.0 0.33333334
v -0.00189 0.10036 0.99559 1.0 1.0 0.33333334
v -0.00316 0.075 0.99639 1.0 1.0 0.33333334
v -0.00189 0.075 0.99559 1.0 1.0 0.33333334
v -0.00189 0.10036 0.99559 1.0 1.0 0.33333334
v -0.00316 0.075 0.99639 1.0 1.0 0.33333334
v -0.00189 0.10036 0.99559 1.0 1.0 0.33333334
v -0.00316 0.10036 0.99639 1.0 1.0 0.33333334
v 0.0 0.075 1.0 1.0 1.0 0.33333334
v -0.00044 0.075 0.99522 1.0 1.0 0.33333334
v -0.00189 0.075 0.99559 1.0 1.0 0.33333334
v 0.0 0.10036 1.0 1.0 1.0 0.33333334
v -0.00189 0.10036 0.99559 1.0 1.0 0.33333334
v -0.00044 0.10036 0.99522 1.0 1.0 0.33333334
v -0.00189 0.075 0.99559 1.0 1.0 0.33333334
v -0.00044 0.075 0.99522 1.0 1.0 0.33333334
v -0.00044 0.10036 0.99522 1.0 1.0 0.33333334
v -0.00189 0.075 0.99559 1.0 1.0 0.33333334
v -0.00044 0.10036 0.99522 1.0 1.0 0.33333334
v -0.00189 0.10036 0.99559 1.0 1.0 0.33333334
v 0.0 0.075 1.0 1.0 1.0 0.33333334
v 0.00106 0.075 0.99532 1.0 1.0 0.33333334
v -0.00044 0.075 0.99522 1.0 1.0 0.33333334
v 0.0 0.10036 1.0 1.0 1.0 0.33333334
v -0.00044 0.10036 0.99522 1.0 1.0 0.33333334
v 0.00106 0.10036 0.99532 1.0 1.0 0.33333334
v -0.00044 0.075 0.99522 1.0 1.0 0.33333334
v 0.00106 0.075 0.99532 1.0 1.0 0.33333334
v 0.00106 0.10036 0.99532 1.0 1.0 0.33333334
v -0.00044 0.075 0.99522 1.0 1.0 0.33333334
v 0.00106 0.10036 0.99532 1.0 1.0 0.33333334
v -0.00044 0.10036 0.99522 1.0 1.0 0.33333334
v 0.0 0.075 1.0 1.0 1.0 0.33333334
v 0.00246 0.075 0.99588 1.0 1.0 0.33333334
v 0.00106 0.075 0.99532 1.0 1.0 0.33333334
v 0.0 0.10036 1.0 1.0 1.0 0.33333334
v 0.00106 0.10036 0.99532 1.0 1.0 0.33333334
v 0.00246 0.10036 0.99588 1.0 1.0 0.33333334
v 0.00106 0.075 0.99532 1.0 1.0 0.33333334
v 0.00246 0.075 0.99588 1.0 1.0 0.33333334
v 0.00246 0.10036 0.99588 1.0 1.0 0.33333334
v 0.00106 0.075 0.99532 1.0 1.0 0.33333334
v 0.00246 0.10036 0.99588 1.0 1.0 0.33333334
v 0.00106 0.10036 0.99532 1.0 1.0 0.33333334
v 0.0 0.075 1.0 1.0 1.0 0.33333334
v 0.00361 0.075 0.99684 1.0 1.0 0.33333334
v 0.00246 0.075 0.99588 1.0 1.0 0.33333334
v 0.0 0.10036 1.0 1.0 1.0 0.33333334
v 0.00246 0.10036 0.99588 1.0 1.0 0.33333334
v 0.00361 0.10036 0.99684 1.0 1.0 0.33333334
v 0.00246 0.075 0.99588 1.0 1.0 0.33333334
v 0.00361 0.075 0.99684 1.0 1.0 0.33333334
v 0.00361 0.10036 0.99684 1.0 1.0 0.33333334
v 0.00246 0.075 0.99588 1.0 1.0 0.33333334
v 0.00361 0.10036 0.99684 1.0 1.0 0.33333334
v 0.00246 0.10036 0.99588 1.0 1.0 0.33333334
v 0.0 0.075 1.0 1.0 1.0 0.33333334
v 0.00441 0.075 0.99811 1.0 1.0 0.33333334
v 0.00361 0.075 0.99684 1.0 1.0 0.33333334
v 0.0 0.10036 1.0 1.0 1.0 0.33333334
v 0.00361 0.10036 0.99684 1.0 1.0 0.33333334
v 0.00441 0.10036 0.99811 1.0 1.0 0.33333334
v 0.00361 0.075 0.99684 1.0 1.0 0.33333334
v 0.00441 0.075 0.99811 1.0 1.0 0.33333334
v 0.00441 0.10036 0.99811 1.0 1.0 0.33333334
v 0.00361 0.075 0.99684 1.0 1.0 0.33333334
v 0.00441 0.10036 0.99811 1.0 1.0 0.33333334
v 0.00361 0.10036 0.99684 1.0 1.0 0.33333334
v 0.0 0.075 1.0 1.0 1.0 0.33333334
v 0.00478 0.075 0.99956 1.0 1.0 0.33333334
v 0.00441 0.075 0.99811 1.0 1.0 0.33333334
v 0.0 0.10036 1.0 1.0 1.0 0.33333334
v 0.00441 0.10036 0.99811 1.0 1.0 0.33333334
v 0.00478 0.10036 0.99956 1.0 1.0 0.33333334
v 0.00441 0.075 0.99811 1.0 1.0 0.33333334
v 0.00478 0.075 0.99956 1.0 1.0 0.33333334
v 0.00478 0.10036 0.99956 1.0 1.0 0.33333334
v 0.00441 0.075 0.99811 1.0 1.0 0.33333334
v 0.00478 0.10036 0.99956 1.0 1.0 0.33333334
v 0.00441 0.10036 0.99811 1.0 1.0 0.33333334
v 0.0 0.075 1.0 1.0 1.0 0.33333334
v 0.00468 0.075 1.00106 1.0 1.0 0.33333334
v 0.00478 0.075 0.99956 1.0 1.0 0.33333334
v 0.0 0.10036 1.0 1.0 1.0 0.33333334
v 0.00478 0.10036 0.99956 1.0 1.0 0.33333334
v 0.00468 0.10036 1.00106 1.0 1.0 0.33333334
v 0.00478 0.075 0.99956 1.0 1.0 0.33333334
v 0.00468 0.075 1.00106 1.0 1.0 0.33333334
v 0.00468 0.10036 1.00106 1.0 1.0 0.33333334
v 0.00478 0.075 0.99956 1.0 1.0 0.33333334
v 0.00468 0.10036 1.00106 1.0 1.0 0.33333334
v 0.00478 0.10036 0.99956 1.0 1.0 0.33333334
v 0.0 0.10036 1.0 1.0 1.0 0.33333334
v 0.00387 0.10046 1.0023 1.0 1.0 0.33333334
v 0.00439 0.10036 1.001 1.0 1.0 0.33333334
v 0.0002 0.11378 0.99912 1.0 1.0 0.33333334
v 0.00459 0.11378 1.00012 1.0 1.0 0.33333334
v 0.00407 0.11387 1.00142 1.0 1.0 0.33333334
v 0.00439 0.10036 1.001 1.0 1.0 0.33333334
v 0.00387 0.10046 1.0023 1.0 1.0 0.33333334
v 0.00407 0.11387 1.00142 1.0 1.0 0.33333334
v 0.00439 0.10036 1.001 1.0 1.0 0.33333334
v 0.00407 0.11387 1.00142 1.0 1.0 0.33333334
v 0.00459 0.11378 1.00012 1.0 1.0 0.33333334
v 0.0 0.10036 1.0 1.0 1.0 0.33333334
v 0.00297 0.10054 1.00338 1.0 1.0 0.33333334
v 0.00387 0.10046 1.0023 1.0 1.0 0.33333334
v 0.0002 0.11378 0.99912 1.0 1.0 0.33333334
v 0.00407 0.11387 1.00142 1.0 1.0 0.33333334
v 0.00317 0.11396 1.0025 1.0 1.0 0.33333334
v 0.00387 0.10046 1.0023 1.0 1.0 0.33333334
v 0.00297 0.10054 1.00338 1.0 1.0 0.33333334
v 0.00317 0.11396 1.0025 1.0 1.0 0.33333334
v 0.00387 0.10046 1.0023 1.0 1.0 0.33333334
v 0.00317 0.11396 1.0025 1.0 1.0 0.33333334
v 0.00407 0.11387 1.00142 1.0 1.0 0.33333334
v 0.0 0.10036 1.0 1.0 1.0 0.33333334
v 0.00178 0.10061 1.00413 1.0 1.0 0.33333334
v 0.00297 0.10054 1.00338 1.0 1.0 0.33333334
v 0.0002 0.11378 0.99912 1.0 1.0 0.33333334
v 0.00317 0.11396 1.0025 1.0 1.0 0.33333334
v 0.00198 0.11402 1.00325 1.0 1.0 0.33333334
v 0.00297 0.10054 1.00338 1.0 1.0 0.33333334
v 0.00178 0.10061 1.00413 1.0 1.0 0.33333334
v 0.00198 0.11402 1.00325 1.0 1.0 0.33333334
v 0.00297 0.10054 1.00338 1.0 1.0 0.33333334
v 0.00198 0.11402 1.00325 1.0 1.0 0.33333334
v 0.00317 0.11396 1.0025 1.0 1.0 0.33333334
v 0.0 0.10036 1.0 1.0 1.0 0.33333334
v 0.00041 0.10065 1.00447 1.0 1.0 0.33333334
v 0.00178 0.10061 1.00413 1.0 1.0 0.33333334
v 0.0002 0.11378 0.99912 1.0 1.0 0.33333334
v 0.00198 0.11402 1.00325 1.0 1.0 0.33333334
v 0.00061 0.11407 1.00359 1.0 1.0 0.33333334
v 0.00178 0.10061 1.00413 1.0 1.0 0.33333334
v 0.00041 0.10065 1.00447 1.0 1.0 0.33333334
v 0.00061 0.11407 1.00359 1.0 1.0 0.33333334
v 0.00178 0.10061 1.00413 1.0 1.0 0.33333334
v 0.00061 0.11407 1.00359 1.0 1.0 0.33333334
v 0.00198 0.11402 1.00325 1.0 1.0 0.33333334
v 0.0 0.10036 1.0 1.0 1.0 0.33333334
v -0.00099 0.10067 1.00438 1.0 1.0 0.33333334
v 0.00041 0.10065 1.00447 1.0 1.0 0.33333334
v 0.0002 0.11378 0.99912 1.0 1.0 0.33333334
v 0.00061 0.11407 1.00359 1.0 1.0 0.33333334
v -0.00079 0.11408 1.0035 1.0 1.0 0.33333334
v 0.00041 0.10065 1.00447 1.0 1.0 0.33333334
v -0.00099 0.10067 1.00438 1.0 1.0 0.33333334
v -0.00079 0.11408 1.0035 1.0 1.0 0.33333334
v 0.00041 0.10065 1.00447 1.0 1.0 0.33333334
v -0.00079 0.11408 1.0035 1.0 1.0 0.33333334
v 0.00061 0.11407 1.00359 1.0 1.0 0.33333334
v 0.0 0.10036 1.0 1.0 1.0 0.33333334
v -0.0023 0.10065 1.00386 1.0 1.0 0.33333334
v -0.00099 0.10067 1.00438 1.0 1.0 0.33333334
v 0.0002 0.11378 0.99912 1.0 1.0 0.33333334
v -0.00079 0.11408 1.0035 1.0 1.0 0.33333334
v -0.0021 0.11407 1.00298 1.0 1.0 0.33333334
v -0.00099 0.10067 1.00438 1.0 1.0 0.33333334
v -0.0023 0.10065 1.00386 1.0 1.0 0.33333334
v -0.0021 0.11407 1.00298 1.0 1.0 0.33333334
v -0.00099 0.10067 1.00438 1.0 1.0 0.33333334
v -0.0021 0.11407 1.00298 1.0 1.0 0.33333334
v -0.00079 0.11408 1.0035 1.0 1.0 0.33333334
v 0.0 0.10036 1.0 1.0 1.0 0.33333334
v -0.00338 0.10061 1.00296 1.0 1.0 0.33333334
v -0.0023 0.10065 1.00386 1.0 1.0 0.33333334
v 0.0002 0.11378 0.99912 1.0 1.0 0.33333334
v -0.0021 0.11407 1.00298 1.0 1.0 0.33333334
v -0.00318 0.11402 1.00208 1.0 1.0 0.33333334
v -0.0023 0.10065 1.00386 1.0 1.0 0.33333334
v -0.00338 0.10061 1.00296 1.0 1.0 0.33333334
v -0.00318 0.11402 1.00208 1.0 1.0 0.33333334
v -0.0023 0.10065 1.00386 1.0 1.0 0.33333334
v -0.00318 0.11402 1.00208 1.0 1.0 0.33333334
v -0.0021 0.11407 1.00298 1.0 1.0 0.33333334
v 0.0 0.10036 1.0 1.0 1.0 0.33333334
v -0.00413 0.10054 1.00177 1.0 1.0 0.33333334
v -0.00338 0.10061 1.00296 1.0 1.0 0.33333334
v 0.0002 0.11378 0.99912 1.0 1.0 0.33333334
v -0.00318 0.11402 1.00208 1.0 1.0 0.33333334
v -0.00393 0.11396 1.00089 1.0 1.0 0.33333334
v -0.00338 0.10061 1.00296 1.0 1.0 0.33333334
v -0.00413 0.10054 1.00177 1.0 1.0 0.33333334
v -0.00393 0.11396 1.00089 1.0 1.0 0.33333334
v -0.00338 0.10061 1.00296 1.0 1.0 0.33333334
v -0.00393 0.11396 1.00089 1.0 1.0 0.33333334
v -0.00318 0.11402 1.00208 1.0 1.0 0.33333334
v 0.0 0.10036 1.0 1.0 1.0 0.33333334
v -0.00448 0.10046 1.00041 1.0 1.0 0.33333334
v -0.00413 0.10054 1.00177 1.0 1.0 0.33333334
v 0.0002 0.11378 0.99912 1.0 1.0 0.33333334
v -0.00393 0.11396 1.00089 1.0 1.0 0.33333334
v -0.00428 0.11387 0.99953 1.0 1.0 0.33333334
v -0.00413 0.10054 1.00177 1.0 1.0 0.33333334
v -0.00448 0.10046 1.00041 1.0 1.0 0.33333334
v -0.00428 0.11387 0.99953 1.0 1.0 0.33333334
v -0.00413 0.10054 1.00177 1.0 1.0 0.33333334
v -0.00428 0.11387 0.99953 1.0 1.0 0.33333334
v -0.00393 0.11396 1.00089 1.0 1.0 0.33333334
v 0.0 0.10036 1.0 1.0 1.0 0.33333334
v -0.00439 0.10036 0.999 1.0 1.0 0.33333334
v -0.00448 0.10046 1.00041 1.0 1.0 0.33333334
v 0.0002 0.11378 0.99912 1.0 1.0 0.33333334
v -0.00428 0.11387 0.99953 1.0 1.0 0.33333334
v -0.00419 0.11378 0.99813 1.0 1.0 0.33333334
v -0.00448 0.10046 1.00041 1.0 1.0 0.33333334
v -0.00439 0.10036 0.999 1.0 1.0 0.33333334
v -0.00419 0.11378 0.99813 1.0 1.0 0.33333334
v -0.00448 0.10046 1.00041 1.0 1.0 0.33333334
v -0.00419 0.11378 0.99813 1.0 1.0 0.33333334
v -0.00428 0.11387 0.99953 1.0 1.0 0.33333334
v 0.0 0.10036 1.0 1.0 1.0 0.33333334
v -0.00387 0.10027 0.9977 1.0 1.0 0.33333334
v -0.00439 0.10036 0.999 1.0 1.0 0.33333334
v 0.0002 0.11378 0.99912 1.0 1.0 0.33333334
v -0.00419 0.11378 0.99813 1.0 1.0 0.33333334
v -0.00367 0.11369 0.99682 1.0 1.0 0.33333334
v -0.00439 0.10036 0.999 1.0 1.0 0.33333334
v -0.00387 0.10027 0.9977 1.0 1.0 0.33333334
v -0.00367 0.11369 0.99682 1.0 1.0 0.33333334
v -0.00439 0.10036 0.999 1.0 1.0 0.33333334
v -0.00367 0.11369 0.99682 1.0 1.0 0.33333334
v -0.00419 0.11378 0.99813 1.0 1.0 0.33333334
v 0.0 0.10036 1.0 1.0 1.0 0.33333334
v -0.00297 0.10019 0.99662 1.0 1.0 0.33333334
v -0.00387 0.10027 0.9977 1.0 1.0 0.33333334
v 0.0002 0.11378 0.99912 1.0 1.0 0.33333334
v -0.00367 0.11369 0.99682 1.0 1.0 0.33333334
v -0.00277 0.1136 0.99574 1.0 1.0 0.33333334
v -0.00387 0.10027 0.9977 1.0 1.0 0.33333334
v -0.00297 0.10019 0.99662 1.0 1.0 0.33333334
v -0.00277 0.1136 0.99574 1.0 1.0 0.33333334
v -0.00387 0.10027 0.9977 1.0 1.0 0.33333334
v -0.00277 0.1136 0.99574 1.0 1.0 0.33333334
v -0.00367 0.11369 0.99682 1.0 1.0 0.33333334
v 0.0 0.10036 1.0 1.0 1.0 0.33333334
v -0.00178 0.10012 0.99587 1.0 1.0 0.33333334
v -0.00297 0.10019 0.99662 1.0 1.0 0.33333334
v 0.0002 0.11378 0.99912 1.0 1.0 0.33333334
v -0.00277 0.1136 0.99574 1.0 1.0 0.33333334
v -0.00158 0.11353 0.99499 1.0 1.0 0.33333334
v -0.00297 0.10019 0.99662 1.0 1.0 0.33333334
v -0.00178 0.10012 0.99587 1.0 1.0 0.33333334
v -0.00158 0.11353 0.99499 1.0 1.0 0.33333334
v -0.00297 0.10019 0.99662 1.0 1.0 0.33333334
v -0.00158 0.11353 0.99499 1.0 1.0 0.33333334
v -0.00277 0.1136 0.99574 1.0 1.0 0.33333334
v 0.0 0.10036 1.0 1.0 1.0 0.33333334
v -0.00041 0.10008 0.99553 1.0 1.0 0.33333334
v -0.00178 0.10012 0.99587 1.0 1.0 0.33333334
v 0.0002 0.11378 0.99912 1.0 1.0 0.33333334
v -0.00158 0.11353 0.99499 1.0 1.0 0.33333334
v -0.00021 0.11349 0.99465 1.0 1.0 0.33333334
v -0.00178 0.10012 0.99587 1.0 1.0 0.33333334
v -0.00041 0.10008 0.99553 1.0 1.0 0.33333334
v -0.00021 0.11349 0.99465 1.0 1.0 0.33333334
v -0.00178 0.10012 0.99587 1.0 1.0 0.33333334
v -0.00021 0.11349 0.99465 1.0 1.0 0.33333334
v -0.00158 0.11353 0.99499 1.0 1.0 0.33333334
v 0.0 0.10036 1.0 1.0 1.0 0.33333334
v 0.00099 0.10006 0.99562 1.0 1.0 0.33333334
v -0.00041 0.10008 0.99553 1.0 1.0 0.33333334
v 0.0002 0.11378 0.99912 1.0 1.0 0.33333334
v -0.00021 0.11349 0.99465 1.0 1.0 0.33333334
v 0.00119 0.11348 0.99474 1.0 1.0 0.33333334
v -0.00041 0.10008 0.99553 1.0 1.0 0.33333334
v 0.00099 0.10006 0.99562 1.0 1.0 0.33333334
v 0.00119 0.11348 0.99474 1.0 1.0 0.33333334
v -0.00041 0.10008 0.99553 1.0 1.0 0.33333334
v 0.00119 0.11348 0.99474 1.0 1.0 0.33333334
v -0.00021 0.11349 0.99465 1.0 1.0 0.33333334
v 0.0 0.10036 1.0 1.0 1.0 0.33333334
v 0.0023 0.10008 0.99614 1.0 1.0 0.33333334
v 0.00099 0.10006 0.99562 1.0 1.0 0.33333334
v 0.0002 0.11378 0.99912 1.0 1.0 0.33333334
v 0.00119 0.11348 0.99474 1.0 1.0 0.33333334
v 0.0025 0.11349 0.99526 1.0 1.0 0.33333334
v 0.00099 0.10006 0.99562 1.0 1.0 0.33333334
v 0.0023 0.10008 0.99614 1.0 1.0 0.33333334
v 0.0025 0.11349 0.99526 1.0 1.0 0.33333334
v 0.00099 0.10006 0.99562 1.0 1.0 0.33333334
v 0.0025 0.11349 0.99526 1.0 1.0 0.33333334
v 0.00119 0.11348 0.99474 1.0 1.0 0.33333334
v 0.0 0.10036 1.0 1.0 1.0 0.33333334
v 0.00338 0.10012 0.99704 1.0 1.0 0.33333334
v 0.0023 0.10008 0.99614 1.0 1.0 0.33333334
v 0.0002 0.11378 0.99912 1.0 1.0 0.33333334
v 0.0025 0.11349 0.99526 1.0 1.0 0.33333334
v 0.00358 0.11353 0.99616 1.0 1.0 0.33333334
v 0.0023 0.10008 0.99614 1.0 1.0 0.33333334
v 0.00338 0.10012 0.99704 1.0 1.0 0.33333334
v 0.00358 0.11353 0.99616 1.0 1.0 0.33333334
v 0.0023 0.10008 0.99614 1.0 1.0 0.33333334
v 0.00358 0.11353 0.99616 1.0 1.0 0.33333334
v 0.0025 0.11349 0.99526 1.0 1.0 0.33333334
v 0.0 0.10036 1.0 1.0 1.0 0.33333334
v 0.00413 0.10019 0.99823 1.0 1.0 0.33333334
v 0.00338 0.10012 0.99704 1.0 1.0 0.33333334
v 0.0002 0.11378 0.99912 1.0 1.0 0.33333334
v 0.00358 0.11353 0.99616 1.0 1.0 0.33333334
v 0.00433 0.1136 0.99735 1.0 1.0 0.33333334
v 0.00338 0.10012 0.99704 1.0 1.0 0.33333334
v 0.00413 0.10019 0.99823 1.0 1.0 0.33333334
v 0.00433 0.1136 0.99735 1.0 1.0 0.33333334
v 0.00338 0.10012 0.99704 1.0 1.0 0.33333334
v 0.00433 0.1136 0.99735 1.0 1.0 0.33333334
v 0.00358 0.11353 0.99616 1.0 1.0 0.33333334
v 0.0 0.10036 1.0 1.0 1.0 0.33333334
v 0.00448 0.10027 0.99959 1.0 1.0 0.33333334
v 0.00413 0.10019 0.99823 1.0 1.0 0.33333334
v 0.0002 0.11378 0.99912 1.0 1.0 0.33333334
v 0.00433 0.1136 0.99735 1.0 1.0 0.33333334
v 0.00468 0.11369 0.99871 1.0 1.0 0.33333334
v 0.00413 0.10019 0.99823 1.0 1.0 0.33333334
v 0.00448 0.10027 0.99959 1.0 1.0 0.33333334
v 0.00468 0.11369 0.99871 1.0 1.0 0.33333334
v 0.00413 0.10019 0.99823 1.0 1.0 0.33333334
v 0.00468 0.11369 0.99871 1.0 1.0 0.33333334
v 0.00433 0.1136 0.99735 1.0 1.0 0.33333334
v 0.0 0.10036 1.0 1.0 1.0 0.33333334
v 0.00439 0.10036 1.001 1.0 1.0 0.33333334
v 0.00448 0.10027 0.99959 1.0 1.0 0.33333334
v 0.0002 0.11378 0.99912 1.0 1.0 0.33333334
v 0.00468 0.11369 0.99871 1.0 1.0 0.33333334
v 0.00459 0.11378 1.00012 1.0 1.0 0.33333334
v 0.00448 0.10027 0.99959 1.0 1.0 0.33333334
v 0.00439 0.10036 1.001 1.0 1.0 0.33333334
v 0.00459 0.11378 1.00012 1.0 1.0 0.33333334
v 0.00448 0.10027 0.99959 1.0 1.0 0.33333334
v 0.00459 0.11378 1.00012 1.0 1.0 0.33333334
v 0.00468 0.11369 0.99871 1.0 1.0 0.33333334
v 1.5 0.075 1.0 1.0 1.0 0.33333334
v 1.50416 0.075 1.0024 1.0 1.0 0.33333334
v 1.5047 0.075 1.001 1.0 1.0 0.33333334
v 1.5 0.10036 1.0 1.0 1.0 0.33333334
v 1.5047 0.10036 1.001 1.0 1.0 0.33333334
v 1.50416 0.10036 1.0024 1.0 1.0 0.33333334
v 1.5047 0.075 1.001 1.0 1.0 0.33333334
v 1.50416 0.075 1.0024 1.0 1.0 0.33333334
v 1.50416 0.10036 1.0024 1.0 1.0 0.33333334
v 1.5047 0.075 1.001 1.0 1.0 0.33333334
v 1.50416 0.10036 1.0024 1.0 1.0 0.33333334
v 1.5047 0.10036 1.001 1.0 1.0 0.33333334
v 1.5 0.075 1.0 1.0 1.0 0.33333334
v 1.50321 0.075 1.00357 1.0 1.0 0.33333334
v 1.50416 0.075 1.0024 1.0 1.0 0.33333334
v 1.5 0.10036 1.0 1.0 1.0 0.33333334
v 1.50416 0.10036 1.0024 1.0 1.0 0.33333334
v 1.50321 0.10036 1.00357 1.0 1.0 0.33333334
v 1.50416 0.075 1.0024 1.0 1.0 0.33333334
v 1.50321 0.075 1.00357 1.0 1.0 0.33333334
v 1.50321 0.10036 1.00357 1.0 1.0 0.33333334
v 1.50416 0.075 1.0024 1.0 1.0 0.33333334
v 1.50321 0.10036 1.00357 1.0 1.0 0.33333334
v 1.50416 0.10036 1.0024 1.0 1.0 0.33333334
v 1.5 0.075 1.0 1.0 1.0 0.33333334
v 1.50195 0.075 1.00438 1.0 1.0 0.33333334
v 1.50321 0.075 1.00357 1.0 1.0 0.33333334
v 1.5 0.10036 1.0 1.0 1.0 0.33333334
v 1.50321 0.10036 1.00357 1.0 1.0 0.33333334
v 1.50195 0.10036 1.00438 1.0 1.0 0.33333334
v 1.50321 0.075 1.00357 1.0 1.0 0.33333334
v 1.50195 0.075 1.00438 1.0 1.0 0.33333334
v 1.50195 0.10036 1.00438 1.0 1.0 0.33333334
v 1.50321 0.075 1.00357 1.0 1.0 0.33333334
v 1.50195 0.10036 1.00438 1.0 1.0 0.33333334
v 1.50321 0.10036 1.00357 1.0 1.0 0.33333334
v 1.5 0.075 1.0 1.0 1.0 0.33333334
v 1.5005 0.075 1.00477 1.0 1.0 0.33333334
v 1.50195 0.075 1.00438 1.0 1.0 0.33333334
v 1.5 0.10036 1.0 1.0 1.0 0.33333334
v 1.50195 0.10036 1.00438 1.0 1.0 0.33333334
v 1.5005 0.10036 1.00477 1.0 1.0 0.33333334
v 1.50195 0.075 1.00438 1.0 1.0 0.33333334
v 1.5005 0.075 1.00477 1.0 1.0 0.33333334
v 1.5005 0.10036 1.00477 1.0 1.0 0.33333334
v 1.50195 0.075 1.00438 1.0 1.0 0.33333334
v 1.5005 0.10036 1.00477 1.0 1.0 0.33333334
v 1.50195 0.10036 1.00438 1.0 1.0 0.33333334
v 1.5 0.075 1.0 1.0 1.0 0.33333334
v 1.499 0.075 1.0047 1.0 1.0 0.33333334
v 1.5005 0.075 1.00477 1.0 1.0 0.33333334
v 1.5 0.10036 1.0 1.0 1.0 0.33333334
v 1.5005 0.10036 1.00477 1.0 1.0 0.33333334
v 1.499 0.10036 1.0047 1.0 1.0 0.33333334
v 1.5005 0.075 1.00477 1.0 1.0 0.33333334
v 1.499 0.075 1.0047 1.0 1.0 0.33333334
v 1.499 0.10036 1.0047 1.0 1.0 0.33333334
v 1.5005 0.075 1.00477 1.0 1.0 0.33333334
v 1.499 0.10036 1.0047 1.0 1.0 0.33333334
v 1.5005 0.10036 1.00477 1.0 1.0 0.33333334
v 1.5 0.075 1.0 1.0 1.0 0.33333334
v 1.4976 0.075 1.00416 1.0 1.0 0.33333334
v 1.499 0.075 1.0047 1.0 1.0 0.33333334
v 1.5 0.10036 1.0 1.0 1.0 0.33333334
v 1.499 0.10036 1.0047 1.0 1.0 0.33333334
v 1.4976 0.10036 1.00416 1.0 1.0 0.33333334
v 1.499 0.075 1.0047 1.0 1.0 0.33333334
v 1.4976 0.075 1.00416 1.0 1.0 0.33333334
v 1.4976 0.10036 1.00416 1.0 1.0 0.33333334
v 1.499 0.075 1.0047 1.0 1.0 0.33333334
v 1.4976 0.10036 1.00416 1.0 1.0 0.33333334
v 1.499 0.10036 1.0047 1.0 1.0 0.33333334
v 1.5 0.075 1.0 1.0 1.0 0.33333334
v 1.49643 0.075 1.00321 1.0 1.0 0.33333334
v 1.4976 0.075 1.00416 1.0 1.0 0.33333334
v 1.5 0.10036 1.0 1.0 1.0 0.33333334
v 1.4976 0.10036 1.00416 1.0 1.0 0.33333334
v 1.49643 0.10036 1.00321 1.0 1.0 0.33333334
v 1.4976 0.075 1.00416 1.0 1.0 0.33333334
v 1.49643 0.075 1.00321 1.0 1.0 0.33333334
v 1.49643 0.10036 1.00321 1.0 1.0 0.33333334
v 1.4976 0.075 1.00416 1.0 1.0 0.33333334
v 1.49643 0.10036 1.00321 1.0 1.0 0.33333334
v 1.4976 0.10036 1.00416 1.0 1.0 0.33333334
v 1.5 0.075 1.0 1.0 1.0 0.33333334
v 1.49562 0.075 1.00195 1.0 1.0 0.33333334
v 1.49643 0.075 1.00321 1.0 1.0 0.33333334
v 1.5 0.10036 1.0 1.0 1.0 0.33333334
v 1.49643 0.10036 1.00321 1.0 1.0 0.33333334
v 1.49562 0.10036 1.00195 1.0 1.0 0.33333334
v 1.49643 0.075 1.00321 1.0 1.0 0.33333334
v 1.49562 0.075 1.00195 1.0 1.0 0.33333334
v 1.49562 0.10036 1.00195 1.0 1.0 0.33333334
v 1.49643 0.075 1.00321 1.0 1.0 0.33333334
v 1.49562 0.10036 1.00195 1.0 1.0 0.33333334
v 1.49643 0.10036 1.00321 1.0 1.0 0.33333334
v 1.5 0.075 1.0 1.0 1.0 0.33333334
v 1.49523 0.075 1.0005 1.0 1.0 0.33333334
v 1.49562 0.075 1.00195 1.0 1.0 0.33333334
v 1.5 0.10036 1.0 1.0 1.0 0.33333334
v 1.49562 0.10036 1.00195 1.0 1.0 0.33333334
v 1.49523 0.10036 1.0005 1.0 1.0 0.33333334
v 1.49562 0.075 1.00195 1.0 1.0 0.33333334
v 1.49523 0.075 1.0005 1.0 1.0 0.33333334
v 1.49523 0.10036 1.0005 1.0 1.0 0.33333334
v 1.49562 0.075 1.00195 1.0 1.0 0.33333334
v 1.49523 0.10036 1.0005 1.0 1.0 0.33333334
v 1.49562 0.10036 1.00195 1.0 1.0 0.33333334
v 1.5 0.075 1.0 1.0 1.0 0.33333334
v 1.4953 0.075 0.999 1.0 1.0 0.33333334
v 1.49523 0.075 1.0005 1.0 1.0 0.33333334
v 1.5 0.10036 1.0 1.0 1.0 0.33333334
v 1.49523 0.10036 1.0005 1.0 1.0 0.33333334
v 1.4953 0.10036 0.999 1.0 1.0 0.33333334
v 1.49523 0.075 1.0005 1.0 1.0 0.33333334
v 1.4953 0.075 0.999 1.0 1.0 0.33333334
v 1.4953 0.10036 0.999 1.0 1.0 0.33333334
v 1.49523 0.075 1.0005 1.0 1.0 0.33333334
v 1.4953 0.10036 0.999 1.0 1.0 0.33333334
v 1.49523 0.10036 1.0005 1.0 1.0 0.33333334
v 1.5 0.075 1.0 1.0 1.0 0.33333334
v 1.49584 0.075 0.9976 1.0 1.0 0.33333334
v 1.4953 0.075 0.999 1.0 1.0 0.33333334
v 1.5 0.10036 1.0 1.0 1.0 0.33333334
v 1.4953 0.10036 0.999 1.0 1.0 0.33333334
v 1.49584 0.10036 0.9976 1.0 1.0 0.33333334
v 1.4953 0.075 0.999 1.0 1.0 0.33333334
v 1.49584 0.075 0.9976 1.0 1.0 0.33333334
v 1.49584 0.10036 0.9976 1.0 1.0 0.33333334
v 1.4953 0.075 0.999 1.0 1.0 0.33333334
v 1.49584 0.10036 0.9976 1.0 1.0 0.33333334
v 1.4953 0.10036 0.999 1.0 1.0 0.33333334
v 1.5 0.075 1.0 1.0 1.0 0.33333334
v 1.49679 0.075 0.99643 1.0 1.0 0.33333334
v 1.49584 0.075 0.9976 1.0 1.0 0.33333334
v 1.5 0.10036 1.0 1.0 1.0 0.33333334
v 1.49584 0.10036 0.9976 1.0 1.0 0.33333334
v 1.49679 0.10036 0.99643 1.0 1.0 0.33333334
v 1.49584 0.075 0.9976 1.0 1.0 0.33333334
v 1.49679 0.075 0.99643 1.0 1.0 0.33333334
v 1.49679 0.10036 0.99643 1.0 1.0 0.33333334
v 1.49584 0.075 0.9976 1.0 1.0 0.33333334
v 1.49679 0.10036 0.99643 1.0 1.0 0.33333334
v 1.49584 0.10036 0.9976 1.0 1.0 0.33333334
v 1.5 0.075 1.0 1.0 1.0 0.33333334
v 1.49805 0.075 0.99562 1.0 1.0 0.33333334
v 1.49679 0.075 0.99643 1.0 1.0 0.33333334
v 1.5 0.10036 1.0 1.0 1.0 0.33333334
v 1.49679 0.10036 0.99643 1.0 1.0 0.33333334
v 1.49805 0.10036 0.99562 1.0 1.0 0.33333334
v 1.49679 0.075 0.99643 1.0 1.0 0.33333334
v 1.49805 0.075 0.99562 1.0 1.0 0.33333334
v 1.49805 0.10036 0.99562 1.0 1.0 0.33333334
v 1.49679 0.075 0.99643 1.0 1.0 0.33333334
v 1.49805 0.10036 0.99562 1.0 1.0 0.33333334
v 1.49679 0.10036 0.99643 1.0 1.0 0.33333334
v 1.5 0.075 1.0 1.0 1.0 0.33333334
v 1.4995 0.075 0.99523 1.0 1.0 0.33333334
v 1.49805 0.075 0.99562 1.0 1.0 0.33333334
v 1.5 0.10036 1.0 1.0 1.0 0.33333334
v 1.49805 0.10036 0.99562 1.0 1.0 0.33333334
v 1.4995 0.10036 0.99523 1.0 1.0 0.33333334
v 1.49805 0.075 0.99562 1.0 1.0 0.33333334
v 1.4995 0.075 0.99523 1.0 1.0 0.33333334
v 1.4995 0.10036 0.99523 1.0 1.0 0.33333334
v 1.49805 0.075 0.99562 1.0 1.0 0.33333334
v 1.4995 0.10036 0.99523 1.0 1.0 0.33333334
v 1.49805 0.10036 0.99562 1.0 1.0 0.33333334
v 1.5 0.075 1.0 1.0 1.0 0.33333334
v 1.501 0.075 0.9953 1.0 1.0 0.33333334
v 1.4995 0.075 0.99523 1.0 1.0 0.33333334
v 1.5 0.10036 1.0 1.0 1.0 0.33333334
v 1.4995 0.10036 0.99523 1.0 1.0 0.33333334
v 1.501 0.10036 0.9953 1.0 1.0 0.33333334
v 1.4995 0.075 0.99523 1.0 1.0 0.33333334
v 1.501 0.075 0.9953 1.0 1.0 0.33333334
v 1.501 0.10036 0.9953 1.0 1.0 0.33333334
v 1.4995 0.075 0.99523 1.0 1.0 0.33333334
v 1.501 0.10036 0.9953 1.0 1.0 0.33333334
v 1.4995 0.10036 0.99523 1.0 1.0 0.33333334
v 1.5 0.075 1.0 1.0 1.0 0.33333334
v 1.5024 0.075 0.99584 1.0 1.0 0.33333334
v 1.501 0.075 0.9953 1.0 1.0 0.33333334
v 1.5 0.10036 1.0 1.0 1.0 0.33333334
v 1.501 0.10036 0.9953 1.0 1.0 0.33333334
v 1.5024 0.10036 0.99584 1.0 1.0 0.33333334
v 1.501 0.075 0.9953 1.0 1.0 0.33333334
v 1.5024 0.075 0.99584 1.0 1.0 0.33333334
v 1.5024 0.10036 0.99584 1.0 1.0 0.33333334
v 1.501 0.075 0.9953 1.0 1.0 0.33333334
v 1.5024 0.10036 0.99584 1.0 1.0 0.33333334
v 1.501 0.10036 0.9953 1.0 1.0 0.33333334
v 1.5 0.075 1.0 1.0 1.0 0.33333334
v 1.50357 0.075 0.99679 1.0 1.0 0.33333334
v 1.5024 0.075 0.99584 1.0 1.0 0.33333334
v 1.5 0.10036 1.0 1.0 1.0 0.33333334
v 1.5024 0.10036 0.99584 1.0 1.0 0.33333334
v 1.50357 0.10036 0.99679 1.0 1.0 0.33333334
v 1.5024 0.075 0.99584 1.0 1.0 0.33333334
v 1.50357 0.075 0.99679 1.0 1.0 0.33333334
v 1.50357 0.10036 0.99679 1.0 1.0 0.33333334
v 1.5024 0.075 0.99584 1.0 1.0 0.33333334
v 1.50357 0.10036 0.99679 1.0 1.0 0.33333334
v 1.5024 0.10036 0.99584 1.0 1.0 0.33333334
v 1.5 0.075 1.0 1.0 1.0 0.33333334
v 1.50438 0.075 0.99805 1.0 1.0 0.33333334
v 1.50357 0.075 0.99679 1.0 1.0 0.33333334
v 1.5 0.10036 1.0 1.0 1.0 0.33333334
v 1.50357 0.10036 0.99679 1.0 1.0 0.33333334
v 1.50438 0.10036 0.99805 1.0 1.0 0.33333334
v 1.50357 0.075 0.99679 1.0 1.0 0.33333334
v 1.50438 0.075 0.99805 1.0 1.0 0.33333334
v 1.50438 0.10036 0.99805 1.0 1.0 0.33333334
v 1.50357 0.075 0.99679 1.0 1.0 0.33333334
v 1.50438 0.10036 0.99805 1.0 1.0 0.33333334
v 1.50357 0.10036 0.99679 1.0 1.0 0.33333334
v 1.5 0.075 1.0 1.0 1.0 0.33333334
v 1.50477 0.075 0.9995 1.0 1.0 0.33333334
v 1.50438 0.075 0.99805 1.0 1.0 0.33333334
v 1.5 0.10036 1.0 1.0 1.0 0.33333334
v 1.50438 0.10036 0.99805 1.0 1.0 0.33333334
v 1.50477 0.10036 0.9995 1.0 1.0 0.33333334
v 1.50438 0.075 0.99805 1.0 1.0 0.33333334
v 1.50477 0.075 0.9995 1.0 1.0 0.33333334
v 1.50477 0.10036 0.9995 1.0 1.0 0.33333334
v 1.50438 0.075 0.99805 1.0 1.0 0.33333334
v 1.50477 0.10036 0.9995 1.0 1.0 0.33333334
v 1.50438 0.10036 0.99805 1.0 1.0 0.33333334
v 1.5 0.075 1.0 1.0 1.0 0.33333334
v 1.5047 0.075 1.001 1.0 1.0 0.33333334
v 1.50477 0.075 0.9995 1.0 1.0 0.33333334
v 1.5 0.10036 1.0 1.0 1.0 0.33333334
v 1.50477 0.10036 0.9995 1.0 1.0 0.33333334
v 1.5047 0.10036 1.001 1.0 1.0 0.33333334
v 1.50477 0.075 0.9995 1.0 1.0 0.33333334
v 1.5047 0.075 1.001 1.0 1.0 0.33333334
v 1.5047 0.10036 1.001 1.0 1.0 0.33333334
v 1.50477 0.075 0.9995 1.0 1.0 0.33333334
v 1.5047 0.10036 1.001 1.0 1.0 0.33333334
v 1.50477 0.10036 0.9995 1.0 1.0 0.33333334
v 1.5 0.10036 1.0 1.0 1.0 0.33333334
v 1.5039 0.10046 1.00225 1.0 1.0 0.33333334
v 1.5044 0.10036 1.00094 1.0 1.0 0.33333334
v 1.50019 0.11378 0.99912 1.0 1.0 0.33333334
v 1.50459 0.11378 1.00005 1.0 1.0 0.33333334
v 1.50409 0.11387 1.00136 1.0 1.0 0.33333334
v 1.5044 0.10036 1.00094 1.0 1.0 0.33333334
v 1.5039 0.10046 1.00225 1.0 1.0 0.33333334
v 1.50409 0.11387 1.00136 1.0 1.0 0.33333334
v 1.5044 0.10036 1.00094 1.0 1.0 0.33333334
v 1.50409 0.11387 1.00136 1.0 1.0 0.33333334
v 1.50459 0.11378 1.00005 1.0 1.0 0.33333334
v 1.5 0.10036 1.0 1.0 1.0 0.33333334
v 1.50301 0.10054 1.00334 1.0 1.0 0.33333334
v 1.5039 0.10046 1.00225 1.0 1.0 0.33333334
v 1.50019 0.11378 0.99912 1.0 1.0 0.33333334
v 1.50409 0.11387 1.00136 1.0 1.0 0.33333334
v 1.5032 0.11396 1.00246 1.0 1.0 0.33333334
v 1.5039 0.10046 1.00225 1.0 1.0 0.33333334
v 1.50301 0.10054 1.00334 1.0 1.0 0.33333334
v 1.5032 0.11396 1.00246 1.0 1.0 0.33333334
v 1.5039 0.10046 1.00225 1.0 1.0 0.33333334
v 1.5032 0.11396 1.00246 1.0 1.0 0.33333334
v 1.50409 0.11387 1.00136 1.0 1.0 0.33333334
v 1.5 0.10036 1.0 1.0 1.0 0.33333334
v 1.50183 0.10061 1.0041 1.0 1.0 0.33333334
v 1.50301 0.10054 1.00334 1.0 1.0 0.33333334
v 1.50019 0.11378 0.99912 1.0 1.0 0.33333334
v 1.5032 0.11396 1.00246 1.0 1.0 0.33333334
v 1.50202 0.11402 1.00322 1.0 1.0 0.33333334
v 1.50301 0.10054 1.00334 1.0 1.0 0.33333334
v 1.50183 0.10061 1.0041 1.0 1.0 0.33333334
v 1.50202 0.11402 1.00322 1.0 1.0 0.33333334
v 1.50301 0.10054 1.00334 1.0 1.0 0.33333334
v 1.50202 0.11402 1.00322 1.0 1.0 0.33333334
v 1.5032 0.11396 1.00246 1.0 1.0 0.33333334
v 1.5 0.10036 1.0 1.0 1.0 0.33333334
v 1.50047 0.10065 1.00447 1.0 1.0 0.33333334
v 1.50183 0.10061 1.0041 1.0 1.0 0.33333334
v 1.50019 0.11378 0.99912 1.0 1.0 0.33333334
v 1.50202 0.11402 1.00322 1.0 1.0 0.33333334
v 1.50066 0.11407 1.00358 1.0 1.0 0.33333334
v 1.50183 0.10061 1.0041 1.0 1.0 0.33333334
v 1.50047 0.10065 1.00447 1.0 1.0 0.33333334
v 1.50066 0.11407 1.00358 1.0 1.0 0.33333334
v 1.50183 0.10061 1.0041 1.0 1.0 0.33333334
v 1.50066 0.11407 1.00358 1.0 1.0 0.33333334
v 1.50202 0.11402 1.00322 1.0 1.0 0.33333334
v 1.5 0.10036 1.0 1.0 1.0 0.33333334
v 1.49907 0.10067 1.00439 1.0 1.0 0.33333334
v 1.50047 0.10065 1.00447 1.0 1.0 0.33333334
v 1.50019 0.11378 0.99912 1.0 1.0 0.33333334
v 1.50066 0.11407 1.00358 1.0 1.0 0.33333334
v 1.49925 0.11408 1.00351 1.0 1.0 0.33333334
v 1.50047 0.10065 1.00447 1.0 1.0 0.33333334
v 1.49907 0.10067 1.00439 1.0 1.0 0.33333334
v 1.49925 0.11408 1.00351 1.0 1.0 0.33333334
v 1.50047 0.10065 1.00447 1.0 1.0 0.33333334
v 1.49925 0.11408 1.00351 1.0 1.0 0.33333334
v 1.50066 0.11407 1.00358 1.0 1.0 0.33333334
v 1.5 0.10036 1.0 1.0 1.0 0.33333334
v 1.49775 0.10065 1.00389 1.0 1.0 0.33333334
v 1.49907 0.10067 1.00439 1.0 1.0 0.33333334
v 1.50019 0.11378 0.99912 1.0 1.0 0.33333334
v 1.49925 0.11408 1.00351 1.0 1.0 0.33333334
v 1.49794 0.11407 1.00301 1.0 1.0 0.33333334
v 1.49907 0.10067 1.00439 1.0 1.0 0.33333334
v 1.49775 0.10065 1.00389 1.0 1.0 0.33333334
v 1.49794 0.11407 1.00301 1.0 1.0 0.33333334
v 1.49907 0.10067 1.00439 1.0 1.0 0.33333334
v 1.49794 0.11407 1.00301 1.0 1.0 0.33333334
v 1.49925 0.11408 1.00351 1.0 1.0 0.33333334
v 1.5 0.10036 1.0 1.0 1.0 0.33333334
v 1.49666 0.10061 1.003 1.0 1.0 0.33333334
v 1.49775 0.10065 1.00389 1.0 1.0 0.33333334
v 1.50019 0.11378 0.99912 1.0 1.0 0.33333334
v 1.49794 0.11407 1.00301 1.0 1.0 0.33333334
v 1.49685 0.11402 1.00212 1.0 1.0 0.33333334
v 1.49775 0.10065 1.00389 1.0 1.0 0.33333334
v 1.49666 0.10061 1.003 1.0 1.0 0.33333334
v 1.49685 0.11402 1.00212 1.0 1.0 0.33333334
v 1.49775 0.10065 1.00389 1.0 1.0 0.33333334
v 1.49685 0.11402 1.00212 1.0 1.0 0.33333334
v 1.49794 0.11407 1.00301 1.0 1.0 0.33333334
v 1.5 0.10036 1.0 1.0 1.0 0.33333334
v 1.49589 0.10054 1.00182 1.0 1.0 0.33333334
v 1.49666 0.10061 1.003 1.0 1.0 0.33333334
v 1.50019 0.11378 0.99912 1.0 1.0 0.33333334
v 1.49685 0.11402 1.00212 1.0 1.0 0.33333334
v 1.49608 0.11396 1.00094 1.0 1.0 0.33333334
v 1.49666 0.10061 1.003 1.0 1.0 0.33333334
v 1.49589 0.10054 1.00182 1.0 1.0 0.33333334
v 1.49608 0.11396 1.00094 1.0 1.0 0.33333334
v 1.49666 0.10061 1.003 1.0 1.0 0.33333334
v 1.49608 0.11396 1.00094 1.0 1.0 0.33333334
v 1.49685 0.11402 1.00212 1.0 1.0 0.33333334
v 1.5 0.10036 1.0 1.0 1.0 0.33333334
v 1.49553 0.10046 1.00047 1.0 1.0 0.33333334
v 1.49589 0.10054 1.00182 1.0 1.0 0.33333334
v 1.50019 0.11378 0.99912 1.0 1.0 0.33333334
v 1.49608 0.11396 1.00094 1.0 1.0 0.33333334
v 1.49571 0.11387 0.99959 1.0 1.0 0.33333334
v 1.49589 0.10054 1.00182 1.0 1.0 0.33333334
v 1.49553 0.10046 1.00047 1.0 1.0 0.33333334
v 1.49571 0.11387 0.99959 1.0 1.0 0.33333334
v 1.49589 0.10054 1.00182 1.0 1.0 0.33333334
v 1.49571 0.11387 0.99959 1.0 1.0 0.33333334
v 1.49608 0.11396 1.00094 1.0 1.0 0.33333334
v 1.5 0.10036 1.0 1.0 1.0 0.33333334
v 1.4956 0.10036 0.99906 1.0 1.0 0.33333334
v 1.49553 0.10046 1.00047 1.0 1.0 0.33333334
v 1.50019 0.11378 0.99912 1.0 1.0 0.33333334
v 1.49571 0.11387 0.99959 1.0 1.0 0.33333334
v 1.49579 0.11378 0.99818 1.0 1.0 0.33333334
v 1.49553 0.10046 1.00047 1.0 1.0 0.33333334
v 1.4956 0.10036 0.99906 1.0 1.0 0.33333334
v 1.49579 0.11378 0.99818 1.0 1.0 0.33333334
v 1.49553 0.10046 1.00047 1.0 1.0 0.33333334
v 1.49579 0.11378 0.99818 1.0 1.0 0.33333334
v 1.49571 0.11387 0.99959 1.0 1.0 0.33333334
v 1.5 0.10036 1.0 1.0 1.0 0.33333334
v 1.4961 0.10027 0.99775 1.0 1.0 0.33333334
v 1.4956 0.10036 0.99906 1.0 1.0 0.33333334
v 1.50019 0.11378 0.99912 1.0 1.0 0.33333334
v 1.49579 0.11378 0.99818 1.0 1.0 0.33333334
v 1.49629 0.11369 0.99687 1.0 1.0 0.33333334
v 1.4956 0.10036 0.99906 1.0 1.0 0.33333334
v 1.4961 0.10027 0.99775 1.0 1.0 0.33333334
v 1.49629 0.11369 0.99687 1.0 1.0 0.33333334
v 1.4956 0.10036 0.99906 1.0 1.0 0.33333334
v 1.49629 0.11369 0.99687 1.0 1.0 0.33333334
v 1.49579 0.11378 0.99818 1.0 1.0 0.33333334
v 1.5 0.10036 1.0 1.0 1.0 0.33333334
v 1.49699 0.10019 0.99666 1.0 1.0 0.33333334
v 1.4961 0.10027 0.99775 1.0 1.0 0.33333334
v 1.50019 0.11378 0.99912 1.0 1.0 0.33333334
v 1.49629 0.11369 0.99687 1.0 1.0 0.33333334
v 1.49717 0.1136 0.99578 1.0 1.0 0.33333334
v 1.4961 0.10027 0.99775 1.0 1.0 0.33333334
v 1.49699 0.10019 0.99666 1.0 1.0 0.33333334
v 1.49717 0.1136 0.99578 1.0 1.0 0.33333334
v 1.4961 0.10027 0.99775 1.0 1.0 0.33333334
v 1.49717 0.1136 0.99578 1.0 1.0 0.33333334
v 1.49629 0.11369 0.99687 1.0 1.0 0.33333334
v 1.5 0.10036 1.0 1.0 1.0 0.33333334
v 1.49817 0.10012 0.9959 1.0 1.0 0.33333334
v 1.49699 0.10019 0.99666 1.0 1.0 0.33333334
v 1.50019 0.11378 0.99912 1.0 1.0 0.33333334
v 1.49717 0.1136 0.99578 1.0 1.0 0.33333334
v 1.49836 0.11353 0.99502 1.0 1.0 0.33333334
v 1.49699 0.10019 0.99666 1.0 1.0 0.33333334
v 1.49817 0.10012 0.9959 1.0 1.0 0.33333334
v 1.49836 0.11353 0.99502 1.0 1.0 0.33333334
v 1.49699 0.10019 0.99666 1.0 1.0 0.33333334
v 1.49836 0.11353 0.99502 1.0 1.0 0.33333334
v 1.49717 0.1136 0.99578 1.0 1.0 0.33333334
v 1.5 0.10036 1.0 1.0 1.0 0.33333334
v 1.49953 0.10008 0.99553 1.0 1.0 0.33333334
v 1.49817 0.10012 0.9959 1.0 1.0 0.33333334
v 1.50019 0.11378 0.99912 1.0 1.0 0.33333334
v 1.49836 0.11353 0.99502 1.0 1.0 0.33333334
v 1.49971 0.11349 0.99465 1.0 1.0 0.33333334
v 1.49817 0.10012 0.9959 1.0 1.0 0.33333334
v 1.49953 0.10008 0.99553 1.0 1.0 0.33333334
v 1.49971 0.11349 0.99465 1.0 1.0 0.33333334
v 1.49817 0.10012 0.9959 1.0 1.0 0.33333334
v 1.49971 0.11349 0.99465 1.0 1.0 0.33333334
v 1.49836 0.11353 0.99502 1.0 1.0 0.33333334
v 1.5 0.10036 1.0 1.0 1.0 0.33333334
v 1.50093 0.10006 0.99561 1.0 1.0 0.33333334
v 1.49953 0.10008 0.99553 1.0 1.0 0.33333334
v 1.50019 0.11378 0.99912 1.0 1.0 0.33333334
v 1.49971 0.11349 0.99465 1.0 1.0 0.33333334
v 1.50112 0.11348 0.99473 1.0 1.0 0.33333334
v 1.49953 0.10008 0.99553 1.0 1.0 0.33333334
v 1.50093 0.10006 0.99561 1.0 1.0 0.33333334
v 1.50112 0.11348 0.99473 1.0 1.0 0.33333334
v 1.49953 0.10008 0.99553 1.0 1.0 0.33333334
v 1.50112 0.11348 0.99473 1.0 1.0 0.33333334
v 1.49971 0.11349 0.99465 1.0 1.0 0.33333334
v 1.5 0.10036 1.0 1.0 1.0 0.33333334
v 1.50225 0.10008 0.99611 1.0 1.0 0.33333334
v 1.50093 0.10006 0.99561 1.0 1.0 0.33333334
v 1.50019 0.11378 0.99912 1.0 1.0 0.33333334
v 1.50112 0.11348 0.99473 1.0 1.0 0.33333334
v 1.50244 0.11349 0.99523 1.0 1.0 0.33333334
v 1.50093 0.10006 0.99561 1.0 1.0 0.33333334
v 1.50225 0.10008 0.99611 1.0 1.0 0.33333334
v 1.50244 0.11349 0.99523 1.0 1.0 0.33333334
v 1.50093 0.10006 0.99561 1.0 1.0 0.33333334
v 1.50244 0.11349 0.99523 1.0 1.0 0.33333334
v 1.50112 0.11348 0.99473 1.0 1.0 0.33333334
v 1.5 0.10036 1.0 1.0 1.0 0.33333334
v 1.50334 0.10012 0.997 1.0 1.0 0.33333334
v 1.50225 0.10008 0.99611 1.0 1.0 0.33333334
v 1.50019 0.11378 0.99912 1.0 1.0 0.33333334
v 1.50244 0.11349 0.99523 1.0 1.0 0.33333334
v 1.50353 0.11353 0.99611 1.0 1.0 0.33333334
v 1.50225 0.10008 0.99611 1.0 1.0 0.33333334
v 1.50334 0.10012 0.997 1.0 1.0 0.33333334
v 1.50353 0.11353 0.99611 1.0 1.0 0.33333334
v 1.50225 0.10008 0.99611 1.0 1.0 0.33333334
v 1.50353 0.11353 0.99611 1.0 1.0 0.33333334
v 1.50244 0.11349 0.99523 1.0 1.0 0.33333334
v 1.5 0.10036 1.0 1.0 1.0 0.33333334
v 1.50411 0.10019 0.99818 1.0 1.0 0.33333334
v 1.50334 0.10012 0.997 1.0 1.0 0.33333334
v 1.50019 0.11378 0.99912 1.0 1.0 0.33333334
v 1.50353 0.11353 0.99611 1.0 1.0 0.33333334
v 1.5043 0.1136 0.99729 1.0 1.0 0.33333334
v 1.50334 0.10012 0.997 1.0 1.0 0.33333334
v 1.50411 0.10019 0.99818 1.0 1.0 0.33333334
v 1.5043 0.1136 0.99729 1.0 1.0 0.33333334
v 1.50334 0.10012 0.997 1.0 1.0 0.33333334
v 1.5043 0.1136 0.99729 1.0 1.0 0.33333334
v 1.50353 0.11353 0.99611 1.0 1.0 0.33333334
v 1.5 0.10036 1.0 1.0 1.0 0.33333334
v 1.50447 0.10027 0.99953 1.0 1.0 0.33333334
v 1.50411 0.10019 0.99818 1.0 1.0 0.33333334
v 1.50019 0.11378 0.99912 1.0 1.0 0.33333334
v 1.5043 0.1136 0.99729 1.0 1.0 0.33333334
v 1.50466 0.11369 0.99865 1.0 1.0 0.33333334
v 1.50411 0.10019 0.99818 1.0 1.0 0.33333334
v 1.50447 0.10027 0.99953 1.0 1.0 0.33333334
v 1.50466 0.11369 0.99865 1.0 1.0 0.33333334
v 1.50411 0.10019 0.99818 1.0 1.0 0.33333334
v 1.50466 0.11369 0.99865 1.0 1.0 0.33333334
v 1.5043 0.1136 0.99729 1.0 1.0 0.33333334
v 1.5 0.10036 1.0 1.0 1.0 0.33333334
v 1.5044 0.10036 1.00094 1.0 1.0 0.33333334
v 1.50447 0.10027 0.99953 1.0 1.0 0.33333334
v 1.50019 0.11378 0.99912 1.0 1.0 0.33333334
v 1.50466 0.11369 0.99865 1.0 1.0 0.33333334
v 1.50459 0.11378 1.00005 1.0 1.0 0.33333334
v 1.50447 0.10027 0.99953 1.0 1.0 0.33333334
v 1.5044 0.10036 1.00094 1.0 1.0 0.33333334
v 1.50459 0.11378 1.00005 1.0 1.0 0.33333334
v 1.50447 0.10027 0.99953 1.0 1.0 0.33333334
v 1.50459 0.11378 1.00005 1.0 1.0 0.33333334
v 1.50466 0.11369 0.99865 1.0 1.0 0.33333334
v -1.5 0.075 0.5 1.0 1.0 0.33333334
v -1.49585 0.075 0.50241 1.0 1.0 0.33333334
v -1.49531 0.075 0.50101 1.0 1.0 0.33333334
v -1.5 0.10036 0.5 1.0 1.0 0.33333334
v -1.49531 0.10036 0.50101 1.0 1.0 0.33333334
v -1.49585 0.10036 0.50241 1.0 1.0 0.33333334
v -1.49531 0.075 0.50101 1.0 1.0 0.33333334
v -1.49585 0.075 0.50241 1.0 1.0 0.33333334
v -1.49585 0.10036 0.50241 1.0 1.0 0.33333334
v -1.49531 0.075 0.50101 1.0 1.0 0.33333334
v -1.49585 0.10036 0.50241 1.0 1.0 0.33333334
v -1.49531 0.10036 0.50101 1.0 1.0 0.33333334
v -1.5 0.075 0.5 1.0 1.0 0.33333334
v -1.49679 0.075 0.50357 1.0 1.0 0.33333334
v -1.49585 0.075 0.50241 1.0 1.0 0.33333334
v -1.5 0.10036 0.5 1.0 1.0 0.33333334
v -1.49585 0.10036 0.50241 1.0 1.0 0.33333334
v -1.49679 0.10036 0.50357 1.0 1.0 0.33333334
v -1.49585 0.075 0.50241 1.0 1.0 0.33333334
v -1.49679 0.075 0.50357 1.0 1.0 0.33333334
v -1.49679 0.10036 0.50357 1.0 1.0 0.33333334
v -1.49585 0.075 0.50241 1.0 1.0 0.33333334
v -1.49679 0.10036 0.50357 1.0 1.0 0.33333334
v -1.49585 0.10036 0.50241 1.0 1.0 0.33333334
v -1.5 0.075 0.5 1.0 1.0 0.33333334
v -1.49805 0.075 0.50439 1.0 1.0 0.33333334
v -1.49679 0.075 0.50357 1.0 1.0 0.33333334
v -1.5 0.10036 0.5 1.0 1.0 0.33333334
v -1.49679 0.10036 0.50357 1.0 1.0 0.33333334
v -1.49805 0.10036 0.50439 1.0 1.0 0.33333334
v -1.49679 0.075 0.50357 1.0 1.0 0.33333334
v -1.49805 0.075 0.50439 1.0 1.0 0.33333334
v -1.49805 0.10036 0.50439 1.0 1.0 0.33333334
v -1.49679 0.075 0.50357 1.0 1.0 0.33333334
v -1.49805 0.10036 0.50439 1.0 1.0 0.33333334
v -1.49679 0.10036 0.50357 1.0 1.0 0.33333334
v -1.5 0.075 0.5 1.0 1.0 0.33333334
v -1.49951 0.075 0.50477 1.0 1.0 0.33333334
v -1.49805 0.075 0.50439 1.0 1.0 0.33333334
v -1.5 0.10036 0.5 1.0 1.0 0.33333334
v -1.49805 0.10036 0.50439 1.0 1.0 0.33333334
v -1.49951 0.10036 0.50477 1.0 1.0 0.33333334
v -1.49805 0.075 0.50439 1.0 1.0 0.33333334
v -1.49951 0.075 0.50477 1.0 1.0 0.33333334
v -1.49951 0.10036 0.50477 1.0 1.0 0.33333334
v -1.49805 0.075 0.50439 1.0 1.0 0.33333334
v -1.49951 0.10036 0.50477 1.0 1.0 0.33333334
v -1.49805 0.10036 0.50439 1.0 1.0 0.33333334
v -1.5 0.075 0.5 1.0 1.0 0.33333334
v -1.50101 0.075 0.50469 1.0 1.0 0.33333334
v -1.49951 0.075 0.50477 1.0 1.0 0.33333334
v -1.5 0.10036 0.5 1.0 1.0 0.33333334
v -1.49951 0.10036 0.50477 1.0 1.0 0.33333334
v -1.50101 0.10036 0.50469 1.0 1.0 0.33333334
v -1.49951 0.075 0.50477 1.0 1.0 0.33333334
v -1.50101 0.075 0.50469 1.0 1.0 0.33333334
v -1.50101 0.10036 0.50469 1.0 1.0 0.33333334
v -1.49951 0.075 0.50477 1.0 1.0 0.33333334
v -1.50101 0.10036 0.50469 1.0 1.0 0.33333334
v -1.49951 0.10036 0.50477 1.0 1.0 0.33333334
v -1.5 0.075 0.5 1.0 1.0 0.33333334
v -1.50241 0.075 0.50415 1.0 1.0 0.33333334
v -1.50101 0.075 0.50469 1.0 1.0 0.33333334
v -1.5 0.10036 0.5 1.0 1.0 0.33333334
v -1.50101 0.10036 0.50469 1.0 1.0 0.33333334
v -1.50241 0.10036 0.50415 1.0 1.0 0.33333334
v -1.50101 0.075 0.50469 1.0 1.0 0.33333334
v -1.50241 0.075 0.50415 1.0 1.0 0.33333334
v -1.50241 0.10036 0.50415 1.0 1.0 0.33333334
v -1.50101 0.075 0.50469 1.0 1.0 0.33333334
v -1.50241 0.10036 0.50415 1.0 1.0 0.33333334
v -1.50101 0.10036 0.50469 1.0 1.0 0.33333334
v -1.5 0.075 0.5 1.0 1.0 0.33333334
v -1.50357 0.075 0.50321 1.0 1.0 0.33333334
v -1.50241 0.075 0.50415 1.0 1.0 0.33333334
v -1.5 0.10036 0.5 1.0 1.0 0.33333334
v -1.50241 0.10036 0.50415 1.0 1.0 0.33333334
v -1.50357 0.10036 0.50321 1.0 1.0 0.33333334
v -1.50241 0.075 0.50415 1.0 1.0 0.33333334
v -1.50357 0.075 0.50321 1.0 1.0 0.33333334
v -1.50357 0.10036 0.50321 1.0 1.0 0.33333334
v -1.50241 0.075 0.50415 1.0 1.0 0.33333334
v -1.50357 0.10036 0.50321 1.0 1.0 0.33333334
v -1.50241 0.10036 0.50415 1.0 1.0 0.33333334
v -1.5 0.075 0.5 1.0 1.0 0.33333334
v -1.50439 0.075 0.50195 1.0 1.0 0.33333334
v -1.50357 0.075 0.50321 1.0 1.0 0.33333334
v -1.5 0.10036 0.5 1.0 1.0 0.33333334
v -1.50357 0.10036 0.50321 1.0 1.0 0.33333334
v -1.50439 0.10036 0.50195 1.0 1.0 0.33333334
v -1.50357 0.075 0.50321 1.0 1.0 0.33333334
v -1.50439 0.075 0.50195 1.0 1.0 0.33333334
v -1.50439 0.10036 0.50195 1.0 1.0 0.33333334
v -1.50357 0.075 0.50321 1.0 1.0 0.33333334
v -1.50439 0.10036 0.50195 1.0 1.0 0.33333334
v -1.50357 0.10036 0.50321 1.0 1.0 0.33333334
v -1.5 0.075 0.5 1.0 1.0 0.33333334
v -1.50477 0.075 0.50049 1.0 1.0 0.33333334
v -1.50439 0.075 0.50195 1.0 1.0 0.33333334
v -1.5 0.10036 0.5 1.0 1.0 0.33333334
v -1.50439 0.10036 0.50195 1.0 1.0 0.33333334
v -1.50477 0.10036 0.50049 1.0 1.0 0.33333334
v -1.50439 0.075 0.50195 1.0 1.0 0.33333334
v -1.50477 0.075 0.50049 1.0 1.0 0.33333334
v -1.50477 0.10036 0.50049 1.0 1.0 0.33333334
v -1.50439 0.075 0.50195 1.0 1.0 0.33333334
v -1.50477 0.10036 0.50049 1.0 1.0 0.33333334
v -1.50439 0.10036 0.50195 1.0 1.0 0.33333334
v -1.5 0.075 0.5 1.0 1.0 0.33333334
v -1.50469 0.075 0.49899 1.0 1.0 0.33333334
v -1.50477 0.075 0.50049 1.0 1.0 0.33333334
v -1.5 0.10036 0.5 1.0 1.0 0.33333334
v -1.50477 0.10036 0.50049 1.0 1.0 0.33333334
v -1.50469 0.10036 0.49899 1.0 1.0 0.33333334
v -1.50477 0.075 0.50049 1.0 1.0 0.33333334
v -1.50469 0.075 0.49899 1.0 1.0 0.33333334
v -1.50469 0.10036 0.49899 1.0 1.0 0.33333334
v -1.50477 0.075 0.50049 1.0 1.0 0.33333334
v -1.50469 0.10036 0.49899 1.0 1.0 0.33333334
v -1.50477 0.10036 0.50049 1.0 1.0 0.33333334
v -1.5 0.075 0.5 1.0 1.0 0.33333334
v -1.50415 0.075 0.49759 1.0 1.0 0.33333334
v -1.50469 0.075 0.49899 1.0 1.0 0.33333334
v -1.5 0.10036 0.5 1.0 1.0 0.33333334
v -1.50469 0.10036 0.49899 1.0 1.0 0.33333334
v -1.50415 0.10036 0.49759 1.0 1.0 0.33333334
v -1.50469 0.075 0.49899 1.0 1.0 0.33333334
v -1.50415 0.075 0.49759 1.0 1.0 0.33333334
v -1.50415 0.10036 0.49759 1.0 1.0 0.33333334
v -1.50469 0.075 0.49899 1.0 1.0 0.33333334
v -1.50415 0.10036 0.49759 1.0 1.0 0.33333334
v -1.50469 0.10036 0.49899 1.0 1.0 0.33333334
v -1.5 0.075 0.5 1.0 1.0 0.33333334
v -1.50321 0.075 0.49643 1.0 1.0 0.33333334
v -1.50415 0.075 0.49759 1.0 1.0 0.33333334
v -1.5 0.10036 0.5 1.0 1.0 0.33333334
v -1.50415 0.10036 0.49759 1.0 1.0 0.33333334
v -1.50321 0.10036 0.49643 1.0 1.0 0.33333334
v -1.50415 0.075 0.49759 1.0 1.0 0.33333334
v -1.50321 0.075 0.49643 1.0 1.0 0.33333334
v -1.50321 0.10036 0.49643 1.0 1.0 0.33333334
v -1.50415 0.075 0.49759 1.0 1.0 0.33333334
v -1.50321 0.10036 0.49643 1.0 1.0 0.33333334
v -1.50415 0.10036 0.49759 1.0 1.0 0.33333334
v -1.5 0.075 0.5 1.0 1.0 0.33333334
v -1.50195 0.075 0.49561 1.0 1.0 0.33333334
v -1.50321 0.075 0.49643 1.0 1.0 0.33333334
v -1.5 0.10036 0.5 1.0 1.0 0.33333334
v -1.50321 0.10036 0.49643 1.0 1.0 0.33333334
v -1.50195 0.10036 0.49561 1.0 1.0 0.33333334
v -1.50321 0.075 0.49643 1.0 1.0 0.33333334
v -1.50195 0.075 0.49561 1.0 1.0 0.33333334
v -1.50195 0.10036 0.49561 1.0 1.0 0.33333334
v -1.50321 0.075 0.49643 1.0 1.0 0.33333334
v -1.50195 0.10036 0.49561 1.0 1.0 0.33333334
v -1.50321 0.10036 0.49643 1.0 1.0 0.33333334
v -1.5 0.075 0.5 1.0 1.0 0.33333334
v -1.50049 0.075 0.49523 1.0 1.0 0.33333334
v -1.50195 0.075 0.49561 1.0 1.0 0.33333334
v -1.5 0.10036 0.5 1.0 1.0 0.33333334
v -1.50195 0.10036 0.49561 1.0 1.0 0.33333334
v -1.50049 0.10036 0.49523 1.0 1.0 0.33333334
v -1.50195 0.075 0.49561 1.0 1.0 0.33333334
v -1.50049 0.075 0.49523 1.0 1.0 0.33333334
v -1.50049 0.10036 0.49523 1.0 1.0 0.33333334
v -1.50195 0.075 0.49561 1.0 1.0 0.33333334
v -1.50049 0.10036 0.49523 1.0 1.0 0.33333334
v -1.50195 0.10036 0.49561 1.0 1.0 0.33333334
v -1.5 0.075 0.5 1.0 1.0 0.33333334
v -1.49899 0.075 0.49531 1.0 1.0 0.33333334
v -1.50049 0.075 0.49523 1.0 1.0 0.33333334
v -1.5 0.10036 0.5 1.0 1.0 0.33333334
v -1.50049 0.10036 0.49523 1.0 1.0 0.33333334
v -1.49899 0.10036 0.49531 1.0 1.0 0.33333334
v -1.50049 0.075 0.49523 1.0 1.0 0.33333334
v -1.49899 0.075 0.49531 1.0 1.0 0.33333334
v -1.49899 0.10036 0.49531 1.0 1.0 0.33333334
v -1.50049 0.075 0.49523 1.0 1.0 0.33333334
v -1.49899 0.10036 0.49531 1.0 1.0 0.33333334
v -1.50049 0.10036 0.49523 1.0 1.0 0.33333334
v -1.5 0.075 0.5 1.0 1.0 0.33333334
v -1.49759 0.075 0.49585 1.0 1.0 0.33333334
v -1.49899 0.075 0.49531 1.0 1.0 0.33333334
v -1.5 0.10036 0.5 1.0 1.0 0.33333334
v -1.49899 0.10036 0.49531 1.0 1.0 0.33333334
v -1.49759 0.10036 0.49585 1.0 1.0 0.33333334
v -1.49899 0.075 0.49531 1.0 1.0 0.33333334
v -1.49759 0.075 0.49585 1.0 1.0 0.33333334
v -1.49759 0.10036 0.49585 1.0 1.0 0.33333334
v -1.49899 0.075 0.49531 1.0 1.0 0.33333334
v -1.49759 0.10036 0.49585 1.0 1.0 0.33333334
v -1.49899 0.10036 0.49531 1.0 1.0 0.33333334
v -1.5 0.075 0.5 1.0 1.0 0.33333334
v -1.49643 0.075 0.49679 1.0 1.0 0.33333334
v -1.49759 0.075 0.49585 1.0 1.0 0.33333334
v -1.5 0.10036 0.5 1.0 1.0 0.33333334
v -1.49759 0.10036 0.49585 1.0 1.0 0.33333334
v -1.49643 0.10036 0.49679 1.0 1.0 0.33333334
v -1.49759 0.075 0.49585 1.0 1.0 0.33333334
v -1.49643 0.075 0.49679 1.0 1.0 0.33333334
v -1.49643 0.10036 0.49679 1.0 1.0 0.33333334
v -1.49759 0.075 0.49585 1.0 1.0 0.33333334
v -1.49643 0.10036 0.49679 1.0 1.0 0.33333334
v -1.49759 0.10036 0.49585 1.0 1.0 0.33333334
v -1.5 0.075 0.5 1.0 1.0 0.33333334
v -1.49561 0.075 0.49805 1.0 1.0 0.33333334
v -1.49643 0.075 0.49679 1.0 1.0 0.33333334
v -1.5 0.10036 0.5 1.0 1.0 0.33333334
v -1.49643 0.10036 0.49679 1.0 1.0 0.33333334
v -1.49561 0.10036 0.49805 1.0 1.0 0.33333334
v -1.49643 0.075 0.49679 1.0 1.0 0.33333334
v -1.49561 0.075 0.49805 1.0 1.0 0.33333334
v -1.49561 0.10036 0.49805 1.0 1.0 0.33333334
v -1.49643 0.075 0.49679 1.0 1.0 0.33333334
v -1.49561 0.10036 0.49805 1.0 1.0 0.33333334
v -1.49643 0.10036 0.49679 1.0 1.0 0.33333334
v -1.5 0.075 0.5 1.0 1.0 0.33333334
v -1.49523 0.075 0.49951 1.0 1.0 0.33333334
v -1.49561 0.075 0.49805 1.0 1.0 0.33333334
v -1.5 0.10036 0.5 1.0 1.0 0.33333334
v -1.49561 0.10036 0.49805 1.0 1.0 0.33333334
v -1.49523 0.10036 0.49951 1.0 1.0 0.33333334
v -1.49561 0.075 0.49805 1.0 1.0 0.33333334
v -1.49523 0.075 0.49951 1.0 1.0 0.33333334
v -1.49523 0.10036 0.49951 1.0 1.0 0.33333334
v -1.49561 0.075 0.49805 1.0 1.0 0.33333334
v -1.49523 0.10036 0.49951 1.0 1.0 0.33333334
v -1.49561 0.10036 0.49805 1.0 1.0 0.33333334
v -1.5 0.075 0.5 1.0 1.0 0.33333334
v -1.49531 0.075 0.50101 1.0 1.0 0.33333334
v -1.49523 0.075 0.49951 1.0 1.0 0.33333334
v -1.5 0.10036 0.5 1.0 1.0 0.33333334
v -1.49523 0.10036 0.49951 1.0 1.0 0.33333334
v -1.49531 0.10036 0.50101 1.0 1.0 0.33333334
v -1.49523 0.075 0.49951 1.0 1.0 0.33333334
v -1.49531 0.075 0.50101 1.0 1.0 0.33333334
v -1.49531 0.10036 0.50101 1.0 1.0 0.33333334
v -1.49523 0.075 0.49951 1.0 1.0 0.33333334
v -1.49531 0.10036 0.50101 1.0 1.0 0.33333334
v -1.49523 0.10036 0.49951 1.0 1.0 0.33333334
v -1.5 0.10036 0.5 1.0 1.0 0.33333334
v -1.49611 0.10046 0.50225 1.0 1.0 0.33333334
v -1.4956 0.10036 0.50094 1.0 1.0 0.33333334
v -1.49981 0.11378 0.49912 1.0 1.0 0.33333334
v -1.49541 0.11378 0.50006 1.0 1.0 0.33333334
v -1.49592 0.11387 0.50137 1.0 1.0 0.33333334
v -1.4956 0.10036 0.50094 1.0 1.0 0.33333334
v -1.49611 0.10046 0.50225 1.0 1.0 0.33333334
v -1.49592 0.11387 0.50137 1.0 1.0 0.33333334
v -1.4956 0.10036 0.50094 1.0 1.0 0.33333334
v -1.49592 0.11387 0.50137 1.0 1.0 0.33333334
v -1.49541 0.11378 0.50006 1.0 1.0 0.33333334
v -1.5 0.10036 0.5 1.0 1.0 0.33333334
v -1.49699 0.10054 0.50334 1.0 1.0 0.33333334
v -1.49611 0.10046 0.50225 1.0 1.0 0.33333334
v -1.49981 0.11378 0.49912 1.0 1.0 0.33333334
v -1.49592 0.11387 0.50137 1.0 1.0 0.33333334
v -1.4968 0.11396 0.50246 1.0 1.0 0.33333334
v -1.49611 0.10046 0.50225 1.0 1.0 0.33333334
v -1.49699 0.10054 0.50334 1.0 1.0 0.33333334
v -1.4968 0.11396 0.50246 1.0 1.0 0.33333334
v -1.49611 0.10046 0.50225 1.0 1.0 0.33333334
v -1.4968 0.11396 0.50246 1.0 1.0 0.33333334
v -1.49592 0.11387 0.50137 1.0 1.0 0.33333334
v -1.5 0.10036 0.5 1.0 1.0 0.33333334
v -1.49817 0.10061 0.50411 1.0 1.0 0.33333334
v -1.49699 0.10054 0.50334 1.0 1.0 0.33333334
v -1.49981 0.11378 0.49912 1.0 1.0 0.33333334
v -1.4968 0.11396 0.50246 1.0 1.0 0.33333334
v -1.49799 0.11402 0.50322 1.0 1.0 0.33333334
v -1.49699 0.10054 0.50334 1.0 1.0 0.33333334
v -1.49817 0.10061 0.50411 1.0 1.0 0.33333334
v -1.49799 0.11402 0.50322 1.0 1.0 0.33333334
v -1.49699 0.10054 0.50334 1.0 1.0 0.33333334
v -1.49799 0.11402 0.50322 1.0 1.0 0.33333334
v -1.4968 0.11396 0.50246 1.0 1.0 0.33333334
v -1.5 0.10036 0.5 1.0 1.0 0.33333334
v -1.49953 0.10065 0.50447 1.0 1.0 0.33333334
v -1.49817 0.10061 0.50411 1.0 1.0 0.33333334
v -1.49981 0.11378 0.49912 1.0 1.0 0.33333334
v -1.49799 0.11402 0.50322 1.0 1.0 0.33333334
v -1.49935 0.11407 0.50359 1.0 1.0 0.33333334
v -1.49817 0.10061 0.50411 1.0 1.0 0.33333334
v -1.49953 0.10065 0.50447 1.0 1.0 0.33333334
v -1.49935 0.11407 0.50359 1.0 1.0 0.33333334
v -1.49817 0.10061 0.50411 1.0 1.0 0.33333334
v -1.49935 0.11407 0.50359 1.0 1.0 0.33333334
v -1.49799 0.11402 0.50322 1.0 1.0 0.33333334
v -1.5 0.10036 0.5 1.0 1.0 0.33333334
v -1.50094 0.10067 0.50439 1.0 1.0 0.33333334
v -1.49953 0.10065 0.50447 1.0 1.0 0.33333334
v -1.49981 0.11378 0.49912 1.0 1.0 0.33333334
v -1.49935 0.11407 0.50359 1.0 1.0 0.33333334
v -1.50075 0.11408 0.50351 1.0 1.0 0.33333334
v -1.49953 0.10065 0.50447 1.0 1.0 0.33333334
v -1.50094 0.10067 0.50439 1.0 1.0 0.33333334
v -1.50075 0.11408 0.50351 1.0 1.0 0.33333334
v -1.49953 0.10065 0.50447 1.0 1.0 0.33333334
v -1.50075 0.11408 0.50351 1.0 1.0 0.33333334
v -1.49935 0.11407 0.50359 1.0 1.0 0.33333334
v -1.5 0.10036 0.5 1.0 1.0 0.33333334
v -1.50225 0.10065 0.50388 1.0 1.0 0.33333334
v -1.50094 0.10067 0.50439 1.0 1.0 0.33333334
v -1.49981 0.11378 0.49912 1.0 1.0 0.33333334
v -1.50075 0.11408 0.50351 1.0 1.0 0.33333334
v -1.50207 0.11407 0.503 1.0 1.0 0.33333334
v -1.50094 0.10067 0.50439 1.0 1.0 0.33333334
v -1.50225 0.10065 0.50388 1.0 1.0 0.33333334
v -1.50207 0.11407 0.503 1.0 1.0 0.33333334
v -1.50094 0.10067 0.50439 1.0 1.0 0.33333334
v -1.50207 0.11407 0.503 1.0 1.0 0.33333334
v -1.50075 0.11408 0.50351 1.0 1.0 0.33333334
v -1.5 0.10036 0.5 1.0 1.0 0.33333334
v -1.50335 0.10061 0.503 1.0 1.0 0.33333334
v -1.50225 0.10065 0.50388 1.0 1.0 0.33333334
v -1.49981 0.11378 0.49912 1.0 1.0 0.33333334
v -1.50207 0.11407 0.503 1.0 1.0 0.33333334
v -1.50316 0.11402 0.50212 1.0 1.0 0.33333334
v -1.50225 0.10065 0.50388 1.0 1.0 0.33333334
v -1.50335 0.10061 0.503 1.0 1.0 0.33333334
v -1.50316 0.11402 0.50212 1.0 1.0 0.33333334
v -1.50225 0.10065 0.50388 1.0 1.0 0.33333334
v -1.50316 0.11402 0.50212 1.0 1.0 0.33333334
v -1.50207 0.11407 0.503 1.0 1.0 0.33333334
v -1.5 0.10036 0.5 1.0 1.0 0.33333334
v -1.50411 0.10054 0.50182 1.0 1.0 0.33333334
v -1.50335 0.10061 0.503 1.0 1.0 0.33333334
v -1.49981 0.11378 0.49912 1.0 1.0 0.33333334
v -1.50316 0.11402 0.50212 1.0 1.0 0.33333334
v -1.50392 0.11396 0.50094 1.0 1.0 0.33333334
v -1.50335 0.10061 0.503 1.0 1.0 0.33333334
v -1.50411 0.10054 0.50182 1.0 1.0 0.33333334
v -1.50392 0.11396 0.50094 1.0 1.0 0.33333334
v -1.50335 0.10061 0.503 1.0 1.0 0.33333334
v -1.50392 0.11396 0.50094 1.0 1.0 0.33333334
v -1.50316 0.11402 0.50212 1.0 1.0 0.33333334
v -1.5 0.10036 0.5 1.0 1.0 0.33333334
v -1.50448 0.10046 0.50046 1.0 1.0 0.33333334
v -1.50411 0.10054 0.50182 1.0 1.0 0.33333334
v -1.49981 0.11378 0.49912 1.0 1.0 0.33333334
v -1.50392 0.11396 0.50094 1.0 1.0 0.33333334
v -1.50429 0.11387 0.49958 1.0 1.0 0.33333334
v -1.50411 0.10054 0.50182 1.0 1.0 0.33333334
v -1.50448 0.10046 0.50046 1.0 1.0 0.33333334
v -1.50429 0.11387 0.49958 1.0 1.0 0.33333334
v -1.50411 0.10054 0.50182 1.0 1.0 0.33333334
v -1.50429 0.11387 0.49958 1.0 1.0 0.33333334
v -1.50392 0.11396 0.50094 1.0 1.0 0.33333334
v -1.5 0.10036 0.5 1.0 1.0 0.33333334
v -1.5044 0.10036 0.49906 1.0 1.0 0.33333334
v -1.50448 0.10046 0.50046 1.0 1.0 0.33333334
v -1.49981 0.11378 0.49912 1.0 1.0 0.33333334
v -1.50429 0.11387 0.49958 1.0 1.0 0.33333334
v -1.50421 0.11378 0.49818 1.0 1.0 0.33333334
v -1.50448 0.10046 0.50046 1.0 1.0 0.33333334
v -1.5044 0.10036 0.49906 1.0 1.0 0.33333334
v -1.50421 0.11378 0.49818 1.0 1.0 0.33333334
v -1.50448 0.10046 0.50046 1.0 1.0 0.33333334
v -1.50421 0.11378 0.49818 1.0 1.0 0.33333334
v -1.50429 0.11387 0.49958 1.0 1.0 0.33333334
v -1.5 0.10036 0.5 1.0 1.0 0.33333334
v -1.50389 0.10027 0.49775 1.0 1.0 0.33333334
v -1.5044 0.10036 0.49906 1.0 1.0 0.33333334
v -1.49981 0.11378 0.49912 1.0 1.0 0.33333334
v -1.50421 0.11378 0.49818 1.0 1.0 0.33333334
v -1.50371 0.11369 0.49687 1.0 1.0 0.33333334
v -1.5044 0.10036 0.49906 1.0 1.0 0.33333334
v -1.50389 0.10027 0.49775 1.0 1.0 0.33333334
v -1.50371 0.11369 0.49687 1.0 1.0 0.33333334
v -1.5044 0.10036 0.49906 1.0 1.0 0.33333334
v -1.50371 0.11369 0.49687 1.0 1.0 0.33333334
v -1.50421 0.11378 0.49818 1.0 1.0 0.33333334
v -1.5 0.10036 0.5 1.0 1.0 0.33333334
v -1.50301 0.10019 0.49666 1.0 1.0 0.33333334
v -1.50389 0.10027 0.49775 1.0 1.0 0.33333334
v -1.49981 0.11378 0.49912 1.0 1.0 0.33333334
v -1.50371 0.11369 0.49687 1.0 1.0 0.33333334
v -1.50282 0.1136 0.49578 1.0 1.0 0.33333334
v -1.50389 0.10027 0.49775 1.0 1.0 0.33333334
v -1.50301 0.10019 0.49666 1.0 1.0 0.33333334
v -1.50282 0.1136 0.49578 1.0 1.0 0.33333334
v -1.50389 0.10027 0.49775 1.0 1.0 0.33333334
v -1.50282 0.1136 0.49578 1.0 1.0 0.33333334
v -1.50371 0.11369 0.49687 1.0 1.0 0.33333334
v -1.5 0.10036 0.5 1.0 1.0 0.33333334
v -1.50183 0.10012 0.49589 1.0 1.0 0.33333334
v -1.50301 0.10019 0.49666 1.0 1.0 0.33333334
v -1.49981 0.11378 0.49912 1.0 1.0 0.33333334
v -1.50282 0.1136 0.49578 1.0 1.0 0.33333334
v -1.50164 0.11353 0.49501 1.0 1.0 0.33333334
v -1.50301 0.10019 0.49666 1.0 1.0 0.33333334
v -1.50183 0.10012 0.49589 1.0 1.0 0.33333334
v -1.50164 0.11353 0.49501 1.0 1.0 0.33333334
v -1.50301 0.10019 0.49666 1.0 1.0 0.33333334
v -1.50164 0.11353 0.49501 1.0 1.0 0.33333334
v -1.50282 0.1136 0.49578 1.0 1.0 0.33333334
v -1.5 0.10036 0.5 1.0 1.0 0.33333334
v -1.50047 0.10008 0.49553 1.0 1.0 0.33333334
v -1.50183 0.10012 0.49589 1.0 1.0 0.33333334
v -1.49981 0.11378 0.49912 1.0 1.0 0.33333334
v -1.50164 0.11353 0.49501 1.0 1.0 0.33333334
v -1.50028 0.11349 0.49465 1.0 1.0 0.33333334
v -1.50183 0.10012 0.49589 1.0 1.0 0.33333334
v -1.50047 0.10008 0.49553 1.0 1.0 0.33333334
v -1.50028 0.11349 0.49465 1.0 1.0 0.33333334
v -1.50183 0.10012 0.49589 1.0 1.0 0.33333334
v -1.50028 0.11349 0.49465 1.0 1.0 0.33333334
v -1.50164 0.11353 0.49501 1.0 1.0 0.33333334
v -1.5 0.10036 0.5 1.0 1.0 0.33333334
v -1.49906 0.10006 0.49561 1.0 1.0 0.33333334
v -1.50047 0.10008 0.49553 1.0 1.0 0.33333334
v -1.49981 0.11378 0.49912 1.0 1.0 0.33333334
v -1.50028 0.11349 0.49465 1.0 1.0 0.33333334
v -1.49887 0.11348 0.49473 1.0 1.0 0.33333334
v -1.50047 0.10008 0.49553 1.0 1.0 0.33333334
v -1.49906 0.10006 0.49561 1.0 1.0 0.33333334
v -1.49887 0.11348 0.49473 1.0 1.0 0.33333334
v -1.50047 0.10008 0.49553 1.0 1.0 0.33333334
v -1.49887 0.11348 0.49473 1.0 1.0 0.33333334
v -1.50028 0.11349 0.49465 1.0 1.0 0.33333334
v -1.5 0.10036 0.5 1.0 1.0 0.33333334
v -1.49775 0.10008 0.49612 1.0 1.0 0.33333334
v -1.49906 0.10006 0.49561 1.0 1.0 0.33333334
v -1.49981 0.11378 0.49912 1.0 1.0 0.33333334
v -1.49887 0.11348 0.49473 1.0 1.0 0.33333334
v -1.49756 0.11349 0.49523 1.0 1.0 0.33333334
v -1.49906 0.10006 0.49561 1.0 1.0 0.33333334
v -1.49775 0.10008 0.49612 1.0 1.0 0.33333334
v -1.49756 0.11349 0.49523 1.0 1.0 0.33333334
v -1.49906 0.10006 0.49561 1.0 1.0 0.33333334
v -1.49756 0.11349 0.49523 1.0 1.0 0.33333334
v -1.49887 0.11348 0.49473 1.0 1.0 0.33333334
v -1.5 0.10036 0.5 1.0 1.0 0.33333334
v -1.49665 0.10012 0.497 1.0 1.0 0.33333334
v -1.49775 0.10008 0.49612 1.0 1.0 0.33333334
v -1.49981 0.11378 0.49912 1.0 1.0 0.33333334
v -1.49756 0.11349 0.49523 1.0 1.0 0.33333334
v -1.49646 0.11353 0.49612 1.0 1.0 0.33333334
v -1.49775 0.10008 0.49612 1.0 1.0 0.33333334
v -1.49665 0.10012 0.497 1.0 1.0 0.33333334
v -1.49646 0.11353 0.49612 1.0 1.0 0.33333334
v -1.49775 0.10008 0.49612 1.0 1.0 0.33333334
v -1.49646 0.11353 0.49612 1.0 1.0 0.33333334
v -1.49756 0.11349 0.49523 1.0 1.0 0.33333334
v -1.5 0.10036 0.5 1.0 1.0 0.33333334
v -1.49589 0.10019 0.49818 1.0 1.0 0.33333334
v -1.49665 0.10012 0.497 1.0 1.0 0.33333334
v -1.49981 0.11378 0.49912 1.0 1.0 0.33333334
v -1.49646 0.11353 0.49612 1.0 1.0 0.33333334
v -1.4957 0.1136 0.4973 1.0 1.0 0.33333334
v -1.49665 0.10012 0.497 1.0 1.0 0.33333334
v -1.49589 0.10019 0.49818 1.0 1.0 0.33333334
v -1.4957 0.1136 0.4973 1.0 1.0 0.33333334
v -1.49665 0.10012 0.497 1.0 1.0 0.33333334
v -1.4957 0.1136 0.4973 1.0 1.0 0.33333334
v -1.49646 0.11353 0.49612 1.0 1.0 0.33333334
v -1.5 0.10036 0.5 1.0 1.0 0.33333334
v -1.49552 0.10027 0.49954 1.0 1.0 0.33333334
v -1.49589 0.10019 0.49818 1.0 1.0 0.33333334
v -1.49981 0.11378 0.49912 1.0 1.0 0.33333334
v -1.4957 0.1136 0.4973 1.0 1.0 0.33333334
v -1.49534 0.11369 0.49866 1.0 1.0 0.33333334
v -1.49589 0.10019 0.49818 1.0 1.0 0.33333334
v -1.49552 0.10027 0.49954 1.0 1.0 0.33333334
v -1.49534 0.11369 0.49866 1.0 1.0 0.33333334
v -1.49589 0.10019 0.49818 1.0 1.0 0.33333334
v -1.49534 0.11369 0.49866 1.0 1.0 0.33333334
v -1.4957 0.1136 0.4973 1.0 1.0 0.33333334
v -1.5 0.10036 0.5 1.0 1.0 0.33333334
v -1.4956 0.10036 0.50094 1.0 1.0 0.33333334
v -1.49552 0.10027 0.49954 1.0 1.0 0.33333334
v -1.49981 0.11378 0.49912 1.0 1.0 0.33333334
v -1.49534 0.11369 0.49866 1.0 1.0 0.33333334
v -1.49541 0.11378 0.50006 1.0 1.0 0.33333334
v -1.49552 0.10027 0.49954 1.0 1.0 0.33333334
v -1.4956 0.10036 0.50094 1.0 1.0 0.33333334
v -1.49541 0.11378 0.50006 1.0 1.0 0.33333334
v -1.49552 0.10027 0.49954 1.0 1.0 0.33333334
v -1.49541 0.11378 0.50006 1.0 1.0 0.33333334
v -1.49534 0.11369 0.49866 1.0 1.0 0.33333334
v 0.0 0.075 0.5 1.0 1.0 0.33333334
v 0.00448 0.075 0.50173 1.0 1.0 0.33333334
v 0.00479 0.075 0.50026 1.0 1.0 0.33333334
v 0.0 0.10036 0.5 1.0 1.0 0.33333334
v 0.00479 0.10036 0.50026 1.0 1.0 0.33333334
v 0.00448 0.10036 0.50173 1.0 1.0 0.33333334
v 0.00479 0.075 0.50026 1.0 1.0 0.33333334
v 0.00448 0.075 0.50173 1.0 1.0 0.33333334
v 0.00448 0.10036 0.50173 1.0 1.0 0.33333334
v 0.00479 0.075 0.50026 1.0 1.0 0.33333334
v 0.00448 0.10036 0.50173 1.0 1.0 0.33333334
v 0.00479 0.10036 0.50026 1.0 1.0 0.33333334
v 0.0 0.075 0.5 1.0 1.0 0.33333334
v 0.00372 0.075 0.50303 1.0 1.0 0.33333334
v 0.00448 0.075 0.50173 1.0 1.0 0.33333334
v 0.0 0.10036 0.5 1.0 1.0 0.33333334
v 0.00448 0.10036 0.50173 1.0 1.0 0.33333334
v 0.00372 0.10036 0.50303 1.0 1.0 0.33333334
v 0.00448 0.075 0.50173 1.0 1.0 0.33333334
v 0.00372 0.075 0.50303 1.0 1.0 0.33333334
v 0.00372 0.10036 0.50303 1.0 1.0 0.33333334
v 0.00448 0.075 0.50173 1.0 1.0 0.33333334
v 0.00372 0.10036 0.50303 1.0 1.0 0.33333334
v 0.00448 0.10036 0.50173 1.0 1.0 0.33333334
v 0.0 0.075 0.5 1.0 1.0 0.33333334
v 0.0026 0.075 0.50403 1.0 1.0 0.33333334
v 0.00372 0.075 0.50303 1.0 1.0 0.33333334
v 0.0 0.10036 0.5 1.0 1.0 0.33333334
v 0.00372 0.10036 0.50303 1.0 1.0 0.33333334
v 0.0026 0.10036 0.50403 1.0 1.0 0.33333334
v 0.00372 0.075 0.50303 1.0 1.0 0.33333334
v 0.0026 0.075 0.50403 1.0 1.0 0.33333334
v 0.0026 0.10036 0.50403 1.0 1.0 0.33333334
v 0.00372 0.075 0.50303 1.0 1.0 0.33333334
v 0.0026 0.10036 0.50403 1.0 1.0 0.33333334
v 0.00372 0.10036 0.50303 1.0 1.0 0.33333334
v 0.0 0.075 0.5 1.0 1.0 0.33333334
v 0.00123 0.075 0.50464 1.0 1.0 0.33333334
v 0.0026 0.075 0.50403 1.0 1.0 0.33333334
v 0.0 0.10036 0.5 1.0 1.0 0.33333334
v 0.0026 0.10036 0.50403 1.0 1.0 0.33333334
v 0.00123 0.10036 0.50464 1.0 1.0 0.33333334
v 0.0026 0.075 0.50403 1.0 1.0 0.33333334
v 0.00123 0.075 0.50464 1.0 1.0 0.33333334
v 0.00123 0.10036 0.50464 1.0 1.0 0.33333334
v 0.0026 0.075 0.50403 1.0 1.0 0.33333334
v 0.00123 0.10036 0.50464 1.0 1.0 0.33333334
v 0.0026 0.10036 0.50403 1.0 1.0 0.33333334
v 0.0 0.075 0.5 1.0 1.0 0.33333334
v -0.00026 0.075 0.50479 1.0 1.0 0.33333334
v 0.00123 0.075 0.50464 1.0 1.0 0.33333334
v 0.0 0.10036 0.5 1.0 1.0 0.33333334
v 0.00123 0.10036 0.50464 1.0 1.0 0.33333334
v -0.00026 0.10036 0.50479 1.0 1.0 0.33333334
v 0.00123 0.075 0.50464 1.0 1.0 0.33333334
v -0.00026 0.075 0.50479 1.0 1.0 0.33333334
v -0.00026 0.10036 0.50479 1.0 1.0 0.33333334
v 0.00123 0.075 0.50464 1.0 1.0 0.33333334
v -0.00026 0.10036 0.50479 1.0 1.0 0.33333334
v 0.00123 0.10036 0.50464 1.0 1.0 0.33333334
v 0.0 0.075 0.5 1.0 1.0 0.33333334
v -0.00173 0.075 0.50448 1.0 1.0 0.33333334
v -0.00026 0.075 0.50479 1.0 1.0 0.33333334
v 0.0 0.10036 0.5 1.0 1.0 0.33333334
v -0.00026 0.10036 0.50479 1.0 1.0 0.33333334
v -0.00173 0.10036 0.50448 1.0 1.0 0.33333334
v -0.00026 0.075 0.50479 1.0 1.0 0.33333334
v -0.00173 0.075 0.50448 1.0 1.0 0.33333334
v -0.00173 0.10036 0.50448 1.0 1.0 0.33333334
v -0.00026 0.075 0.50479 1.0 1.0 0.33333334
v -0.00173 0.10036 0.50448 1.0 1.0 0.33333334
v -0.00026 0.10036 0.50479 1.0 1.0 0.33333334
v 0.0 0.075 0.5 1.0 1.0 0.33333334
v -0.00303 0.075 0.50372 1.0 1.0 0.33333334
v -0.00173 0.075 0.50448 1.0 1.0 0.33333334
v 0.0 0.10036 0.5 1.0 1.0 0.33333334
v -0.00173 0.10036 0.50448 1.0 1.0 0.33333334
v -0.00303 0.10036 0.50372 1.0 1.0 0.33333334
v -0.00173 0.075 0.50448 1.0 1.0 0.33333334
v -0.00303 0.075 0.50372 1.0 1.0 0.33333334
v -0.00303 0.10036 0.50372 1.0 1.0 0.33333334
v -0.00173 0.075 0.50448 1.0 1.0 0.33333334
v -0.00303 0.10036 0.50372 1.0 1.0 0.33333334
v -0.00173 0.10036 0.50448 1.0 1.0 0.33333334
v 0.0 0.075 0.5 1.0 1.0 0.33333334
v -0.00403 0.075 0.5026 1.0 1.0 0.33333334
v -0.00303 0.075 0.50372 1.0 1.0 0.33333334
v 0.0 0.10036 0.5 1.0 1.0 0.33333334
v -0.00303 0.10036 0.50372 1.0 1.0 0.33333334
v -0.00403 0.10036 0.5026 1.0 1.0 0.33333334
v -0.00303 0.075 0.50372 1.0 1.0 0.33333334
v -0.00403 0.075 0.5026 1.0 1.0 0.33333334
v -0.00403 0.10036 0.5026 1.0 1.0 0.33333334
v -0.00303 0.075 0.50372 1.0 1.0 0.33333334
v -0.00403 0.10036 0.5026 1.0 1.0 0.33333334
v -0.00303 0.10036 0.50372 1.0 1.0 0.33333334
v 0.0 0.075 0.5 1.0 1.0 0.33333334
v -0.00464 0.075 0.50123 1.0 1.0 0.33333334
v -0.00403 0.075 0.5026 1.0 1.0 0.33333334
v 0.0 0.10036 0.5 1.0 1.0 0.33333334
v -0.00403 0.10036 0.5026 1.0 1.0 0.33333334
v -0.00464 0.10036 0.50123 1.0 1.0 0.33333334
v -0.00403 0.075 0.5026 1.0 1.0 0.33333334
v -0.00464 0.075 0.50123 1.0 1.0 0.33333334
v -0.00464 0.10036 0.50123 1.0 1.0 0.33333334
v -0.00403 0.075 0.5026 1.0 1.0 0.33333334
v -0.00464 0.10036 0.50123 1.0 1.0 0.33333334
v -0.00403 0.10036 0.5026 1.0 1.0 0.33333334
v 0.0 0.075 0.5 1.0 1.0 0.33333334
v -0.00479 0.075 0.49974 1.0 1.0 0.33333334
v -0.00464 0.075 0.50123 1.0 1.0 0.33333334
v 0.0 0.10036 0.5 1.0 1.0 0.33333334
v -0.00464 0.10036 0.50123 1.0 1.0 0.33333334
v -0.00479 0.10036 0.49974 1.0 1.0 0.33333334
v -0.00464 0.075 0.50123 1.0 1.0 0.33333334
v -0.00479 0.075 0.49974 1.0 1.0 0.33333334
v -0.00479 0.10036 0.49974 1.0 1.0 0.33333334
v -0.00464 0.075 0.50123 1.0 1.0 0.33333334
v -0.00479 0.10036 0.49974 1.0 1.0 0.33333334
v -0.00464 0.10036 0.50123 1.0 1.0 0.33333334
v 0.0 0.075 0.5 1.0 1.0 0.33333334
v -0.00448 0.075 0.49827 1.0 1.0 0.33333334
v -0.00479 0.075 0.49974 1.0 1.0 0.33333334
v 0.0 0.10036 0.5 1.0 1.0 0.33333334
v -0.00479 0.10036 0.49974 1.0 1.0 0.33333334
v -0.00448 0.10036 0.49827 1.0 1.0 0.33333334
v -0.00479 0.075 0.49974 1.0 1.0 0.33333334
v -0.00448 0.075 0.49827 1.0 1.0 0.33333334
v -0.00448 0.10036 0.49827 1.0 1.0 0.33333334
v -0.00479 0.075 0.49974 1.0 1.0 0.33333334
v -0.00448 0.10036 0.49827 1.0 1.0 0.33333334
v -0.00479 0.10036 0.49974 1.0 1.0 0.33333334
v 0.0 0.075 0.5 1.0 1.0 0.33333334
v -0.00372 0.075 0.49697 1.0 1.0 0.33333334
v -0.00448 0.075 0.49827 1.0 1.0 0.33333334
v 0.0 0.10036 0.5 1.0 1.0 0.33333334
v -0.00448 0.10036 0.49827 1.0 1.0 0.33333334
v -0.00372 0.10036 0.49697 1.0 1.0 0.33333334
v -0.00448 0.075 0.49827 1.0 1.0 0.33333334
v -0.00372 0.075 0.49697 1.0 1.0 0.33333334
v -0.00372 0.10036 0.49697 1.0 1.0 0.33333334
v -0.00448 0.075 0.49827 1.0 1.0 0.33333334
v -0.00372 0.10036 0.49697 1.0 1.0 0.33333334
v -0.00448 0.10036 0.49827 1.0 1.0 0.33333334
v 0.0 0.075 0.5 1.0 1.0 0.33333334
v -0.0026 0.075 0.49597 1.0 1.0 0.33333334
v -0.00372 0.075 0.49697 1.0 1.0 0.33333334
v 0.0 0.10036 0.5 1.0 1.0 0.33333334
v -0.00372 0.10036 0.49697 1.0 1.0 0.33333334
v -0.0026 0.10036 0.49597 1.0 1.0 0.33333334
v -0.00372 0.075 0.49697 1.0 1.0 0.33333334
v -0.0026 0.075 0.49597 1.0 1.0 0.33333334
v -0.0026 0.10036 0.49597 1.0 1.0 0.33333334
v -0.00372 0.075 0.49697 1.0 1.0 0.33333334
v -0.0026 0.10036 0.49597 1.0 1.0 0.33333334
v -0.00372 0.10036 0.49697 1.0 1.0 0.33333334
v 0.0 0.075 0.5 1.0 1.0 0.33333334
v -0.00123 0.075 0.49536 1.0 1.0 0.33333334
v -0.0026 0.075 0.49597 1.0 1.0 0.33333334
v 0.0 0.10036 0.5 1.0 1.0 0.33333334
v -0.0026 0.10036 0.49597 1.0 1.0 0.33333334
v -0.00123 0.10036 0.49536 1.0 1.0 0.33333334
v -0.0026 0.075 0.49597 1.0 1.0 0.33333334
v -0.00123 0.075 0.49536 1.0 1.0 0.33333334
v -0.00123 0.10036 0.49536 1.0 1.0 0.33333334
v -0.0026 0.075 0.49597 1.0 1.0 0.33333334
v -0.00123 0.10036 0.49536 1.0 1.0 0.33333334
v -0.0026 0.10036 0.49597 1.0 1.0 0.33333334
v 0.0 0.075 0.5 1.0 1.0 0.33333334
v 0.00026 0.075 0.49521 1.0 1.0 0.33333334
v -0.00123 0.075 0.49536 1.0 1.0 0.33333334
v 0.0 0.10036 0.5 1.0 1.0 0.33333334
v -0.00123 0.10036 0.49536 1.0 1.0 0.33333334
v 0.00026 0.10036 0.49521 1.0 1.0 0.33333334
v -0.00123 0.075 0.49536 1.0 1.0 0.33333334
v 0.00026 0.075 0.49521 1.0 1.0 0.33333334
v 0.00026 0.10036 0.49521 1.0 1.0 0.33333334
v -0.00123 0.075 0.49536 1.0 1.0 0.33333334
v 0.00026 0.10036 0.49521 1.0 1.0 0.33333334
v -0.00123 0.10036 0.49536 1.0 1.0 0.33333334
v 0.0 0.075 0.5 1.0 1.0 0.33333334
v 0.00173 0.075 0.49552 1.0 1.0 0.33333334
v 0.00026 0.075 0.49521 1.0 1.0 0.33333334
v 0.0 0.10036 0.5 1.0 1.0 0.33333334
v 0.00026 0.10036 0.49521 1.0 1.0 0.33333334
v 0.00173 0.10036 0.49552 1.0 1.0 0.33333334
v 0.00026 0.075 0.49521 1.0 1.0 0.33333334
v 0.00173 0.075 0.49552 1.0 1.0 0.33333334
v 0.00173 0.10036 0.49552 1.0 1.0 0.33333334
v 0.00026 0.075 0.49521 1.0 1.0 0.33333334
v 0.00173 0.10036 0.49552 1.0 1.0 0.33333334
v 0.00026 0.10036 0.49521 1.0 1.0 0.33333334
v 0.0 0.075 0.5 1.0 1.0 0.33333334
v 0.00303 0.075 0.49628 1.0 1.0 0.33333334
v 0.00173 0.075 0.49552 1.0 1.0 0.33333334
v 0.0 0.10036 0.5 1.0 1.0 0.33333334
v 0.00173 0.10036 0.49552 1.0 1.0 0.33333334
v 0.00303 0.10036 0.49628 1.0 1.0 0.33333334
v 0.00173 0.075 0.49552 1.0 1.0 0.33333334
v 0.00303 0.075 0.49628 1.0 1.0 0.33333334
v 0.00303 0.10036 0.49628 1.0 1.0 0.33333334
v 0.00173 0.075 0.49552 1.0 1.0 0.33333334
v 0.00303 0.10036 0.49628 1.0 1.0 0.33333334
v 0.00173 0.10036 0.49552 1.0 1.0 0.33333334
v 0.0 0.075 0.5 1.0 1.0 0.33333334
v 0.00403 0.075 0.4974 1.0 1.0 0.33333334
v 0.00303 0.075 0.49628 1.0 1.0 0.33333334
v 0.0 0.10036 0.5 1.0 1.0 0.33333334
v 0.00303 0.10036 0.49628 1.0 1.0 0.33333334
v 0.00403 0.10036 0.4974 1.0 1.0 0.33333334
v 0.00303 0.075 0.49628 1.0 1.0 0.33333334
v 0.00403 0.075 0.4974 1.0 1.0 0.33333334
v 0.00403 0.10036 0.4974 1.0 1.0 0.33333334
v 0.00303 0.075 0.49628 1.0 1.0 0.33333334
v 0.00403 0.10036 0.4974 1.0 1.0 0.33333334
v 0.00303 0.10036 0.49628 1.0 1.0 0.33333334
v 0.0 0.075 0.5 1.0 1.0 0.33333334
v 0.00464 0.075 0.49877 1.0 1.0 0.33333334
v 0.00403 0.075 0.4974 1.0 1.0 0.33333334
v 0.0 0.10036 0.5 1.0 1.0 0.33333334
v 0.00403 0.10036 0.4974 1.0 1.0 0.33333334
v 0.00464 0.10036 0.49877 1.0 1.0 0.33333334
v 0.00403 0.075 0.4974 1.0 1.0 0.33333334
v 0.00464 0.075 0.49877 1.0 1.0 0.33333334
v 0.00464 0.10036 0.49877 1.0 1.0 0.33333334
v 0.00403 0.075 0.4974 1.0 1.0 0.33333334
v 0.00464 0.10036 0.49877 1.0 1.0 0.33333334
v 0.00403 0.10036 0.4974 1.0 1.0 0.33333334
v 0.0 0.075 0.5 1.0 1.0 0.33333334
v 0.00479 0.075 0.50026 1.0 1.0 0.33333334
v 0.00464 0.075 0.49877 1.0 1.0 0.33333334
v 0.0 0.10036 0.5 1.0 1.0 0.33333334
v 0.00464 0.10036 0.49877 1.0 1.0 0.33333334
v 0.00479 0.10036 0.50026 1.0 1.0 0.33333334
v 0.00464 0.075 0.49877 1.0 1.0 0.33333334
v 0.00479 0.075 0.50026 1.0 1.0 0.33333334
v 0.00479 0.10036 0.50026 1.0 1.0 0.33333334
v 0.00464 0.075 0.49877 1.0 1.0 0.33333334
v 0.00479 0.10036 0.50026 1.0 1.0 0.33333334
v 0.00464 0.10036 0.49877 1.0 1.0 0.33333334
v 0.0 0.10036 0.5 1.0 1.0 0.33333334
v 0.0042 0.10046 0.50162 1.0 1.0 0.33333334
v 0.00449 0.10036 0.50025 1.0 1.0 0.33333334
v 5e-05 0.11378 0.4991 1.0 1.0 0.33333334
v 0.00454 0.11378 0.49935 1.0 1.0 0.33333334
v 0.00425 0.11387 0.50072 1.0 1.0 0.33333334
v 0.00449 0.10036 0.50025 1.0 1.0 0.33333334
v 0.0042 0.10046 0.50162 1.0 1.0 0.33333334
v 0.00425 0.11387 0.50072 1.0 1.0 0.33333334
v 0.00449 0.10036 0.50025 1.0 1.0 0.33333334
v 0.00425 0.11387 0.50072 1.0 1.0 0.33333334
v 0.00454 0.11378 0.49935 1.0 1.0 0.33333334
v 0.0 0.10036 0.5 1.0 1.0 0.33333334
v 0.00349 0.10054 0.50283 1.0 1.0 0.33333334
v 0.0042 0.10046 0.50162 1.0 1.0 0.33333334
v 5e-05 0.11378 0.4991 1.0 1.0 0.33333334
v 0.00425 0.11387 0.50072 1.0 1.0 0.33333334
v 0.00354 0.11396 0.50193 1.0 1.0 0.33333334
v 0.0042 0.10046 0.50162 1.0 1.0 0.33333334
v 0.00349 0.10054 0.50283 1.0 1.0 0.33333334
v 0.00354 0.11396 0.50193 1.0 1.0 0.33333334
v 0.0042 0.10046 0.50162 1.0 1.0 0.33333334
v 0.00354 0.11396 0.50193 1.0 1.0 0.33333334
v 0.00425 0.11387 0.50072 1.0 1.0 0.33333334
v 0.0 0.10036 0.5 1.0 1.0 0.33333334
v 0.00244 0.10061 0.50377 1.0 1.0 0.33333334
v 0.00349 0.10054 0.50283 1.0 1.0 0.33333334
v 5e-05 0.11378 0.4991 1.0 1.0 0.33333334
v 0.00354 0.11396 0.50193 1.0 1.0 0.33333334
v 0.00249 0.11402 0.50287 1.0 1.0 0.33333334
v 0.00349 0.10054 0.50283 1.0 1.0 0.33333334
v 0.00244 0.10061 0.50377 1.0 1.0 0.33333334
v 0.00249 0.11402 0.50287 1.0 1.0 0.33333334
v 0.00349 0.10054 0.50283 1.0 1.0 0.33333334
v 0.00249 0.11402 0.50287 1.0 1.0 0.33333334
v 0.00354 0.11396 0.50193 1.0 1.0 0.33333334
v 0.0 0.10036 0.5 1.0 1.0 0.33333334
v 0.00115 0.10065 0.50434 1.0 1.0 0.33333334
v 0.00244 0.10061 0.50377 1.0 1.0 0.33333334
v 5e-05 0.11378 0.4991 1.0 1.0 0.33333334
v 0.00249 0.11402 0.50287 1.0 1.0 0.33333334
v 0.0012 0.11407 0.50344 1.0 1.0 0.33333334
v 0.00244 0.10061 0.50377 1.0 1.0 0.33333334
v 0.00115 0.10065 0.50434 1.0 1.0 0.33333334
v 0.0012 0.11407 0.50344 1.0 1.0 0.33333334
v 0.00244 0.10061 0.50377 1.0 1.0 0.33333334
v 0.0012 0.11407 0.50344 1.0 1.0 0.33333334
v 0.00249 0.11402 0.50287 1.0 1.0 0.33333334
v 0.0 0.10036 0.5 1.0 1.0 0.33333334
v -0.00025 0.10067 0.50448 1.0 1.0 0.33333334
v 0.00115 0.10065 0.50434 1.0 1.0 0.33333334
v 5e-05 0.11378 0.4991 1.0 1.0 0.33333334
v 0.0012 0.11407 0.50344 1.0 1.0 0.33333334
v -0.0002 0.11408 0.50358 1.0 1.0 0.33333334
v 0.00115 0.10065 0.50434 1.0 1.0 0.33333334
v -0.00025 0.10067 0.50448 1.0 1.0 0.33333334
v -0.0002 0.11408 0.50358 1.0 1.0 0.33333334
v 0.00115 0.10065 0.50434 1.0 1.0 0.33333334
v -0.0002 0.11408 0.50358 1.0 1.0 0.33333334
v 0.0012 0.11407 0.50344 1.0 1.0 0.33333334
v 0.0 0.10036 0.5 1.0 1.0 0.33333334
v -0.00162 0.10065 0.50419 1.0 1.0 0.33333334
v -0.00025 0.10067 0.50448 1.0 1.0 0.33333334
v 5e-05 0.11378 0.4991 1.0 1.0 0.33333334
v -0.0002 0.11408 0.50358 1.0 1.0 0.33333334
v -0.00157 0.11407 0.50329 1.0 1.0 0.33333334
v -0.00025 0.10067 0.50448 1.0 1.0 0.33333334
v -0.00162 0.10065 0.50419 1.0 1.0 0.33333334
v -0.00157 0.11407 0.50329 1.0 1.0 0.33333334
v -0.00025 0.10067 0.50448 1.0 1.0 0.33333334
v -0.00157 0.11407 0.50329 1.0 1.0 0.33333334
v -0.0002 0.11408 0.50358 1.0 1.0 0.33333334
v 0.0 0.10036 0.5 1.0 1.0 0.33333334
v -0.00284 0.10061 0.50348 1.0 1.0 0.33333334
v -0.00162 0.10065 0.50419 1.0 1.0 0.33333334
v 5e-05 0.11378 0.4991 1.0 1.0 0.33333334
v -0.00157 0.11407 0.50329 1.0 1.0 0.33333334
v -0.00279 0.11402 0.50258 1.0 1.0 0.33333334
v -0.00162 0.10065 0.50419 1.0 1.0 0.33333334
v -0.00284 0.10061 0.50348 1.0 1.0 0.33333334
v -0.00279 0.11402 0.50258 1.0 1.0 0.33333334
v -0.00162 0.10065 0.50419 1.0 1.0 0.33333334
v -0.00279 0.11402 0.50258 1.0 1.0 0.33333334
v -0.00157 0.11407 0.50329 1.0 1.0 0.33333334
v 0.0 0.10036 0.5 1.0 1.0 0.33333334
v -0.00378 0.10054 0.50244 1.0 1.0 0.33333334
v -0.00284 0.10061 0.50348 1.0 1.0 0.33333334
v 5e-05 0.11378 0.4991 1.0 1.0 0.33333334
v -0.00279 0.11402 0.50258 1.0 1.0 0.33333334
v -0.00373 0.11396 0.50154 1.0 1.0 0.33333334
v -0.00284 0.10061 0.50348 1.0 1.0 0.33333334
v -0.00378 0.10054 0.50244 1.0 1.0 0.33333334
v -0.00373 0.11396 0.50154 1.0 1.0 0.33333334
v -0.00284 0.10061 0.50348 1.0 1.0 0.33333334
v -0.00373 0.11396 0.50154 1.0 1.0 0.33333334
v -0.00279 0.11402 0.50258 1.0 1.0 0.33333334
v 0.0 0.10036 0.5 1.0 1.0 0.33333334
v -0.00435 0.10046 0.50115 1.0 1.0 0.33333334
v -0.00378 0.10054 0.50244 1.0 1.0 0.33333334
v 5e-05 0.11378 0.4991 1.0 1.0 0.33333334
v -0.00373 0.11396 0.50154 1.0 1.0 0.33333334
v -0.0043 0.11387 0.50025 1.0 1.0 0.33333334
v -0.00378 0.10054 0.50244 1.0 1.0 0.33333334
v -0.00435 0.10046 0.50115 1.0 1.0 0.33333334
v -0.0043 0.11387 0.50025 1.0 1.0 0.33333334
v -0.00378 0.10054 0.50244 1.0 1.0 0.33333334
v -0.0043 0.11387 0.50025 1.0 1.0 0.33333334
v -0.00373 0.11396 0.50154 1.0 1.0 0.33333334
v 0.0 0.10036 0.5 1.0 1.0 0.33333334
v -0.00449 0.10036 0.49975 1.0 1.0 0.33333334
v -0.00435 0.10046 0.50115 1.0 1.0 0.33333334
v 5e-05 0.11378 0.4991 1.0 1.0 0.33333334
v -0.0043 0.11387 0.50025 1.0 1.0 0.33333334
v -0.00444 0.11378 0.49885 1.0 1.0 0.33333334
v -0.00435 0.10046 0.50115 1.0 1.0 0.33333334
v -0.00449 0.10036 0.49975 1.0 1.0 0.33333334
v -0.00444 0.11378 0.49885 1.0 1.0 0.33333334
v -0.00435 0.10046 0.50115 1.0 1.0 0.33333334
v -0.00444 0.11378 0.49885 1.0 1.0 0.33333334
v -0.0043 0.11387 0.50025 1.0 1.0 0.33333334
v 0.0 0.10036 0.5 1.0 1.0 0.33333334
v -0.0042 0.10027 0.49838 1.0 1.0 0.33333334
v -0.00449 0.10036 0.49975 1.0 1.0 0.33333334
v 5e-05 0.11378 0.4991 1.0 1.0 0.33333334
v -0.00444 0.11378 0.49885 1.0 1.0 0.33333334
v -0.00415 0.11369 0.49748 1.0 1.0 0.33333334
v -0.00449 0.10036 0.49975 1.0 1.0 0.33333334
v -0.0042 0.10027 0.49838 1.0 1.0 0.33333334
v -0.00415 0.11369 0.49748 1.0 1.0 0.33333334
v -0.00449 0.10036 0.49975 1.0 1.0 0.33333334
v -0.00415 0.11369 0.49748 1.0 1.0 0.33333334
v -0.00444 0.11378 0.49885 1.0 1.0 0.33333334
v 0.0 0.10036 0.5 1.0 1.0 0.33333334
v -0.00349 0.10019 0.49717 1.0 1.0 0.33333334
v -0.0042 0.10027 0.49838 1.0 1.0 0.33333334
v 5e-05 0.11378 0.4991 1.0 1.0 0.33333334
v -0.00415 0.11369 0.49748 1.0 1.0 0.33333334
v -0.00344 0.1136 0.49627 1.0 1.0 0.33333334
v -0.0042 0.10027 0.49838 1.0 1.0 0.33333334
v -0.00349 0.10019 0.49717 1.0 1.0 0.33333334
v -0.00344 0.1136 0.49627 1.0 1.0 0.33333334
v -0.0042 0.10027 0.49838 1.0 1.0 0.33333334
v -0.00344 0.1136 0.49627 1.0 1.0 0.33333334
v -0.00415 0.11369 0.49748 1.0 1.0 0.33333334
v 0.0 0.10036 0.5 1.0 1.0 0.33333334
v -0.00244 0.10012 0.49623 1.0 1.0 0.33333334
v -0.00349 0.10019 0.49717 1.0 1.0 0.33333334
v 5e-05 0.11378 0.4991 1.0 1.0 0.33333334
v -0.00344 0.1136 0.49627 1.0 1.0 0.33333334
v -0.00239 0.11353 0.49533 1.0 1.0 0.33333334
v -0.00349 0.10019 0.49717 1.0 1.0 0.33333334
v -0.00244 0.10012 0.49623 1.0 1.0 0.33333334
v -0.00239 0.11353 0.49533 1.0 1.0 0.33333334
v -0.00349 0.10019 0.49717 1.0 1.0 0.33333334
v -0.00239 0.11353 0.49533 1.0 1.0 0.33333334
v -0.00344 0.1136 0.49627 1.0 1.0 0.33333334
v 0.0 0.10036 0.5 1.0 1.0 0.33333334
v -0.00115 0.10008 0.49566 1.0 1.0 0.33333334
v -0.00244 0.10012 0.49623 1.0 1.0 0.33333334
v 5e-05 0.11378 0.4991 1.0 1.0 0.33333334
v -0.00239 0.11353 0.49533 1.0 1.0 0.33333334
v -0.00111 0.11349 0.49476 1.0 1.0 0.33333334
v -0.00244 0.10012 0.49623 1.0 1.0 0.33333334
v -0.00115 0.10008 0.49566 1.0 1.0 0.33333334
v -0.00111 0.11349 0.49476 1.0 1.0 0.33333334
v -0.00244 0.10012 0.49623 1.0 1.0 0.33333334
v -0.00111 0.11349 0.49476 1.0 1.0 0.33333334
v -0.00239 0.11353 0.49533 1.0 1.0 0.33333334
v 0.0 0.10036 0.5 1.0 1.0 0.33333334
v 0.00025 0.10006 0.49552 1.0 1.0 0.33333334
v -0.00115 0.10008 0.49566 1.0 1.0 0.33333334
v 5e-05 0.11378 0.4991 1.0 1.0 0.33333334
v -0.00111 0.11349 0.49476 1.0 1.0 0.33333334
v 0.0003 0.11348 0.49462 1.0 1.0 0.33333334
v -0.00115 0.10008 0.49566 1.0 1.0 0.33333334
v 0.00025 0.10006 0.49552 1.0 1.0 0.33333334
v 0.0003 0.11348 0.49462 1.0 1.0 0.33333334
v -0.00115 0.10008 0.49566 1.0 1.0 0.33333334
v 0.0003 0.11348 0.49462 1.0 1.0 0.33333334
v -0.00111 0.11349 0.49476 1.0 1.0 0.33333334
v 0.0 0.10036 0.5 1.0 1.0 0.33333334
v 0.00162 0.10008 0.49581 1.0 1.0 0.33333334
v 0.00025 0.10006 0.49552 1.0 1.0 0.33333334
v 5e-05 0.11378 0.4991 1.0 1.0 0.33333334
v 0.0003 0.11348 0.49462 1.0 1.0 0.33333334
v 0.00167 0.11349 0.49491 1.0 1.0 0.33333334
v 0.00025 0.10006 0.49552 1.0 1.0 0.33333334
v 0.00162 0.10008 0.49581 1.0 1.0 0.33333334
v 0.00167 0.11349 0.49491 1.0 1.0 0.33333334
v 0.00025 0.10006 0.49552 1.0 1.0 0.33333334
v 0.00167 0.11349 0.49491 1.0 1.0 0.33333334
v 0.0003 0.11348 0.49462 1.0 1.0 0.33333334
v 0.0 0.10036 0.5 1.0 1.0 0.33333334
v 0.00284 0.10012 0.49652 1.0 1.0 0.33333334
v 0.00162 0.10008 0.49581 1.0 1.0 0.33333334
v 5e-05 0.11378 0.4991 1.0 1.0 0.33333334
v 0.00167 0.11349 0.49491 1.0 1.0 0.33333334
v 0.00289 0.11353 0.49562 1.0 1.0 0.33333334
v 0.00162 0.10008 0.49581 1.0 1.0 0.33333334
v 0.00284 0.10012 0.49652 1.0 1.0 0.33333334
v 0.00289 0.11353 0.49562 1.0 1.0 0.33333334
v 0.00162 0.10008 0.49581 1.0 1.0 0.33333334
v 0.00289 0.11353 0.49562 1.0 1.0 0.33333334
v 0.00167 0.11349 0.49491 1.0 1.0 0.33333334
v 0.0 0.10036 0.5 1.0 1.0 0.33333334
v 0.00378 0.10019 0.49756 1.0 1.0 0.33333334
v 0.00284 0.10012 0.49652 1.0 1.0 0.33333334
v 5e-05 0.11378 0.4991 1.0 1.0 0.33333334
v 0.00289 0.11353 0.49562 1.0 1.0 0.33333334
v 0.00383 0.1136 0.49666 1.0 1.0 0.33333334
v 0.00284 0.10012 0.49652 1.0 1.0 0.33333334
v 0.00378 0.10019 0.49756 1.0 1.0 0.33333334
v 0.00383 0.1136 0.49666 1.0 1.0 0.33333334
v 0.00284 0.10012 0.49652 1.0 1.0 0.33333334
v 0.00383 0.1136 0.49666 1.0 1.0 0.33333334
v 0.00289 0.11353 0.49562 1.0 1.0 0.33333334
v 0.0 0.10036 0.5 1.0 1.0 0.33333334
v 0.00435 0.10027 0.49885 1.0 1.0 0.33333334
v 0.00378 0.10019 0.49756 1.0 1.0 0.33333334
v 5e-05 0.11378 0.4991 1.0 1.0 0.33333334
v 0.00383 0.1136 0.49666 1.0 1.0 0.33333334
v 0.0044 0.11369 0.49795 1.0 1.0 0.33333334
v 0.00378 0.10019 0.49756 1.0 1.0 0.33333334
v 0.00435 0.10027 0.49885 1.0 1.0 0.33333334
v 0.0044 0.11369 0.49795 1.0 1.0 0.33333334
v 0.00378 0.10019 0.49756 1.0 1.0 0.33333334
v 0.0044 0.11369 0.49795 1.0 1.0 0.33333334
v 0.00383 0.1136 0.49666 1.0 1.0 0.33333334
v 0.0 0.10036 0.5 1.0 1.0 0.33333334
v 0.00449 0.10036 0.50025 1.0 1.0 0.33333334
v 0.00435 0.10027 0.49885 1.0 1.0 0.33333334
v 5e-05 0.11378 0.4991 1.0 1.0 0.33333334
v 0.0044 0.11369 0.49795 1.0 1.0 0.33333334
v 0.00454 0.11378 0.49935 1.0 1.0 0.33333334
v 0.00435 0.10027 0.49885 1.0 1.0 0.33333334
v 0.00449 0.10036 0.50025 1.0 1.0 0.33333334
v 0.00454 0.11378 0.49935 1.0 1.0 0.33333334
v 0.00435 0.10027 0.49885 1.0 1.0 0.33333334
v 0.00454 0.11378 0.49935 1.0 1.0 0.33333334
v 0.0044 0.11369 0.49795 1.0 1.0 0.33333334
v 1.5 0.075 0.5 1.0 1.0 0.33333334
v 1.50424 0.075 0.50225 1.0 1.0 0.33333334
v 1.50473 0.075 0.50082 1.0 1.0 0.33333334
v 1.5 0.10036 0.5 1.0 1.0 0.33333334
v 1.50473 0.10036 0.50082 1.0 1.0 0.33333334
v 1.50424 0.10036 0.50225 1.0 1.0 0.33333334
v 1.50473 0.075 0.50082 1.0 1.0 0.33333334
v 1.50424 0.075 0.50225 1.0 1.0 0.33333334
v 1.50424 0.10036 0.50225 1.0 1.0 0.33333334
v 1.50473 0.075 0.50082 1.0 1.0 0.33333334
v 1.50424 0.10036 0.50225 1.0 1.0 0.33333334
v 1.50473 0.10036 0.50082 1.0 1.0 0.33333334
v 1.5 0.075 0.5 1.0 1.0 0.33333334
v 1.50334 0.075 0.50345 1.0 1.0 0.33333334
v 1.50424 0.075 0.50225 1.0 1.0 0.33333334
v 1.5 0.10036 0.5 1.0 1.0 0.33333334
v 1.50424 0.10036 0.50225 1.0 1.0 0.33333334
v 1.50334 0.10036 0.50345 1.0 1.0 0.33333334
v 1.50424 0.075 0.50225 1.0 1.0 0.33333334
v 1.50334 0.075 0.50345 1.0 1.0 0.33333334
v 1.50334 0.10036 0.50345 1.0 1.0 0.33333334
v 1.50424 0.075 0.50225 1.0 1.0 0.33333334
v 1.50334 0.10036 0.50345 1.0 1.0 0.33333334
v 1.50424 0.10036 0.50225 1.0 1.0 0.33333334
v 1.5 0.075 0.5 1.0 1.0 0.33333334
v 1.50211 0.075 0.50431 1.0 1.0 0.33333334
v 1.50334 0.075 0.50345 1.0 1.0 0.33333334
v 1.5 0.10036 0.5 1.0 1.0 0.33333334
v 1.50334 0.10036 0.50345 1.0 1.0 0.33333334
v 1.50211 0.10036 0.50431 1.0 1.0 0.33333334
v 1.50334 0.075 0.50345 1.0 1.0 0.33333334
v 1.50211 0.075 0.50431 1.0 1.0 0.33333334
v 1.50211 0.10036 0.50431 1.0 1.0 0.33333334
v 1.50334 0.075 0.50345 1.0 1.0 0.33333334
v 1.50211 0.10036 0.50431 1.0 1.0 0.33333334
v 1.50334 0.10036 0.50345 1.0 1.0 0.33333334
v 1.5 0.075 0.5 1.0 1.0 0.33333334
v 1.50068 0.075 0.50475 1.0 1.0 0.33333334
v 1.50211 0.075 0.50431 1.0 1.0 0.33333334
v 1.5 0.10036 0.5 1.0 1.0 0.33333334
v 1.50211 0.10036 0.50431 1.0 1.0 0.33333334
v 1.50068 0.10036 0.50475 1.0 1.0 0.33333334
v 1.50211 0.075 0.50431 1.0 1.0 0.33333334
v 1.50068 0.075 0.50475 1.0 1.0 0.33333334
v 1.50068 0.10036 0.50475 1.0 1.0 0.33333334
v 1.50211 0.075 0.50431 1.0 1.0 0.33333334
v 1.50068 0.10036 0.50475 1.0 1.0 0.33333334
v 1.50211 0.10036 0.50431 1.0 1.0 0.33333334
v 1.5 0.075 0.5 1.0 1.0 0.33333334
v 1.49918 0.075 0.50473 1.0 1.0 0.33333334
v 1.50068 0.075 0.50475 1.0 1.0 0.33333334
v 1.5 0.10036 0.5 1.0 1.0 0.33333334
v 1.50068 0.10036 0.50475 1.0 1.0 0.33333334
v 1.49918 0.10036 0.50473 1.0 1.0 0.33333334
v 1.50068 0.075 0.50475 1.0 1.0 0.33333334
v 1.49918 0.075 0.50473 1.0 1.0 0.33333334
v 1.49918 0.10036 0.50473 1.0 1.0 0.33333334
v 1.50068 0.075 0.50475 1.0 1.0 0.33333334
v 1.49918 0.10036 0.50473 1.0 1.0 0.33333334
v 1.50068 0.10036 0.50475 1.0 1.0 0.33333334
v 1.5 0.075 0.5 1.0 1.0 0.33333334
v 1.49775 0.075 0.50424 1.0 1.0 0.33333334
v 1.49918 0.075 0.50473 1.0 1.0 0.33333334
v 1.5 0.10036 0.5 1.0 1.0 0.33333334
v 1.49918 0.10036 0.50473 1.0 1.0 0.33333334
v 1.49775 0.10036 0.50424 1.0 1.0 0.33333334
v 1.49918 0.075 0.50473 1.0 1.0 0.33333334
v 1.49775 0.075 0.50424 1.0 1.0 0.33333334
v 1.49775 0.10036 0.50424 1.0 1.0 0.33333334
v 1.49918 0.075 0.50473 1.0 1.0 0.33333334
v 1.49775 0.10036 0.50424 1.0 1.0 0.33333334
v 1.49918 0.10036 0.50473 1.0 1.0 0.33333334
v 1.5 0.075 0.5 1.0 1.0 0.33333334
v 1.49655 0.075 0.50334 1.0 1.0 0.33333334
v 1.49775 0.075 0.50424 1.0 1.0 0.33333334
v 1.5 0.10036 0.5 1.0 1.0 0.33333334
v 1.49775 0.10036 0.50424 1.0 1.0 0.33333334
v 1.49655 0.10036 0.50334 1.0 1.0 0.33333334
v 1.49775 0.075 0.50424 1.0 1.0 0.33333334
v 1.49655 0.075 0.50334 1.0 1.0 0.33333334
v 1.49655 0.10036 0.50334 1.0 1.0 0.33333334
v 1.49775 0.075 0.50424 1.0 1.0 0.33333334
v 1.49655 0.10036 0.50334 1.0 1.0 0.33333334
v 1.49775 0.10036 0.50424 1.0 1.0 0.33333334
v 1.5 0.075 0.5 1.0 1.0 0.33333334
v 1.49569 0.075 0.50211 1.0 1.0 0.33333334
v 1.49655 0.075 0.50334 1.0 1.0 0.33333334
v 1.5 0.10036 0.5 1.0 1.0 0.33333334
v 1.49655 0.10036 0.50334 1.0 1.0 0.33333334
v 1.49569 0.10036 0.50211 1.0 1.0 0.33333334
v 1.49655 0.075 0.50334 1.0 1.0 0.33333334
v 1.49569 0.075 0.50211 1.0 1.0 0.33333334
v 1.49569 0.10036 0.50211 1.0 1.0 0.33333334
v 1.49655 0.075 0.50334 1.0 1.0 0.33333334
v 1.49569 0.10036 0.50211 1.0 1.0 0.33333334
v 1.49655 0.10036 0.50334 1.0 1.0 0.33333334
v 1.5 0.075 0.5 1.0 1.0 0.33333334
v 1.49525 0.075 0.50068 1.0 1.0 0.33333334
v 1.49569 0.075 0.50211 1.0 1.0 0.33333334
v 1.5 0.10036 0.5 1.0 1.0 0.33333334
v 1.49569 0.10036 0.50211 1.0 1.0 0.33333334
v 1.49525 0.10036 0.50068 1.0 1.0 0.33333334
v 1.49569 0.075 0.50211 1.0 1.0 0.33333334
v 1.49525 0.075 0.50068 1.0 1.0 0.33333334
v 1.49525 0.10036 0.50068 1.0 1.0 0.33333334
v 1.49569 0.075 0.50211 1.0 1.0 0.33333334
v 1.49525 0.10036 0.50068 1.0 1.0 0.33333334
v 1.49569 0.10036 0.50211 1.0 1.0 0.33333334
v 1.5 0.075 0.5 1.0 1.0 0.33333334
v 1.49527 0.075 0.49918 1.0 1.0 0.33333334
v 1.49525 0.075 0.50068 1.0 1.0 0.33333334
v 1.5 0.10036 0.5 1.0 1.0 0.33333334
v 1.49525 0.10036 0.50068 1.0 1.0 0.33333334
v 1.49527 0.10036 0.49918 1.0 1.0 0.33333334
v 1.49525 0.075 0.50068 1.0 1.0 0.33333334
v 1.49527 0.075 0.49918 1.0 1.0 0.33333334
v 1.49527 0.10036 0.49918 1.0 1.0 0.33333334
v 1.49525 0.075 0.50068 1.0 1.0 0.33333334
v 1.49527 0.10036 0.49918 1.0 1.0 0.33333334
v 1.49525 0.10036 0.50068 1.0 1.0 0.33333334
v 1.5 0.075 0.5 1.0 1.0 0.33333334
v 1.49576 0.075 0.49775 1.0 1.0 0.33333334
v 1.49527 0.075 0.49918 1.0 1.0 0.33333334
v 1.5 0.10036 0.5 1.0 1.0 0.33333334
v 1.49527 0.10036 0.49918 1.0 1.0 0.33333334
v 1.49576 0.10036 0.49775 1.0 1.0 0.33333334
v 1.49527 0.075 0.49918 1.0 1.0 0.33333334
v 1.49576 0.075 0.49775 1.0 1.0 0.33333334
v 1.49576 0.10036 0.49775 1.0 1.0 0.33333334
v 1.49527 0.075 0.49918 1.0 1.0 0.33333334
v 1.49576 0.10036 0.49775 1.0 1.0 0.33333334
v 1.49527 0.10036 0.49918 1.0 1.0 0.33333334
v 1.5 0.075 0.5 1.0 1.0 0.33333334
v 1.49666 0.075 0.49655 1.0 1.0 0.33333334
v 1.49576 0.075 0.49775 1.0 1.0 0.33333334
v 1.5 0.10036 0.5 1.0 1.0 0.33333334
v 1.49576 0.10036 0.49775 1.0 1.0 0.33333334
v 1.49666 0.10036 0.49655 1.0 1.0 0.33333334
v 1.49576 0.075 0.49775 1.0 1.0 0.33333334
v 1.49666 0.075 0.49655 1.0 1.0 0.33333334
v 1.49666 0.10036 0.49655 1.0 1.0 0.33333334
v 1.49576 0.075 0.49775 1.0 1.0 0.33333334
v 1.49666 0.10036 0.49655 1.0 1.0 0.33333334
v 1.49576 0.10036 0.49775 1.0 1.0 0.33333334
v 1.5 0.075 0.5 1.0 1.0 0.33333334
v 1.49789 0.075 0.49569 1.0 1.0 0.33333334
v 1.49666 0.075 0.49655 1.0 1.0 0.33333334
v 1.5 0.10036 0.5 1.0 1.0 0.33333334
v 1.49666 0.10036 0.49655 1.0 1.0 0.33333334
v 1.49789 0.10036 0.49569 1.0 1.0 0.33333334
v 1.49666 0.075 0.49655 1.0 1.0 0.33333334
v 1.49789 0.075 0.49569 1.0 1.0 0.33333334
v 1.49789 0.10036 0.49569 1.0 1.0 0.33333334
v 1.49666 0.075 0.49655 1.0 1.0 0.33333334
v 1.49789 0.10036 0.49569 1.0 1.0 0.33333334
v 1.49666 0.10036 0.49655 1.0 1.0 0.33333334
v 1.5 0.075 0.5 1.0 1.0 0.33333334
v 1.49932 0.075 0.49525 1.0 1.0 0.33333334
v 1.49789 0.075 0.49569 1.0 1.0 0.33333334
v 1.5 0.10036 0.5 1.0 1.0 0.33333334
v 1.49789 0.10036 0.49569 1.0 1.0 0.33333334
v 1.49932 0.10036 0.49525 1.0 1.0 0.33333334
v 1.49789 0.075 0.49569 1.0 1.0 0.33333334
v 1.49932 0.075 0.49525 1.0 1.0 0.33333334
v 1.49932 0.10036 0.49525 1.0 1.0 0.33333334
v 1.49789 0.075 0.49569 1.0 1.0 0.33333334
v 1.49932 0.10036 0.49525 1.0 1.0 0.33333334
v 1.49789 0.10036 0.49569 1.0 1.0 0.33333334
v 1.5 0.075 0.5 1.0 1.0 0.33333334
v 1.50082 0.075 0.49527 1.0 1.0 0.33333334
v 1.49932 0.075 0.49525 1.0 1.0 0.33333334
v 1.5 0.10036 0.5 1.0 1.0 0.33333334
v 1.49932 0.10036 0.49525 1.0 1.0 0.33333334
v 1.50082 0.10036 0.49527 1.0 1.0 0.33333334
v 1.49932 0.075 0.49525 1.0 1.0 0.33333334
v 1.50082 0.075 0.49527 1.0 1.0 0.33333334
v 1.50082 0.10036 0.49527 1.0 1.0 0.33333334
v 1.49932 0.075 0.49525 1.0 1.0 0.33333334
v 1.50082 0.10036 0.49527 1.0 1.0 0.33333334
v 1.49932 0.10036 0.49525 1.0 1.0 0.33333334
v 1.5 0.075 0.5 1.0 1.0 0.33333334
v 1.50225 0.075 0.49576 1.0 1.0 0.33333334
v 1.50082 0.075 0.49527 1.0 1.0 0.33333334
v 1.5 0.10036 0.5 1.0 1.0 0.33333334
v 1.50082 0.10036 0.49527 1.0 1.0 0.33333334
v 1.50225 0.10036 0.49576 1.0 1.0 0.33333334
v 1.50082 0.075 0.49527 1.0 1.0 0.33333334
v 1.50225 0.075 0.49576 1.0 1.0 0.33333334
v 1.50225 0.10036 0.49576 1.0 1.0 0.33333334
v 1.50082 0.075 0.49527 1.0 1.0 0.33333334
v 1.50225 0.10036 0.49576 1.0 1.0 0.33333334
v 1.50082 0.10036 0.49527 1.0 1.0 0.33333334
v 1.5 0.075 0.5 1.0 1.0 0.33333334
v 1.50345 0.075 0.49666 1.0 1.0 0.33333334
v 1.50225 0.075 0.49576 1.0 1.0 0.33333334
v 1.5 0.10036 0.5 1.0 1.0 0.33333334
v 1.50225 0.10036 0.49576 1.0 1.0 0.33333334
v 1.50345 0.10036 0.49666 1.0 1.0 0.33333334
v 1.50225 0.075 0.49576 1.0 1.0 0.33333334
v 1.50345 0.075 0.49666 1.0 1.0 0.33333334
v 1.50345 0.10036 0.49666 1.0 1.0 0.33333334
v 1.50225 0.075 0.49576 1.0 1.0 0.33333334
v 1.50345 0.10036 0.49666 1.0 1.0 0.33333334
v 1.50225 0.10036 0.49576 1.0 1.0 0.33333334
v 1.5 0.075 0.5 1.0 1.0 0.33333334
v 1.50431 0.075 0.49789 1.0 1.0 0.33333334
v 1.50345 0.075 0.49666 1.0 1.0 0.33333334
v 1.5 0.10036 0.5 1.0 1.0 0.33333334
v 1.50345 0.10036 0.49666 1.0 1.0 0.33333334
v 1.50431 0.10036 0.49789 1.0 1.0 0.33333334
v 1.50345 0.075 0.49666 1.0 1.0 0.33333334
v 1.50431 0.075 0.49789 1.0 1.0 0.33333334
v 1.50431 0.10036 0.49789 1.0 1.0 0.33333334
v 1.50345 0.075 0.49666 1.0 1.0 0.33333334
v 1.50431 0.10036 0.49789 1.0 1.0 0.33333334
v 1.50345 0.10036 0.49666 1.0 1.0 0.33333334
v 1.5 0.075 0.5 1.0 1.0 0.33333334
v 1.50475 0.075 0.49932 1.0 1.0 0.33333334
v 1.50431 0.075 0.49789 1.0 1.0 0.33333334
v 1.5 0.10036 0.5 1.0 1.0 0.33333334
v 1.50431 0.10036 0.49789 1.0 1.0 0.33333334
v 1.50475 0.10036 0.49932 1.0 1.0 0.33333334
v 1.50431 0.075 0.49789 1.0 1.0 0.33333334
v 1.50475 0.075 0.49932 1.0 1.0 0.33333334
v 1.50475 0.10036 0.49932 1.0 1.0 0.33333334
v 1.50431 0.075 0.49789 1.0 1.0 0.33333334
v 1.50475 0.10036 0.49932 1.0 1.0 0.33333334
v 1.50431 0.10036 0.49789 1.0 1.0 0.33333334
v 1.5 0.075 0.5 1.0 1.0 0.33333334
v 1.50473 0.075 0.50082 1.0 1.0 0.33333334
v 1.50475 0.075 0.49932 1.0 1.0 0.33333334
v 1.5 0.10036 0.5 1.0 1.0 0.33333334
v 1.50475 0.10036 0.49932 1.0 1.0 0.33333334
v 1.50473 0.10036 0.50082 1.0 1.0 0.33333334
v 1.50475 0.075 0.49932 1.0 1.0 0.33333334
v 1.50473 0.075 0.50082 1.0 1.0 0.33333334
v 1.50473 0.10036 0.50082 1.0 1.0 0.33333334
v 1.50475 0.075 0.49932 1.0 1.0 0.33333334
v 1.50473 0.10036 0.50082 1.0 1.0 0.33333334
v 1.50475 0.10036 0.49932 1.0 1.0 0.33333334
v 1.5 0.10036 0.5 1.0 1.0 0.33333334
v 1.50398 0.10046 0.5021 1.0 1.0 0.33333334
v 1.50443 0.10036 0.50077 1.0 1.0 0.33333334
v 1.50015 0.11378 0.49911 1.0 1.0 0.33333334
v 1.50459 0.11378 0.49988 1.0 1.0 0.33333334
v 1.50413 0.11387 0.50121 1.0 1.0 0.33333334
v 1.50443 0.10036 0.50077 1.0 1.0 0.33333334
v 1.50398 0.10046 0.5021 1.0 1.0 0.33333334
v 1.50413 0.11387 0.50121 1.0 1.0 0.33333334
v 1.50443 0.10036 0.50077 1.0 1.0 0.33333334
v 1.50413 0.11387 0.50121 1.0 1.0 0.33333334
v 1.50459 0.11378 0.49988 1.0 1.0 0.33333334
v 1.5 0.10036 0.5 1.0 1.0 0.33333334
v 1.50313 0.10054 0.50322 1.0 1.0 0.33333334
v 1.50398 0.10046 0.5021 1.0 1.0 0.33333334
v 1.50015 0.11378 0.49911 1.0 1.0 0.33333334
v 1.50413 0.11387 0.50121 1.0 1.0 0.33333334
v 1.50329 0.11396 0.50234 1.0 1.0 0.33333334
v 1.50398 0.10046 0.5021 1.0 1.0 0.33333334
v 1.50313 0.10054 0.50322 1.0 1.0 0.33333334
v 1.50329 0.11396 0.50234 1.0 1.0 0.33333334
v 1.50398 0.10046 0.5021 1.0 1.0 0.33333334
v 1.50329 0.11396 0.50234 1.0 1.0 0.33333334
v 1.50413 0.11387 0.50121 1.0 1.0 0.33333334
v 1.5 0.10036 0.5 1.0 1.0 0.33333334
v 1.50198 0.10061 0.50403 1.0 1.0 0.33333334
v 1.50313 0.10054 0.50322 1.0 1.0 0.33333334
v 1.50015 0.11378 0.49911 1.0 1.0 0.33333334
v 1.50329 0.11396 0.50234 1.0 1.0 0.33333334
v 1.50214 0.11402 0.50314 1.0 1.0 0.33333334
v 1.50313 0.10054 0.50322 1.0 1.0 0.33333334
v 1.50198 0.10061 0.50403 1.0 1.0 0.33333334
v 1.50214 0.11402 0.50314 1.0 1.0 0.33333334
v 1.50313 0.10054 0.50322 1.0 1.0 0.33333334
v 1.50214 0.11402 0.50314 1.0 1.0 0.33333334
v 1.50329 0.11396 0.50234 1.0 1.0 0.33333334
v 1.5 0.10036 0.5 1.0 1.0 0.33333334
v 1.50064 0.10065 0.50445 1.0 1.0 0.33333334
v 1.50198 0.10061 0.50403 1.0 1.0 0.33333334
v 1.50015 0.11378 0.49911 1.0 1.0 0.33333334
v 1.50214 0.11402 0.50314 1.0 1.0 0.33333334
v 1.50079 0.11407 0.50356 1.0 1.0 0.33333334
v 1.50198 0.10061 0.50403 1.0 1.0 0.33333334
v 1.50064 0.10065 0.50445 1.0 1.0 0.33333334
v 1.50079 0.11407 0.50356 1.0 1.0 0.33333334
v 1.50198 0.10061 0.50403 1.0 1.0 0.33333334
v 1.50079 0.11407 0.50356 1.0 1.0 0.33333334
v 1.50214 0.11402 0.50314 1.0 1.0 0.33333334
v 1.5 0.10036 0.5 1.0 1.0 0.33333334
v 1.49923 0.10067 0.50442 1.0 1.0 0.33333334
v 1.50064 0.10065 0.50445 1.0 1.0 0.33333334
v 1.50015 0.11378 0.49911 1.0 1.0 0.33333334
v 1.50079 0.11407 0.50356 1.0 1.0 0.33333334
v 1.49938 0.11408 0.50353 1.0 1.0 0.33333334
v 1.50064 0.10065 0.50445 1.0 1.0 0.33333334
v 1.49923 0.10067 0.50442 1.0 1.0 0.33333334
v 1.49938 0.11408 0.50353 1.0 1.0 0.33333334
v 1.50064 0.10065 0.50445 1.0 1.0 0.33333334
v 1.49938 0.11408 0.50353 1.0 1.0 0.33333334
v 1.50079 0.11407 0.50356 1.0 1.0 0.33333334
v 1.5 0.10036 0.5 1.0 1.0 0.33333334
v 1.4979 0.10065 0.50397 1.0 1.0 0.33333334
v 1.49923 0.10067 0.50442 1.0 1.0 0.33333334
v 1.50015 0.11378 0.49911 1.0 1.0 0.33333334
v 1.49938 0.11408 0.50353 1.0 1.0 0.33333334
v 1.49805 0.11407 0.50308 1.0 1.0 0.33333334
v 1.49923 0.10067 0.50442 1.0 1.0 0.33333334
v 1.4979 0.10065 0.50397 1.0 1.0 0.33333334
v 1.49805 0.11407 0.50308 1.0 1.0 0.33333334
v 1.49923 0.10067 0.50442 1.0 1.0 0.33333334
v 1.49805 0.11407 0.50308 1.0 1.0 0.33333334
v 1.49938 0.11408 0.50353 1.0 1.0 0.33333334
v 1.5 0.10036 0.5 1.0 1.0 0.33333334
v 1.49677 0.10061 0.50312 1.0 1.0 0.33333334
v 1.4979 0.10065 0.50397 1.0 1.0 0.33333334
v 1.50015 0.11378 0.49911 1.0 1.0 0.33333334
v 1.49805 0.11407 0.50308 1.0 1.0 0.33333334
v 1.49693 0.11402 0.50224 1.0 1.0 0.33333334
v 1.4979 0.10065 0.50397 1.0 1.0 0.33333334
v 1.49677 0.10061 0.50312 1.0 1.0 0.33333334
v 1.49693 0.11402 0.50224 1.0 1.0 0.33333334
v 1.4979 0.10065 0.50397 1.0 1.0 0.33333334
v 1.49693 0.11402 0.50224 1.0 1.0 0.33333334
v 1.49805 0.11407 0.50308 1.0 1.0 0.33333334
v 1.5 0.10036 0.5 1.0 1.0 0.33333334
v 1.49596 0.10054 0.50197 1.0 1.0 0.33333334
v 1.49677 0.10061 0.50312 1.0 1.0 0.33333334
v 1.50015 0.11378 0.49911 1.0 1.0 0.33333334
v 1.49693 0.11402 0.50224 1.0 1.0 0.33333334
v 1.49612 0.11396 0.50109 1.0 1.0 0.33333334
v 1.49677 0.10061 0.50312 1.0 1.0 0.33333334
v 1.49596 0.10054 0.50197 1.0 1.0 0.33333334
v 1.49612 0.11396 0.50109 1.0 1.0 0.33333334
v 1.49677 0.10061 0.50312 1.0 1.0 0.33333334
v 1.49612 0.11396 0.50109 1.0 1.0 0.33333334
v 1.49693 0.11402 0.50224 1.0 1.0 0.33333334
v 1.5 0.10036 0.5 1.0 1.0 0.33333334
v 1.49555 0.10046 0.50063 1.0 1.0 0.33333334
v 1.49596 0.10054 0.50197 1.0 1.0 0.33333334
v 1.50015 0.11378 0.49911 1.0 1.0 0.33333334
v 1.49612 0.11396 0.50109 1.0 1.0 0.33333334
v 1.4957 0.11387 0.49974 1.0 1.0 0.33333334
v 1.49596 0.10054 0.50197 1.0 1.0 0.33333334
v 1.49555 0.10046 0.50063 1.0 1.0 0.33333334
v 1.4957 0.11387 0.49974 1.0 1.0 0.33333334
v 1.49596 0.10054 0.50197 1.0 1.0 0.33333334
v 1.4957 0.11387 0.49974 1.0 1.0 0.33333334
v 1.49612 0.11396 0.50109 1.0 1.0 0.33333334
v 1.5 0.10036 0.5 1.0 1.0 0.33333334
v 1.49557 0.10036 0.49923 1.0 1.0 0.33333334
v 1.49555 0.10046 0.50063 1.0 1.0 0.33333334
v 1.50015 0.11378 0.49911 1.0 1.0 0.33333334
v 1.4957 0.11387 0.49974 1.0 1.0 0.33333334
v 1.49572 0.11378 0.49834 1.0 1.0 0.33333334
v 1.49555 0.10046 0.50063 1.0 1.0 0.33333334
v 1.49557 0.10036 0.49923 1.0 1.0 0.33333334
v 1.49572 0.11378 0.49834 1.0 1.0 0.33333334
v 1.49555 0.10046 0.50063 1.0 1.0 0.33333334
v 1.49572 0.11378 0.49834 1.0 1.0 0.33333334
v 1.4957 0.11387 0.49974 1.0 1.0 0.33333334
v 1.5 0.10036 0.5 1.0 1.0 0.33333334
v 1.49602 0.10027 0.4979 1.0 1.0 0.33333334
v 1.49557 0.10036 0.49923 1.0 1.0 0.33333334
v 1.50015 0.11378 0.49911 1.0 1.0 0.33333334
v 1.49572 0.11378 0.49834 1.0 1.0 0.33333334
v 1.49618 0.11369 0.49701 1.0 1.0 0.33333334
v 1.49557 0.10036 0.49923 1.0 1.0 0.33333334
v 1.49602 0.10027 0.4979 1.0 1.0 0.33333334
v 1.49618 0.11369 0.49701 1.0 1.0 0.33333334
v 1.49557 0.10036 0.49923 1.0 1.0 0.33333334
v 1.49618 0.11369 0.49701 1.0 1.0 0.33333334
v 1.49572 0.11378 0.49834 1.0 1.0 0.33333334
v 1.5 0.10036 0.5 1.0 1.0 0.33333334
v 1.49687 0.10019 0.49678 1.0 1.0 0.33333334
v 1.49602 0.10027 0.4979 1.0 1.0 0.33333334
v 1.50015 0.11378 0.49911 1.0 1.0 0.33333334
v 1.49618 0.11369 0.49701 1.0 1.0 0.33333334
v 1.49702 0.1136 0.49589 1.0 1.0 0.33333334
v 1.49602 0.10027 0.4979 1.0 1.0 0.33333334
v 1.49687 0.10019 0.49678 1.0 1.0 0.33333334
v 1.49702 0.1136 0.49589 1.0 1.0 0.33333334
v 1.49602 0.10027 0.4979 1.0 1.0 0.33333334
v 1.49702 0.1136 0.49589 1.0 1.0 0.33333334
v 1.49618 0.11369 0.49701 1.0 1.0 0.33333334
v 1.5 0.10036 0.5 1.0 1.0 0.33333334
v 1.49802 0.10012 0.49597 1.0 1.0 0.33333334
v 1.49687 0.10019 0.49678 1.0 1.0 0.33333334
v 1.50015 0.11378 0.49911 1.0 1.0 0.33333334
v 1.49702 0.1136 0.49589 1.0 1.0 0.33333334
v 1.49817 0.11353 0.49508 1.0 1.0 0.33333334
v 1.49687 0.10019 0.49678 1.0 1.0 0.33333334
v 1.49802 0.10012 0.49597 1.0 1.0 0.33333334
v 1.49817 0.11353 0.49508 1.0 1.0 0.33333334
v 1.49687 0.10019 0.49678 1.0 1.0 0.33333334
v 1.49817 0.11353 0.49508 1.0 1.0 0.33333334
v 1.49702 0.1136 0.49589 1.0 1.0 0.33333334
v 1.5 0.10036 0.5 1.0 1.0 0.33333334
v 1.49936 0.10008 0.49555 1.0 1.0 0.33333334
v 1.49802 0.10012 0.49597 1.0 1.0 0.33333334
v 1.50015 0.11378 0.49911 1.0 1.0 0.33333334
v 1.49817 0.11353 0.49508 1.0 1.0 0.33333334
v 1.49952 0.11349 0.49467 1.0 1.0 0.33333334
v 1.49802 0.10012 0.49597 1.0 1.0 0.33333334
v 1.49936 0.10008 0.49555 1.0 1.0 0.33333334
v 1.49952 0.11349 0.49467 1.0 1.0 0.33333334
v 1.49802 0.10012 0.49597 1.0 1.0 0.33333334
v 1.49952 0.11349 0.49467 1.0 1.0 0.33333334
v 1.49817 0.11353 0.49508 1.0 1.0 0.33333334
v 1.5 0.10036 0.5 1.0 1.0 0.33333334
v 1.50077 0.10006 0.49558 1.0 1.0 0.33333334
v 1.49936 0.10008 0.49555 1.0 1.0 0.33333334
v 1.50015 0.11378 0.49911 1.0 1.0 0.33333334
v 1.49952 0.11349 0.49467 1.0 1.0 0.33333334
v 1.50093 0.11348 0.49469 1.0 1.0 0.33333334
v 1.49936 0.10008 0.49555 1.0 1.0 0.33333334
v 1.50077 0.10006 0.49558 1.0 1.0 0.33333334
v 1.50093 0.11348 0.49469 1.0 1.0 0.33333334
v 1.49936 0.10008 0.49555 1.0 1.0 0.33333334
v 1.50093 0.11348 0.49469 1.0 1.0 0.33333334
v 1.49952 0.11349 0.49467 1.0 1.0 0.33333334
v 1.5 0.10036 0.5 1.0 1.0 0.33333334
v 1.5021 0.10008 0.49603 1.0 1.0 0.33333334
v 1.50077 0.10006 0.49558 1.0 1.0 0.33333334
v 1.50015 0.11378 0.49911 1.0 1.0 0.33333334
v 1.50093 0.11348 0.49469 1.0 1.0 0.33333334
v 1.50226 0.11349 0.49514 1.0 1.0 0.33333334
v 1.50077 0.10006 0.49558 1.0 1.0 0.33333334
v 1.5021 0.10008 0.49603 1.0 1.0 0.33333334
v 1.50226 0.11349 0.49514 1.0 1.0 0.33333334
v 1.50077 0.10006 0.49558 1.0 1.0 0.33333334
v 1.50226 0.11349 0.49514 1.0 1.0 0.33333334
v 1.50093 0.11348 0.49469 1.0 1.0 0.33333334
v 1.5 0.10036 0.5 1.0 1.0 0.33333334
v 1.50323 0.10012 0.49688 1.0 1.0 0.33333334
v 1.5021 0.10008 0.49603 1.0 1.0 0.33333334
v 1.50015 0.11378 0.49911 1.0 1.0 0.33333334
v 1.50226 0.11349 0.49514 1.0 1.0 0.33333334
v 1.50338 0.11353 0.49599 1.0 1.0 0.33333334
v 1.5021 0.10008 0.49603 1.0 1.0 0.33333334
v 1.50323 0.10012 0.49688 1.0 1.0 0.33333334
v 1.50338 0.11353 0.49599 1.0 1.0 0.33333334
v 1.5021 0.10008 0.49603 1.0 1.0 0.33333334
v 1.50338 0.11353 0.49599 1.0 1.0 0.33333334
v 1.50226 0.11349 0.49514 1.0 1.0 0.33333334
v 1.5 0.10036 0.5 1.0 1.0 0.33333334
v 1.50404 0.10019 0.49803 1.0 1.0 0.33333334
v 1.50323 0.10012 0.49688 1.0 1.0 0.33333334
v 1.50015 0.11378 0.49911 1.0 1.0 0.33333334
v 1.50338 0.11353 0.49599 1.0 1.0 0.33333334
v 1.50419 0.1136 0.49714 1.0 1.0 0.33333334
v 1.50323 0.10012 0.49688 1.0 1.0 0.33333334
v 1.50404 0.10019 0.49803 1.0 1.0 0.33333334
v 1.50419 0.1136 0.49714 1.0 1.0 0.33333334
v 1.50323 0.10012 0.49688 1.0 1.0 0.33333334
v 1.50419 0.1136 0.49714 1.0 1.0 0.33333334
v 1.50338 0.11353 0.49599 1.0 1.0 0.33333334
v 1.5 0.10036 0.5 1.0 1.0 0.33333334
v 1.50445 0.10027 0.49937 1.0 1.0 0.33333334
v 1.50404 0.10019 0.49803 1.0 1.0 0.33333334
v 1.50015 0.11378 0.49911 1.0 1.0 0.33333334
v 1.50419 0.1136 0.49714 1.0 1.0 0.33333334
v 1.50461 0.11369 0.49848 1.0 1.0 0.33333334
v 1.50404 0.10019 0.49803 1.0 1.0 0.33333334
v 1.50445 0.10027 0.49937 1.0 1.0 0.33333334
v 1.50461 0.11369 0.49848 1.0 1.0 0.33333334
v 1.50404 0.10019 0.49803 1.0 1.0 0.33333334
v 1.50461 0.11369 0.49848 1.0 1.0 0.33333334
v 1.50419 0.1136 0.49714 1.0 1.0 0.33333334
v 1.5 0.10036 0.5 1.0 1.0 0.33333334
v 1.50443 0.10036 0.50077 1.0 1.0 0.33333334
v 1.50445 0.10027 0.49937 1.0 1.0 0.33333334
v 1.50015 0.11378 0.49911 1.0 1.0 0.33333334
v 1.50461 0.11369 0.49848 1.0 1.0 0.33333334
v 1.50459 0.11378 0.49988 1.0 1.0 0.33333334
v 1.50445 0.10027 0.49937 1.0 1.0 0.33333334
v 1.50443 0.10036 0.50077 1.0 1.0 0.33333334
v 1.50459 0.11378 0.49988 1.0 1.0 0.33333334
v 1.50445 0.10027 0.49937 1.0 1.0 0.33333334
v 1.50459 0.11378 0.49988 1.0 1.0 0.33333334
v 1.50461 0.11369 0.49848 1.0 1.0 0.33333334
v -1.5 0.075 0.0 1.0 1.0 0.33333334
v -1.4956 0.075 0.00192 1.0 1.0 0.33333334
v -1.49522 0.075 0.00046 1.0 1.0 0.33333334
v -1.5 0.10036 0.0 1.0 1.0 0.33333334
v -1.49522 0.10036 0.00046 1.0 1.0 0.33333334
v -1.4956 0.10036 0.00192 1.0 1.0 0.33333334
v -1.49522 0.075 0.00046 1.0 1.0 0.33333334
v -1.4956 0.075 0.00192 1.0 1.0 0.33333334
v -1.4956 0.10036 0.00192 1.0 1.0 0.33333334
v -1.49522 0.075 0.00046 1.0 1.0 0.33333334
v -1.4956 0.10036 0.00192 1.0 1.0 0.33333334
v -1.49522 0.10036 0.00046 1.0 1.0 0.33333334
v -1.5 0.075 0.0 1.0 1.0 0.33333334
v -1.49641 0.075 0.00318 1.0 1.0 0.33333334
v -1.4956 0.075 0.00192 1.0 1.0 0.33333334
v -1.5 0.10036 0.0 1.0 1.0 0.33333334
v -1.4956 0.10036 0.00192 1.0 1.0 0.33333334
v -1.49641 0.10036 0.00318 1.0 1.0 0.33333334
v -1.4956 0.075 0.00192 1.0 1.0 0.33333334
v -1.49641 0.075 0.00318 1.0 1.0 0.33333334
v -1.49641 0.10036 0.00318 1.0 1.0 0.33333334
v -1.4956 0.075 0.00192 1.0 1.0 0.33333334
v -1.49641 0.10036 0.00318 1.0 1.0 0.33333334
v -1.4956 0.10036 0.00192 1.0 1.0 0.33333334
v -1.5 0.075 0.0 1.0 1.0 0.33333334
v -1.49757 0.075 0.00414 1.0 1.0 0.33333334
v -1.49641 0.075 0.00318 1.0 1.0 0.33333334
v -1.5 0.10036 0.0 1.0 1.0 0.33333334
v -1.49641 0.10036 0.00318 1.0 1.0 0.33333334
v -1.49757 0.10036 0.00414 1.0 1.0 0.33333334
v -1.49641 0.075 0.00318 1.0 1.0 0.33333334
v -1.49757 0.075 0.00414 1.0 1.0 0.33333334
v -1.49757 0.10036 0.00414 1.0 1.0 0.33333334
v -1.49641 0.075 0.00318 1.0 1.0 0.33333334
v -1.49757 0.10036 0.00414 1.0 1.0 0.33333334
v -1.49641 0.10036 0.00318 1.0 1.0 0.33333334
v -1.5 0.075 0.0 1.0 1.0 0.33333334
v -1.49896 0.075 0.00469 1.0 1.0 0.33333334
v -1.49757 0.075 0.00414 1.0 1.0 0.33333334
v -1.5 0.10036 0.0 1.0 1.0 0.33333334
v -1.49757 0.10036 0.00414 1.0 1.0 0.33333334
v -1.49896 0.10036 0.00469 1.0 1.0 0.33333334
v -1.49757 0.075 0.00414 1.0 1.0 0.33333334
v -1.49896 0.075 0.00469 1.0 1.0 0.33333334
v -1.49896 0.10036 0.00469 1.0 1.0 0.33333334
v -1.49757 0.075 0.00414 1.0 1.0 0.33333334
v -1.49896 0.10036 0.00469 1.0 1.0 0.33333334
v -1.49757 0.10036 0.00414 1.0 1.0 0.33333334
v -1.5 0.075 0.0 1.0 1.0 0.33333334
v -1.50046 0.075 0.00478 1.0 1.0 0.33333334
v -1.49896 0.075 0.00469 1.0 1.0 0.33333334
v -1.5 0.10036 0.0 1.0 1.0 0.33333334
v -1.49896 0.10036 0.00469 1.0 1.0 0.33333334
v -1.50046 0.10036 0.00478 1.0 1.0 0.33333334
v -1.49896 0.075 0.00469 1.0 1.0 0.33333334
v -1.50046 0.075 0.00478 1.0 1.0 0.33333334
v -1.50046 0.10036 0.00478 1.0 1.0 0.33333334
v -1.49896 0.075 0.00469 1.0 1.0 0.33333334
v -1.50046 0.10036 0.00478 1.0 1.0 0.33333334
v -1.49896 0.10036 0.00469 1.0 1.0 0.33333334
v -1.5 0.075 0.0 1.0 1.0 0.33333334
v -1.50192 0.075 0.0044 1.0 1.0 0.33333334
v -1.50046 0.075 0.00478 1.0 1.0 0.33333334
v -1.5 0.10036 0.0 1.0 1.0 0.33333334
v -1.50046 0.10036 0.00478 1.0 1.0 0.33333334
v -1.50192 0.10036 0.0044 1.0 1.0 0.33333334
v -1.50046 0.075 0.00478 1.0 1.0 0.33333334
v -1.50192 0.075 0.0044 1.0 1.0 0.33333334
v -1.50192 0.10036 0.0044 1.0 1.0 0.33333334
v -1.50046 0.075 0.00478 1.0 1.0 0.33333334
v -1.50192 0.10036 0.0044 1.0 1.0 0.33333334
v -1.50046 0.10036 0.00478 1.0 1.0 0.33333334
v -1.5 0.075 0.0 1.0 1.0 0.33333334
v -1.50318 0.075 0.00359 1.0 1.0 0.33333334
v -1.50192 0.075 0.0044 1.0 1.0 0.33333334
v -1.5 0.10036 0.0 1.0 1.0 0.33333334
v -1.50192 0.10036 0.0044 1.0 1.0 0.33333334
v -1.50318 0.10036 0.00359 1.0 1.0 0.33333334
v -1.50192 0.075 0.0044 1.0 1.0 0.33333334
v -1.50318 0.075 0.00359 1.0 1.0 0.33333334
v -1.50318 0.10036 0.00359 1.0 1.0 0.33333334
v -1.50192 0.075 0.0044 1.0 1.0 0.33333334
v -1.50318 0.10036 0.00359 1.0 1.0 0.33333334
v -1.50192 0.10036 0.0044 1.0 1.0 0.33333334
v -1.5 0.075 0.0 1.0 1.0 0.33333334
v -1.50414 0.075 0.00243 1.0 1.0 0.33333334
v -1.50318 0.075 0.00359 1.0 1.0 0.33333334
v -1.5 0.10036 0.0 1.0 1.0 0.33333334
v -1.50318 0.10036 0.00359 1.0 1.0 0.33333334
v -1.50414 0.10036 0.00243 1.0 1.0 0.33333334
v -1.50318 0.075 0.00359 1.0 1.0 0.33333334
v -1.50414 0.075 0.00243 1.0 1.0 0.33333334
v -1.50414 0.10036 0.00243 1.0 1.0 0.33333334
v -1.50318 0.075 0.00359 1.0 1.0 0.33333334
v -1.50414 0.10036 0.00243 1.0 1.0 0.33333334
v -1.50318 0.10036 0.00359 1.0 1.0 0.33333334
v -1.5 0.075 0.0 1.0 1.0 0.33333334
v -1.50469 0.075 0.00104 1.0 1.0 0.33333334
v -1.50414 0.075 0.00243 1.0 1.0 0.33333334
v -1.5 0.10036 0.0 1.0 1.0 0.33333334
v -1.50414 0.10036 0.00243 1.0 1.0 0.33333334
v -1.50469 0.10036 0.00104 1.0 1.0 0.33333334
v -1.50414 0.075 0.00243 1.0 1.0 0.33333334
v -1.50469 0.075 0.00104 1.0 1.0 0.33333334
v -1.50469 0.10036 0.00104 1.0 1.0 0.33333334
v -1.50414 0.075 0.00243 1.0 1.0 0.33333334
v -1.50469 0.10036 0.00104 1.0 1.0 0.33333334
v -1.50414 0.10036 0.00243 1.0 1.0 0.33333334
v -1.5 0.075 0.0 1.0 1.0 0.33333334
v -1.50478 0.075 -0.00046 1.0 1.0 0.33333334
v -1.50469 0.075 0.00104 1.0 1.0 0.33333334
v -1.5 0.10036 0.0 1.0 1.0 0.33333334
v -1.50469 0.10036 0.00104 1.0 1.0 0.33333334
v -1.50478 0.10036 -0.00046 1.0 1.0 0.33333334
v -1.50469 0.075 0.00104 1.0 1.0 0.33333334
v -1.50478 0.075 -0.00046 1.0 1.0 0.33333334
v -1.50478 0.10036 -0.00046 1.0 1.0 0.33333334
v -1.50469 0.075 0.00104 1.0 1.0 0.33333334
v -1.50478 0.10036 -0.00046 1.0 1.0 0.33333334
v -1.50469 0.10036 0.00104 1.0 1.0 0.33333334
v -1.5 0.075 0.0 1.0 1.0 0.33333334
v -1.5044 0.075 -0.00192 1.0 1.0 0.33333334
v -1.50478 0.075 -0.00046 1.0 1.0 0.33333334
v -1.5 0.10036 0.0 1.0 1.0 0.33333334
v -1.50478 0.10036 -0.00046 1.0 1.0 0.33333334
v -1.5044 0.10036 -0.00192 1.0 1.0 0.33333334
v -1.50478 0.075 -0.00046 1.0 1.0 0.33333334
v -1.5044 0.075 -0.00192 1.0 1.0 0.33333334
v -1.5044 0.10036 -0.00192 1.0 1.0 0.33333334
v -1.50478 0.075 -0.00046 1.0 1.0 0.33333334
v -1.5044 0.10036 -0.00192 1.0 1.0 0.33333334
v -1.50478 0.10036 -0.00046 1.0 1.0 0.33333334
v -1.5 0.075 0.0 1.0 1.0 0.33333334
v -1.50359 0.075 -0.00318 1.0 1.0 0.33333334
v -1.5044 0.075 -0.00192 1.0 1.0 0.33333334
v -1.5 0.10036 0.0 1.0 1.0 0.33333334
v -1.5044 0.10036 -0.00192 1.0 1.0 0.33333334
v -1.50359 0.10036 -0.00318 1.0 1.0 0.33333334
v -1.5044 0.075 -0.00192 1.0 1.0 0.33333334
v -1.50359 0.075 -0.00318 1.0 1.0 0.33333334
v -1.50359 0.10036 -0.00318 1.0 1.0 0.33333334
v -1.5044 0.075 -0.00192 1.0 1.0 0.33333334
v -1.50359 0.10036 -0.00318 1.0 1.0 0.33333334
v -1.5044 0.10036 -0.00192 1.0 1.0 0.33333334
v -1.5 0.075 0.0 1.0 1.0 0.33333334
v -1.50243 0.075 -0.00414 1.0 1.0 0.33333334
v -1.50359 0.075 -0.00318 1.0 1.0 0.33333334
v -1.5 0.10036 0.0 1.0 1.0 0.33333334
v -1.50359 0.10036 -0.00318 1.0 1.0 0.33333334
v -1.50243 0.10036 -0.00414 1.0 1.0 0.33333334
v -1.50359 0.075 -0.00318 1.0 1.0 0.33333334
v -1.50243 0.075 -0.00414 1.0 1.0 0.33333334
v -1.50243 0.10036 -0.00414 1.0 1.0 0.33333334
v -1.50359 0.075 -0.00318 1.0 1.0 0.33333334
v -1.50243 0.10036 -0.00414 1.0 1.0 0.33333334
v -1.50359 0.10036 -0.00318 1.0 1.0 0.33333334
v -1.5 0.075 0.0 1.0 1.0 0.33333334
v -1.50104 0.075 -0.00469 1.0 1.0 0.33333334
v -1.50243 0.075 -0.00414 1.0 1.0 0.33333334
v -1.5 0.10036 0.0 1.0 1.0 0.33333334
v -1.50243 0.10036 -0.00414 1.0 1.0 0.33333334
v -1.50104 0.10036 -0.00469 1.0 1.0 0.33333334
v -1.50243 0.075 -0.00414 1.0 1.0 0.33333334
v -1.50104 0.075 -0.00469 1.0 1.0 0.33333334
v -1.50104 0.10036 -0.00469 1.0 1.0 0.33333334
v -1.50243 0.075 -0.00414 1.0 1.0 0.33333334
v -1.50104 0.10036 -0.00469 1.0 1.0 0.33333334
v -1.50243 0.10036 -0.00414 1.0 1.0 0.33333334
v -1.5 0.075 0.0 1.0 1.0 0.33333334
v -1.49954 0.075 -0.00478 1.0 1.0 0.33333334
v -1.50104 0.075 -0.00469 1.0 1.0 0.33333334
v -1.5 0.10036 0.0 1.0 1.0 0.33333334
v -1.50104 0.10036 -0.00469 1.0 1.0 0.33333334
v -1.49954 0.10036 -0.00478 1.0 1.0 0.33333334
v -1.50104 0.075 -0.00469 1.0 1.0 0.33333334
v -1.49954 0.075 -0.00478 1.0 1.0 0.33333334
v -1.49954 0.10036 -0.00478 1.0 1.0 0.33333334
v -1.50104 0.075 -0.00469 1.0 1.0 0.33333334
v -1.49954 0.10036 -0.00478 1.0 1.0 0.33333334
v -1.50104 0.10036 -0.00469 1.0 1.0 0.33333334
v -1.5 0.075 0.0 1.0 1.0 0.33333334
v -1.49808 0.075 -0.0044 1.0 1.0 0.33333334
v -1.49954 0.075 -0.00478 1.0 1.0 0.33333334
v -1.5 0.10036 0.0 1.0 1.0 0.33333334
v -1.49954 0.10036 -0.00478 1.0 1.0 0.33333334
v -1.49808 0.10036 -0.0044 1.0 1.0 0.33333334
v -1.49954 0.075 -0.00478 1.0 1.0 0.33333334
v -1.49808 0.075 -0.0044 1.0 1.0 0.33333334
v -1.49808 0.10036 -0.0044 1.0 1.0 0.33333334
v -1.49954 0.075 -0.00478 1.0 1.0 0.33333334
v -1.49808 0.10036 -0.0044 1.0 1.0 0.33333334
v -1.49954 0.10036 -0.00478 1.0 1.0 0.33333334
v -1.5 0.075 0.0 1.0 1.0 0.33333334
v -1.49682 0.075 -0.00359 1.0 1.0 0.33333334
v -1.49808 0.075 -0.0044 1.0 1.0 0.33333334
v -1.5 0.10036 0.0 1.0 1.0 0.33333334
v -1.49808 0.10036 -0.0044 1.0 1.0 0.33333334
v -1.49682 0.10036 -0.00359 1.0 1.0 0.33333334
v -1.49808 0.075 -0.0044 1.0 1.0 0.33333334
v -1.49682 0.075 -0.00359 1.0 1.0 0.33333334
v -1.49682 0.10036 -0.00359 1.0 1.0 0.33333334
v -1.49808 0.075 -0.0044 1.0 1.0 0.33333334
v -1.49682 0.10036 -0.00359 1.0 1.0 0.33333334
v -1.49808 0.10036 -0.0044 1.0 1.0 0.33333334
v -1.5 0.075 0.0 1.0 1.0 0.33333334
v -1.49586 0.075 -0.00243 1.0 1.0 0.33333334
v -1.49682 0.075 -0.00359 1.0 1.0 0.33333334
v -1.5 0.10036 0.0 1.0 1.0 0.33333334
v -1.49682 0.10036 -0.00359 1.0 1.0 0.33333334
v -1.49586 0.10036 -0.00243 1.0 1.0 0.33333334
v -1.49682 0.075 -0.00359 1.0 1.0 0.33333334
v -1.49586 0.075 -0.00243 1.0 1.0 0.33333334
v -1.49586 0.10036 -0.00243 1.0 1.0 0.33333334
v -1.49682 0.075 -0.00359 1.0 1.0 0.33333334
v -1.49586 0.10036 -0.00243 1.0 1.0 0.33333334
v -1.49682 0.10036 -0.00359 1.0 1.0 0.33333334
v -1.5 0.075 0.0 1.0 1.0 0.33333334
v -1.49531 0.075 -0.00104 1.0 1.0 0.33333334
v -1.49586 0.075 -0.00243 1.0 1.0 0.33333334
v -1.5 0.10036 0.0 1.0 1.0 0.33333334
v -1.49586 0.10036 -0.00243 1.0 1.0 0.33333334
v -1.49531 0.10036 -0.00104 1.0 1.0 0.33333334
v -1.49586 0.075 -0.00243 1.0 1.0 0.33333334
v -1.49531 0.075 -0.00104 1.0 1.0 0.33333334
v -1.49531 0.10036 -0.00104 1.0 1.0 0.33333334
v -1.49586 0.075 -0.00243 1.0 1.0 0.33333334
v -1.49531 0.10036 -0.00104 1.0 1.0 0.33333334
v -1.49586 0.10036 -0.00243 1.0 1.0 0.33333334
v -1.5 0.075 0.0 1.0 1.0 0.33333334
v -1.49522 0.075 0.00046 1.0 1.0 0.33333334
v -1.49531 0.075 -0.00104 1.0 1.0 0.33333334
v -1.5 0.10036 0.0 1.0 1.0 0.33333334
v -1.49531 0.10036 -0.00104 1.0 1.0 0.33333334
v -1.49522 0.10036 0.00046 1.0 1.0 0.33333334
v -1.49531 0.075 -0.00104 1.0 1.0 0.33333334
v -1.49522 0.075 0.00046 1.0 1.0 0.33333334
v -1.49522 0.10036 0.00046 1.0 1.0 0.33333334
v -1.49531 0.075 -0.00104 1.0 1.0 0.33333334
v -1.49522 0.10036 0.00046 1.0 1.0 0.33333334
v -1.49531 0.10036 -0.00104 1.0 1.0 0.33333334
v -1.5 0.10036 0.0 1.0 1.0 0.33333334
v -1.49587 0.10046 0.00179 1.0 1.0 0.33333334
v -1.49552 0.10036 0.00043 1.0 1.0 0.33333334
v -1.49991 0.11378 -0.0009 1.0 1.0 0.33333334
v -1.49543 0.11378 -0.00046 1.0 1.0 0.33333334
v -1.49579 0.11387 0.0009 1.0 1.0 0.33333334
v -1.49552 0.10036 0.00043 1.0 1.0 0.33333334
v -1.49587 0.10046 0.00179 1.0 1.0 0.33333334
v -1.49579 0.11387 0.0009 1.0 1.0 0.33333334
v -1.49552 0.10036 0.00043 1.0 1.0 0.33333334
v -1.49579 0.11387 0.0009 1.0 1.0 0.33333334
v -1.49543 0.11378 -0.00046 1.0 1.0 0.33333334
v -1.5 0.10036 0.0 1.0 1.0 0.33333334
v -1.49663 0.10054 0.00298 1.0 1.0 0.33333334
v -1.49587 0.10046 0.00179 1.0 1.0 0.33333334
v -1.49991 0.11378 -0.0009 1.0 1.0 0.33333334
v -1.49579 0.11387 0.0009 1.0 1.0 0.33333334
v -1.49654 0.11396 0.00208 1.0 1.0 0.33333334
v -1.49587 0.10046 0.00179 1.0 1.0 0.33333334
v -1.49663 0.10054 0.00298 1.0 1.0 0.33333334
v -1.49654 0.11396 0.00208 1.0 1.0 0.33333334
v -1.49587 0.10046 0.00179 1.0 1.0 0.33333334
v -1.49654 0.11396 0.00208 1.0 1.0 0.33333334
v -1.49579 0.11387 0.0009 1.0 1.0 0.33333334
v -1.5 0.10036 0.0 1.0 1.0 0.33333334
v -1.49772 0.10061 0.00387 1.0 1.0 0.33333334
v -1.49663 0.10054 0.00298 1.0 1.0 0.33333334
v -1.49991 0.11378 -0.0009 1.0 1.0 0.33333334
v -1.49654 0.11396 0.00208 1.0 1.0 0.33333334
v -1.49763 0.11402 0.00297 1.0 1.0 0.33333334
v -1.49663 0.10054 0.00298 1.0 1.0 0.33333334
v -1.49772 0.10061 0.00387 1.0 1.0 0.33333334
v -1.49763 0.11402 0.00297 1.0 1.0 0.33333334
v -1.49663 0.10054 0.00298 1.0 1.0 0.33333334
v -1.49763 0.11402 0.00297 1.0 1.0 0.33333334
v -1.49654 0.11396 0.00208 1.0 1.0 0.33333334
v -1.5 0.10036 0.0 1.0 1.0 0.33333334
v -1.49903 0.10065 0.00438 1.0 1.0 0.33333334
v -1.49772 0.10061 0.00387 1.0 1.0 0.33333334
v -1.49991 0.11378 -0.0009 1.0 1.0 0.33333334
v -1.49763 0.11402 0.00297 1.0 1.0 0.33333334
v -1.49894 0.11407 0.00349 1.0 1.0 0.33333334
v -1.49772 0.10061 0.00387 1.0 1.0 0.33333334
v -1.49903 0.10065 0.00438 1.0 1.0 0.33333334
v -1.49894 0.11407 0.00349 1.0 1.0 0.33333334
v -1.49772 0.10061 0.00387 1.0 1.0 0.33333334
v -1.49894 0.11407 0.00349 1.0 1.0 0.33333334
v -1.49763 0.11402 0.00297 1.0 1.0 0.33333334
v -1.5 0.10036 0.0 1.0 1.0 0.33333334
v -1.50043 0.10067 0.00447 1.0 1.0 0.33333334
v -1.49903 0.10065 0.00438 1.0 1.0 0.33333334
v -1.49991 0.11378 -0.0009 1.0 1.0 0.33333334
v -1.49894 0.11407 0.00349 1.0 1.0 0.33333334
v -1.50035 0.11408 0.00357 1.0 1.0 0.33333334
v -1.49903 0.10065 0.00438 1.0 1.0 0.33333334
v -1.50043 0.10067 0.00447 1.0 1.0 0.33333334
v -1.50035 0.11408 0.00357 1.0 1.0 0.33333334
v -1.49903 0.10065 0.00438 1.0 1.0 0.33333334
v -1.50035 0.11408 0.00357 1.0 1.0 0.33333334
v -1.49894 0.11407 0.00349 1.0 1.0 0.33333334
v -1.5 0.10036 0.0 1.0 1.0 0.33333334
v -1.5018 0.10065 0.00412 1.0 1.0 0.33333334
v -1.50043 0.10067 0.00447 1.0 1.0 0.33333334
v -1.49991 0.11378 -0.0009 1.0 1.0 0.33333334
v -1.50035 0.11408 0.00357 1.0 1.0 0.33333334
v -1.50171 0.11407 0.00322 1.0 1.0 0.33333334
v -1.50043 0.10067 0.00447 1.0 1.0 0.33333334
v -1.5018 0.10065 0.00412 1.0 1.0 0.33333334
v -1.50171 0.11407 0.00322 1.0 1.0 0.33333334
v -1.50043 0.10067 0.00447 1.0 1.0 0.33333334
v -1.50171 0.11407 0.00322 1.0 1.0 0.33333334
v -1.50035 0.11408 0.00357 1.0 1.0 0.33333334
v -1.5 0.10036 0.0 1.0 1.0 0.33333334
v -1.50298 0.10061 0.00336 1.0 1.0 0.33333334
v -1.5018 0.10065 0.00412 1.0 1.0 0.33333334
v -1.49991 0.11378 -0.0009 1.0 1.0 0.33333334
v -1.50171 0.11407 0.00322 1.0 1.0 0.33333334
v -1.5029 0.11402 0.00246 1.0 1.0 0.33333334
v -1.5018 0.10065 0.00412 1.0 1.0 0.33333334
v -1.50298 0.10061 0.00336 1.0 1.0 0.33333334
v -1.5029 0.11402 0.00246 1.0 1.0 0.33333334
v -1.5018 0.10065 0.00412 1.0 1.0 0.33333334
v -1.5029 0.11402 0.00246 1.0 1.0 0.33333334
v -1.50171 0.11407 0.00322 1.0 1.0 0.33333334
v -1.5 0.10036 0.0 1.0 1.0 0.33333334
v -1.50388 0.10054 0.00228 1.0 1.0 0.33333334
v -1.50298 0.10061 0.00336 1.0 1.0 0.33333334
v -1.49991 0.11378 -0.0009 1.0 1.0 0.33333334
v -1.5029 0.11402 0.00246 1.0 1.0 0.33333334
v -1.50379 0.11396 0.00138 1.0 1.0 0.33333334
v -1.50298 0.10061 0.00336 1.0 1.0 0.33333334
v -1.50388 0.10054 0.00228 1.0 1.0 0.33333334
v -1.50379 0.11396 0.00138 1.0 1.0 0.33333334
v -1.50298 0.10061 0.00336 1.0 1.0 0.33333334
v -1.50379 0.11396 0.00138 1.0 1.0 0.33333334
v -1.5029 0.11402 0.00246 1.0 1.0 0.33333334
v -1.5 0.10036 0.0 1.0 1.0 0.33333334
v -1.50439 0.10046 0.00097 1.0 1.0 0.33333334
v -1.50388 0.10054 0.00228 1.0 1.0 0.33333334
v -1.49991 0.11378 -0.0009 1.0 1.0 0.33333334
v -1.50379 0.11396 0.00138 1.0 1.0 0.33333334
v -1.50431 0.11387 7e-05 1.0 1.0 0.33333334
v -1.50388 0.10054 0.00228 1.0 1.0 0.33333334
v -1.50439 0.10046 0.00097 1.0 1.0 0.33333334
v -1.50431 0.11387 7e-05 1.0 1.0 0.33333334
v -1.50388 0.10054 0.00228 1.0 1.0 0.33333334
v -1.50431 0.11387 7e-05 1.0 1.0 0.33333334
v -1.50379 0.11396 0.00138 1.0 1.0 0.33333334
v -1.5 0.10036 0.0 1.0 1.0 0.33333334
v -1.50448 0.10036 -0.00043 1.0 1.0 0.33333334
v -1.50439 0.10046 0.00097 1.0 1.0 0.33333334
v -1.49991 0.11378 -0.0009 1.0 1.0 0.33333334
v -1.50431 0.11387 7e-05 1.0 1.0 0.33333334
v -1.50439 0.11378 -0.00133 1.0 1.0 0.33333334
v -1.50439 0.10046 0.00097 1.0 1.0 0.33333334
v -1.50448 0.10036 -0.00043 1.0 1.0 0.33333334
v -1.50439 0.11378 -0.00133 1.0 1.0 0.33333334
v -1.50439 0.10046 0.00097 1.0 1.0 0.33333334
v -1.50439 0.11378 -0.00133 1.0 1.0 0.33333334
v -1.50431 0.11387 7e-05 1.0 1.0 0.33333334
v -1.5 0.10036 0.0 1.0 1.0 0.33333334
v -1.50413 0.10027 -0.00179 1.0 1.0 0.33333334
v -1.50448 0.10036 -0.00043 1.0 1.0 0.33333334
v -1.49991 0.11378 -0.0009 1.0 1.0 0.33333334
v -1.50439 0.11378 -0.00133 1.0 1.0 0.33333334
v -1.50404 0.11369 -0.00269 1.0 1.0 0.33333334
v -1.50448 0.10036 -0.00043 1.0 1.0 0.33333334
v -1.50413 0.10027 -0.00179 1.0 1.0 0.33333334
v -1.50404 0.11369 -0.00269 1.0 1.0 0.33333334
v -1.50448 0.10036 -0.00043 1.0 1.0 0.33333334
v -1.50404 0.11369 -0.00269 1.0 1.0 0.33333334
v -1.50439 0.11378 -0.00133 1.0 1.0 0.33333334
v -1.5 0.10036 0.0 1.0 1.0 0.33333334
v -1.50337 0.10019 -0.00298 1.0 1.0 0.33333334
v -1.50413 0.10027 -0.00179 1.0 1.0 0.33333334
v -1.49991 0.11378 -0.0009 1.0 1.0 0.33333334
v -1.50404 0.11369 -0.00269 1.0 1.0 0.33333334
v -1.50328 0.1136 -0.00388 1.0 1.0 0.33333334
v -1.50413 0.10027 -0.00179 1.0 1.0 0.33333334
v -1.50337 0.10019 -0.00298 1.0 1.0 0.33333334
v -1.50328 0.1136 -0.00388 1.0 1.0 0.33333334
v -1.50413 0.10027 -0.00179 1.0 1.0 0.33333334
v -1.50328 0.1136 -0.00388 1.0 1.0 0.33333334
v -1.50404 0.11369 -0.00269 1.0 1.0 0.33333334
v -1.5 0.10036 0.0 1.0 1.0 0.33333334
v -1.50228 0.10012 -0.00387 1.0 1.0 0.33333334
v -1.50337 0.10019 -0.00298 1.0 1.0 0.33333334
v -1.49991 0.11378 -0.0009 1.0 1.0 0.33333334
v -1.50328 0.1136 -0.00388 1.0 1.0 0.33333334
v -1.5022 0.11353 -0.00477 1.0 1.0 0.33333334
v -1.50337 0.10019 -0.00298 1.0 1.0 0.33333334
v -1.50228 0.10012 -0.00387 1.0 1.0 0.33333334
v -1.5022 0.11353 -0.00477 1.0 1.0 0.33333334
v -1.50337 0.10019 -0.00298 1.0 1.0 0.33333334
v -1.5022 0.11353 -0.00477 1.0 1.0 0.33333334
v -1.50328 0.1136 -0.00388 1.0 1.0 0.33333334
v -1.5 0.10036 0.0 1.0 1.0 0.33333334
v -1.50097 0.10008 -0.00438 1.0 1.0 0.33333334
v -1.50228 0.10012 -0.00387 1.0 1.0 0.33333334
v -1.49991 0.11378 -0.0009 1.0 1.0 0.33333334
v -1.5022 0.11353 -0.00477 1.0 1.0 0.33333334
v -1.50089 0.11349 -0.00528 1.0 1.0 0.33333334
v -1.50228 0.10012 -0.00387 1.0 1.0 0.33333334
v -1.50097 0.10008 -0.00438 1.0 1.0 0.33333334
v -1.50089 0.11349 -0.00528 1.0 1.0 0.33333334
v -1.50228 0.10012 -0.00387 1.0 1.0 0.33333334
v -1.50089 0.11349 -0.00528 1.0 1.0 0.33333334
v -1.5022 0.11353 -0.00477 1.0 1.0 0.33333334
v -1.5 0.10036 0.0 1.0 1.0 0.33333334
v -1.49957 0.10006 -0.00447 1.0 1.0 0.33333334
v -1.50097 0.10008 -0.00438 1.0 1.0 0.33333334
v -1.49991 0.11378 -0.0009 1.0 1.0 0.33333334
v -1.50089 0.11349 -0.00528 1.0 1.0 0.33333334
v -1.49948 0.11348 -0.00537 1.0 1.0 0.33333334
v -1.50097 0.10008 -0.00438 1.0 1.0 0.33333334
v -1.49957 0.10006 -0.00447 1.0 1.0 0.33333334
v -1.49948 0.11348 -0.00537 1.0 1.0 0.33333334
v -1.50097 0.10008 -0.00438 1.0 1.0 0.33333334
v -1.49948 0.11348 -0.00537 1.0 1.0 0.33333334
v -1.50089 0.11349 -0.00528 1.0 1.0 0.33333334
v -1.5 0.10036 0.0 1.0 1.0 0.33333334
v -1.4982 0.10008 -0.00412 1.0 1.0 0.33333334
v -1.49957 0.10006 -0.00447 1.0 1.0 0.33333334
v -1.49991 0.11378 -0.0009 1.0 1.0 0.33333334
v -1.49948 0.11348 -0.00537 1.0 1.0 0.33333334
v -1.49812 0.11349 -0.00501 1.0 1.0 0.33333334
v -1.49957 0.10006 -0.00447 1.0 1.0 0.33333334
v -1.4982 0.10008 -0.00412 1.0 1.0 0.33333334
v -1.49812 0.11349 -0.00501 1.0 1.0 0.33333334
v -1.49957 0.10006 -0.00447 1.0 1.0 0.33333334
v -1.49812 0.11349 -0.00501 1.0 1.0 0.33333334
v -1.49948 0.11348 -0.00537 1.0 1.0 0.33333334
v -1.5 0.10036 0.0 1.0 1.0 0.33333334
v -1.49702 0.10012 -0.00336 1.0 1.0 0.33333334
v -1.4982 0.10008 -0.00412 1.0 1.0 0.33333334
v -1.49991 0.11378 -0.0009 1.0 1.0 0.33333334
v -1.49812 0.11349 -0.00501 1.0 1.0 0.33333334
v -1.49693 0.11353 -0.00426 1.0 1.0 0.33333334
v -1.4982 0.10008 -0.00412 1.0 1.0 0.33333334
v -1.49702 0.10012 -0.00336 1.0 1.0 0.33333334
v -1.49693 0.11353 -0.00426 1.0 1.0 0.33333334
v -1.4982 0.10008 -0.00412 1.0 1.0 0.33333334
v -1.49693 0.11353 -0.00426 1.0 1.0 0.33333334
v -1.49812 0.11349 -0.00501 1.0 1.0 0.33333334
v -1.5 0.10036 0.0 1.0 1.0 0.33333334
v -1.49612 0.10019 -0.00228 1.0 1.0 0.33333334
v -1.49702 0.10012 -0.00336 1.0 1.0 0.33333334
v -1.49991 0.11378 -0.0009 1.0 1.0 0.33333334
v -1.49693 0.11353 -0.00426 1.0 1.0 0.33333334
v -1.49603 0.1136 -0.00317 1.0 1.0 0.33333334
v -1.49702 0.10012 -0.00336 1.0 1.0 0.33333334
v -1.49612 0.10019 -0.00228 1.0 1.0 0.33333334
v -1.49603 0.1136 -0.00317 1.0 1.0 0.33333334
v -1.49702 0.10012 -0.00336 1.0 1.0 0.33333334
v -1.49603 0.1136 -0.00317 1.0 1.0 0.33333334
v -1.49693 0.11353 -0.00426 1.0 1.0 0.33333334
v -1.5 0.10036 0.0 1.0 1.0 0.33333334
v -1.49561 0.10027 -0.00097 1.0 1.0 0.33333334
v -1.49612 0.10019 -0.00228 1.0 1.0 0.33333334
v -1.49991 0.11378 -0.0009 1.0 1.0 0.33333334
v -1.49603 0.1136 -0.00317 1.0 1.0 0.33333334
v -1.49552 0.11369 -0.00187 1.0 1.0 0.33333334
v -1.49612 0.10019 -0.00228 1.0 1.0 0.33333334
v -1.49561 0.10027 -0.00097 1.0 1.0 0.33333334
v -1.49552 0.11369 -0.00187 1.0 1.0 0.33333334
v -1.49612 0.10019 -0.00228 1.0 1.0 0.33333334
v -1.49552 0.11369 -0.00187 1.0 1.0 0.33333334
v -1.49603 0.1136 -0.00317 1.0 1.0 0.33333334
v -1.5 0.10036 0.0 1.0 1.0 0.33333334
v -1.49552 0.10036 0.00043 1.0 1.0 0.33333334
v -1.49561 0.10027 -0.00097 1.0 1.0 0.33333334
v -1.49991 0.11378 -0.0009 1.0 1.0 0.33333334
v -1.49552 0.11369 -0.00187 1.0 1.0 0.33333334
v -1.49543 0.11378 -0.00046 1.0 1.0 0.33333334
v -1.49561 0.10027 -0.00097 1.0 1.0 0.33333334
v -1.49552 0.10036 0.00043 1.0 1.0 0.33333334
v -1.49543 0.11378 -0.00046 1.0 1.0 0.33333334
v -1.49561 0.10027 -0.00097 1.0 1.0 0.33333334
v -1.49543 0.11378 -0.00046 1.0 1.0 0.33333334
v -1.49552 0.11369 -0.00187 1.0 1.0 0.33333334
v 0.0 0.075 0.0 1.0 1.0 0.33333334
v 0.00469 0.075 0.00103 1.0 1.0 0.33333334
v 0.00478 0.075 -0.00047 1.0 1.0 0.33333334
v 0.0 0.10036 0.0 1.0 1.0 0.33333334
v 0.00478 0.10036 -0.00047 1.0 1.0 0.33333334
v 0.00469 0.10036 0.00103 1.0 1.0 0.33333334
v 0.00478 0.075 -0.00047 1.0 1.0 0.33333334
v 0.00469 0.075 0.00103 1.0 1.0 0.33333334
v 0.00469 0.10036 0.00103 1.0 1.0 0.33333334
v 0.00478 0.075 -0.00047 1.0 1.0 0.33333334
v 0.00469 0.10036 0.00103 1.0 1.0 0.33333334
v 0.00478 0.10036 -0.00047 1.0 1.0 0.33333334
v 0.0 0.075 0.0 1.0 1.0 0.33333334
v 0.00414 0.075 0.00243 1.0 1.0 0.33333334
v 0.00469 0.075 0.00103 1.0 1.0 0.33333334
v 0.0 0.10036 0.0 1.0 1.0 0.33333334
v 0.00469 0.10036 0.00103 1.0 1.0 0.33333334
v 0.00414 0.10036 0.00243 1.0 1.0 0.33333334
v 0.00469 0.075 0.00103 1.0 1.0 0.33333334
v 0.00414 0.075 0.00243 1.0 1.0 0.33333334
v 0.00414 0.10036 0.00243 1.0 1.0 0.33333334
v 0.00469 0.075 0.00103 1.0 1.0 0.33333334
v 0.00414 0.10036 0.00243 1.0 1.0 0.33333334
v 0.00469 0.10036 0.00103 1.0 1.0 0.33333334
v 0.0 0.075 0.0 1.0 1.0 0.33333334
v 0.00319 0.075 0.00359 1.0 1.0 0.33333334
v 0.00414 0.075 0.00243 1.0 1.0 0.33333334
v 0.0 0.10036 0.0 1.0 1.0 0.33333334
v 0.00414 0.10036 0.00243 1.0 1.0 0.33333334
v 0.00319 0.10036 0.00359 1.0 1.0 0.33333334
v 0.00414 0.075 0.00243 1.0 1.0 0.33333334
v 0.00319 0.075 0.00359 1.0 1.0 0.33333334
v 0.00319 0.10036 0.00359 1.0 1.0 0.33333334
v 0.00414 0.075 0.00243 1.0 1.0 0.33333334
v 0.00319 0.10036 0.00359 1.0 1.0 0.33333334
v 0.00414 0.10036 0.00243 1.0 1.0 0.33333334
v 0.0 0.075 0.0 1.0 1.0 0.33333334
v 0.00192 0.075 0.0044 1.0 1.0 0.33333334
v 0.00319 0.075 0.00359 1.0 1.0 0.33333334
v 0.0 0.10036 0.0 1.0 1.0 0.33333334
v 0.00319 0.10036 0.00359 1.0 1.0 0.33333334
v 0.00192 0.10036 0.0044 1.0 1.0 0.33333334
v 0.00319 0.075 0.00359 1.0 1.0 0.33333334
v 0.00192 0.075 0.0044 1.0 1.0 0.33333334
v 0.00192 0.10036 0.0044 1.0 1.0 0.33333334
v 0.00319 0.075 0.00359 1.0 1.0 0.33333334
v 0.00192 0.10036 0.0044 1.0 1.0 0.33333334
v 0.00319 0.10036 0.00359 1.0 1.0 0.33333334
v 0.0 0.075 0.0 1.0 1.0 0.33333334
v 0.00047 0.075 0.00478 1.0 1.0 0.33333334
v 0.00192 0.075 0.0044 1.0 1.0 0.33333334
v 0.0 0.10036 0.0 1.0 1.0 0.33333334
v 0.00192 0.10036 0.0044 1.0 1.0 0.33333334
v 0.00047 0.10036 0.00478 1.0 1.0 0.33333334
v 0.00192 0.075 0.0044 1.0 1.0 0.33333334
v 0.00047 0.075 0.00478 1.0 1.0 0.33333334
v 0.00047 0.10036 0.00478 1.0 1.0 0.33333334
v 0.00192 0.075 0.0044 1.0 1.0 0.33333334
v 0.00047 0.10036 0.00478 1.0 1.0 0.33333334
v 0.00192 0.10036 0.0044 1.0 1.0 0.33333334
v 0.0 0.075 0.0 1.0 1.0 0.33333334
v -0.00103 0.075 0.00469 1.0 1.0 0.33333334
v 0.00047 0.075 0.00478 1.0 1.0 0.33333334
v 0.0 0.10036 0.0 1.0 1.0 0.33333334
v 0.00047 0.10036 0.00478 1.0 1.0 0.33333334
v -0.00103 0.10036 0.00469 1.0 1.0 0.33333334
v 0.00047 0.075 0.00478 1.0 1.0 0.33333334
v -0.00103 0.075 0.00469 1.0 1.0 0.33333334
v -0.00103 0.10036 0.00469 1.0 1.0 0.33333334
v 0.00047 0.075 0.00478 1.0 1.0 0.33333334
v -0.00103 0.10036 0.00469 1.0 1.0 0.33333334
v 0.00047 0.10036 0.00478 1.0 1.0 0.33333334
v 0.0 0.075 0.0 1.0 1.0 0.33333334
v -0.00243 0.075 0.00414 1.0 1.0 0.33333334
v -0.00103 0.075 0.00469 1.0 1.0 0.33333334
v 0.0 0.10036 0.0 1.0 1.0 0.33333334
v -0.00103 0.10036 0.00469 1.0 1.0 0.33333334
v -0.00243 0.10036 0.00414 1.0 1.0 0.33333334
v -0.00103 0.075 0.00469 1.0 1.0 0.33333334
v -0.00243 0.075 0.00414 1.0 1.0 0.33333334
v -0.00243 0.10036 0.00414 1.0 1.0 0.33333334
v -0.00103 0.075 0.00469 1.0 1.0 0.33333334
v -0.00243 0.10036 0.00414 1.0 1.0 0.33333334
v -0.00103 0.10036 0.00469 1.0 1.0 0.33333334
v 0.0 0.075 0.0 1.0 1.0 0.33333334
v -0.00359 0.075 0.00319 1.0 1.0 0.33333334
v -0.00243 0.075 0.00414 1.0 1.0 0.33333334
v 0.0 0.10036 0.0 1.0 1.0 0.33333334
v -0.00243 0.10036 0.00414 1.0 1.0 0.33333334
v -0.00359 0.10036 0.00319 1.0 1.0 0.33333334
v -0.00243 0.075 0.00414 1.0 1.0 0.33333334
v -0.00359 0.075 0.00319 1.0 1.0 0.33333334
v -0.00359 0.10036 0.00319 1.0 1.0 0.33333334
v -0.00243 0.075 0.00414 1.0 1.0 0.33333334
v -0.00359 0.10036 0.00319 1.0 1.0 0.33333334
v -0.00243 0.10036 0.00414 1.0 1.0 0.33333334
v 0.0 0.075 0.0 1.0 1.0 0.33333334
v -0.0044 0.075 0.00192 1.0 1.0 0.33333334
v -0.00359 0.075 0.00319 1.0 1.0 0.33333334
v 0.0 0.10036 0.0 1.0 1.0 0.33333334
v -0.00359 0.10036 0.00319 1.0 1.0 0.33333334
v -0.0044 0.10036 0.00192 1.0 1.0 0.33333334
v -0.00359 0.075 0.00319 1.0 1.0 0.33333334
v -0.0044 0.075 0.00192 1.0 1.0 0.33333334
v -0.0044 0.10036 0.00192 1.0 1.0 0.33333334
v -0.00359 0.075 0.00319 1.0 1.0 0.33333334
v -0.0044 0.10036 0.00192 1.0 1.0 0.33333334
v -0.00359 0.10036 0.00319 1.0 1.0 0.33333334
v 0.0 0.075 0.0 1.0 1.0 0.33333334
v -0.00478 0.075 0.00047 1.0 1.0 0.33333334
v -0.0044 0.075 0.00192 1.0 1.0 0.33333334
v 0.0 0.10036 0.0 1.0 1.0 0.33333334
v -0.0044 0.10036 0.00192 1.0 1.0 0.33333334
v -0.00478 0.10036 0.00047 1.0 1.0 0.33333334
v -0.0044 0.075 0.00192 1.0 1.0 0.33333334
v -0.00478 0.075 0.00047 1.0 1.0 0.33333334
v -0.00478 0.10036 0.00047 1.0 1.0 0.33333334
v -0.0044 0.075 0.00192 1.0 1.0 0.33333334
v -0.00478 0.10036 0.00047 1.0 1.0 0.33333334
v -0.0044 0.10036 0.00192 1.0 1.0 0.33333334
v 0.0 0.075 0.0 1.0 1.0 0.33333334
v -0.00469 0.075 -0.00103 1.0 1.0 0.33333334
v -0.00478 0.075 0.00047 1.0 1.0 0.33333334
v 0.0 0.10036 0.0 1.0 1.0 0.33333334
v -0.00478 0.10036 0.00047 1.0 1.0 0.33333334
v -0.00469 0.10036 -0.00103 1.0 1.0 0.33333334
v -0.00478 0.075 0.00047 1.0 1.0 0.33333334
v -0.00469 0.075 -0.00103 1.0 1.0 0.33333334
v -0.00469 0.10036 -0.00103 1.0 1.0 0.33333334
v -0.00478 0.075 0.00047 1.0 1.0 0.33333334
v -0.00469 0.10036 -0.00103 1.0 1.0 0.33333334
v -0.00478 0.10036 0.00047 1.0 1.0 0.33333334
v 0.0 0.075 0.0 1.0 1.0 0.33333334
v -0.00414 0.075 -0.00243 1.0 1.0 0.33333334
v -0.00469 0.075 -0.00103 1.0 1.0 0.33333334
v 0.0 0.10036 0.0 1.0 1.0 0.33333334
v -0.00469 0.10036 -0.00103 1.0 1.0 0.33333334
v -0.00414 0.10036 -0.00243 1.0 1.0 0.33333334
v -0.00469 0.075 -0.00103 1.0 1.0 0.33333334
v -0.00414 0.075 -0.00243 1.0 1.0 0.33333334
v -0.00414 0.10036 -0.00243 1.0 1.0 0.33333334
v -0.00469 0.075 -0.00103 1.0 1.0 0.33333334
v -0.00414 0.10036 -0.00243 1.0 1.0 0.33333334
v -0.00469 0.10036 -0.00103 1.0 1.0 0.33333334
v 0.0 0.075 0.0 1.0 1.0 0.33333334
v -0.00319 0.075 -0.00359 1.0 1.0 0.33333334
v -0.00414 0.075 -0.00243 1.0 1.0 0.33333334
v 0.0 0.10036 0.0 1.0 1.0 0.33333334
v -0.00414 0.10036 -0.00243 1.0 1.0 0.33333334
v -0.00319 0.10036 -0.00359 1.0 1.0 0.33333334
v -0.00414 0.075 -0.00243 1.0 1.0 0.33333334
v -0.00319 0.075 -0.00359 1.0 1.0 0.33333334
v -0.00319 0.10036 -0.00359 1.0 1.0 0.33333334
v -0.00414 0.075 -0.00243 1.0 1.0 0.33333334
v -0.00319 0.10036 -0.00359 1.0 1.0 0.33333334
v -0.00414 0.10036 -0.00243 1.0 1.0 0.33333334
v 0.0 0.075 0.0 1.0 1.0 0.33333334
v -0.00192 0.075 -0.0044 1.0 1.0 0.33333334
v -0.00319 0.075 -0.00359 1.0 1.0 0.33333334
v 0.0 0.10036 0.0 1.0 1.0 0.33333334
v -0.00319 0.10036 -0.00359 1.0 1.0 0.33333334
v -0.00192 0.10036 -0.0044 1.0 1.0 0.33333334
v -0.00319 0.075 -0.00359 1.0 1.0 0.33333334
v -0.00192 0.075 -0.0044 1.0 1.0 0.33333334
v -0.00192 0.10036 -0.0044 1.0 1.0 0.33333334
v -0.00319 0.075 -0.00359 1.0 1.0 0.33333334
v -0.00192 0.10036 -0.0044 1.0 1.0 0.33333334
v -0.00319 0.10036 -0.00359 1.0 1.0 0.33333334
v 0.0 0.075 0.0 1.0 1.0 0.33333334
v -0.00047 0.075 -0.00478 1.0 1.0 0.33333334
v -0.00192 0.075 -0.0044 1.0 1.0 0.33333334
v 0.0 0.10036 0.0 1.0 1.0 0.33333334
v -0.00192 0.10036 -0.0044 1.0 1.0 0.33333334
v -0.00047 0.10036 -0.00478 1.0 1.0 0.33333334
v -0.00192 0.075 -0.0044 1.0 1.0 0.33333334
v -0.00047 0.075 -0.00478 1.0 1.0 0.33333334
v -0.00047 0.10036 -0.00478 1.0 1.0 0.33333334
v -0.00192 0.075 -0.0044 1.0 1.0 0.33333334
v -0.00047 0.10036 -0.00478 1.0 1.0 0.33333334
v -0.00192 0.10036 -0.0044 1.0 1.0 0.33333334
v 0.0 0.075 0.0 1.0 1.0 0.33333334
v 0.00103 0.075 -0.00469 1.0 1.0 0.33333334
v -0.00047 0.075 -0.00478 1.0 1.0 0.33333334
v 0.0 0.10036 0.0 1.0 1.0 0.33333334
v -0.00047 0.10036 -0.00478 1.0 1.0 0.33333334
v 0.00103 0.10036 -0.00469 1.0 1.0 0.33333334
v -0.00047 0.075 -0.00478 1.0 1.0 0.33333334
v 0.00103 0.075 -0.00469 1.0 1.0 0.33333334
v 0.00103 0.10036 -0.00469 1.0 1.0 0.33333334
v -0.00047 0.075 -0.00478 1.0 1.0 0.33333334
v 0.00103 0.10036 -0.00469 1.0 1.0 0.33333334
v -0.00047 0.10036 -0.00478 1.0 1.0 0.33333334
v 0.0 0.075 0.0 1.0 1.0 0.33333334
v 0.00243 0.075 -0.00414 1.0 1.0 0.33333334
v 0.00103 0.075 -0.00469 1.0 1.0 0.33333334
v 0.0 0.10036 0.0 1.0 1.0 0.33333334
v 0.00103 0.10036 -0.00469 1.0 1.0 0.33333334
v 0.00243 0.10036 -0.00414 1.0 1.0 0.33333334
v 0.00103 0.075 -0.00469 1.0 1.0 0.33333334
v 0.00243 0.075 -0.00414 1.0 1.0 0.33333334
v 0.00243 0.10036 -0.00414 1.0 1.0 0.33333334
v 0.00103 0.075 -0.00469 1.0 1.0 0.33333334
v 0.00243 0.10036 -0.00414 1.0 1.0 0.33333334
v 0.00103 0.10036 -0.00469 1.0 1.0 0.33333334
v 0.0 0.075 0.0 1.0 1.0 0.33333334
v 0.00359 0.075 -0.00319 1.0 1.0 0.33333334
v 0.00243 0.075 -0.00414 1.0 1.0 0.33333334
v 0.0 0.10036 0.0 1.0 1.0 0.33333334
v 0.00243 0.10036 -0.00414 1.0 1.0 0.33333334
v 0.00359 0.10036 -0.00319 1.0 1.0 0.33333334
v 0.00243 0.075 -0.00414 1.0 1.0 0.33333334
v 0.00359 0.075 -0.00319 1.0 1.0 0.33333334
v 0.00359 0.10036 -0.00319 1.0 1.0 0.33333334
v 0.00243 0.075 -0.00414 1.0 1.0 0.33333334
v 0.00359 0.10036 -0.00319 1.0 1.0 0.33333334
v 0.00243 0.10036 -0.00414 1.0 1.0 0.33333334
v 0.0 0.075 0.0 1.0 1.0 0.33333334
v 0.0044 0.075 -0.00192 1.0 1.0 0.33333334
v 0.00359 0.075 -0.00319 1.0 1.0 0.33333334
v 0.0 0.10036 0.0 1.0 1.0 0.33333334
v 0.00359 0.10036 -0.00319 1.0 1.0 0.33333334
v 0.0044 0.10036 -0.00192 1.0 1.0 0.33333334
v 0.00359 0.075 -0.00319 1.0 1.0 0.33333334
v 0.0044 0.075 -0.00192 1.0 1.0 0.33333334
v 0.0044 0.10036 -0.00192 1.0 1.0 0.33333334
v 0.00359 0.075 -0.00319 1.0 1.0 0.33333334
v 0.0044 0.10036 -0.00192 1.0 1.0 0.33333334
v 0.00359 0.10036 -0.00319 1.0 1.0 0.33333334
v 0.0 0.075 0.0 1.0 1.0 0.33333334
v 0.00478 0.075 -0.00047 1.0 1.0 0.33333334
v 0.0044 0.075 -0.00192 1.0 1.0 0.33333334
v 0.0 0.10036 0.0 1.0 1.0 0.33333334
v 0.0044 0.10036 -0.00192 1.0 1.0 0.33333334
v 0.00478 0.10036 -0.00047 1.0 1.0 0.33333334
v 0.0044 0.075 -0.00192 1.0 1.0 0.33333334
v 0.00478 0.075 -0.00047 1.0 1.0 0.33333334
v 0.00478 0.10036 -0.00047 1.0 1.0 0.33333334
v 0.0044 0.075 -0.00192 1.0 1.0 0.33333334
v 0.00478 0.10036 -0.00047 1.0 1.0 0.33333334
v 0.0044 0.10036 -0.00192 1.0 1.0 0.33333334
v 0.0 0.10036 0.0 1.0 1.0 0.33333334
v 0.00439 0.10046 0.00096 1.0 1.0 0.33333334
v 0.00448 0.10036 -0.00044 1.0 1.0 0.33333334
v -9e-05 0.11378 -0.0009 1.0 1.0 0.33333334
v 0.00439 0.11378 -0.00134 1.0 1.0 0.33333334
v 0.00431 0.11387 7e-05 1.0 1.0 0.33333334
v 0.00448 0.10036 -0.00044 1.0 1.0 0.33333334
v 0.00439 0.10046 0.00096 1.0 1.0 0.33333334
v 0.00431 0.11387 7e-05 1.0 1.0 0.33333334
v 0.00448 0.10036 -0.00044 1.0 1.0 0.33333334
v 0.00431 0.11387 7e-05 1.0 1.0 0.33333334
v 0.00439 0.11378 -0.00134 1.0 1.0 0.33333334
v 0.0 0.10036 0.0 1.0 1.0 0.33333334
v 0.00388 0.10054 0.00227 1.0 1.0 0.33333334
v 0.00439 0.10046 0.00096 1.0 1.0 0.33333334
v -9e-05 0.11378 -0.0009 1.0 1.0 0.33333334
v 0.00431 0.11387 7e-05 1.0 1.0 0.33333334
v 0.00379 0.11396 0.00137 1.0 1.0 0.33333334
v 0.00439 0.10046 0.00096 1.0 1.0 0.33333334
v 0.00388 0.10054 0.00227 1.0 1.0 0.33333334
v 0.00379 0.11396 0.00137 1.0 1.0 0.33333334
v 0.00439 0.10046 0.00096 1.0 1.0 0.33333334
v 0.00379 0.11396 0.00137 1.0 1.0 0.33333334
v 0.00431 0.11387 7e-05 1.0 1.0 0.33333334
v 0.0 0.10036 0.0 1.0 1.0 0.33333334
v 0.00299 0.10061 0.00336 1.0 1.0 0.33333334
v 0.00388 0.10054 0.00227 1.0 1.0 0.33333334
v -9e-05 0.11378 -0.0009 1.0 1.0 0.33333334
v 0.00379 0.11396 0.00137 1.0 1.0 0.33333334
v 0.0029 0.11402 0.00246 1.0 1.0 0.33333334
v 0.00388 0.10054 0.00227 1.0 1.0 0.33333334
v 0.00299 0.10061 0.00336 1.0 1.0 0.33333334
v 0.0029 0.11402 0.00246 1.0 1.0 0.33333334
v 0.00388 0.10054 0.00227 1.0 1.0 0.33333334
v 0.0029 0.11402 0.00246 1.0 1.0 0.33333334
v 0.00379 0.11396 0.00137 1.0 1.0 0.33333334
v 0.0 0.10036 0.0 1.0 1.0 0.33333334
v 0.0018 0.10065 0.00411 1.0 1.0 0.33333334
v 0.00299 0.10061 0.00336 1.0 1.0 0.33333334
v -9e-05 0.11378 -0.0009 1.0 1.0 0.33333334
v 0.0029 0.11402 0.00246 1.0 1.0 0.33333334
v 0.00171 0.11407 0.00322 1.0 1.0 0.33333334
v 0.00299 0.10061 0.00336 1.0 1.0 0.33333334
v 0.0018 0.10065 0.00411 1.0 1.0 0.33333334
v 0.00171 0.11407 0.00322 1.0 1.0 0.33333334
v 0.00299 0.10061 0.00336 1.0 1.0 0.33333334
v 0.00171 0.11407 0.00322 1.0 1.0 0.33333334
v 0.0029 0.11402 0.00246 1.0 1.0 0.33333334
v 0.0 0.10036 0.0 1.0 1.0 0.33333334
v 0.00044 0.10067 0.00447 1.0 1.0 0.33333334
v 0.0018 0.10065 0.00411 1.0 1.0 0.33333334
v -9e-05 0.11378 -0.0009 1.0 1.0 0.33333334
v 0.00171 0.11407 0.00322 1.0 1.0 0.33333334
v 0.00035 0.11408 0.00357 1.0 1.0 0.33333334
v 0.0018 0.10065 0.00411 1.0 1.0 0.33333334
v 0.00044 0.10067 0.00447 1.0 1.0 0.33333334
v 0.00035 0.11408 0.00357 1.0 1.0 0.33333334
v 0.0018 0.10065 0.00411 1.0 1.0 0.33333334
v 0.00035 0.11408 0.00357 1.0 1.0 0.33333334
v 0.00171 0.11407 0.00322 1.0 1.0 0.33333334
v 0.0 0.10036 0.0 1.0 1.0 0.33333334
v -0.00097 0.10065 0.00439 1.0 1.0 0.33333334
v 0.00044 0.10067 0.00447 1.0 1.0 0.33333334
v -9e-05 0.11378 -0.0009 1.0 1.0 0.33333334
v 0.00035 0.11408 0.00357 1.0 1.0 0.33333334
v -0.00105 0.11407 0.00349 1.0 1.0 0.33333334
v 0.00044 0.10067 0.00447 1.0 1.0 0.33333334
v -0.00097 0.10065 0.00439 1.0 1.0 0.33333334
v -0.00105 0.11407 0.00349 1.0 1.0 0.33333334
v 0.00044 0.10067 0.00447 1.0 1.0 0.33333334
v -0.00105 0.11407 0.00349 1.0 1.0 0.33333334
v 0.00035 0.11408 0.00357 1.0 1.0 0.33333334
v 0.0 0.10036 0.0 1.0 1.0 0.33333334
v -0.00228 0.10061 0.00387 1.0 1.0 0.33333334
v -0.00097 0.10065 0.00439 1.0 1.0 0.33333334
v -9e-05 0.11378 -0.0009 1.0 1.0 0.33333334
v -0.00105 0.11407 0.00349 1.0 1.0 0.33333334
v -0.00237 0.11402 0.00298 1.0 1.0 0.33333334
v -0.00097 0.10065 0.00439 1.0 1.0 0.33333334
v -0.00228 0.10061 0.00387 1.0 1.0 0.33333334
v -0.00237 0.11402 0.00298 1.0 1.0 0.33333334
v -0.00097 0.10065 0.00439 1.0 1.0 0.33333334
v -0.00237 0.11402 0.00298 1.0 1.0 0.33333334
v -0.00105 0.11407 0.00349 1.0 1.0 0.33333334
v 0.0 0.10036 0.0 1.0 1.0 0.33333334
v -0.00337 0.10054 0.00298 1.0 1.0 0.33333334
v -0.00228 0.10061 0.00387 1.0 1.0 0.33333334
v -9e-05 0.11378 -0.0009 1.0 1.0 0.33333334
v -0.00237 0.11402 0.00298 1.0 1.0 0.33333334
v -0.00345 0.11396 0.00208 1.0 1.0 0.33333334
v -0.00228 0.10061 0.00387 1.0 1.0 0.33333334
v -0.00337 0.10054 0.00298 1.0 1.0 0.33333334
v -0.00345 0.11396 0.00208 1.0 1.0 0.33333334
v -0.00228 0.10061 0.00387 1.0 1.0 0.33333334
v -0.00345 0.11396 0.00208 1.0 1.0 0.33333334
v -0.00237 0.11402 0.00298 1.0 1.0 0.33333334
v 0.0 0.10036 0.0 1.0 1.0 0.33333334
v -0.00412 0.10046 0.0018 1.0 1.0 0.33333334
v -0.00337 0.10054 0.00298 1.0 1.0 0.33333334
v -9e-05 0.11378 -0.0009 1.0 1.0 0.33333334
v -0.00345 0.11396 0.00208 1.0 1.0 0.33333334
v -0.00421 0.11387 0.0009 1.0 1.0 0.33333334
v -0.00337 0.10054 0.00298 1.0 1.0 0.33333334
v -0.00412 0.10046 0.0018 1.0 1.0 0.33333334
v -0.00421 0.11387 0.0009 1.0 1.0 0.33333334
v -0.00337 0.10054 0.00298 1.0 1.0 0.33333334
v -0.00421 0.11387 0.0009 1.0 1.0 0.33333334
v -0.00345 0.11396 0.00208 1.0 1.0 0.33333334
v 0.0 0.10036 0.0 1.0 1.0 0.33333334
v -0.00448 0.10036 0.00044 1.0 1.0 0.33333334
v -0.00412 0.10046 0.0018 1.0 1.0 0.33333334
v -9e-05 0.11378 -0.0009 1.0 1.0 0.33333334
v -0.00421 0.11387 0.0009 1.0 1.0 0.33333334
v -0.00457 0.11378 -0.00046 1.0 1.0 0.33333334
v -0.00412 0.10046 0.0018 1.0 1.0 0.33333334
v -0.00448 0.10036 0.00044 1.0 1.0 0.33333334
v -0.00457 0.11378 -0.00046 1.0 1.0 0.33333334
v -0.00412 0.10046 0.0018 1.0 1.0 0.33333334
v -0.00457 0.11378 -0.00046 1.0 1.0 0.33333334
v -0.00421 0.11387 0.0009 1.0 1.0 0.33333334
v 0.0 0.10036 0.0 1.0 1.0 0.33333334
v -0.00439 0.10027 -0.00096 1.0 1.0 0.33333334
v -0.00448 0.10036 0.00044 1.0 1.0 0.33333334
v -9e-05 0.11378 -0.0009 1.0 1.0 0.33333334
v -0.00457 0.11378 -0.00046 1.0 1.0 0.33333334
v -0.00448 0.11369 -0.00186 1.0 1.0 0.33333334
v -0.00448 0.10036 0.00044 1.0 1.0 0.33333334
v -0.00439 0.10027 -0.00096 1.0 1.0 0.33333334
v -0.00448 0.11369 -0.00186 1.0 1.0 0.33333334
v -0.00448 0.10036 0.00044 1.0 1.0 0.33333334
v -0.00448 0.11369 -0.00186 1.0 1.0 0.33333334
v -0.00457 0.11378 -0.00046 1.0 1.0 0.33333334
v 0.0 0.10036 0.0 1.0 1.0 0.33333334
v -0.00388 0.10019 -0.00227 1.0 1.0 0.33333334
v -0.00439 0.10027 -0.00096 1.0 1.0 0.33333334
v -9e-05 0.11378 -0.0009 1.0 1.0 0.33333334
v -0.00448 0.11369 -0.00186 1.0 1.0 0.33333334
v -0.00397 0.1136 -0.00317 1.0 1.0 0.33333334
v -0.00439 0.10027 -0.00096 1.0 1.0 0.33333334
v -0.00388 0.10019 -0.00227 1.0 1.0 0.33333334
v -0.00397 0.1136 -0.00317 1.0 1.0 0.33333334
v -0.00439 0.10027 -0.00096 1.0 1.0 0.33333334
v -0.00397 0.1136 -0.00317 1.0 1.0 0.33333334
v -0.00448 0.11369 -0.00186 1.0 1.0 0.33333334
v 0.0 0.10036 0.0 1.0 1.0 0.33333334
v -0.00299 0.10012 -0.00336 1.0 1.0 0.33333334
v -0.00388 0.10019 -0.00227 1.0 1.0 0.33333334
v -9e-05 0.11378 -0.0009 1.0 1.0 0.33333334
v -0.00397 0.1136 -0.00317 1.0 1.0 0.33333334
v -0.00308 0.11353 -0.00425 1.0 1.0 0.33333334
v -0.00388 0.10019 -0.00227 1.0 1.0 0.33333334
v -0.00299 0.10012 -0.00336 1.0 1.0 0.33333334
v -0.00308 0.11353 -0.00425 1.0 1.0 0.33333334
v -0.00388 0.10019 -0.00227 1.0 1.0 0.33333334
v -0.00308 0.11353 -0.00425 1.0 1.0 0.33333334
v -0.00397 0.1136 -0.00317 1.0 1.0 0.33333334
v 0.0 0.10036 0.0 1.0 1.0 0.33333334
v -0.0018 0.10008 -0.00411 1.0 1.0 0.33333334
v -0.00299 0.10012 -0.00336 1.0 1.0 0.33333334
v -9e-05 0.11378 -0.0009 1.0 1.0 0.33333334
v -0.00308 0.11353 -0.00425 1.0 1.0 0.33333334
v -0.00189 0.11349 -0.00501 1.0 1.0 0.33333334
v -0.00299 0.10012 -0.00336 1.0 1.0 0.33333334
v -0.0018 0.10008 -0.00411 1.0 1.0 0.33333334
v -0.00189 0.11349 -0.00501 1.0 1.0 0.33333334
v -0.00299 0.10012 -0.00336 1.0 1.0 0.33333334
v -0.00189 0.11349 -0.00501 1.0 1.0 0.33333334
v -0.00308 0.11353 -0.00425 1.0 1.0 0.33333334
v 0.0 0.10036 0.0 1.0 1.0 0.33333334
v -0.00044 0.10006 -0.00447 1.0 1.0 0.33333334
v -0.0018 0.10008 -0.00411 1.0 1.0 0.33333334
v -9e-05 0.11378 -0.0009 1.0 1.0 0.33333334
v -0.00189 0.11349 -0.00501 1.0 1.0 0.33333334
v -0.00053 0.11348 -0.00537 1.0 1.0 0.33333334
v -0.0018 0.10008 -0.00411 1.0 1.0 0.33333334
v -0.00044 0.10006 -0.00447 1.0 1.0 0.33333334
v -0.00053 0.11348 -0.00537 1.0 1.0 0.33333334
v -0.0018 0.10008 -0.00411 1.0 1.0 0.33333334
v -0.00053 0.11348 -0.00537 1.0 1.0 0.33333334
v -0.00189 0.11349 -0.00501 1.0 1.0 0.33333334
v 0.0 0.10036 0.0 1.0 1.0 0.33333334
v 0.00097 0.10008 -0.00439 1.0 1.0 0.33333334
v -0.00044 0.10006 -0.00447 1.0 1.0 0.33333334
v -9e-05 0.11378 -0.0009 1.0 1.0 0.33333334
v -0.00053 0.11348 -0.00537 1.0 1.0 0.33333334
v 0.00088 0.11349 -0.00528 1.0 1.0 0.33333334
v -0.00044 0.10006 -0.00447 1.0 1.0 0.33333334
v 0.00097 0.10008 -0.00439 1.0 1.0 0.33333334
v 0.00088 0.11349 -0.00528 1.0 1.0 0.33333334
v -0.00044 0.10006 -0.00447 1.0 1.0 0.33333334
v 0.00088 0.11349 -0.00528 1.0 1.0 0.33333334
v -0.00053 0.11348 -0.00537 1.0 1.0 0.33333334
v 0.0 0.10036 0.0 1.0 1.0 0.33333334
v 0.00228 0.10012 -0.00387 1.0 1.0 0.33333334
v 0.00097 0.10008 -0.00439 1.0 1.0 0.33333334
v -9e-05 0.11378 -0.0009 1.0 1.0 0.33333334
v 0.00088 0.11349 -0.00528 1.0 1.0 0.33333334
v 0.00219 0.11353 -0.00477 1.0 1.0 0.33333334
v 0.00097 0.10008 -0.00439 1.0 1.0 0.33333334
v 0.00228 0.10012 -0.00387 1.0 1.0 0.33333334
v 0.00219 0.11353 -0.00477 1.0 1.0 0.33333334
v 0.00097 0.10008 -0.00439 1.0 1.0 0.33333334
v 0.00219 0.11353 -0.00477 1.0 1.0 0.33333334
v 0.00088 0.11349 -0.00528 1.0 1.0 0.33333334
v 0.0 0.10036 0.0 1.0 1.0 0.33333334
v 0.00337 0.10019 -0.00298 1.0 1.0 0.33333334
v 0.00228 0.10012 -0.00387 1.0 1.0 0.33333334
v -9e-05 0.11378 -0.0009 1.0 1.0 0.33333334
v 0.00219 0.11353 -0.00477 1.0 1.0 0.33333334
v 0.00328 0.1136 -0.00388 1.0 1.0 0.33333334
v 0.00228 0.10012 -0.00387 1.0 1.0 0.33333334
v 0.00337 0.10019 -0.00298 1.0 1.0 0.33333334
v 0.00328 0.1136 -0.00388 1.0 1.0 0.33333334
v 0.00228 0.10012 -0.00387 1.0 1.0 0.33333334
v 0.00328 0.1136 -0.00388 1.0 1.0 0.33333334
v 0.00219 0.11353 -0.00477 1.0 1.0 0.33333334
v 0.0 0.10036 0.0 1.0 1.0 0.33333334
v 0.00412 0.10027 -0.0018 1.0 1.0 0.33333334
v 0.00337 0.10019 -0.00298 1.0 1.0 0.33333334
v -9e-05 0.11378 -0.0009 1.0 1.0 0.33333334
v 0.00328 0.1136 -0.00388 1.0 1.0 0.33333334
v 0.00404 0.11369 -0.0027 1.0 1.0 0.33333334
v 0.00337 0.10019 -0.00298 1.0 1.0 0.33333334
v 0.00412 0.10027 -0.0018 1.0 1.0 0.33333334
v 0.00404 0.11369 -0.0027 1.0 1.0 0.33333334
v 0.00337 0.10019 -0.00298 1.0 1.0 0.33333334
v 0.00404 0.11369 -0.0027 1.0 1.0 0.33333334
v 0.00328 0.1136 -0.00388 1.0 1.0 0.33333334
v 0.0 0.10036 0.0 1.0 1.0 0.33333334
v 0.00448 0.10036 -0.00044 1.0 1.0 0.33333334
v 0.00412 0.10027 -0.0018 1.0 1.0 0.33333334
v -9e-05 0.11378 -0.0009 1.0 1.0 0.33333334
v 0.00404 0.11369 -0.0027 1.0 1.0 0.33333334
v 0.00439 0.11378 -0.00134 1.0 1.0 0.33333334
v 0.00412 0.10027 -0.0018 1.0 1.0 0.33333334
v 0.00448 0.10036 -0.00044 1.0 1.0 0.33333334
v 0.00439 0.11378 -0.00134 1.0 1.0 0.33333334
v 0.00412 0.10027 -0.0018 1.0 1.0 0.33333334
v 0.00439 0.11378 -0.00134 1.0 1.0 0.33333334
v 0.00404 0.11369 -0.0027 1.0 1.0 0.33333334
v 1.5 0.075 0.0 1.0 1.0 0.33333334
v 1.50478 0.075 0.00046 1.0 1.0 0.33333334
v 1.50469 0.075 -0.00104 1.0 1.0 0.33333334
v 1.5 0.10036 0.0 1.0 1.0 0.33333334
v 1.50469 0.10036 -0.00104 1.0 1.0 0.33333334
v 1.50478 0.10036 0.00046 1.0 1.0 0.33333334
v 1.50469 0.075 -0.00104 1.0 1.0 0.33333334
v 1.50478 0.075 0.00046 1.0 1.0 0.33333334
v 1.50478 0.10036 0.00046 1.0 1.0 0.33333334
v 1.50469 0.075 -0.00104 1.0 1.0 0.33333334
v 1.50478 0.10036 0.00046 1.0 1.0 0.33333334
v 1.50469 0.10036 -0.00104 1.0 1.0 0.33333334
v 1.5 0.075 0.0 1.0 1.0 0.33333334
v 1.5044 0.075 0.00191 1.0 1.0 0.33333334
v 1.50478 0.075 0.00046 1.0 1.0 0.33333334
v 1.5 0.10036 0.0 1.0 1.0 0.33333334
v 1.50478 0.10036 0.00046 1.0 1.0 0.33333334
v 1.5044 0.10036 0.00191 1.0 1.0 0.33333334
v 1.50478 0.075 0.00046 1.0 1.0 0.33333334
v 1.5044 0.075 0.00191 1.0 1.0 0.33333334
v 1.5044 0.10036 0.00191 1.0 1.0 0.33333334
v 1.50478 0.075 0.00046 1.0 1.0 0.33333334
v 1.5044 0.10036 0.00191 1.0 1.0 0.33333334
v 1.50478 0.10036 0.00046 1.0 1.0 0.33333334
v 1.5 0.075 0.0 1.0 1.0 0.33333334
v 1.50359 0.075 0.00318 1.0 1.0 0.33333334
v 1.5044 0.075 0.00191 1.0 1.0 0.33333334
v 1.5 0.10036 0.0 1.0 1.0 0.33333334
v 1.5044 0.10036 0.00191 1.0 1.0 0.33333334
v 1.50359 0.10036 0.00318 1.0 1.0 0.33333334
v 1.5044 0.075 0.00191 1.0 1.0 0.33333334
v 1.50359 0.075 0.00318 1.0 1.0 0.33333334
v 1.50359 0.10036 0.00318 1.0 1.0 0.33333334
v 1.5044 0.075 0.00191 1.0 1.0 0.33333334
v 1.50359 0.10036 0.00318 1.0 1.0 0.33333334
v 1.5044 0.10036 0.00191 1.0 1.0 0.33333334
v 1.5 0.075 0.0 1.0 1.0 0.33333334
v 1.50244 0.075 0.00414 1.0 1.0 0.33333334
v 1.50359 0.075 0.00318 1.0 1.0 0.33333334
v 1.5 0.10036 0.0 1.0 1.0 0.33333334
v 1.50359 0.10036 0.00318 1.0 1.0 0.33333334
v 1.50244 0.10036 0.00414 1.0 1.0 0.33333334
v 1.50359 0.075 0.00318 1.0 1.0 0.33333334
v 1.50244 0.075 0.00414 1.0 1.0 0.33333334
v 1.50244 0.10036 0.00414 1.0 1.0 0.33333334
v 1.50359 0.075 0.00318 1.0 1.0 0.33333334
v 1.50244 0.10036 0.00414 1.0 1.0 0.33333334
v 1.50359 0.10036 0.00318 1.0 1.0 0.33333334
v 1.5 0.075 0.0 1.0 1.0 0.33333334
v 1.50104 0.075 0.00469 1.0 1.0 0.33333334
v 1.50244 0.075 0.00414 1.0 1.0 0.33333334
v 1.5 0.10036 0.0 1.0 1.0 0.33333334
v 1.50244 0.10036 0.00414 1.0 1.0 0.33333334
v 1.50104 0.10036 0.00469 1.0 1.0 0.33333334
v 1.50244 0.075 0.00414 1.0 1.0 0.33333334
v 1.50104 0.075 0.00469 1.0 1.0 0.33333334
v 1.50104 0.10036 0.00469 1.0 1.0 0.33333334
v 1.50244 0.075 0.00414 1.0 1.0 0.33333334
v 1.50104 0.10036 0.00469 1.0 1.0 0.33333334
v 1.50244 0.10036 0.00414 1.0 1.0 0.33333334
v 1.5 0.075 0.0 1.0 1.0 0.33333334
v 1.49954 0.075 0.00478 1.0 1.0 0.33333334
v 1.50104 0.075 0.00469 1.0 1.0 0.33333334
v 1.5 0.10036 0.0 1.0 1.0 0.33333334
v 1.50104 0.10036 0.00469 1.0 1.0 0.33333334
v 1.49954 0.10036 0.00478 1.0 1.0 0.33333334
v 1.50104 0.075 0.00469 1.0 1.0 0.33333334
v 1.49954 0.075 0.00478 1.0 1.0 0.33333334
v 1.49954 0.10036 0.00478 1.0 1.0 0.33333334
v 1.50104 0.075 0.00469 1.0 1.0 0.33333334
v 1.49954 0.10036 0.00478 1.0 1.0 0.33333334
v 1.50104 0.10036 0.00469 1.0 1.0 0.33333334
v 1.5 0.075 0.0 1.0 1.0 0.33333334
v 1.49809 0.075 0.0044 1.0 1.0 0.33333334
v 1.49954 0.075 0.00478 1.0 1.0 0.33333334
v 1.5 0.10036 0.0 1.0 1.0 0.33333334
v 1.49954 0.10036 0.00478 1.0 1.0 0.33333334
v 1.49809 0.10036 0.0044 1.0 1.0 0.33333334
v 1.49954 0.075 0.00478 1.0 1.0 0.33333334
v 1.49809 0.075 0.0044 1.0 1.0 0.33333334
v 1.49809 0.10036 0.0044 1.0 1.0 0.33333334
v 1.49954 0.075 0.00478 1.0 1.0 0.33333334
v 1.49809 0.10036 0.0044 1.0 1.0 0.33333334
v 1.49954 0.10036 0.00478 1.0 1.0 0.33333334
v 1.5 0.075 0.0 1.0 1.0 0.33333334
v 1.49682 0.075 0.00359 1.0 1.0 0.33333334
v 1.49809 0.075 0.0044 1.0 1.0 0.33333334
v 1.5 0.10036 0.0 1.0 1.0 0.33333334
v 1.49809 0.10036 0.0044 1.0 1.0 0.33333334
v 1.49682 0.10036 0.00359 1.0 1.0 0.33333334
v 1.49809 0.075 0.0044 1.0 1.0 0.33333334
v 1.49682 0.075 0.00359 1.0 1.0 0.33333334
v 1.49682 0.10036 0.00359 1.0 1.0 0.33333334
v 1.49809 0.075 0.0044 1.0 1.0 0.33333334
v 1.49682 0.10036 0.00359 1.0 1.0 0.33333334
v 1.49809 0.10036 0.0044 1.0 1.0 0.33333334
v 1.5 0.075 0.0 1.0 1.0 0.33333334
v 1.49586 0.075 0.00244 1.0 1.0 0.33333334
v 1.49682 0.075 0.00359 1.0 1.0 0.33333334
v 1.5 0.10036 0.0 1.0 1.0 0.33333334
v 1.49682 0.10036 0.00359 1.0 1.0 0.33333334
v 1.49586 0.10036 0.00244 1.0 1.0 0.33333334
v 1.49682 0.075 0.00359 1.0 1.0 0.33333334
v 1.49586 0.075 0.00244 1.0 1.0 0.33333334
v 1.49586 0.10036 0.00244 1.0 1.0 0.33333334
v 1.49682 0.075 0.00359 1.0 1.0 0.33333334
v 1.49586 0.10036 0.00244 1.0 1.0 0.33333334
v 1.49682 0.10036 0.00359 1.0 1.0 0.33333334
v 1.5 0.075 0.0 1.0 1.0 0.33333334
v 1.49531 0.075 0.00104 1.0 1.0 0.33333334
v 1.49586 0.075 0.00244 1.0 1.0 0.33333334
v 1.5 0.10036 0.0 1.0 1.0 0.33333334
v 1.49586 0.10036 0.00244 1.0 1.0 0.33333334
v 1.49531 0.10036 0.00104 1.0 1.0 0.33333334
v 1.49586 0.075 0.00244 1.0 1.0 0.33333334
v 1.49531 0.075 0.00104 1.0 1.0 0.33333334
v 1.49531 0.10036 0.00104 1.0 1.0 0.33333334
v 1.49586 0.075 0.00244 1.0 1.0 0.33333334
v 1.49531 0.10036 0.00104 1.0 1.0 0.33333334
v 1.49586 0.10036 0.00244 1.0 1.0 0.33333334
v 1.5 0.075 0.0 1.0 1.0 0.33333334
v 1.49522 0.075 -0.00046 1.0 1.0 0.33333334
v 1.49531 0.075 0.00104 1.0 1.0 0.33333334
v 1.5 0.10036 0.0 1.0 1.0 0.33333334
v 1.49531 0.10036 0.00104 1.0 1.0 0.33333334
v 1.49522 0.10036 -0.00046 1.0 1.0 0.33333334
v 1.49531 0.075 0.00104 1.0 1.0 0.33333334
v 1.49522 0.075 -0.00046 1.0 1.0 0.33333334
v 1.49522 0.10036 -0.00046 1.0 1.0 0.33333334
v 1.49531 0.075 0.00104 1.0 1.0 0.33333334
v 1.49522 0.10036 -0.00046 1.0 1.0 0.33333334
v 1.49531 0.10036 0.00104 1.0 1.0 0.33333334
v 1.5 0.075 0.0 1.0 1.0 0.33333334
v 1.4956 0.075 -0.00191 1.0 1.0 0.33333334
v 1.49522 0.075 -0.00046 1.0 1.0 0.33333334
v 1.5 0.10036 0.0 1.0 1.0 0.33333334
v 1.49522 0.10036 -0.00046 1.0 1.0 0.33333334
v 1.4956 0.10036 -0.00191 1.0 1.0 0.33333334
v 1.49522 0.075 -0.00046 1.0 1.0 0.33333334
v 1.4956 0.075 -0.00191 1.0 1.0 0.33333334
v 1.4956 0.10036 -0.00191 1.0 1.0 0.33333334
v 1.49522 0.075 -0.00046 1.0 1.0 0.33333334
v 1.4956 0.10036 -0.00191 1.0 1.0 0.33333334
v 1.49522 0.10036 -0.00046 1.0 1.0 0.33333334
v 1.5 0.075 0.0 1.0 1.0 0.33333334
v 1.49641 0.075 -0.00318 1.0 1.0 0.33333334
v 1.4956 0.075 -0.00191 1.0 1.0 0.33333334
v 1.5 0.10036 0.0 1.0 1.0 0.33333334
v 1.4956 0.10036 -0.00191 1.0 1.0 0.33333334
v 1.49641 0.10036 -0.00318 1.0 1.0 0.33333334
v 1.4956 0.075 -0.00191 1.0 1.0 0.33333334
v 1.49641 0.075 -0.00318 1.0 1.0 0.33333334
v 1.49641 0.10036 -0.00318 1.0 1.0 0.33333334
v 1.4956 0.075 -0.00191 1.0 1.0 0.33333334
v 1.49641 0.10036 -0.00318 1.0 1.0 0.33333334
v 1.4956 0.10036 -0.00191 1.0 1.0 0.33333334
v 1.5 0.075 0.0 1.0 1.0 0.33333334
v 1.49756 0.075 -0.00414 1.0 1.0 0.33333334
v 1.49641 0.075 -0.00318 1.0 1.0 0.33333334
v 1.5 0.10036 0.0 1.0 1.0 0.33333334
v 1.49641 0.10036 -0.00318 1.0 1.0 0.33333334
v 1.49756 0.10036 -0.00414 1.0 1.0 0.33333334
v 1.49641 0.075 -0.00318 1.0 1.0 0.33333334
v 1.49756 0.075 -0.00414 1.0 1.0 0.33333334
v 1.49756 0.10036 -0.00414 1.0 1.0 0.33333334
v 1.49641 0.075 -0.00318 1.0 1.0 0.33333334
v 1.49756 0.10036 -0.00414 1.0 1.0 0.33333334
v 1.49641 0.10036 -0.00318 1.0 1.0 0.33333334
v 1.5 0.075 0.0 1.0 1.0 0.33333334
v 1.49896 0.075 -0.00469 1.0 1.0 0.33333334
v 1.49756 0.075 -0.00414 1.0 1.0 0.33333334
v 1.5 0.10036 0.0 1.0 1.0 0.33333334
v 1.49756 0.10036 -0.00414 1.0 1.0 0.33333334
v 1.49896 0.10036 -0.00469 1.0 1.0 0.33333334
v 1.49756 0.075 -0.00414 1.0 1.0 0.33333334
v 1.49896 0.075 -0.00469 1.0 1.0 0.33333334
v 1.49896 0.10036 -0.00469 1.0 1.0 0.33333334
v 1.49756 0.075 -0.00414 1.0 1.0 0.33333334
v 1.49896 0.10036 -0.00469 1.0 1.0 0.33333334
v 1.49756 0.10036 -0.00414 1.0 1.0 0.33333334
v 1.5 0.075 0.0 1.0 1.0 0.33333334
v 1.50046 0.075 -0.00478 1.0 1.0 0.33333334
v 1.49896 0.075 -0.00469 1.0 1.0 0.33333334
v 1.5 0.10036 0.0 1.0 1.0 0.33333334
v 1.49896 0.10036 -0.00469 1.0 1.0 0.33333334
v 1.50046 0.10036 -0.00478 1.0 1.0 0.33333334
v 1.49896 0.075 -0.00469 1.0 1.0 0.33333334
v 1.50046 0.075 -0.00478 1.0 1.0 0.33333334
v 1.50046 0.10036 -0.00478 1.0 1.0 0.33333334
v 1.49896 0.075 -0.00469 1.0 1.0 0.33333334
v 1.50046 0.10036 -0.00478 1.0 1.0 0.33333334
v 1.49896 0.10036 -0.00469 1.0 1.0 0.33333334
v 1.5 0.075 0.0 1.0 1.0 0.33333334
v 1.50191 0.075 -0.0044 1.0 1.0 0.33333334
v 1.50046 0.075 -0.00478 1.0 1.0 0.33333334
v 1.5 0.10036 0.0 1.0 1.0 0.33333334
v 1.50046 0.10036 -0.00478 1.0 1.0 0.33333334
v 1.50191 0.10036 -0.0044 1.0 1.0 0.33333334
v 1.50046 0.075 -0.00478 1.0 1.0 0.33333334
v 1.50191 0.075 -0.0044 1.0 1.0 0.33333334
v 1.50191 0.10036 -0.0044 1.0 1.0 0.33333334
v 1.50046 0.075 -0.00478 1.0 1.0 0.33333334
v 1.50191 0.10036 -0.0044 1.0 1.0 0.33333334
v 1.50046 0.10036 -0.00478 1.0 1.0 0.33333334
v 1.5 0.075 0.0 1.0 1.0 0.33333334
v 1.50318 0.075 -0.00359 1.0 1.0 0.33333334
v 1.50191 0.075 -0.0044 1.0 1.0 0.33333334
v 1.5 0.10036 0.0 1.0 1.0 0.33333334
v 1.50191 0.10036 -0.0044 1.0 1.0 0.33333334
v 1.50318 0.10036 -0.00359 1.0 1.0 0.33333334
v 1.50191 0.075 -0.0044 1.0 1.0 0.33333334
v 1.50318 0.075 -0.00359 1.0 1.0 0.33333334
v 1.50318 0.10036 -0.00359 1.0 1.0 0.33333334
v 1.50191 0.075 -0.0044 1.0 1.0 0.33333334
v 1.50318 0.10036 -0.00359 1.0 1.0 0.33333334
v 1.50191 0.10036 -0.0044 1.0 1.0 0.33333334
v 1.5 0.075 0.0 1.0 1.0 0.33333334
v 1.50414 0.075 -0.00244 1.0 1.0 0.33333334
v 1.50318 0.075 -0.00359 1.0 1.0 0.33333334
v 1.5 0.10036 0.0 1.0 1.0 0.33333334
v 1.50318 0.10036 -0.00359 1.0 1.0 0.33333334
v 1.50414 0.10036 -0.00244 1.0 1.0 0.33333334
v 1.50318 0.075 -0.00359 1.0 1.0 0.33333334
v 1.50414 0.075 -0.00244 1.0 1.0 0.33333334
v 1.50414 0.10036 -0.00244 1.0 1.0 0.33333334
v 1.50318 0.075 -0.00359 1.0 1.0 0.33333334
v 1.50414 0.10036 -0.00244 1.0 1.0 0.33333334
v 1.50318 0.10036 -0.00359 1.0 1.0 0.33333334
v 1.5 0.075 0.0 1.0 1.0 0.33333334
v 1.50469 0.075 -0.00104 1.0 1.0 0.33333334
v 1.50414 0.075 -0.00244 1.0 1.0 0.33333334
v 1.5 0.10036 0.0 1.0 1.0 0.33333334
v 1.50414 0.10036 -0.00244 1.0 1.0 0.33333334
v 1.50469 0.10036 -0.00104 1.0 1.0 0.33333334
v 1.50414 0.075 -0.00244 1.0 1.0 0.33333334
v 1.50469 0.075 -0.00104 1.0 1.0 0.33333334
v 1.50469 0.10036 -0.00104 1.0 1.0 0.33333334
v 1.50414 0.075 -0.00244 1.0 1.0 0.33333334
v 1.50469 0.10036 -0.00104 1.0 1.0 0.33333334
v 1.50414 0.10036 -0.00244 1.0 1.0 0.33333334
v 1.5 0.10036 0.0 1.0 1.0 0.33333334
v 1.50448 0.10046 0.00043 1.0 1.0 0.33333334
v 1.50439 0.10036 -0.00097 1.0 1.0 0.33333334
v 1.4998 0.11378 -0.00088 1.0 1.0 0.33333334
v 1.5042 0.11378 -0.00185 1.0 1.0 0.33333334
v 1.50428 0.11387 -0.00045 1.0 1.0 0.33333334
v 1.50439 0.10036 -0.00097 1.0 1.0 0.33333334
v 1.50448 0.10046 0.00043 1.0 1.0 0.33333334
v 1.50428 0.11387 -0.00045 1.0 1.0 0.33333334
v 1.50439 0.10036 -0.00097 1.0 1.0 0.33333334
v 1.50428 0.11387 -0.00045 1.0 1.0 0.33333334
v 1.5042 0.11378 -0.00185 1.0 1.0 0.33333334
v 1.5 0.10036 0.0 1.0 1.0 0.33333334
v 1.50413 0.10054 0.00179 1.0 1.0 0.33333334
v 1.50448 0.10046 0.00043 1.0 1.0 0.33333334
v 1.4998 0.11378 -0.00088 1.0 1.0 0.33333334
v 1.50428 0.11387 -0.00045 1.0 1.0 0.33333334
v 1.50393 0.11396 0.00091 1.0 1.0 0.33333334
v 1.50448 0.10046 0.00043 1.0 1.0 0.33333334
v 1.50413 0.10054 0.00179 1.0 1.0 0.33333334
v 1.50393 0.11396 0.00091 1.0 1.0 0.33333334
v 1.50448 0.10046 0.00043 1.0 1.0 0.33333334
v 1.50393 0.11396 0.00091 1.0 1.0 0.33333334
v 1.50428 0.11387 -0.00045 1.0 1.0 0.33333334
v 1.5 0.10036 0.0 1.0 1.0 0.33333334
v 1.50337 0.10061 0.00297 1.0 1.0 0.33333334
v 1.50413 0.10054 0.00179 1.0 1.0 0.33333334
v 1.4998 0.11378 -0.00088 1.0 1.0 0.33333334
v 1.50393 0.11396 0.00091 1.0 1.0 0.33333334
v 1.50317 0.11402 0.00209 1.0 1.0 0.33333334
v 1.50413 0.10054 0.00179 1.0 1.0 0.33333334
v 1.50337 0.10061 0.00297 1.0 1.0 0.33333334
v 1.50317 0.11402 0.00209 1.0 1.0 0.33333334
v 1.50413 0.10054 0.00179 1.0 1.0 0.33333334
v 1.50317 0.11402 0.00209 1.0 1.0 0.33333334
v 1.50393 0.11396 0.00091 1.0 1.0 0.33333334
v 1.5 0.10036 0.0 1.0 1.0 0.33333334
v 1.50228 0.10065 0.00387 1.0 1.0 0.33333334
v 1.50337 0.10061 0.00297 1.0 1.0 0.33333334
v 1.4998 0.11378 -0.00088 1.0 1.0 0.33333334
v 1.50317 0.11402 0.00209 1.0 1.0 0.33333334
v 1.50209 0.11407 0.00299 1.0 1.0 0.33333334
v 1.50337 0.10061 0.00297 1.0 1.0 0.33333334
v 1.50228 0.10065 0.00387 1.0 1.0 0.33333334
v 1.50209 0.11407 0.00299 1.0 1.0 0.33333334
v 1.50337 0.10061 0.00297 1.0 1.0 0.33333334
v 1.50209 0.11407 0.00299 1.0 1.0 0.33333334
v 1.50317 0.11402 0.00209 1.0 1.0 0.33333334
v 1.5 0.10036 0.0 1.0 1.0 0.33333334
v 1.50097 0.10067 0.00438 1.0 1.0 0.33333334
v 1.50228 0.10065 0.00387 1.0 1.0 0.33333334
v 1.4998 0.11378 -0.00088 1.0 1.0 0.33333334
v 1.50209 0.11407 0.00299 1.0 1.0 0.33333334
v 1.50078 0.11408 0.0035 1.0 1.0 0.33333334
v 1.50228 0.10065 0.00387 1.0 1.0 0.33333334
v 1.50097 0.10067 0.00438 1.0 1.0 0.33333334
v 1.50078 0.11408 0.0035 1.0 1.0 0.33333334
v 1.50228 0.10065 0.00387 1.0 1.0 0.33333334
v 1.50078 0.11408 0.0035 1.0 1.0 0.33333334
v 1.50209 0.11407 0.00299 1.0 1.0 0.33333334
v 1.5 0.10036 0.0 1.0 1.0 0.33333334
v 1.49957 0.10065 0.00447 1.0 1.0 0.33333334
v 1.50097 0.10067 0.00438 1.0 1.0 0.33333334
v 1.4998 0.11378 -0.00088 1.0 1.0 0.33333334
v 1.50078 0.11408 0.0035 1.0 1.0 0.33333334
v 1.49937 0.11407 0.00359 1.0 1.0 0.33333334
v 1.50097 0.10067 0.00438 1.0 1.0 0.33333334
v 1.49957 0.10065 0.00447 1.0 1.0 0.33333334
v 1.49937 0.11407 0.00359 1.0 1.0 0.33333334
v 1.50097 0.10067 0.00438 1.0 1.0 0.33333334
v 1.49937 0.11407 0.00359 1.0 1.0 0.33333334
v 1.50078 0.11408 0.0035 1.0 1.0 0.33333334
v 1.5 0.10036 0.0 1.0 1.0 0.33333334
v 1.4982 0.10061 0.00412 1.0 1.0 0.33333334
v 1.49957 0.10065 0.00447 1.0 1.0 0.33333334
v 1.4998 0.11378 -0.00088 1.0 1.0 0.33333334
v 1.49937 0.11407 0.00359 1.0 1.0 0.33333334
v 1.49801 0.11402 0.00324 1.0 1.0 0.33333334
v 1.49957 0.10065 0.00447 1.0 1.0 0.33333334
v 1.4982 0.10061 0.00412 1.0 1.0 0.33333334
v 1.49801 0.11402 0.00324 1.0 1.0 0.33333334
v 1.49957 0.10065 0.00447 1.0 1.0 0.33333334
v 1.49801 0.11402 0.00324 1.0 1.0 0.33333334
v 1.49937 0.11407 0.00359 1.0 1.0 0.33333334
v 1.5 0.10036 0.0 1.0 1.0 0.33333334
v 1.49702 0.10054 0.00336 1.0 1.0 0.33333334
v 1.4982 0.10061 0.00412 1.0 1.0 0.33333334
v 1.4998 0.11378 -0.00088 1.0 1.0 0.33333334
v 1.49801 0.11402 0.00324 1.0 1.0 0.33333334
v 1.49682 0.11396 0.00248 1.0 1.0 0.33333334
v 1.4982 0.10061 0.00412 1.0 1.0 0.33333334
v 1.49702 0.10054 0.00336 1.0 1.0 0.33333334
v 1.49682 0.11396 0.00248 1.0 1.0 0.33333334
v 1.4982 0.10061 0.00412 1.0 1.0 0.33333334
v 1.49682 0.11396 0.00248 1.0 1.0 0.33333334
v 1.49801 0.11402 0.00324 1.0 1.0 0.33333334
v 1.5 0.10036 0.0 1.0 1.0 0.33333334
v 1.49612 0.10046 0.00228 1.0 1.0 0.33333334
v 1.49702 0.10054 0.00336 1.0 1.0 0.33333334
v 1.4998 0.11378 -0.00088 1.0 1.0 0.33333334
v 1.49682 0.11396 0.00248 1.0 1.0 0.33333334
v 1.49593 0.11387 0.0014 1.0 1.0 0.33333334
v 1.49702 0.10054 0.00336 1.0 1.0 0.33333334
v 1.49612 0.10046 0.00228 1.0 1.0 0.33333334
v 1.49593 0.11387 0.0014 1.0 1.0 0.33333334
v 1.49702 0.10054 0.00336 1.0 1.0 0.33333334
v 1.49593 0.11387 0.0014 1.0 1.0 0.33333334
v 1.49682 0.11396 0.00248 1.0 1.0 0.33333334
v 1.5 0.10036 0.0 1.0 1.0 0.33333334
v 1.49561 0.10036 0.00097 1.0 1.0 0.33333334
v 1.49612 0.10046 0.00228 1.0 1.0 0.33333334
v 1.4998 0.11378 -0.00088 1.0 1.0 0.33333334
v 1.49593 0.11387 0.0014 1.0 1.0 0.33333334
v 1.49541 0.11378 9e-05 1.0 1.0 0.33333334
v 1.49612 0.10046 0.00228 1.0 1.0 0.33333334
v 1.49561 0.10036 0.00097 1.0 1.0 0.33333334
v 1.49541 0.11378 9e-05 1.0 1.0 0.33333334
v 1.49612 0.10046 0.00228 1.0 1.0 0.33333334
v 1.49541 0.11378 9e-05 1.0 1.0 0.33333334
v 1.49593 0.11387 0.0014 1.0 1.0 0.33333334
v 1.5 0.10036 0.0 1.0 1.0 0.33333334
v 1.49552 0.10027 -0.00043 1.0 1.0 0.33333334
v 1.49561 0.10036 0.00097 1.0 1.0 0.33333334
v 1.4998 0.11378 -0.00088 1.0 1.0 0.33333334
v 1.49541 0.11378 9e-05 1.0 1.0 0.33333334
v 1.49533 0.11369 -0.00131 1.0 1.0 0.33333334
v 1.49561 0.10036 0.00097 1.0 1.0 0.33333334
v 1.49552 0.10027 -0.00043 1.0 1.0 0.33333334
v 1.49533 0.11369 -0.00131 1.0 1.0 0.33333334
v 1.49561 0.10036 0.00097 1.0 1.0 0.33333334
v 1.49533 0.11369 -0.00131 1.0 1.0 0.33333334
v 1.49541 0.11378 9e-05 1.0 1.0 0.33333334
v 1.5 0.10036 0.0 1.0 1.0 0.33333334
v 1.49587 0.10019 -0.00179 1.0 1.0 0.33333334
v 1.49552 0.10027 -0.00043 1.0 1.0 0.33333334
v 1.4998 0.11378 -0.00088 1.0 1.0 0.33333334
v 1.49533 0.11369 -0.00131 1.0 1.0 0.33333334
v 1.49568 0.1136 -0.00267 1.0 1.0 0.33333334
v 1.49552 0.10027 -0.00043 1.0 1.0 0.33333334
v 1.49587 0.10019 -0.00179 1.0 1.0 0.33333334
v 1.49568 0.1136 -0.00267 1.0 1.0 0.33333334
v 1.49552 0.10027 -0.00043 1.0 1.0 0.33333334
v 1.49568 0.1136 -0.00267 1.0 1.0 0.33333334
v 1.49533 0.11369 -0.00131 1.0 1.0 0.33333334
v 1.5 0.10036 0.0 1.0 1.0 0.33333334
v 1.49663 0.10012 -0.00297 1.0 1.0 0.33333334
v 1.49587 0.10019 -0.00179 1.0 1.0 0.33333334
v 1.4998 0.11378 -0.00088 1.0 1.0 0.33333334
v 1.49568 0.1136 -0.00267 1.0 1.0 0.33333334
v 1.49644 0.11353 -0.00385 1.0 1.0 0.33333334
v 1.49587 0.10019 -0.00179 1.0 1.0 0.33333334
v 1.49663 0.10012 -0.00297 1.0 1.0 0.33333334
v 1.49644 0.11353 -0.00385 1.0 1.0 0.33333334
v 1.49587 0.10019 -0.00179 1.0 1.0 0.33333334
v 1.49644 0.11353 -0.00385 1.0 1.0 0.33333334
v 1.49568 0.1136 -0.00267 1.0 1.0 0.33333334
v 1.5 0.10036 0.0 1.0 1.0 0.33333334
v 1.49772 0.10008 -0.00387 1.0 1.0 0.33333334
v 1.49663 0.10012 -0.00297 1.0 1.0 0.33333334
v 1.4998 0.11378 -0.00088 1.0 1.0 0.33333334
v 1.49644 0.11353 -0.00385 1.0 1.0 0.33333334
v 1.49752 0.11349 -0.00475 1.0 1.0 0.33333334
v 1.49663 0.10012 -0.00297 1.0 1.0 0.33333334
v 1.49772 0.10008 -0.00387 1.0 1.0 0.33333334
v 1.49752 0.11349 -0.00475 1.0 1.0 0.33333334
v 1.49663 0.10012 -0.00297 1.0 1.0 0.33333334
v 1.49752 0.11349 -0.00475 1.0 1.0 0.33333334
v 1.49644 0.11353 -0.00385 1.0 1.0 0.33333334
v 1.5 0.10036 0.0 1.0 1.0 0.33333334
v 1.49903 0.10006 -0.00438 1.0 1.0 0.33333334
v 1.49772 0.10008 -0.00387 1.0 1.0 0.33333334
v 1.4998 0.11378 -0.00088 1.0 1.0 0.33333334
v 1.49752 0.11349 -0.00475 1.0 1.0 0.33333334
v 1.49883 0.11348 -0.00526 1.0 1.0 0.33333334
v 1.49772 0.10008 -0.00387 1.0 1.0 0.33333334
v 1.49903 0.10006 -0.00438 1.0 1.0 0.33333334
v 1.49883 0.11348 -0.00526 1.0 1.0 0.33333334
v 1.49772 0.10008 -0.00387 1.0 1.0 0.33333334
v 1.49883 0.11348 -0.00526 1.0 1.0 0.33333334
v 1.49752 0.11349 -0.00475 1.0 1.0 0.33333334
v 1.5 0.10036 0.0 1.0 1.0 0.33333334
v 1.50043 0.10008 -0.00447 1.0 1.0 0.33333334
v 1.49903 0.10006 -0.00438 1.0 1.0 0.33333334
v 1.4998 0.11378 -0.00088 1.0 1.0 0.33333334
v 1.49883 0.11348 -0.00526 1.0 1.0 0.33333334
v 1.50024 0.11349 -0.00535 1.0 1.0 0.33333334
v 1.49903 0.10006 -0.00438 1.0 1.0 0.33333334
v 1.50043 0.10008 -0.00447 1.0 1.0 0.33333334
v 1.50024 0.11349 -0.00535 1.0 1.0 0.33333334
v 1.49903 0.10006 -0.00438 1.0 1.0 0.33333334
v 1.50024 0.11349 -0.00535 1.0 1.0 0.33333334
v 1.49883 0.11348 -0.00526 1.0 1.0 0.33333334
v 1.5 0.10036 0.0 1.0 1.0 0.33333334
v 1.5018 0.10012 -0.00412 1.0 1.0 0.33333334
v 1.50043 0.10008 -0.00447 1.0 1.0 0.33333334
v 1.4998 0.11378 -0.00088 1.0 1.0 0.33333334
v 1.50024 0.11349 -0.00535 1.0 1.0 0.33333334
v 1.5016 0.11353 -0.005 1.0 1.0 0.33333334
v 1.50043 0.10008 -0.00447 1.0 1.0 0.33333334
v 1.5018 0.10012 -0.00412 1.0 1.0 0.33333334
v 1.5016 0.11353 -0.005 1.0 1.0 0.33333334
v 1.50043 0.10008 -0.00447 1.0 1.0 0.33333334
v 1.5016 0.11353 -0.005 1.0 1.0 0.33333334
v 1.50024 0.11349 -0.00535 1.0 1.0 0.33333334
v 1.5 0.10036 0.0 1.0 1.0 0.33333334
v 1.50298 0.10019 -0.00336 1.0 1.0 0.33333334
v 1.5018 0.10012 -0.00412 1.0 1.0 0.33333334
v 1.4998 0.11378 -0.00088 1.0 1.0 0.33333334
v 1.5016 0.11353 -0.005 1.0 1.0 0.33333334
v 1.50279 0.1136 -0.00424 1.0 1.0 0.33333334
v 1.5018 0.10012 -0.00412 1.0 1.0 0.33333334
v 1.50298 0.10019 -0.00336 1.0 1.0 0.33333334
v 1.50279 0.1136 -0.00424 1.0 1.0 0.33333334
v 1.5018 0.10012 -0.00412 1.0 1.0 0.33333334
v 1.50279 0.1136 -0.00424 1.0 1.0 0.33333334
v 1.5016 0.11353 -0.005 1.0 1.0 0.33333334
v 1.5 0.10036 0.0 1.0 1.0 0.33333334
v 1.50388 0.10027 -0.00228 1.0 1.0 0.33333334
v 1.50298 0.10019 -0.00336 1.0 1.0 0.33333334
v 1.4998 0.11378 -0.00088 1.0 1.0 0.33333334
v 1.50279 0.1136 -0.00424 1.0 1.0 0.33333334
v 1.50368 0.11369 -0.00316 1.0 1.0 0.33333334
v 1.50298 0.10019 -0.00336 1.0 1.0 0.33333334
v 1.50388 0.10027 -0.00228 1.0 1.0 0.33333334
v 1.50368 0.11369 -0.00316 1.0 1.0 0.33333334
v 1.50298 0.10019 -0.00336 1.0 1.0 0.33333334
v 1.50368 0.11369 -0.00316 1.0 1.0 0.33333334
v 1.50279 0.1136 -0.00424 1.0 1.0 0.33333334
v 1.5 0.10036 0.0 1.0 1.0 0.33333334
v 1.50439 0.10036 -0.00097 1.0 1.0 0.33333334
v 1.50388 0.10027 -0.00228 1.0 1.0 0.33333334
v 1.4998 0.11378 -0.00088 1.0 1.0 0.33333334
v 1.50368 0.11369 -0.00316 1.0 1.0 0.33333334
v 1.5042 0.11378 -0.00185 1.0 1.0 0.33333334
v 1.50388 0.10027 -0.00228 1.0 1.0 0.33333334
v 1.50439 0.10036 -0.00097 1.0 1.0 0.33333334
v 1.5042 0.11378 -0.00185 1.0 1.0 0.33333334
v 1.50388 0.10027 -0.00228 1.0 1.0 0.33333334
v 1.5042 0.11378 -0.00185 1.0 1.0 0.33333334
v 1.50368 0.11369 -0.00316 1.0 1.0 0.33333334
v -1.5 0.075 -0.5 1.0 1.0 0.33333334
v -1.49577 0.075 -0.49773 1.0 1.0 0.33333334
v -1.49528 0.075 -0.49915 1.0 1.0 0.33333334
v -1.5 0.10036 -0.5 1.0 1.0 0.33333334
v -1.49528 0.10036 -0.49915 1.0 1.0 0.33333334
v -1.49577 0.10036 -0.49773 1.0 1.0 0.33333334
v -1.49528 0.075 -0.49915 1.0 1.0 0.33333334
v -1.49577 0.075 -0.49773 1.0 1.0 0.33333334
v -1.49577 0.10036 -0.49773 1.0 1.0 0.33333334
v -1.49528 0.075 -0.49915 1.0 1.0 0.33333334
v -1.49577 0.10036 -0.49773 1.0 1.0 0.33333334
v -1.49528 0.10036 -0.49915 1.0 1.0 0.33333334
v -1.5 0.075 -0.5 1.0 1.0 0.33333334
v -1.49668 0.075 -0.49653 1.0 1.0 0.33333334
v -1.49577 0.075 -0.49773 1.0 1.0 0.33333334
v -1.5 0.10036 -0.5 1.0 1.0 0.33333334
v -1.49577 0.10036 -0.49773 1.0 1.0 0.33333334
v -1.49668 0.10036 -0.49653 1.0 1.0 0.33333334
v -1.49577 0.075 -0.49773 1.0 1.0 0.33333334
v -1.49668 0.075 -0.49653 1.0 1.0 0.33333334
v -1.49668 0.10036 -0.49653 1.0 1.0 0.33333334
v -1.49577 0.075 -0.49773 1.0 1.0 0.33333334
v -1.49668 0.10036 -0.49653 1.0 1.0 0.33333334
v -1.49577 0.10036 -0.49773 1.0 1.0 0.33333334
v -1.5 0.075 -0.5 1.0 1.0 0.33333334
v -1.49791 0.075 -0.49568 1.0 1.0 0.33333334
v -1.49668 0.075 -0.49653 1.0 1.0 0.33333334
v -1.5 0.10036 -0.5 1.0 1.0 0.33333334
v -1.49668 0.10036 -0.49653 1.0 1.0 0.33333334
v -1.49791 0.10036 -0.49568 1.0 1.0 0.33333334
v -1.49668 0.075 -0.49653 1.0 1.0 0.33333334
v -1.49791 0.075 -0.49568 1.0 1.0 0.33333334
v -1.49791 0.10036 -0.49568 1.0 1.0 0.33333334
v -1.49668 0.075 -0.49653 1.0 1.0 0.33333334
v -1.49791 0.10036 -0.49568 1.0 1.0 0.33333334
v -1.49668 0.10036 -0.49653 1.0 1.0 0.33333334
v -1.5 0.075 -0.5 1.0 1.0 0.33333334
v -1.49935 0.075 -0.49524 1.0 1.0 0.33333334
v -1.49791 0.075 -0.49568 1.0 1.0 0.33333334
v -1.5 0.10036 -0.5 1.0 1.0 0.33333334
v -1.49791 0.10036 -0.49568 1.0 1.0 0.33333334
v -1.49935 0.10036 -0.49524 1.0 1.0 0.33333334
v -1.49791 0.075 -0.49568 1.0 1.0 0.33333334
v -1.49935 0.075 -0.49524 1.0 1.0 0.33333334
v -1.49935 0.10036 -0.49524 1.0 1.0 0.33333334
v -1.49791 0.075 -0.49568 1.0 1.0 0.33333334
v -1.49935 0.10036 -0.49524 1.0 1.0 0.33333334
v -1.49791 0.10036 -0.49568 1.0 1.0 0.33333334
v -1.5 0.075 -0.5 1.0 1.0 0.33333334
v -1.50085 0.075 -0.49528 1.0 1.0 0.33333334
v -1.49935 0.075 -0.49524 1.0 1.0 0.33333334
v -1.5 0.10036 -0.5 1.0 1.0 0.33333334
v -1.49935 0.10036 -0.49524 1.0 1.0 0.33333334
v -1.50085 0.10036 -0.49528 1.0 1.0 0.33333334
v -1.49935 0.075 -0.49524 1.0 1.0 0.33333334
v -1.50085 0.075 -0.49528 1.0 1.0 0.33333334
v -1.50085 0.10036 -0.49528 1.0 1.0 0.33333334
v -1.49935 0.075 -0.49524 1.0 1.0 0.33333334
v -1.50085 0.10036 -0.49528 1.0 1.0 0.33333334
v -1.49935 0.10036 -0.49524 1.0 1.0 0.33333334
v -1.5 0.075 -0.5 1.0 1.0 0.33333334
v -1.50227 0.075 -0.49577 1.0 1.0 0.33333334
v -1.50085 0.075 -0.49528 1.0 1.0 0.33333334
v -1.5 0.10036 -0.5 1.0 1.0 0.33333334
v -1.50085 0.10036 -0.49528 1.0 1.0 0.33333334
v -1.50227 0.10036 -0.49577 1.0 1.0 0.33333334
v -1.50085 0.075 -0.49528 1.0 1.0 0.33333334
v -1.50227 0.075 -0.49577 1.0 1.0 0.33333334
v -1.50227 0.10036 -0.49577 1.0 1.0 0.33333334
v -1.50085 0.075 -0.49528 1.0 1.0 0.33333334
v -1.50227 0.10036 -0.49577 1.0 1.0 0.33333334
v -1.50085 0.10036 -0.49528 1.0 1.0 0.33333334
v -1.5 0.075 -0.5 1.0 1.0 0.33333334
v -1.50347 0.075 -0.49668 1.0 1.0 0.33333334
v -1.50227 0.075 -0.49577 1.0 1.0 0.33333334
v -1.5 0.10036 -0.5 1.0 1.0 0.33333334
v -1.50227 0.10036 -0.49577 1.0 1.0 0.33333334
v -1.50347 0.10036 -0.49668 1.0 1.0 0.33333334
v -1.50227 0.075 -0.49577 1.0 1.0 0.33333334
v -1.50347 0.075 -0.49668 1.0 1.0 0.33333334
v -1.50347 0.10036 -0.49668 1.0 1.0 0.33333334
v -1.50227 0.075 -0.49577 1.0 1.0 0.33333334
v -1.50347 0.10036 -0.49668 1.0 1.0 0.33333334
v -1.50227 0.10036 -0.49577 1.0 1.0 0.33333334
v -1.5 0.075 -0.5 1.0 1.0 0.33333334
v -1.50432 0.075 -0.49791 1.0 1.0 0.33333334
v -1.50347 0.075 -0.49668 1.0 1.0 0.33333334
v -1.5 0.10036 -0.5 1.0 1.0 0.33333334
v -1.50347 0.10036 -0.49668 1.0 1.0 0.33333334
v -1.50432 0.10036 -0.49791 1.0 1.0 0.33333334
v -1.50347 0.075 -0.49668 1.0 1.0 0.33333334
v -1.50432 0.075 -0.49791 1.0 1.0 0.33333334
v -1.50432 0.10036 -0.49791 1.0 1.0 0.33333334
v -1.50347 0.075 -0.49668 1.0 1.0 0.33333334
v -1.50432 0.10036 -0.49791 1.0 1.0 0.33333334
v -1.50347 0.10036 -0.49668 1.0 1.0 0.33333334
v -1.5 0.075 -0.5 1.0 1.0 0.33333334
v -1.50476 0.075 -0.49935 1.0 1.0 0.33333334
v -1.50432 0.075 -0.49791 1.0 1.0 0.33333334
v -1.5 0.10036 -0.5 1.0 1.0 0.33333334
v -1.50432 0.10036 -0.49791 1.0 1.0 0.33333334
v -1.50476 0.10036 -0.49935 1.0 1.0 0.33333334
v -1.50432 0.075 -0.49791 1.0 1.0 0.33333334
v -1.50476 0.075 -0.49935 1.0 1.0 0.33333334
v -1.50476 0.10036 -0.49935 1.0 1.0 0.33333334
v -1.50432 0.075 -0.49791 1.0 1.0 0.33333334
v -1.50476 0.10036 -0.49935 1.0 1.0 0.33333334
v -1.50432 0.10036 -0.49791 1.0 1.0 0.33333334
v -1.5 0.075 -0.5 1.0 1.0 0.33333334
v -1.50472 0.075 -0.50085 1.0 1.0 0.33333334
v -1.50476 0.075 -0.49935 1.0 1.0 0.33333334
v -1.5 0.10036 -0.5 1.0 1.0 0.33333334
v -1.50476 0.10036 -0.49935 1.0 1.0 0.33333334
v -1.50472 0.10036 -0.50085 1.0 1.0 0.33333334
v -1.50476 0.075 -0.49935 1.0 1.0 0.33333334
v -1.50472 0.075 -0.50085 1.0 1.0 0.33333334
v -1.50472 0.10036 -0.50085 1.0 1.0 0.33333334
v -1.50476 0.075 -0.49935 1.0 1.0 0.33333334
v -1.50472 0.10036 -0.50085 1.0 1.0 0.33333334
v -1.50476 0.10036 -0.49935 1.0 1.0 0.33333334
v -1.5 0.075 -0.5 1.0 1.0 0.33333334
v -1.50423 0.075 -0.50227 1.0 1.0 0.33333334
v -1.50472 0.075 -0.50085 1.0 1.0 0.33333334
v -1.5 0.10036 -0.5 1.0 1.0 0.33333334
v -1.50472 0.10036 -0.50085 1.0 1.0 0.33333334
v -1.50423 0.10036 -0.50227 1.0 1.0 0.33333334
v -1.50472 0.075 -0.50085 1.0 1.0 0.33333334
v -1.50423 0.075 -0.50227 1.0 1.0 0.33333334
v -1.50423 0.10036 -0.50227 1.0 1.0 0.33333334
v -1.50472 0.075 -0.50085 1.0 1.0 0.33333334
v -1.50423 0.10036 -0.50227 1.0 1.0 0.33333334
v -1.50472 0.10036 -0.50085 1.0 1.0 0.33333334
v -1.5 0.075 -0.5 1.0 1.0 0.33333334
v -1.50332 0.075 -0.50347 1.0 1.0 0.33333334
v -1.50423 0.075 -0.50227 1.0 1.0 0.33333334
v -1.5 0.10036 -0.5 1.0 1.0 0.33333334
v -1.50423 0.10036 -0.50227 1.0 1.0 0.33333334
v -1.50332 0.10036 -0.50347 1.0 1.0 0.33333334
v -1.50423 0.075 -0.50227 1.0 1.0 0.33333334
v -1.50332 0.075 -0.50347 1.0 1.0 0.33333334
v -1.50332 0.10036 -0.50347 1.0 1.0 0.33333334
v -1.50423 0.075 -0.50227 1.0 1.0 0.33333334
v -1.50332 0.10036 -0.50347 1.0 1.0 0.33333334
v -1.50423 0.10036 -0.50227 1.0 1.0 0.33333334
v -1.5 0.075 -0.5 1.0 1.0 0.33333334
v -1.50209 0.075 -0.50432 1.0 1.0 0.33333334
v -1.50332 0.075 -0.50347 1.0 1.0 0.33333334
v -1.5 0.10036 -0.5 1.0 1.0 0.33333334
v -1.50332 0.10036 -0.50347 1.0 1.0 0.33333334
v -1.50209 0.10036 -0.50432 1.0 1.0 0.33333334
v -1.50332 0.075 -0.50347 1.0 1.0 0.33333334
v -1.50209 0.075 -0.50432 1.0 1.0 0.33333334
v -1.50209 0.10036 -0.50432 1.0 1.0 0.33333334
v -1.50332 0.075 -0.50347 1.0 1.0 0.33333334
v -1.50209 0.10036 -0.50432 1.0 1.0 0.33333334
v -1.50332 0.10036 -0.50347 1.0 1.0 0.33333334
v -1.5 0.075 -0.5 1.0 1.0 0.33333334
v -1.50065 0.075 -0.50476 1.0 1.0 0.33333334
v -1.50209 0.075 -0.50432 1.0 1.0 0.33333334
v -1.5 0.10036 -0.5 1.0 1.0 0.33333334
v -1.50209 0.10036 -0.50432 1.0 1.0 0.33333334
v -1.50065 0.10036 -0.50476 1.0 1.0 0.33333334
v -1.50209 0.075 -0.50432 1.0 1.0 0.33333334
v -1.50065 0.075 -0.50476 1.0 1.0 0.33333334
v -1.50065 0.10036 -0.50476 1.0 1.0 0.33333334
v -1.50209 0.075 -0.50432 1.0 1.0 0.33333334
v -1.50065 0.10036 -0.50476 1.0 1.0 0.33333334
v -1.50209 0.10036 -0.50432 1.0 1.0 0.33333334
v -1.5 0.075 -0.5 1.0 1.0 0.33333334
v -1.49915 0.075 -0.50472 1.0 1.0 0.33333334
v -1.50065 0.075 -0.50476 1.0 1.0 0.33333334
v -1.5 0.10036 -0.5 1.0 1.0 0.33333334
v -1.50065 0.10036 -0.50476 1.0 1.0 0.33333334
v -1.49915 0.10036 -0.50472 1.0 1.0 0.33333334
v -1.50065 0.075 -0.50476 1.0 1.0 0.33333334
v -1.49915 0.075 -0.50472 1.0 1.0 0.33333334
v -1.49915 0.10036 -0.50472 1.0 1.0 0.33333334
v -1.50065 0.075 -0.50476 1.0 1.0 0.33333334
v -1.49915 0.10036 -0.50472 1.0 1.0 0.33333334
v -1.50065 0.10036 -0.50476 1.0 1.0 0.33333334
v -1.5 0.075 -0.5 1.0 1.0 0.33333334
v -1.49773 0.075 -0.50423 1.0 1.0 0.33333334
v -1.49915 0.075 -0.50472 1.0 1.0 0.33333334
v -1.5 0.10036 -0.5 1.0 1.0 0.33333334
v -1.49915 0.10036 -0.50472 1.0 1.0 0.33333334
v -1.49773 0.10036 -0.50423 1.0 1.0 0.33333334
v -1.49915 0.075 -0.50472 1.0 1.0 0.33333334
v -1.49773 0.075 -0.50423 1.0 1.0 0.33333334
v -1.49773 0.10036 -0.50423 1.0 1.0 0.33333334
v -1.49915 0.075 -0.50472 1.0 1.0 0.33333334
v -1.49773 0.10036 -0.50423 1.0 1.0 0.33333334
v -1.49915 0.10036 -0.50472 1.0 1.0 0.33333334
v -1.5 0.075 -0.5 1.0 1.0 0.33333334
v -1.49653 0.075 -0.50332 1.0 1.0 0.33333334
v -1.49773 0.075 -0.50423 1.0 1.0 0.33333334
v -1.5 0.10036 -0.5 1.0 1.0 0.33333334
v -1.49773 0.10036 -0.50423 1.0 1.0 0.33333334
v -1.49653 0.10036 -0.50332 1.0 1.0 0.33333334
v -1.49773 0.075 -0.50423 1.0 1.0 0.33333334
v -1.49653 0.075 -0.50332 1.0 1.0 0.33333334
v -1.49653 0.10036 -0.50332 1.0 1.0 0.33333334
v -1.49773 0.075 -0.50423 1.0 1.0 0.33333334
v -1.49653 0.10036 -0.50332 1.0 1.0 0.33333334
v -1.49773 0.10036 -0.50423 1.0 1.0 0.33333334
v -1.5 0.075 -0.5 1.0 1.0 0.33333334
v -1.49568 0.075 -0.50209 1.0 1.0 0.33333334
v -1.49653 0.075 -0.50332 1.0 1.0 0.33333334
v -1.5 0.10036 -0.5 1.0 1.0 0.33333334
v -1.49653 0.10036 -0.50332 1.0 1.0 0.33333334
v -1.49568 0.10036 -0.50209 1.0 1.0 0.33333334
v -1.49653 0.075 -0.50332 1.0 1.0 0.33333334
v -1.49568 0.075 -0.50209 1.0 1.0 0.33333334
v -1.49568 0.10036 -0.50209 1.0 1.0 0.33333334
v -1.49653 0.075 -0.50332 1.0 1.0 0.33333334
v -1.49568 0.10036 -0.50209 1.0 1.0 0.33333334
v -1.49653 0.10036 -0.50332 1.0 1.0 0.33333334
v -1.5 0.075 -0.5 1.0 1.0 0.33333334
v -1.49524 0.075 -0.50065 1.0 1.0 0.33333334
v -1.49568 0.075 -0.50209 1.0 1.0 0.33333334
v -1.5 0.10036 -0.5 1.0 1.0 0.33333334
v -1.49568 0.10036 -0.50209 1.0 1.0 0.33333334
v -1.49524 0.10036 -0.50065 1.0 1.0 0.33333334
v -1.49568 0.075 -0.50209 1.0 1.0 0.33333334
v -1.49524 0.075 -0.50065 1.0 1.0 0.33333334
v -1.49524 0.10036 -0.50065 1.0 1.0 0.33333334
v -1.49568 0.075 -0.50209 1.0 1.0 0.33333334
v -1.49524 0.10036 -0.50065 1.0 1.0 0.33333334
v -1.49568 0.10036 -0.50209 1.0 1.0 0.33333334
v -1.5 0.075 -0.5 1.0 1.0 0.33333334
v -1.49528 0.075 -0.49915 1.0 1.0 0.33333334
v -1.49524 0.075 -0.50065 1.0 1.0 0.33333334
v -1.5 0.10036 -0.5 1.0 1.0 0.33333334
v -1.49524 0.10036 -0.50065 1.0 1.0 0.33333334
v -1.49528 0.10036 -0.49915 1.0 1.0 0.33333334
v -1.49524 0.075 -0.50065 1.0 1.0 0.33333334
v -1.49528 0.075 -0.49915 1.0 1.0 0.33333334
v -1.49528 0.10036 -0.49915 1.0 1.0 0.33333334
v -1.49524 0.075 -0.50065 1.0 1.0 0.33333334
v -1.49528 0.10036 -0.49915 1.0 1.0 0.33333334
v -1.49524 0.10036 -0.50065 1.0 1.0 0.33333334
v -1.5 0.10036 -0.5 1.0 1.0 0.33333334
v -1.49604 0.10046 -0.49787 1.0 1.0 0.33333334
v -1.49557 0.10036 -0.4992 1.0 1.0 0.33333334
v -1.49984 0.11378 -0.50089 1.0 1.0 0.33333334
v -1.49541 0.11378 -0.50009 1.0 1.0 0.33333334
v -1.49587 0.11387 -0.49876 1.0 1.0 0.33333334
v -1.49557 0.10036 -0.4992 1.0 1.0 0.33333334
v -1.49604 0.10046 -0.49787 1.0 1.0 0.33333334
v -1.49587 0.11387 -0.49876 1.0 1.0 0.33333334
v -1.49557 0.10036 -0.4992 1.0 1.0 0.33333334
v -1.49587 0.11387 -0.49876 1.0 1.0 0.33333334
v -1.49541 0.11378 -0.50009 1.0 1.0 0.33333334
v -1.5 0.10036 -0.5 1.0 1.0 0.33333334
v -1.49689 0.10054 -0.49676 1.0 1.0 0.33333334
v -1.49604 0.10046 -0.49787 1.0 1.0 0.33333334
v -1.49984 0.11378 -0.50089 1.0 1.0 0.33333334
v -1.49587 0.11387 -0.49876 1.0 1.0 0.33333334
v -1.49673 0.11396 -0.49764 1.0 1.0 0.33333334
v -1.49604 0.10046 -0.49787 1.0 1.0 0.33333334
v -1.49689 0.10054 -0.49676 1.0 1.0 0.33333334
v -1.49673 0.11396 -0.49764 1.0 1.0 0.33333334
v -1.49604 0.10046 -0.49787 1.0 1.0 0.33333334
v -1.49673 0.11396 -0.49764 1.0 1.0 0.33333334
v -1.49587 0.11387 -0.49876 1.0 1.0 0.33333334
v -1.5 0.10036 -0.5 1.0 1.0 0.33333334
v -1.49804 0.10061 -0.49596 1.0 1.0 0.33333334
v -1.49689 0.10054 -0.49676 1.0 1.0 0.33333334
v -1.49984 0.11378 -0.50089 1.0 1.0 0.33333334
v -1.49673 0.11396 -0.49764 1.0 1.0 0.33333334
v -1.49788 0.11402 -0.49684 1.0 1.0 0.33333334
v -1.49689 0.10054 -0.49676 1.0 1.0 0.33333334
v -1.49804 0.10061 -0.49596 1.0 1.0 0.33333334
v -1.49788 0.11402 -0.49684 1.0 1.0 0.33333334
v -1.49689 0.10054 -0.49676 1.0 1.0 0.33333334
v -1.49788 0.11402 -0.49684 1.0 1.0 0.33333334
v -1.49673 0.11396 -0.49764 1.0 1.0 0.33333334
v -1.5 0.10036 -0.5 1.0 1.0 0.33333334
v -1.49939 0.10065 -0.49555 1.0 1.0 0.33333334
v -1.49804 0.10061 -0.49596 1.0 1.0 0.33333334
v -1.49984 0.11378 -0.50089 1.0 1.0 0.33333334
v -1.49788 0.11402 -0.49684 1.0 1.0 0.33333334
v -1.49923 0.11407 -0.49644 1.0 1.0 0.33333334
v -1.49804 0.10061 -0.49596 1.0 1.0 0.33333334
v -1.49939 0.10065 -0.49555 1.0 1.0 0.33333334
v -1.49923 0.11407 -0.49644 1.0 1.0 0.33333334
v -1.49804 0.10061 -0.49596 1.0 1.0 0.33333334
v -1.49923 0.11407 -0.49644 1.0 1.0 0.33333334
v -1.49788 0.11402 -0.49684 1.0 1.0 0.33333334
v -1.5 0.10036 -0.5 1.0 1.0 0.33333334
v -1.5008 0.10067 -0.49558 1.0 1.0 0.33333334
v -1.49939 0.10065 -0.49555 1.0 1.0 0.33333334
v -1.49984 0.11378 -0.50089 1.0 1.0 0.33333334
v -1.49923 0.11407 -0.49644 1.0 1.0 0.33333334
v -1.50064 0.11408 -0.49647 1.0 1.0 0.33333334
v -1.49939 0.10065 -0.49555 1.0 1.0 0.33333334
v -1.5008 0.10067 -0.49558 1.0 1.0 0.33333334
v -1.50064 0.11408 -0.49647 1.0 1.0 0.33333334
v -1.49939 0.10065 -0.49555 1.0 1.0 0.33333334
v -1.50064 0.11408 -0.49647 1.0 1.0 0.33333334
v -1.49923 0.11407 -0.49644 1.0 1.0 0.33333334
v -1.5 0.10036 -0.5 1.0 1.0 0.33333334
v -1.50213 0.10065 -0.49605 1.0 1.0 0.33333334
v -1.5008 0.10067 -0.49558 1.0 1.0 0.33333334
v -1.49984 0.11378 -0.50089 1.0 1.0 0.33333334
v -1.50064 0.11408 -0.49647 1.0 1.0 0.33333334
v -1.50197 0.11407 -0.49693 1.0 1.0 0.33333334
v -1.5008 0.10067 -0.49558 1.0 1.0 0.33333334
v -1.50213 0.10065 -0.49605 1.0 1.0 0.33333334
v -1.50197 0.11407 -0.49693 1.0 1.0 0.33333334
v -1.5008 0.10067 -0.49558 1.0 1.0 0.33333334
v -1.50197 0.11407 -0.49693 1.0 1.0 0.33333334
v -1.50064 0.11408 -0.49647 1.0 1.0 0.33333334
v -1.5 0.10036 -0.5 1.0 1.0 0.33333334
v -1.50325 0.10061 -0.4969 1.0 1.0 0.33333334
v -1.50213 0.10065 -0.49605 1.0 1.0 0.33333334
v -1.49984 0.11378 -0.50089 1.0 1.0 0.33333334
v -1.50197 0.11407 -0.49693 1.0 1.0 0.33333334
v -1.50309 0.11402 -0.49778 1.0 1.0 0.33333334
v -1.50213 0.10065 -0.49605 1.0 1.0 0.33333334
v -1.50325 0.10061 -0.4969 1.0 1.0 0.33333334
v -1.50309 0.11402 -0.49778 1.0 1.0 0.33333334
v -1.50213 0.10065 -0.49605 1.0 1.0 0.33333334
v -1.50309 0.11402 -0.49778 1.0 1.0 0.33333334
v -1.50197 0.11407 -0.49693 1.0 1.0 0.33333334
v -1.5 0.10036 -0.5 1.0 1.0 0.33333334
v -1.50405 0.10054 -0.49805 1.0 1.0 0.33333334
v -1.50325 0.10061 -0.4969 1.0 1.0 0.33333334
v -1.49984 0.11378 -0.50089 1.0 1.0 0.33333334
v -1.50309 0.11402 -0.49778 1.0 1.0 0.33333334
v -1.50389 0.11396 -0.49894 1.0 1.0 0.33333334
v -1.50325 0.10061 -0.4969 1.0 1.0 0.33333334
v -1.50405 0.10054 -0.49805 1.0 1.0 0.33333334
v -1.50389 0.11396 -0.49894 1.0 1.0 0.33333334
v -1.50325 0.10061 -0.4969 1.0 1.0 0.33333334
v -1.50389 0.11396 -0.49894 1.0 1.0 0.33333334
v -1.50309 0.11402 -0.49778 1.0 1.0 0.33333334
v -1.5 0.10036 -0.5 1.0 1.0 0.33333334
v -1.50446 0.10046 -0.4994 1.0 1.0 0.33333334
v -1.50405 0.10054 -0.49805 1.0 1.0 0.33333334
v -1.49984 0.11378 -0.50089 1.0 1.0 0.33333334
v -1.50389 0.11396 -0.49894 1.0 1.0 0.33333334
v -1.5043 0.11387 -0.50028 1.0 1.0 0.33333334
v -1.50405 0.10054 -0.49805 1.0 1.0 0.33333334
v -1.50446 0.10046 -0.4994 1.0 1.0 0.33333334
v -1.5043 0.11387 -0.50028 1.0 1.0 0.33333334
v -1.50405 0.10054 -0.49805 1.0 1.0 0.33333334
v -1.5043 0.11387 -0.50028 1.0 1.0 0.33333334
v -1.50389 0.11396 -0.49894 1.0 1.0 0.33333334
v -1.5 0.10036 -0.5 1.0 1.0 0.33333334
v -1.50443 0.10036 -0.5008 1.0 1.0 0.33333334
v -1.50446 0.10046 -0.4994 1.0 1.0 0.33333334
v -1.49984 0.11378 -0.50089 1.0 1.0 0.33333334
v -1.5043 0.11387 -0.50028 1.0 1.0 0.33333334
v -1.50427 0.11378 -0.50169 1.0 1.0 0.33333334
v -1.50446 0.10046 -0.4994 1.0 1.0 0.33333334
v -1.50443 0.10036 -0.5008 1.0 1.0 0.33333334
v -1.50427 0.11378 -0.50169 1.0 1.0 0.33333334
v -1.50446 0.10046 -0.4994 1.0 1.0 0.33333334
v -1.50427 0.11378 -0.50169 1.0 1.0 0.33333334
v -1.5043 0.11387 -0.50028 1.0 1.0 0.33333334
v -1.5 0.10036 -0.5 1.0 1.0 0.33333334
v -1.50396 0.10027 -0.50213 1.0 1.0 0.33333334
v -1.50443 0.10036 -0.5008 1.0 1.0 0.33333334
v -1.49984 0.11378 -0.50089 1.0 1.0 0.33333334
v -1.50427 0.11378 -0.50169 1.0 1.0 0.33333334
v -1.5038 0.11369 -0.50301 1.0 1.0 0.33333334
v -1.50443 0.10036 -0.5008 1.0 1.0 0.33333334
v -1.50396 0.10027 -0.50213 1.0 1.0 0.33333334
v -1.5038 0.11369 -0.50301 1.0 1.0 0.33333334
v -1.50443 0.10036 -0.5008 1.0 1.0 0.33333334
v -1.5038 0.11369 -0.50301 1.0 1.0 0.33333334
v -1.50427 0.11378 -0.50169 1.0 1.0 0.33333334
v -1.5 0.10036 -0.5 1.0 1.0 0.33333334
v -1.50311 0.10019 -0.50324 1.0 1.0 0.33333334
v -1.50396 0.10027 -0.50213 1.0 1.0 0.33333334
v -1.49984 0.11378 -0.50089 1.0 1.0 0.33333334
v -1.5038 0.11369 -0.50301 1.0 1.0 0.33333334
v -1.50295 0.1136 -0.50413 1.0 1.0 0.33333334
v -1.50396 0.10027 -0.50213 1.0 1.0 0.33333334
v -1.50311 0.10019 -0.50324 1.0 1.0 0.33333334
v -1.50295 0.1136 -0.50413 1.0 1.0 0.33333334
v -1.50396 0.10027 -0.50213 1.0 1.0 0.33333334
v -1.50295 0.1136 -0.50413 1.0 1.0 0.33333334
v -1.5038 0.11369 -0.50301 1.0 1.0 0.33333334
v -1.5 0.10036 -0.5 1.0 1.0 0.33333334
v -1.50196 0.10012 -0.50404 1.0 1.0 0.33333334
v -1.50311 0.10019 -0.50324 1.0 1.0 0.33333334
v -1.49984 0.11378 -0.50089 1.0 1.0 0.33333334
v -1.50295 0.1136 -0.50413 1.0 1.0 0.33333334
v -1.5018 0.11353 -0.50493 1.0 1.0 0.33333334
v -1.50311 0.10019 -0.50324 1.0 1.0 0.33333334
v -1.50196 0.10012 -0.50404 1.0 1.0 0.33333334
v -1.5018 0.11353 -0.50493 1.0 1.0 0.33333334
v -1.50311 0.10019 -0.50324 1.0 1.0 0.33333334
v -1.5018 0.11353 -0.50493 1.0 1.0 0.33333334
v -1.50295 0.1136 -0.50413 1.0 1.0 0.33333334
v -1.5 0.10036 -0.5 1.0 1.0 0.33333334
v -1.50061 0.10008 -0.50445 1.0 1.0 0.33333334
v -1.50196 0.10012 -0.50404 1.0 1.0 0.33333334
v -1.49984 0.11378 -0.50089 1.0 1.0 0.33333334
v -1.5018 0.11353 -0.50493 1.0 1.0 0.33333334
v -1.50045 0.11349 -0.50534 1.0 1.0 0.33333334
v -1.50196 0.10012 -0.50404 1.0 1.0 0.33333334
v -1.50061 0.10008 -0.50445 1.0 1.0 0.33333334
v -1.50045 0.11349 -0.50534 1.0 1.0 0.33333334
v -1.50196 0.10012 -0.50404 1.0 1.0 0.33333334
v -1.50045 0.11349 -0.50534 1.0 1.0 0.33333334
v -1.5018 0.11353 -0.50493 1.0 1.0 0.33333334
v -1.5 0.10036 -0.5 1.0 1.0 0.33333334
v -1.4992 0.10006 -0.50442 1.0 1.0 0.33333334
v -1.50061 0.10008 -0.50445 1.0 1.0 0.33333334
v -1.49984 0.11378 -0.50089 1.0 1.0 0.33333334
v -1.50045 0.11349 -0.50534 1.0 1.0 0.33333334
v -1.49904 0.11348 -0.50531 1.0 1.0 0.33333334
v -1.50061 0.10008 -0.50445 1.0 1.0 0.33333334
v -1.4992 0.10006 -0.50442 1.0 1.0 0.33333334
v -1.49904 0.11348 -0.50531 1.0 1.0 0.33333334
v -1.50061 0.10008 -0.50445 1.0 1.0 0.33333334
v -1.49904 0.11348 -0.50531 1.0 1.0 0.33333334
v -1.50045 0.11349 -0.50534 1.0 1.0 0.33333334
v -1.5 0.10036 -0.5 1.0 1.0 0.33333334
v -1.49787 0.10008 -0.50395 1.0 1.0 0.33333334
v -1.4992 0.10006 -0.50442 1.0 1.0 0.33333334
v -1.49984 0.11378 -0.50089 1.0 1.0 0.33333334
v -1.49904 0.11348 -0.50531 1.0 1.0 0.33333334
v -1.49771 0.11349 -0.50484 1.0 1.0 0.33333334
v -1.4992 0.10006 -0.50442 1.0 1.0 0.33333334
v -1.49787 0.10008 -0.50395 1.0 1.0 0.33333334
v -1.49771 0.11349 -0.50484 1.0 1.0 0.33333334
v -1.4992 0.10006 -0.50442 1.0 1.0 0.33333334
v -1.49771 0.11349 -0.50484 1.0 1.0 0.33333334
v -1.49904 0.11348 -0.50531 1.0 1.0 0.33333334
v -1.5 0.10036 -0.5 1.0 1.0 0.33333334
v -1.49675 0.10012 -0.5031 1.0 1.0 0.33333334
v -1.49787 0.10008 -0.50395 1.0 1.0 0.33333334
v -1.49984 0.11378 -0.50089 1.0 1.0 0.33333334
v -1.49771 0.11349 -0.50484 1.0 1.0 0.33333334
v -1.49659 0.11353 -0.50399 1.0 1.0 0.33333334
v -1.49787 0.10008 -0.50395 1.0 1.0 0.33333334
v -1.49675 0.10012 -0.5031 1.0 1.0 0.33333334
v -1.49659 0.11353 -0.50399 1.0 1.0 0.33333334
v -1.49787 0.10008 -0.50395 1.0 1.0 0.33333334
v -1.49659 0.11353 -0.50399 1.0 1.0 0.33333334
v -1.49771 0.11349 -0.50484 1.0 1.0 0.33333334
v -1.5 0.10036 -0.5 1.0 1.0 0.33333334
v -1.49595 0.10019 -0.50195 1.0 1.0 0.33333334
v -1.49675 0.10012 -0.5031 1.0 1.0 0.33333334
v -1.49984 0.11378 -0.50089 1.0 1.0 0.33333334
v -1.49659 0.11353 -0.50399 1.0 1.0 0.33333334
v -1.49579 0.1136 -0.50284 1.0 1.0 0.33333334
v -1.49675 0.10012 -0.5031 1.0 1.0 0.33333334
v -1.49595 0.10019 -0.50195 1.0 1.0 0.33333334
v -1.49579 0.1136 -0.50284 1.0 1.0 0.33333334
v -1.49675 0.10012 -0.5031 1.0 1.0 0.33333334
v -1.49579 0.1136 -0.50284 1.0 1.0 0.33333334
v -1.49659 0.11353 -0.50399 1.0 1.0 0.33333334
v -1.5 0.10036 -0.5 1.0 1.0 0.33333334
v -1.49554 0.10027 -0.5006 1.0 1.0 0.33333334
v -1.49595 0.10019 -0.50195 1.0 1.0 0.33333334
v -1.49984 0.11378 -0.50089 1.0 1.0 0.33333334
v -1.49579 0.1136 -0.50284 1.0 1.0 0.33333334
v -1.49538 0.11369 -0.50149 1.0 1.0 0.33333334
v -1.49595 0.10019 -0.50195 1.0 1.0 0.33333334
v -1.49554 0.10027 -0.5006 1.0 1.0 0.33333334
v -1.49538 0.11369 -0.50149 1.0 1.0 0.33333334
v -1.49595 0.10019 -0.50195 1.0 1.0 0.33333334
v -1.49538 0.11369 -0.50149 1.0 1.0 0.33333334
v -1.49579 0.1136 -0.50284 1.0 1.0 0.33333334
v -1.5 0.10036 -0.5 1.0 1.0 0.33333334
v -1.49557 0.10036 -0.4992 1.0 1.0 0.33333334
v -1.49554 0.10027 -0.5006 1.0 1.0 0.33333334
v -1.49984 0.11378 -0.50089 1.0 1.0 0.33333334
v -1.49538 0.11369 -0.50149 1.0 1.0 0.33333334
v -1.49541 0.11378 -0.50009 1.0 1.0 0.33333334
v -1.49554 0.10027 -0.5006 1.0 1.0 0.33333334
v -1.49557 0.10036 -0.4992 1.0 1.0 0.33333334
v -1.49541 0.11378 -0.50009 1.0 1.0 0.33333334
v -1.49554 0.10027 -0.5006 1.0 1.0 0.33333334
v -1.49541 0.11378 -0.50009 1.0 1.0 0.33333334
v -1.49538 0.11369 -0.50149 1.0 1.0 0.33333334
v 0.0 0.075 -0.5 1.0 1.0 0.33333334
v 0.00457 0.075 -0.49855 1.0 1.0 0.33333334
v 0.0048 0.075 -0.50003 1.0 1.0 0.33333334
v 0.0 0.10036 -0.5 1.0 1.0 0.33333334
v 0.0048 0.10036 -0.50003 1.0 1.0 0.33333334
v 0.00457 0.10036 -0.49855 1.0 1.0 0.33333334
v 0.0048 0.075 -0.50003 1.0 1.0 0.33333334
v 0.00457 0.075 -0.49855 1.0 1.0 0.33333334
v 0.00457 0.10036 -0.49855 1.0 1.0 0.33333334
v 0.0048 0.075 -0.50003 1.0 1.0 0.33333334
v 0.00457 0.10036 -0.49855 1.0 1.0 0.33333334
v 0.0048 0.10036 -0.50003 1.0 1.0 0.33333334
v 0.0 0.075 -0.5 1.0 1.0 0.33333334
v 0.0039 0.075 -0.4972 1.0 1.0 0.33333334
v 0.00457 0.075 -0.49855 1.0 1.0 0.33333334
v 0.0 0.10036 -0.5 1.0 1.0 0.33333334
v 0.00457 0.10036 -0.49855 1.0 1.0 0.33333334
v 0.0039 0.10036 -0.4972 1.0 1.0 0.33333334
v 0.00457 0.075 -0.49855 1.0 1.0 0.33333334
v 0.0039 0.075 -0.4972 1.0 1.0 0.33333334
v 0.0039 0.10036 -0.4972 1.0 1.0 0.33333334
v 0.00457 0.075 -0.49855 1.0 1.0 0.33333334
v 0.0039 0.10036 -0.4972 1.0 1.0 0.33333334
v 0.00457 0.10036 -0.49855 1.0 1.0 0.33333334
v 0.0 0.075 -0.5 1.0 1.0 0.33333334
v 0.00285 0.075 -0.49614 1.0 1.0 0.33333334
v 0.0039 0.075 -0.4972 1.0 1.0 0.33333334
v 0.0 0.10036 -0.5 1.0 1.0 0.33333334
v 0.0039 0.10036 -0.4972 1.0 1.0 0.33333334
v 0.00285 0.10036 -0.49614 1.0 1.0 0.33333334
v 0.0039 0.075 -0.4972 1.0 1.0 0.33333334
v 0.00285 0.075 -0.49614 1.0 1.0 0.33333334
v 0.00285 0.10036 -0.49614 1.0 1.0 0.33333334
v 0.0039 0.075 -0.4972 1.0 1.0 0.33333334
v 0.00285 0.10036 -0.49614 1.0 1.0 0.33333334
v 0.0039 0.10036 -0.4972 1.0 1.0 0.33333334
v 0.0 0.075 -0.5 1.0 1.0 0.33333334
v 0.00151 0.075 -0.49544 1.0 1.0 0.33333334
v 0.00285 0.075 -0.49614 1.0 1.0 0.33333334
v 0.0 0.10036 -0.5 1.0 1.0 0.33333334
v 0.00285 0.10036 -0.49614 1.0 1.0 0.33333334
v 0.00151 0.10036 -0.49544 1.0 1.0 0.33333334
v 0.00285 0.075 -0.49614 1.0 1.0 0.33333334
v 0.00151 0.075 -0.49544 1.0 1.0 0.33333334
v 0.00151 0.10036 -0.49544 1.0 1.0 0.33333334
v 0.00285 0.075 -0.49614 1.0 1.0 0.33333334
v 0.00151 0.10036 -0.49544 1.0 1.0 0.33333334
v 0.00285 0.10036 -0.49614 1.0 1.0 0.33333334
v 0.0 0.075 -0.5 1.0 1.0 0.33333334
v 3e-05 0.075 -0.4952 1.0 1.0 0.33333334
v 0.00151 0.075 -0.49544 1.0 1.0 0.33333334
v 0.0 0.10036 -0.5 1.0 1.0 0.33333334
v 0.00151 0.10036 -0.49544 1.0 1.0 0.33333334
v 3e-05 0.10036 -0.4952 1.0 1.0 0.33333334
v 0.00151 0.075 -0.49544 1.0 1.0 0.33333334
v 3e-05 0.075 -0.4952 1.0 1.0 0.33333334
v 3e-05 0.10036 -0.4952 1.0 1.0 0.33333334
v 0.00151 0.075 -0.49544 1.0 1.0 0.33333334
v 3e-05 0.10036 -0.4952 1.0 1.0 0.33333334
v 0.00151 0.10036 -0.49544 1.0 1.0 0.33333334
v 0.0 0.075 -0.5 1.0 1.0 0.33333334
v -0.00145 0.075 -0.49543 1.0 1.0 0.33333334
v 3e-05 0.075 -0.4952 1.0 1.0 0.33333334
v 0.0 0.10036 -0.5 1.0 1.0 0.33333334
v 3e-05 0.10036 -0.4952 1.0 1.0 0.33333334
v -0.00145 0.10036 -0.49543 1.0 1.0 0.33333334
v 3e-05 0.075 -0.4952 1.0 1.0 0.33333334
v -0.00145 0.075 -0.49543 1.0 1.0 0.33333334
v -0.00145 0.10036 -0.49543 1.0 1.0 0.33333334
v 3e-05 0.075 -0.4952 1.0 1.0 0.33333334
v -0.00145 0.10036 -0.49543 1.0 1.0 0.33333334
v 3e-05 0.10036 -0.4952 1.0 1.0 0.33333334
v 0.0 0.075 -0.5 1.0 1.0 0.33333334
v -0.0028 0.075 -0.4961 1.0 1.0 0.33333334
v -0.00145 0.075 -0.49543 1.0 1.0 0.33333334
v 0.0 0.10036 -0.5 1.0 1.0 0.33333334
v -0.00145 0.10036 -0.49543 1.0 1.0 0.33333334
v -0.0028 0.10036 -0.4961 1.0 1.0 0.33333334
v -0.00145 0.075 -0.49543 1.0 1.0 0.33333334
v -0.0028 0.075 -0.4961 1.0 1.0 0.33333334
v -0.0028 0.10036 -0.4961 1.0 1.0 0.33333334
v -0.00145 0.075 -0.49543 1.0 1.0 0.33333334
v -0.0028 0.10036 -0.4961 1.0 1.0 0.33333334
v -0.00145 0.10036 -0.49543 1.0 1.0 0.33333334
v 0.0 0.075 -0.5 1.0 1.0 0.33333334
v -0.00386 0.075 -0.49715 1.0 1.0 0.33333334
v -0.0028 0.075 -0.4961 1.0 1.0 0.33333334
v 0.0 0.10036 -0.5 1.0 1.0 0.33333334
v -0.0028 0.10036 -0.4961 1.0 1.0 0.33333334
v -0.00386 0.10036 -0.49715 1.0 1.0 0.33333334
v -0.0028 0.075 -0.4961 1.0 1.0 0.33333334
v -0.00386 0.075 -0.49715 1.0 1.0 0.33333334
v -0.00386 0.10036 -0.49715 1.0 1.0 0.33333334
v -0.0028 0.075 -0.4961 1.0 1.0 0.33333334
v -0.00386 0.10036 -0.49715 1.0 1.0 0.33333334
v -0.0028 0.10036 -0.4961 1.0 1.0 0.33333334
v 0.0 0.075 -0.5 1.0 1.0 0.33333334
v -0.00456 0.075 -0.49849 1.0 1.0 0.33333334
v -0.00386 0.075 -0.49715 1.0 1.0 0.33333334
v 0.0 0.10036 -0.5 1.0 1.0 0.33333334
v -0.00386 0.10036 -0.49715 1.0 1.0 0.33333334
v -0.00456 0.10036 -0.49849 1.0 1.0 0.33333334
v -0.00386 0.075 -0.49715 1.0 1.0 0.33333334
v -0.00456 0.075 -0.49849 1.0 1.0 0.33333334
v -0.00456 0.10036 -0.49849 1.0 1.0 0.33333334
v -0.00386 0.075 -0.49715 1.0 1.0 0.33333334
v -0.00456 0.10036 -0.49849 1.0 1.0 0.33333334
v -0.00386 0.10036 -0.49715 1.0 1.0 0.33333334
v 0.0 0.075 -0.5 1.0 1.0 0.33333334
v -0.0048 0.075 -0.49997 1.0 1.0 0.33333334
v -0.00456 0.075 -0.49849 1.0 1.0 0.33333334
v 0.0 0.10036 -0.5 1.0 1.0 0.33333334
v -0.00456 0.10036 -0.49849 1.0 1.0 0.33333334
v -0.0048 0.10036 -0.49997 1.0 1.0 0.33333334
v -0.00456 0.075 -0.49849 1.0 1.0 0.33333334
v -0.0048 0.075 -0.49997 1.0 1.0 0.33333334
v -0.0048 0.10036 -0.49997 1.0 1.0 0.33333334
v -0.00456 0.075 -0.49849 1.0 1.0 0.33333334
v -0.0048 0.10036 -0.49997 1.0 1.0 0.33333334
v -0.00456 0.10036 -0.49849 1.0 1.0 0.33333334
v 0.0 0.075 -0.5 1.0 1.0 0.33333334
v -0.00457 0.075 -0.50145 1.0 1.0 0.33333334
v -0.0048 0.075 -0.49997 1.0 1.0 0.33333334
v 0.0 0.10036 -0.5 1.0 1.0 0.33333334
v -0.0048 0.10036 -0.49997 1.0 1.0 0.33333334
v -0.00457 0.10036 -0.50145 1.0 1.0 0.33333334
v -0.0048 0.075 -0.49997 1.0 1.0 0.33333334
v -0.00457 0.075 -0.50145 1.0 1.0 0.33333334
v -0.00457 0.10036 -0.50145 1.0 1.0 0.33333334
v -0.0048 0.075 -0.49997 1.0 1.0 0.33333334
v -0.00457 0.10036 -0.50145 1.0 1.0 0.33333334
v -0.0048 0.10036 -0.49997 1.0 1.0 0.33333334
v 0.0 0.075 -0.5 1.0 1.0 0.33333334
v -0.0039 0.075 -0.5028 1.0 1.0 0.33333334
v -0.00457 0.075 -0.50145 1.0 1.0 0.33333334
v 0.0 0.10036 -0.5 1.0 1.0 0.33333334
v -0.00457 0.10036 -0.50145 1.0 1.0 0.33333334
v -0.0039 0.10036 -0.5028 1.0 1.0 0.33333334
v -0.00457 0.075 -0.50145 1.0 1.0 0.33333334
v -0.0039 0.075 -0.5028 1.0 1.0 0.33333334
v -0.0039 0.10036 -0.5028 1.0 1.0 0.33333334
v -0.00457 0.075 -0.50145 1.0 1.0 0.33333334
v -0.0039 0.10036 -0.5028 1.0 1.0 0.33333334
v -0.00457 0.10036 -0.50145 1.0 1.0 0.33333334
v 0.0 0.075 -0.5 1.0 1.0 0.33333334
v -0.00285 0.075 -0.50386 1.0 1.0 0.33333334
v -0.0039 0.075 -0.5028 1.0 1.0 0.33333334
v 0.0 0.10036 -0.5 1.0 1.0 0.33333334
v -0.0039 0.10036 -0.5028 1.0 1.0 0.33333334
v -0.00285 0.10036 -0.50386 1.0 1.0 0.33333334
v -0.0039 0.075 -0.5028 1.0 1.0 0.33333334
v -0.00285 0.075 -0.50386 1.0 1.0 0.33333334
v -0.00285 0.10036 -0.50386 1.0 1.0 0.33333334
v -0.0039 0.075 -0.5028 1.0 1.0 0.33333334
v -0.00285 0.10036 -0.50386 1.0 1.0 0.33333334
v -0.0039 0.10036 -0.5028 1.0 1.0 0.33333334
v 0.0 0.075 -0.5 1.0 1.0 0.33333334
v -0.00151 0.075 -0.50456 1.0 1.0 0.33333334
v -0.00285 0.075 -0.50386 1.0 1.0 0.33333334
v 0.0 0.10036 -0.5 1.0 1.0 0.33333334
v -0.00285 0.10036 -0.50386 1.0 1.0 0.33333334
v -0.00151 0.10036 -0.50456 1.0 1.0 0.33333334
v -0.00285 0.075 -0.50386 1.0 1.0 0.33333334
v -0.00151 0.075 -0.50456 1.0 1.0 0.33333334
v -0.00151 0.10036 -0.50456 1.0 1.0 0.33333334
v -0.00285 0.075 -0.50386 1.0 1.0 0.33333334
v -0.00151 0.10036 -0.50456 1.0 1.0 0.33333334
v -0.00285 0.10036 -0.50386 1.0 1.0 0.33333334
v 0.0 0.075 -0.5 1.0 1.0 0.33333334
v -3e-05 0.075 -0.5048 1.0 1.0 0.33333334
v -0.00151 0.075 -0.50456 1.0 1.0 0.33333334
v 0.0 0.10036 -0.5 1.0 1.0 0.33333334
v -0.00151 0.10036 -0.50456 1.0 1.0 0.33333334
v -3e-05 0.10036 -0.5048 1.0 1.0 0.33333334
v -0.00151 0.075 -0.50456 1.0 1.0 0.33333334
v -3e-05 0.075 -0.5048 1.0 1.0 0.33333334
v -3e-05 0.10036 -0.5048 1.0 1.0 0.33333334
v -0.00151 0.075 -0.50456 1.0 1.0 0.33333334
v -3e-05 0.10036 -0.5048 1.0 1.0 0.33333334
v -0.00151 0.10036 -0.50456 1.0 1.0 0.33333334
v 0.0 0.075 -0.5 1.0 1.0 0.33333334
v 0.00145 0.075 -0.50457 1.0 1.0 0.33333334
v -3e-05 0.075 -0.5048 1.0 1.0 0.33333334
v 0.0 0.10036 -0.5 1.0 1.0 0.33333334
v -3e-05 0.10036 -0.5048 1.0 1.0 0.33333334
v 0.00145 0.10036 -0.50457 1.0 1.0 0.33333334
v -3e-05 0.075 -0.5048 1.0 1.0 0.33333334
v 0.00145 0.075 -0.50457 1.0 1.0 0.33333334
v 0.00145 0.10036 -0.50457 1.0 1.0 0.33333334
v -3e-05 0.075 -0.5048 1.0 1.0 0.33333334
v 0.00145 0.10036 -0.50457 1.0 1.0 0.33333334
v -3e-05 0.10036 -0.5048 1.0 1.0 0.33333334
v 0.0 0.075 -0.5 1.0 1.0 0.33333334
v 0.0028 0.075 -0.5039 1.0 1.0 0.33333334
v 0.00145 0.075 -0.50457 1.0 1.0 0.33333334
v 0.0 0.10036 -0.5 1.0 1.0 0.33333334
v 0.00145 0.10036 -0.50457 1.0 1.0 0.33333334
v 0.0028 0.10036 -0.5039 1.0 1.0 0.33333334
v 0.00145 0.075 -0.50457 1.0 1.0 0.33333334
v 0.0028 0.075 -0.5039 1.0 1.0 0.33333334
v 0.0028 0.10036 -0.5039 1.0 1.0 0.33333334
v 0.00145 0.075 -0.50457 1.0 1.0 0.33333334
v 0.0028 0.10036 -0.5039 1.0 1.0 0.33333334
v 0.00145 0.10036 -0.50457 1.0 1.0 0.33333334
v 0.0 0.075 -0.5 1.0 1.0 0.33333334
v 0.00386 0.075 -0.50285 1.0 1.0 0.33333334
v 0.0028 0.075 -0.5039 1.0 1.0 0.33333334
v 0.0 0.10036 -0.5 1.0 1.0 0.33333334
v 0.0028 0.10036 -0.5039 1.0 1.0 0.33333334
v 0.00386 0.10036 -0.50285 1.0 1.0 0.33333334
v 0.0028 0.075 -0.5039 1.0 1.0 0.33333334
v 0.00386 0.075 -0.50285 1.0 1.0 0.33333334
v 0.00386 0.10036 -0.50285 1.0 1.0 0.33333334
v 0.0028 0.075 -0.5039 1.0 1.0 0.33333334
v 0.00386 0.10036 -0.50285 1.0 1.0 0.33333334
v 0.0028 0.10036 -0.5039 1.0 1.0 0.33333334
v 0.0 0.075 -0.5 1.0 1.0 0.33333334
v 0.00456 0.075 -0.50151 1.0 1.0 0.33333334
v 0.00386 0.075 -0.50285 1.0 1.0 0.33333334
v 0.0 0.10036 -0.5 1.0 1.0 0.33333334
v 0.00386 0.10036 -0.50285 1.0 1.0 0.33333334
v 0.00456 0.10036 -0.50151 1.0 1.0 0.33333334
v 0.00386 0.075 -0.50285 1.0 1.0 0.33333334
v 0.00456 0.075 -0.50151 1.0 1.0 0.33333334
v 0.00456 0.10036 -0.50151 1.0 1.0 0.33333334
v 0.00386 0.075 -0.50285 1.0 1.0 0.33333334
v 0.00456 0.10036 -0.50151 1.0 1.0 0.33333334
v 0.00386 0.10036 -0.50285 1.0 1.0 0.33333334
v 0.0 0.075 -0.5 1.0 1.0 0.33333334
v 0.0048 0.075 -0.50003 1.0 1.0 0.33333334
v 0.00456 0.075 -0.50151 1.0 1.0 0.33333334
v 0.0 0.10036 -0.5 1.0 1.0 0.33333334
v 0.00456 0.10036 -0.50151 1.0 1.0 0.33333334
v 0.0048 0.10036 -0.50003 1.0 1.0 0.33333334
v 0.00456 0.075 -0.50151 1.0 1.0 0.33333334
v 0.0048 0.075 -0.50003 1.0 1.0 0.33333334
v 0.0048 0.10036 -0.50003 1.0 1.0 0.33333334
v 0.00456 0.075 -0.50151 1.0 1.0 0.33333334
v 0.0048 0.10036 -0.50003 1.0 1.0 0.33333334
v 0.00456 0.10036 -0.50151 1.0 1.0 0.33333334
v 0.0 0.10036 -0.5 1.0 1.0 0.33333334
v 0.00429 0.10046 -0.49864 1.0 1.0 0.33333334
v 0.0045 0.10036 -0.50003 1.0 1.0 0.33333334
v -1e-05 0.11378 -0.5009 1.0 1.0 0.33333334
v 0.00449 0.11378 -0.50093 1.0 1.0 0.33333334
v 0.00428 0.11387 -0.49954 1.0 1.0 0.33333334
v 0.0045 0.10036 -0.50003 1.0 1.0 0.33333334
v 0.00429 0.10046 -0.49864 1.0 1.0 0.33333334
v 0.00428 0.11387 -0.49954 1.0 1.0 0.33333334
v 0.0045 0.10036 -0.50003 1.0 1.0 0.33333334
v 0.00428 0.11387 -0.49954 1.0 1.0 0.33333334
v 0.00449 0.11378 -0.50093 1.0 1.0 0.33333334
v 0.0 0.10036 -0.5 1.0 1.0 0.33333334
v 0.00366 0.10054 -0.49738 1.0 1.0 0.33333334
v 0.00429 0.10046 -0.49864 1.0 1.0 0.33333334
v -1e-05 0.11378 -0.5009 1.0 1.0 0.33333334
v 0.00428 0.11387 -0.49954 1.0 1.0 0.33333334
v 0.00365 0.11396 -0.49829 1.0 1.0 0.33333334
v 0.00429 0.10046 -0.49864 1.0 1.0 0.33333334
v 0.00366 0.10054 -0.49738 1.0 1.0 0.33333334
v 0.00365 0.11396 -0.49829 1.0 1.0 0.33333334
v 0.00429 0.10046 -0.49864 1.0 1.0 0.33333334
v 0.00365 0.11396 -0.49829 1.0 1.0 0.33333334
v 0.00428 0.11387 -0.49954 1.0 1.0 0.33333334
v 0.0 0.10036 -0.5 1.0 1.0 0.33333334
v 0.00267 0.10061 -0.49639 1.0 1.0 0.33333334
v 0.00366 0.10054 -0.49738 1.0 1.0 0.33333334
v -1e-05 0.11378 -0.5009 1.0 1.0 0.33333334
v 0.00365 0.11396 -0.49829 1.0 1.0 0.33333334
v 0.00266 0.11402 -0.49729 1.0 1.0 0.33333334
v 0.00366 0.10054 -0.49738 1.0 1.0 0.33333334
v 0.00267 0.10061 -0.49639 1.0 1.0 0.33333334
v 0.00266 0.11402 -0.49729 1.0 1.0 0.33333334
v 0.00366 0.10054 -0.49738 1.0 1.0 0.33333334
v 0.00266 0.11402 -0.49729 1.0 1.0 0.33333334
v 0.00365 0.11396 -0.49829 1.0 1.0 0.33333334
v 0.0 0.10036 -0.5 1.0 1.0 0.33333334
v 0.00142 0.10065 -0.49574 1.0 1.0 0.33333334
v 0.00267 0.10061 -0.49639 1.0 1.0 0.33333334
v -1e-05 0.11378 -0.5009 1.0 1.0 0.33333334
v 0.00266 0.11402 -0.49729 1.0 1.0 0.33333334
v 0.00141 0.11407 -0.49664 1.0 1.0 0.33333334
v 0.00267 0.10061 -0.49639 1.0 1.0 0.33333334
v 0.00142 0.10065 -0.49574 1.0 1.0 0.33333334
v 0.00141 0.11407 -0.49664 1.0 1.0 0.33333334
v 0.00267 0.10061 -0.49639 1.0 1.0 0.33333334
v 0.00141 0.11407 -0.49664 1.0 1.0 0.33333334
v 0.00266 0.11402 -0.49729 1.0 1.0 0.33333334
v 0.0 0.10036 -0.5 1.0 1.0 0.33333334
v 3e-05 0.10067 -0.49551 1.0 1.0 0.33333334
v 0.00142 0.10065 -0.49574 1.0 1.0 0.33333334
v -1e-05 0.11378 -0.5009 1.0 1.0 0.33333334
v 0.00141 0.11407 -0.49664 1.0 1.0 0.33333334
v 2e-05 0.11408 -0.49641 1.0 1.0 0.33333334
v 0.00142 0.10065 -0.49574 1.0 1.0 0.33333334
v 3e-05 0.10067 -0.49551 1.0 1.0 0.33333334
v 2e-05 0.11408 -0.49641 1.0 1.0 0.33333334
v 0.00142 0.10065 -0.49574 1.0 1.0 0.33333334
v 2e-05 0.11408 -0.49641 1.0 1.0 0.33333334
v 0.00141 0.11407 -0.49664 1.0 1.0 0.33333334
v 0.0 0.10036 -0.5 1.0 1.0 0.33333334
v -0.00136 0.10065 -0.49572 1.0 1.0 0.33333334
v 3e-05 0.10067 -0.49551 1.0 1.0 0.33333334
v -1e-05 0.11378 -0.5009 1.0 1.0 0.33333334
v 2e-05 0.11408 -0.49641 1.0 1.0 0.33333334
v -0.00137 0.11407 -0.49662 1.0 1.0 0.33333334
v 3e-05 0.10067 -0.49551 1.0 1.0 0.33333334
v -0.00136 0.10065 -0.49572 1.0 1.0 0.33333334
v -0.00137 0.11407 -0.49662 1.0 1.0 0.33333334
v 3e-05 0.10067 -0.49551 1.0 1.0 0.33333334
v -0.00137 0.11407 -0.49662 1.0 1.0 0.33333334
v 2e-05 0.11408 -0.49641 1.0 1.0 0.33333334
v 0.0 0.10036 -0.5 1.0 1.0 0.33333334
v -0.00262 0.10061 -0.49635 1.0 1.0 0.33333334
v -0.00136 0.10065 -0.49572 1.0 1.0 0.33333334
v -1e-05 0.11378 -0.5009 1.0 1.0 0.33333334
v -0.00137 0.11407 -0.49662 1.0 1.0 0.33333334
v -0.00263 0.11402 -0.49725 1.0 1.0 0.33333334
v -0.00136 0.10065 -0.49572 1.0 1.0 0.33333334
v -0.00262 0.10061 -0.49635 1.0 1.0 0.33333334
v -0.00263 0.11402 -0.49725 1.0 1.0 0.33333334
v -0.00136 0.10065 -0.49572 1.0 1.0 0.33333334
v -0.00263 0.11402 -0.49725 1.0 1.0 0.33333334
v -0.00137 0.11407 -0.49662 1.0 1.0 0.33333334
v 0.0 0.10036 -0.5 1.0 1.0 0.33333334
v -0.00362 0.10054 -0.49734 1.0 1.0 0.33333334
v -0.00262 0.10061 -0.49635 1.0 1.0 0.33333334
v -1e-05 0.11378 -0.5009 1.0 1.0 0.33333334
v -0.00263 0.11402 -0.49725 1.0 1.0 0.33333334
v -0.00363 0.11396 -0.49824 1.0 1.0 0.33333334
v -0.00262 0.10061 -0.49635 1.0 1.0 0.33333334
v -0.00362 0.10054 -0.49734 1.0 1.0 0.33333334
v -0.00363 0.11396 -0.49824 1.0 1.0 0.33333334
v -0.00262 0.10061 -0.49635 1.0 1.0 0.33333334
v -0.00363 0.11396 -0.49824 1.0 1.0 0.33333334
v -0.00263 0.11402 -0.49725 1.0 1.0 0.33333334
v 0.0 0.10036 -0.5 1.0 1.0 0.33333334
v -0.00427 0.10046 -0.49858 1.0 1.0 0.33333334
v -0.00362 0.10054 -0.49734 1.0 1.0 0.33333334
v -1e-05 0.11378 -0.5009 1.0 1.0 0.33333334
v -0.00363 0.11396 -0.49824 1.0 1.0 0.33333334
v -0.00428 0.11387 -0.49949 1.0 1.0 0.33333334
v -0.00362 0.10054 -0.49734 1.0 1.0 0.33333334
v -0.00427 0.10046 -0.49858 1.0 1.0 0.33333334
v -0.00428 0.11387 -0.49949 1.0 1.0 0.33333334
v -0.00362 0.10054 -0.49734 1.0 1.0 0.33333334
v -0.00428 0.11387 -0.49949 1.0 1.0 0.33333334
v -0.00363 0.11396 -0.49824 1.0 1.0 0.33333334
v 0.0 0.10036 -0.5 1.0 1.0 0.33333334
v -0.0045 0.10036 -0.49997 1.0 1.0 0.33333334
v -0.00427 0.10046 -0.49858 1.0 1.0 0.33333334
v -1e-05 0.11378 -0.5009 1.0 1.0 0.33333334
v -0.00428 0.11387 -0.49949 1.0 1.0 0.33333334
v -0.00451 0.11378 -0.50087 1.0 1.0 0.33333334
v -0.00427 0.10046 -0.49858 1.0 1.0 0.33333334
v -0.0045 0.10036 -0.49997 1.0 1.0 0.33333334
v -0.00451 0.11378 -0.50087 1.0 1.0 0.33333334
v -0.00427 0.10046 -0.49858 1.0 1.0 0.33333334
v -0.00451 0.11378 -0.50087 1.0 1.0 0.33333334
v -0.00428 0.11387 -0.49949 1.0 1.0 0.33333334
v 0.0 0.10036 -0.5 1.0 1.0 0.33333334
v -0.00429 0.10027 -0.50136 1.0 1.0 0.33333334
v -0.0045 0.10036 -0.49997 1.0 1.0 0.33333334
v -1e-05 0.11378 -0.5009 1.0 1.0 0.33333334
v -0.00451 0.11378 -0.50087 1.0 1.0 0.33333334
v -0.00429 0.11369 -0.50226 1.0 1.0 0.33333334
v -0.0045 0.10036 -0.49997 1.0 1.0 0.33333334
v -0.00429 0.10027 -0.50136 1.0 1.0 0.33333334
v -0.00429 0.11369 -0.50226 1.0 1.0 0.33333334
v -0.0045 0.10036 -0.49997 1.0 1.0 0.33333334
v -0.00429 0.11369 -0.50226 1.0 1.0 0.33333334
v -0.00451 0.11378 -0.50087 1.0 1.0 0.33333334
v 0.0 0.10036 -0.5 1.0 1.0 0.33333334
v -0.00366 0.10019 -0.50262 1.0 1.0 0.33333334
v -0.00429 0.10027 -0.50136 1.0 1.0 0.33333334
v -1e-05 0.11378 -0.5009 1.0 1.0 0.33333334
v -0.00429 0.11369 -0.50226 1.0 1.0 0.33333334
v -0.00366 0.1136 -0.50352 1.0 1.0 0.33333334
v -0.00429 0.10027 -0.50136 1.0 1.0 0.33333334
v -0.00366 0.10019 -0.50262 1.0 1.0 0.33333334
v -0.00366 0.1136 -0.50352 1.0 1.0 0.33333334
v -0.00429 0.10027 -0.50136 1.0 1.0 0.33333334
v -0.00366 0.1136 -0.50352 1.0 1.0 0.33333334
v -0.00429 0.11369 -0.50226 1.0 1.0 0.33333334
v 0.0 0.10036 -0.5 1.0 1.0 0.33333334
v -0.00267 0.10012 -0.50361 1.0 1.0 0.33333334
v -0.00366 0.10019 -0.50262 1.0 1.0 0.33333334
v -1e-05 0.11378 -0.5009 1.0 1.0 0.33333334
v -0.00366 0.1136 -0.50352 1.0 1.0 0.33333334
v -0.00267 0.11353 -0.50452 1.0 1.0 0.33333334
v -0.00366 0.10019 -0.50262 1.0 1.0 0.33333334
v -0.00267 0.10012 -0.50361 1.0 1.0 0.33333334
v -0.00267 0.11353 -0.50452 1.0 1.0 0.33333334
v -0.00366 0.10019 -0.50262 1.0 1.0 0.33333334
v -0.00267 0.11353 -0.50452 1.0 1.0 0.33333334
v -0.00366 0.1136 -0.50352 1.0 1.0 0.33333334
v 0.0 0.10036 -0.5 1.0 1.0 0.33333334
v -0.00142 0.10008 -0.50426 1.0 1.0 0.33333334
v -0.00267 0.10012 -0.50361 1.0 1.0 0.33333334
v -1e-05 0.11378 -0.5009 1.0 1.0 0.33333334
v -0.00267 0.11353 -0.50452 1.0 1.0 0.33333334
v -0.00142 0.11349 -0.50516 1.0 1.0 0.33333334
v -0.00267 0.10012 -0.50361 1.0 1.0 0.33333334
v -0.00142 0.10008 -0.50426 1.0 1.0 0.33333334
v -0.00142 0.11349 -0.50516 1.0 1.0 0.33333334
v -0.00267 0.10012 -0.50361 1.0 1.0 0.33333334
v -0.00142 0.11349 -0.50516 1.0 1.0 0.33333334
v -0.00267 0.11353 -0.50452 1.0 1.0 0.33333334
v 0.0 0.10036 -0.5 1.0 1.0 0.33333334
v -3e-05 0.10006 -0.50449 1.0 1.0 0.33333334
v -0.00142 0.10008 -0.50426 1.0 1.0 0.33333334
v -1e-05 0.11378 -0.5009 1.0 1.0 0.33333334
v -0.00142 0.11349 -0.50516 1.0 1.0 0.33333334
v -4e-05 0.11348 -0.50539 1.0 1.0 0.33333334
v -0.00142 0.10008 -0.50426 1.0 1.0 0.33333334
v -3e-05 0.10006 -0.50449 1.0 1.0 0.33333334
v -4e-05 0.11348 -0.50539 1.0 1.0 0.33333334
v -0.00142 0.10008 -0.50426 1.0 1.0 0.33333334
v -4e-05 0.11348 -0.50539 1.0 1.0 0.33333334
v -0.00142 0.11349 -0.50516 1.0 1.0 0.33333334
v 0.0 0.10036 -0.5 1.0 1.0 0.33333334
v 0.00136 0.10008 -0.50428 1.0 1.0 0.33333334
v -3e-05 0.10006 -0.50449 1.0 1.0 0.33333334
v -1e-05 0.11378 -0.5009 1.0 1.0 0.33333334
v -4e-05 0.11348 -0.50539 1.0 1.0 0.33333334
v 0.00136 0.11349 -0.50518 1.0 1.0 0.33333334
v -3e-05 0.10006 -0.50449 1.0 1.0 0.33333334
v 0.00136 0.10008 -0.50428 1.0 1.0 0.33333334
v 0.00136 0.11349 -0.50518 1.0 1.0 0.33333334
v -3e-05 0.10006 -0.50449 1.0 1.0 0.33333334
v 0.00136 0.11349 -0.50518 1.0 1.0 0.33333334
v -4e-05 0.11348 -0.50539 1.0 1.0 0.33333334
v 0.0 0.10036 -0.5 1.0 1.0 0.33333334
v 0.00262 0.10012 -0.50365 1.0 1.0 0.33333334
v 0.00136 0.10008 -0.50428 1.0 1.0 0.33333334
v -1e-05 0.11378 -0.5009 1.0 1.0 0.33333334
v 0.00136 0.11349 -0.50518 1.0 1.0 0.33333334
v 0.00262 0.11353 -0.50455 1.0 1.0 0.33333334
v 0.00136 0.10008 -0.50428 1.0 1.0 0.33333334
v 0.00262 0.10012 -0.50365 1.0 1.0 0.33333334
v 0.00262 0.11353 -0.50455 1.0 1.0 0.33333334
v 0.00136 0.10008 -0.50428 1.0 1.0 0.33333334
v 0.00262 0.11353 -0.50455 1.0 1.0 0.33333334
v 0.00136 0.11349 -0.50518 1.0 1.0 0.33333334
v 0.0 0.10036 -0.5 1.0 1.0 0.33333334
v 0.00362 0.10019 -0.50266 1.0 1.0 0.33333334
v 0.00262 0.10012 -0.50365 1.0 1.0 0.33333334
v -1e-05 0.11378 -0.5009 1.0 1.0 0.33333334
v 0.00262 0.11353 -0.50455 1.0 1.0 0.33333334
v 0.00362 0.1136 -0.50356 1.0 1.0 0.33333334
v 0.00262 0.10012 -0.50365 1.0 1.0 0.33333334
v 0.00362 0.10019 -0.50266 1.0 1.0 0.33333334
v 0.00362 0.1136 -0.50356 1.0 1.0 0.33333334
v 0.00262 0.10012 -0.50365 1.0 1.0 0.33333334
v 0.00362 0.1136 -0.50356 1.0 1.0 0.33333334
v 0.00262 0.11353 -0.50455 1.0 1.0 0.33333334
v 0.0 0.10036 -0.5 1.0 1.0 0.33333334
v 0.00427 0.10027 -0.50142 1.0 1.0 0.33333334
v 0.00362 0.10019 -0.50266 1.0 1.0 0.33333334
v -1e-05 0.11378 -0.5009 1.0 1.0 0.33333334
v 0.00362 0.1136 -0.50356 1.0 1.0 0.33333334
v 0.00426 0.11369 -0.50232 1.0 1.0 0.33333334
v 0.00362 0.10019 -0.50266 1.0 1.0 0.33333334
v 0.00427 0.10027 -0.50142 1.0 1.0 0.33333334
v 0.00426 0.11369 -0.50232 1.0 1.0 0.33333334
v 0.00362 0.10019 -0.50266 1.0 1.0 0.33333334
v 0.00426 0.11369 -0.50232 1.0 1.0 0.33333334
v 0.00362 0.1136 -0.50356 1.0 1.0 0.33333334
v 0.0 0.10036 -0.5 1.0 1.0 0.33333334
v 0.0045 0.10036 -0.50003 1.0 1.0 0.33333334
v 0.00427 0.10027 -0.50142 1.0 1.0 0.33333334
v -1e-05 0.11378 -0.5009 1.0 1.0 0.33333334
v 0.00426 0.11369 -0.50232 1.0 1.0 0.33333334
v 0.00449 0.11378 -0.50093 1.0 1.0 0.33333334
v 0.00427 0.10027 -0.50142 1.0 1.0 0.33333334
v 0.0045 0.10036 -0.50003 1.0 1.0 0.33333334
v 0.00449 0.11378 -0.50093 1.0 1.0 0.33333334
v 0.00427 0.10027 -0.50142 1.0 1.0 0.33333334
v 0.00449 0.11378 -0.50093 1.0 1.0 0.33333334
v 0.00426 0.11369 -0.50232 1.0 1.0 0.33333334
v 1.5 0.075 -0.5 1.0 1.0 0.33333334
v 1.50465 0.075 -0.49881 1.0 1.0 0.33333334
v 1.50479 0.075 -0.5003 1.0 1.0 0.33333334
v 1.5 0.10036 -0.5 1.0 1.0 0.33333334
v 1.50479 0.10036 -0.5003 1.0 1.0 0.33333334
v 1.50465 0.10036 -0.49881 1.0 1.0 0.33333334
v 1.50479 0.075 -0.5003 1.0 1.0 0.33333334
v 1.50465 0.075 -0.49881 1.0 1.0 0.33333334
v 1.50465 0.10036 -0.49881 1.0 1.0 0.33333334
v 1.50479 0.075 -0.5003 1.0 1.0 0.33333334
v 1.50465 0.10036 -0.49881 1.0 1.0 0.33333334
v 1.50479 0.10036 -0.5003 1.0 1.0 0.33333334
v 1.5 0.075 -0.5 1.0 1.0 0.33333334
v 1.50405 0.075 -0.49743 1.0 1.0 0.33333334
v 1.50465 0.075 -0.49881 1.0 1.0 0.33333334
v 1.5 0.10036 -0.5 1.0 1.0 0.33333334
v 1.50465 0.10036 -0.49881 1.0 1.0 0.33333334
v 1.50405 0.10036 -0.49743 1.0 1.0 0.33333334
v 1.50465 0.075 -0.49881 1.0 1.0 0.33333334
v 1.50405 0.075 -0.49743 1.0 1.0 0.33333334
v 1.50405 0.10036 -0.49743 1.0 1.0 0.33333334
v 1.50465 0.075 -0.49881 1.0 1.0 0.33333334
v 1.50405 0.10036 -0.49743 1.0 1.0 0.33333334
v 1.50465 0.10036 -0.49881 1.0 1.0 0.33333334
v 1.5 0.075 -0.5 1.0 1.0 0.33333334
v 1.50306 0.075 -0.4963 1.0 1.0 0.33333334
v 1.50405 0.075 -0.49743 1.0 1.0 0.33333334
v 1.5 0.10036 -0.5 1.0 1.0 0.33333334
v 1.50405 0.10036 -0.49743 1.0 1.0 0.33333334
v 1.50306 0.10036 -0.4963 1.0 1.0 0.33333334
v 1.50405 0.075 -0.49743 1.0 1.0 0.33333334
v 1.50306 0.075 -0.4963 1.0 1.0 0.33333334
v 1.50306 0.10036 -0.4963 1.0 1.0 0.33333334
v 1.50405 0.075 -0.49743 1.0 1.0 0.33333334
v 1.50306 0.10036 -0.4963 1.0 1.0 0.33333334
v 1.50405 0.10036 -0.49743 1.0 1.0 0.33333334
v 1.5 0.075 -0.5 1.0 1.0 0.33333334
v 1.50177 0.075 -0.49554 1.0 1.0 0.33333334
v 1.50306 0.075 -0.4963 1.0 1.0 0.33333334
v 1.5 0.10036 -0.5 1.0 1.0 0.33333334
v 1.50306 0.10036 -0.4963 1.0 1.0 0.33333334
v 1.50177 0.10036 -0.49554 1.0 1.0 0.33333334
v 1.50306 0.075 -0.4963 1.0 1.0 0.33333334
v 1.50177 0.075 -0.49554 1.0 1.0 0.33333334
v 1.50177 0.10036 -0.49554 1.0 1.0 0.33333334
v 1.50306 0.075 -0.4963 1.0 1.0 0.33333334
v 1.50177 0.10036 -0.49554 1.0 1.0 0.33333334
v 1.50306 0.10036 -0.4963 1.0 1.0 0.33333334
v 1.5 0.075 -0.5 1.0 1.0 0.33333334
v 1.5003 0.075 -0.49521 1.0 1.0 0.33333334
v 1.50177 0.075 -0.49554 1.0 1.0 0.33333334
v 1.5 0.10036 -0.5 1.0 1.0 0.33333334
v 1.50177 0.10036 -0.49554 1.0 1.0 0.33333334
v 1.5003 0.10036 -0.49521 1.0 1.0 0.33333334
v 1.50177 0.075 -0.49554 1.0 1.0 0.33333334
v 1.5003 0.075 -0.49521 1.0 1.0 0.33333334
v 1.5003 0.10036 -0.49521 1.0 1.0 0.33333334
v 1.50177 0.075 -0.49554 1.0 1.0 0.33333334
v 1.5003 0.10036 -0.49521 1.0 1.0 0.33333334
v 1.50177 0.10036 -0.49554 1.0 1.0 0.33333334
v 1.5 0.075 -0.5 1.0 1.0 0.33333334
v 1.49881 0.075 -0.49535 1.0 1.0 0.33333334
v 1.5003 0.075 -0.49521 1.0 1.0 0.33333334
v 1.5 0.10036 -0.5 1.0 1.0 0.33333334
v 1.5003 0.10036 -0.49521 1.0 1.0 0.33333334
v 1.49881 0.10036 -0.49535 1.0 1.0 0.33333334
v 1.5003 0.075 -0.49521 1.0 1.0 0.33333334
v 1.49881 0.075 -0.49535 1.0 1.0 0.33333334
v 1.49881 0.10036 -0.49535 1.0 1.0 0.33333334
v 1.5003 0.075 -0.49521 1.0 1.0 0.33333334
v 1.49881 0.10036 -0.49535 1.0 1.0 0.33333334
v 1.5003 0.10036 -0.49521 1.0 1.0 0.33333334
v 1.5 0.075 -0.5 1.0 1.0 0.33333334
v 1.49743 0.075 -0.49595 1.0 1.0 0.33333334
v 1.49881 0.075 -0.49535 1.0 1.0 0.33333334
v 1.5 0.10036 -0.5 1.0 1.0 0.33333334
v 1.49881 0.10036 -0.49535 1.0 1.0 0.33333334
v 1.49743 0.10036 -0.49595 1.0 1.0 0.33333334
v 1.49881 0.075 -0.49535 1.0 1.0 0.33333334
v 1.49743 0.075 -0.49595 1.0 1.0 0.33333334
v 1.49743 0.10036 -0.49595 1.0 1.0 0.33333334
v 1.49881 0.075 -0.49535 1.0 1.0 0.33333334
v 1.49743 0.10036 -0.49595 1.0 1.0 0.33333334
v 1.49881 0.10036 -0.49535 1.0 1.0 0.33333334
v 1.5 0.075 -0.5 1.0 1.0 0.33333334
v 1.4963 0.075 -0.49694 1.0 1.0 0.33333334
v 1.49743 0.075 -0.49595 1.0 1.0 0.33333334
v 1.5 0.10036 -0.5 1.0 1.0 0.33333334
v 1.49743 0.10036 -0.49595 1.0 1.0 0.33333334
v 1.4963 0.10036 -0.49694 1.0 1.0 0.33333334
v 1.49743 0.075 -0.49595 1.0 1.0 0.33333334
v 1.4963 0.075 -0.49694 1.0 1.0 0.33333334
v 1.4963 0.10036 -0.49694 1.0 1.0 0.33333334
v 1.49743 0.075 -0.49595 1.0 1.0 0.33333334
v 1.4963 0.10036 -0.49694 1.0 1.0 0.33333334
v 1.49743 0.10036 -0.49595 1.0 1.0 0.33333334
v 1.5 0.075 -0.5 1.0 1.0 0.33333334
v 1.49554 0.075 -0.49823 1.0 1.0 0.33333334
v 1.4963 0.075 -0.49694 1.0 1.0 0.33333334
v 1.5 0.10036 -0.5 1.0 1.0 0.33333334
v 1.4963 0.10036 -0.49694 1.0 1.0 0.33333334
v 1.49554 0.10036 -0.49823 1.0 1.0 0.33333334
v 1.4963 0.075 -0.49694 1.0 1.0 0.33333334
v 1.49554 0.075 -0.49823 1.0 1.0 0.33333334
v 1.49554 0.10036 -0.49823 1.0 1.0 0.33333334
v 1.4963 0.075 -0.49694 1.0 1.0 0.33333334
v 1.49554 0.10036 -0.49823 1.0 1.0 0.33333334
v 1.4963 0.10036 -0.49694 1.0 1.0 0.33333334
v 1.5 0.075 -0.5 1.0 1.0 0.33333334
v 1.49521 0.075 -0.4997 1.0 1.0 0.33333334
v 1.49554 0.075 -0.49823 1.0 1.0 0.33333334
v 1.5 0.10036 -0.5 1.0 1.0 0.33333334
v 1.49554 0.10036 -0.49823 1.0 1.0 0.33333334
v 1.49521 0.10036 -0.4997 1.0 1.0 0.33333334
v 1.49554 0.075 -0.49823 1.0 1.0 0.33333334
v 1.49521 0.075 -0.4997 1.0 1.0 0.33333334
v 1.49521 0.10036 -0.4997 1.0 1.0 0.33333334
v 1.49554 0.075 -0.49823 1.0 1.0 0.33333334
v 1.49521 0.10036 -0.4997 1.0 1.0 0.33333334
v 1.49554 0.10036 -0.49823 1.0 1.0 0.33333334
v 1.5 0.075 -0.5 1.0 1.0 0.33333334
v 1.49535 0.075 -0.50119 1.0 1.0 0.33333334
v 1.49521 0.075 -0.4997 1.0 1.0 0.33333334
v 1.5 0.10036 -0.5 1.0 1.0 0.33333334
v 1.49521 0.10036 -0.4997 1.0 1.0 0.33333334
v 1.49535 0.10036 -0.50119 1.0 1.0 0.33333334
v 1.49521 0.075 -0.4997 1.0 1.0 0.33333334
v 1.49535 0.075 -0.50119 1.0 1.0 0.33333334
v 1.49535 0.10036 -0.50119 1.0 1.0 0.33333334
v 1.49521 0.075 -0.4997 1.0 1.0 0.33333334
v 1.49535 0.10036 -0.50119 1.0 1.0 0.33333334
v 1.49521 0.10036 -0.4997 1.0 1.0 0.33333334
v 1.5 0.075 -0.5 1.0 1.0 0.33333334
v 1.49595 0.075 -0.50257 1.0 1.0 0.33333334
v 1.49535 0.075 -0.50119 1.0 1.0 0.33333334
v 1.5 0.10036 -0.5 1.0 1.0 0.33333334
v 1.49535 0.10036 -0.50119 1.0 1.0 0.33333334
v 1.49595 0.10036 -0.50257 1.0 1.0 0.33333334
v 1.49535 0.075 -0.50119 1.0 1.0 0.33333334
v 1.49595 0.075 -0.50257 1.0 1.0 0.33333334
v 1.49595 0.10036 -0.50257 1.0 1.0 0.33333334
v 1.49535 0.075 -0.50119 1.0 1.0 0.33333334
v 1.49595 0.10036 -0.50257 1.0 1.0 0.33333334
v 1.49535 0.10036 -0.50119 1.0 1.0 0.33333334
v 1.5 0.075 -0.5 1.0 1.0 0.33333334
v 1.49694 0.075 -0.5037 1.0 1.0 0.33333334
v 1.49595 0.075 -0.50257 1.0 1.0 0.33333334
v 1.5 0.10036 -0.5 1.0 1.0 0.33333334
v 1.49595 0.10036 -0.50257 1.0 1.0 0.33333334
v 1.49694 0.10036 -0.5037 1.0 1.0 0.33333334
v 1.49595 0.075 -0.50257 1.0 1.0 0.33333334
v 1.49694 0.075 -0.5037 1.0 1.0 0.33333334
v 1.49694 0.10036 -0.5037 1.0 1.0 0.33333334
v 1.49595 0.075 -0.50257 1.0 1.0 0.33333334
v 1.49694 0.10036 -0.5037 1.0 1.0 0.33333334
v 1.49595 0.10036 -0.50257 1.0 1.0 0.33333334
v 1.5 0.075 -0.5 1.0 1.0 0.33333334
v 1.49823 0.075 -0.50446 1.0 1.0 0.33333334
v 1.49694 0.075 -0.5037 1.0 1.0 0.33333334
v 1.5 0.10036 -0.5 1.0 1.0 0.33333334
v 1.49694 0.10036 -0.5037 1.0 1.0 0.33333334
v 1.49823 0.10036 -0.50446 1.0 1.0 0.33333334
v 1.49694 0.075 -0.5037 1.0 1.0 0.33333334
v 1.49823 0.075 -0.50446 1.0 1.0 0.33333334
v 1.49823 0.10036 -0.50446 1.0 1.0 0.33333334
v 1.49694 0.075 -0.5037 1.0 1.0 0.33333334
v 1.49823 0.10036 -0.50446 1.0 1.0 0.33333334
v 1.49694 0.10036 -0.5037 1.0 1.0 0.33333334
v 1.5 0.075 -0.5 1.0 1.0 0.33333334
v 1.4997 0.075 -0.50479 1.0 1.0 0.33333334
v 1.49823 0.075 -0.50446 1.0 1.0 0.33333334
v 1.5 0.10036 -0.5 1.0 1.0 0.33333334
v 1.49823 0.10036 -0.50446 1.0 1.0 0.33333334
v 1.4997 0.10036 -0.50479 1.0 1.0 0.33333334
v 1.49823 0.075 -0.50446 1.0 1.0 0.33333334
v 1.4997 0.075 -0.50479 1.0 1.0 0.33333334
v 1.4997 0.10036 -0.50479 1.0 1.0 0.33333334
v 1.49823 0.075 -0.50446 1.0 1.0 0.33333334
v 1.4997 0.10036 -0.50479 1.0 1.0 0.33333334
v 1.49823 0.10036 -0.50446 1.0 1.0 0.33333334
v 1.5 0.075 -0.5 1.0 1.0 0.33333334
v 1.50119 0.075 -0.50465 1.0 1.0 0.33333334
v 1.4997 0.075 -0.50479 1.0 1.0 0.33333334
v 1.5 0.10036 -0.5 1.0 1.0 0.33333334
v 1.4997 0.10036 -0.50479 1.0 1.0 0.33333334
v 1.50119 0.10036 -0.50465 1.0 1.0 0.33333334
v 1.4997 0.075 -0.50479 1.0 1.0 0.33333334
v 1.50119 0.075 -0.50465 1.0 1.0 0.33333334
v 1.50119 0.10036 -0.50465 1.0 1.0 0.33333334
v 1.4997 0.075 -0.50479 1.0 1.0 0.33333334
v 1.50119 0.10036 -0.50465 1.0 1.0 0.33333334
v 1.4997 0.10036 -0.50479 1.0 1.0 0.33333334
v 1.5 0.075 -0.5 1.0 1.0 0.33333334
v 1.50257 0.075 -0.50405 1.0 1.0 0.33333334
v 1.50119 0.075 -0.50465 1.0 1.0 0.33333334
v 1.5 0.10036 -0.5 1.0 1.0 0.33333334
v 1.50119 0.10036 -0.50465 1.0 1.0 0.33333334
v 1.50257 0.10036 -0.50405 1.0 1.0 0.33333334
v 1.50119 0.075 -0.50465 1.0 1.0 0.33333334
v 1.50257 0.075 -0.50405 1.0 1.0 0.33333334
v 1.50257 0.10036 -0.50405 1.0 1.0 0.33333334
v 1.50119 0.075 -0.50465 1.0 1.0 0.33333334
v 1.50257 0.10036 -0.50405 1.0 1.0 0.33333334
v 1.50119 0.10036 -0.50465 1.0 1.0 0.33333334
v 1.5 0.075 -0.5 1.0 1.0 0.33333334
v 1.5037 0.075 -0.50306 1.0 1.0 0.33333334
v 1.50257 0.075 -0.50405 1.0 1.0 0.33333334
v 1.5 0.10036 -0.5 1.0 1.0 0.33333334
v 1.50257 0.10036 -0.50405 1.0 1.0 0.33333334
v 1.5037 0.10036 -0.50306 1.0 1.0 0.33333334
v 1.50257 0.075 -0.50405 1.0 1.0 0.33333334
v 1.5037 0.075 -0.50306 1.0 1.0 0.33333334
v 1.5037 0.10036 -0.50306 1.0 1.0 0.33333334
v 1.50257 0.075 -0.50405 1.0 1.0 0.33333334
v 1.5037 0.10036 -0.50306 1.0 1.0 0.33333334
v 1.50257 0.10036 -0.50405 1.0 1.0 0.33333334
v 1.5 0.075 -0.5 1.0 1.0 0.33333334
v 1.50446 0.075 -0.50177 1.0 1.0 0.33333334
v 1.5037 0.075 -0.50306 1.0 1.0 0.33333334
v 1.5 0.10036 -0.5 1.0 1.0 0.33333334
v 1.5037 0.10036 -0.50306 1.0 1.0 0.33333334
v 1.50446 0.10036 -0.50177 1.0 1.0 0.33333334
v 1.5037 0.075 -0.50306 1.0 1.0 0.33333334
v 1.50446 0.075 -0.50177 1.0 1.0 0.33333334
v 1.50446 0.10036 -0.50177 1.0 1.0 0.33333334
v 1.5037 0.075 -0.50306 1.0 1.0 0.33333334
v 1.50446 0.10036 -0.50177 1.0 1.0 0.33333334
v 1.5037 0.10036 -0.50306 1.0 1.0 0.33333334
v 1.5 0.075 -0.5 1.0 1.0 0.33333334
v 1.50479 0.075 -0.5003 1.0 1.0 0.33333334
v 1.50446 0.075 -0.50177 1.0 1.0 0.33333334
v 1.5 0.10036 -0.5 1.0 1.0 0.33333334
v 1.50446 0.10036 -0.50177 1.0 1.0 0.33333334
v 1.50479 0.10036 -0.5003 1.0 1.0 0.33333334
v 1.50446 0.075 -0.50177 1.0 1.0 0.33333334
v 1.50479 0.075 -0.5003 1.0 1.0 0.33333334
v 1.50479 0.10036 -0.5003 1.0 1.0 0.33333334
v 1.50446 0.075 -0.50177 1.0 1.0 0.33333334
v 1.50479 0.10036 -0.5003 1.0 1.0 0.33333334
v 1.50446 0.10036 -0.50177 1.0 1.0 0.33333334
v 1.5 0.10036 -0.5 1.0 1.0 0.33333334
v 1.50436 0.10046 -0.49889 1.0 1.0 0.33333334
v 1.50449 0.10036 -0.50029 1.0 1.0 0.33333334
v 1.49994 0.11378 -0.5009 1.0 1.0 0.33333334
v 1.50443 0.11378 -0.50119 1.0 1.0 0.33333334
v 1.5043 0.11387 -0.49979 1.0 1.0 0.33333334
v 1.50449 0.10036 -0.50029 1.0 1.0 0.33333334
v 1.50436 0.10046 -0.49889 1.0 1.0 0.33333334
v 1.5043 0.11387 -0.49979 1.0 1.0 0.33333334
v 1.50449 0.10036 -0.50029 1.0 1.0 0.33333334
v 1.5043 0.11387 -0.49979 1.0 1.0 0.33333334
v 1.50443 0.11378 -0.50119 1.0 1.0 0.33333334
v 1.5 0.10036 -0.5 1.0 1.0 0.33333334
v 1.5038 0.10054 -0.4976 1.0 1.0 0.33333334
v 1.50436 0.10046 -0.49889 1.0 1.0 0.33333334
v 1.49994 0.11378 -0.5009 1.0 1.0 0.33333334
v 1.5043 0.11387 -0.49979 1.0 1.0 0.33333334
v 1.50374 0.11396 -0.4985 1.0 1.0 0.33333334
v 1.50436 0.10046 -0.49889 1.0 1.0 0.33333334
v 1.5038 0.10054 -0.4976 1.0 1.0 0.33333334
v 1.50374 0.11396 -0.4985 1.0 1.0 0.33333334
v 1.50436 0.10046 -0.49889 1.0 1.0 0.33333334
v 1.50374 0.11396 -0.4985 1.0 1.0 0.33333334
v 1.5043 0.11387 -0.49979 1.0 1.0 0.33333334
v 1.5 0.10036 -0.5 1.0 1.0 0.33333334
v 1.50287 0.10061 -0.49654 1.0 1.0 0.33333334
v 1.5038 0.10054 -0.4976 1.0 1.0 0.33333334
v 1.49994 0.11378 -0.5009 1.0 1.0 0.33333334
v 1.50374 0.11396 -0.4985 1.0 1.0 0.33333334
v 1.50281 0.11402 -0.49744 1.0 1.0 0.33333334
v 1.5038 0.10054 -0.4976 1.0 1.0 0.33333334
v 1.50287 0.10061 -0.49654 1.0 1.0 0.33333334
v 1.50281 0.11402 -0.49744 1.0 1.0 0.33333334
v 1.5038 0.10054 -0.4976 1.0 1.0 0.33333334
v 1.50281 0.11402 -0.49744 1.0 1.0 0.33333334
v 1.50374 0.11396 -0.4985 1.0 1.0 0.33333334
v 1.5 0.10036 -0.5 1.0 1.0 0.33333334
v 1.50166 0.10065 -0.49583 1.0 1.0 0.33333334
v 1.50287 0.10061 -0.49654 1.0 1.0 0.33333334
v 1.49994 0.11378 -0.5009 1.0 1.0 0.33333334
v 1.50281 0.11402 -0.49744 1.0 1.0 0.33333334
v 1.5016 0.11407 -0.49673 1.0 1.0 0.33333334
v 1.50287 0.10061 -0.49654 1.0 1.0 0.33333334
v 1.50166 0.10065 -0.49583 1.0 1.0 0.33333334
v 1.5016 0.11407 -0.49673 1.0 1.0 0.33333334
v 1.50287 0.10061 -0.49654 1.0 1.0 0.33333334
v 1.5016 0.11407 -0.49673 1.0 1.0 0.33333334
v 1.50281 0.11402 -0.49744 1.0 1.0 0.33333334
v 1.5 0.10036 -0.5 1.0 1.0 0.33333334
v 1.50028 0.10067 -0.49552 1.0 1.0 0.33333334
v 1.50166 0.10065 -0.49583 1.0 1.0 0.33333334
v 1.49994 0.11378 -0.5009 1.0 1.0 0.33333334
v 1.5016 0.11407 -0.49673 1.0 1.0 0.33333334
v 1.50023 0.11408 -0.49642 1.0 1.0 0.33333334
v 1.50166 0.10065 -0.49583 1.0 1.0 0.33333334
v 1.50028 0.10067 -0.49552 1.0 1.0 0.33333334
v 1.50023 0.11408 -0.49642 1.0 1.0 0.33333334
v 1.50166 0.10065 -0.49583 1.0 1.0 0.33333334
v 1.50023 0.11408 -0.49642 1.0 1.0 0.33333334
v 1.5016 0.11407 -0.49673 1.0 1.0 0.33333334
v 1.5 0.10036 -0.5 1.0 1.0 0.33333334
v 1.49888 0.10065 -0.49565 1.0 1.0 0.33333334
v 1.50028 0.10067 -0.49552 1.0 1.0 0.33333334
v 1.49994 0.11378 -0.5009 1.0 1.0 0.33333334
v 1.50023 0.11408 -0.49642 1.0 1.0 0.33333334
v 1.49883 0.11407 -0.49655 1.0 1.0 0.33333334
v 1.50028 0.10067 -0.49552 1.0 1.0 0.33333334
v 1.49888 0.10065 -0.49565 1.0 1.0 0.33333334
v 1.49883 0.11407 -0.49655 1.0 1.0 0.33333334
v 1.50028 0.10067 -0.49552 1.0 1.0 0.33333334
v 1.49883 0.11407 -0.49655 1.0 1.0 0.33333334
v 1.50023 0.11408 -0.49642 1.0 1.0 0.33333334
v 1.5 0.10036 -0.5 1.0 1.0 0.33333334
v 1.49759 0.10061 -0.49621 1.0 1.0 0.33333334
v 1.49888 0.10065 -0.49565 1.0 1.0 0.33333334
v 1.49994 0.11378 -0.5009 1.0 1.0 0.33333334
v 1.49883 0.11407 -0.49655 1.0 1.0 0.33333334
v 1.49753 0.11402 -0.49711 1.0 1.0 0.33333334
v 1.49888 0.10065 -0.49565 1.0 1.0 0.33333334
v 1.49759 0.10061 -0.49621 1.0 1.0 0.33333334
v 1.49753 0.11402 -0.49711 1.0 1.0 0.33333334
v 1.49888 0.10065 -0.49565 1.0 1.0 0.33333334
v 1.49753 0.11402 -0.49711 1.0 1.0 0.33333334
v 1.49883 0.11407 -0.49655 1.0 1.0 0.33333334
v 1.5 0.10036 -0.5 1.0 1.0 0.33333334
v 1.49653 0.10054 -0.49714 1.0 1.0 0.33333334
v 1.49759 0.10061 -0.49621 1.0 1.0 0.33333334
v 1.49994 0.11378 -0.5009 1.0 1.0 0.33333334
v 1.49753 0.11402 -0.49711 1.0 1.0 0.33333334
v 1.49648 0.11396 -0.49804 1.0 1.0 0.33333334
v 1.49759 0.10061 -0.49621 1.0 1.0 0.33333334
v 1.49653 0.10054 -0.49714 1.0 1.0 0.33333334
v 1.49648 0.11396 -0.49804 1.0 1.0 0.33333334
v 1.49759 0.10061 -0.49621 1.0 1.0 0.33333334
v 1.49648 0.11396 -0.49804 1.0 1.0 0.33333334
v 1.49753 0.11402 -0.49711 1.0 1.0 0.33333334
v 1.5 0.10036 -0.5 1.0 1.0 0.33333334
v 1.49582 0.10046 -0.49834 1.0 1.0 0.33333334
v 1.49653 0.10054 -0.49714 1.0 1.0 0.33333334
v 1.49994 0.11378 -0.5009 1.0 1.0 0.33333334
v 1.49648 0.11396 -0.49804 1.0 1.0 0.33333334
v 1.49576 0.11387 -0.49924 1.0 1.0 0.33333334
v 1.49653 0.10054 -0.49714 1.0 1.0 0.33333334
v 1.49582 0.10046 -0.49834 1.0 1.0 0.33333334
v 1.49576 0.11387 -0.49924 1.0 1.0 0.33333334
v 1.49653 0.10054 -0.49714 1.0 1.0 0.33333334
v 1.49576 0.11387 -0.49924 1.0 1.0 0.33333334
v 1.49648 0.11396 -0.49804 1.0 1.0 0.33333334
v 1.5 0.10036 -0.5 1.0 1.0 0.33333334
v 1.49551 0.10036 -0.49971 1.0 1.0 0.33333334
v 1.49582 0.10046 -0.49834 1.0 1.0 0.33333334
v 1.49994 0.11378 -0.5009 1.0 1.0 0.33333334
v 1.49576 0.11387 -0.49924 1.0 1.0 0.33333334
v 1.49545 0.11378 -0.50061 1.0 1.0 0.33333334
v 1.49582 0.10046 -0.49834 1.0 1.0 0.33333334
v 1.49551 0.10036 -0.49971 1.0 1.0 0.33333334
v 1.49545 0.11378 -0.50061 1.0 1.0 0.33333334
v 1.49582 0.10046 -0.49834 1.0 1.0 0.33333334
v 1.49545 0.11378 -0.50061 1.0 1.0 0.33333334
v 1.49576 0.11387 -0.49924 1.0 1.0 0.33333334
v 1.5 0.10036 -0.5 1.0 1.0 0.33333334
v 1.49564 0.10027 -0.50111 1.0 1.0 0.33333334
v 1.49551 0.10036 -0.49971 1.0 1.0 0.33333334
v 1.49994 0.11378 -0.5009 1.0 1.0 0.33333334
v 1.49545 0.11378 -0.50061 1.0 1.0 0.33333334
v 1.49558 0.11369 -0.50201 1.0 1.0 0.33333334
v 1.49551 0.10036 -0.49971 1.0 1.0 0.33333334
v 1.49564 0.10027 -0.50111 1.0 1.0 0.33333334
v 1.49558 0.11369 -0.50201 1.0 1.0 0.33333334
v 1.49551 0.10036 -0.49971 1.0 1.0 0.33333334
v 1.49558 0.11369 -0.50201 1.0 1.0 0.33333334
v 1.49545 0.11378 -0.50061 1.0 1.0 0.33333334
v 1.5 0.10036 -0.5 1.0 1.0 0.33333334
v 1.4962 0.10019 -0.5024 1.0 1.0 0.33333334
v 1.49564 0.10027 -0.50111 1.0 1.0 0.33333334
v 1.49994 0.11378 -0.5009 1.0 1.0 0.33333334
v 1.49558 0.11369 -0.50201 1.0 1.0 0.33333334
v 1.49614 0.1136 -0.5033 1.0 1.0 0.33333334
v 1.49564 0.10027 -0.50111 1.0 1.0 0.33333334
v 1.4962 0.10019 -0.5024 1.0 1.0 0.33333334
v 1.49614 0.1136 -0.5033 1.0 1.0 0.33333334
v 1.49564 0.10027 -0.50111 1.0 1.0 0.33333334
v 1.49614 0.1136 -0.5033 1.0 1.0 0.33333334
v 1.49558 0.11369 -0.50201 1.0 1.0 0.33333334
v 1.5 0.10036 -0.5 1.0 1.0 0.33333334
v 1.49713 0.10012 -0.50346 1.0 1.0 0.33333334
v 1.4962 0.10019 -0.5024 1.0 1.0 0.33333334
v 1.49994 0.11378 -0.5009 1.0 1.0 0.33333334
v 1.49614 0.1136 -0.5033 1.0 1.0 0.33333334
v 1.49707 0.11353 -0.50436 1.0 1.0 0.33333334
v 1.4962 0.10019 -0.5024 1.0 1.0 0.33333334
v 1.49713 0.10012 -0.50346 1.0 1.0 0.33333334
v 1.49707 0.11353 -0.50436 1.0 1.0 0.33333334
v 1.4962 0.10019 -0.5024 1.0 1.0 0.33333334
v 1.49707 0.11353 -0.50436 1.0 1.0 0.33333334
v 1.49614 0.1136 -0.5033 1.0 1.0 0.33333334
v 1.5 0.10036 -0.5 1.0 1.0 0.33333334
v 1.49834 0.10008 -0.50417 1.0 1.0 0.33333334
v 1.49713 0.10012 -0.50346 1.0 1.0 0.33333334
v 1.49994 0.11378 -0.5009 1.0 1.0 0.33333334
v 1.49707 0.11353 -0.50436 1.0 1.0 0.33333334
v 1.49828 0.11349 -0.50507 1.0 1.0 0.33333334
v 1.49713 0.10012 -0.50346 1.0 1.0 0.33333334
v 1.49834 0.10008 -0.50417 1.0 1.0 0.33333334
v 1.49828 0.11349 -0.50507 1.0 1.0 0.33333334
v 1.49713 0.10012 -0.50346 1.0 1.0 0.33333334
v 1.49828 0.11349 -0.50507 1.0 1.0 0.33333334
v 1.49707 0.11353 -0.50436 1.0 1.0 0.33333334
v 1.5 0.10036 -0.5 1.0 1.0 0.33333334
v 1.49972 0.10006 -0.50448 1.0 1.0 0.33333334
v 1.49834 0.10008 -0.50417 1.0 1.0 0.33333334
v 1.49994 0.11378 -0.5009 1.0 1.0 0.33333334
v 1.49828 0.11349 -0.50507 1.0 1.0 0.33333334
v 1.49966 0.11348 -0.50538 1.0 1.0 0.33333334
v 1.49834 0.10008 -0.50417 1.0 1.0 0.33333334
v 1.49972 0.10006 -0.50448 1.0 1.0 0.33333334
v 1.49966 0.11348 -0.50538 1.0 1.0 0.33333334
v 1.49834 0.10008 -0.50417 1.0 1.0 0.33333334
v 1.49966 0.11348 -0.50538 1.0 1.0 0.33333334
v 1.49828 0.11349 -0.50507 1.0 1.0 0.33333334
v 1.5 0.10036 -0.5 1.0 1.0 0.33333334
v 1.50112 0.10008 -0.50435 1.0 1.0 0.33333334
v 1.49972 0.10006 -0.50448 1.0 1.0 0.33333334
v 1.49994 0.11378 -0.5009 1.0 1.0 0.33333334
v 1.49966 0.11348 -0.50538 1.0 1.0 0.33333334
v 1.50106 0.11349 -0.50525 1.0 1.0 0.33333334
v 1.49972 0.10006 -0.50448 1.0 1.0 0.33333334
v 1.50112 0.10008 -0.50435 1.0 1.0 0.33333334
v 1.50106 0.11349 -0.50525 1.0 1.0 0.33333334
v 1.49972 0.10006 -0.50448 1.0 1.0 0.33333334
v 1.50106 0.11349 -0.50525 1.0 1.0 0.33333334
v 1.49966 0.11348 -0.50538 1.0 1.0 0.33333334
v 1.5 0.10036 -0.5 1.0 1.0 0.33333334
v 1.50241 0.10012 -0.50379 1.0 1.0 0.33333334
v 1.50112 0.10008 -0.50435 1.0 1.0 0.33333334
v 1.49994 0.11378 -0.5009 1.0 1.0 0.33333334
v 1.50106 0.11349 -0.50525 1.0 1.0 0.33333334
v 1.50235 0.11353 -0.50469 1.0 1.0 0.33333334
v 1.50112 0.10008 -0.50435 1.0 1.0 0.33333334
v 1.50241 0.10012 -0.50379 1.0 1.0 0.33333334
v 1.50235 0.11353 -0.50469 1.0 1.0 0.33333334
v 1.50112 0.10008 -0.50435 1.0 1.0 0.33333334
v 1.50235 0.11353 -0.50469 1.0 1.0 0.33333334
v 1.50106 0.11349 -0.50525 1.0 1.0 0.33333334
v 1.5 0.10036 -0.5 1.0 1.0 0.33333334
v 1.50347 0.10019 -0.50286 1.0 1.0 0.33333334
v 1.50241 0.10012 -0.50379 1.0 1.0 0.33333334
v 1.49994 0.11378 -0.5009 1.0 1.0 0.33333334
v 1.50235 0.11353 -0.50469 1.0 1.0 0.33333334
v 1.50341 0.1136 -0.50376 1.0 1.0 0.33333334
v 1.50241 0.10012 -0.50379 1.0 1.0 0.33333334
v 1.50347 0.10019 -0.50286 1.0 1.0 0.33333334
v 1.50341 0.1136 -0.50376 1.0 1.0 0.33333334
v 1.50241 0.10012 -0.50379 1.0 1.0 0.33333334
v 1.50341 0.1136 -0.50376 1.0 1.0 0.33333334
v 1.50235 0.11353 -0.50469 1.0 1.0 0.33333334
v 1.5 0.10036 -0.5 1.0 1.0 0.33333334
v 1.50418 0.10027 -0.50166 1.0 1.0 0.33333334
v 1.50347 0.10019 -0.50286 1.0 1.0 0.33333334
v 1.49994 0.11378 -0.5009 1.0 1.0 0.33333334
v 1.50341 0.1136 -0.50376 1.0 1.0 0.33333334
v 1.50413 0.11369 -0.50256 1.0 1.0 0.33333334
v 1.50347 0.10019 -0.50286 1.0 1.0 0.33333334
v 1.50418 0.10027 -0.50166 1.0 1.0 0.33333334
v 1.50413 0.11369 -0.50256 1.0 1.0 0.33333334
v 1.50347 0.10019 -0.50286 1.0 1.0 0.33333334
v 1.50413 0.11369 -0.50256 1.0 1.0 0.33333334
v 1.50341 0.1136 -0.50376 1.0 1.0 0.33333334
v 1.5 0.10036 -0.5 1.0 1.0 0.33333334
v 1.50449 0.10036 -0.50029 1.0 1.0 0.33333334
v 1.50418 0.10027 -0.50166 1.0 1.0 0.33333334
v 1.49994 0.11378 -0.5009 1.0 1.0 0.33333334
v 1.50413 0.11369 -0.50256 1.0 1.0 0.33333334
v 1.50443 0.11378 -0.50119 1.0 1.0 0.33333334
v 1.50418 0.10027 -0.50166 1.0 1.0 0.33333334
v 1.50449 0.10036 -0.50029 1.0 1.0 0.33333334
v 1.50443 0.11378 -0.50119 1.0 1.0 0.33333334
v 1.50418 0.10027 -0.50166 1.0 1.0 0.33333334
v 1.50443 0.11378 -0.50119 1.0 1.0 0.33333334
v 1.50413 0.11369 -0.50256 1.0 1.0 0.33333334
v -1.5 0.075 -1.0 1.0 1.0 0.33333334
v -1.49577 0.075 -0.99773 1.0 1.0 0.33333334
v -1.49528 0.075 -0.99915 1.0 1.0 0.33333334
v -1.5 0.10036 -1.0 1.0 1.0 0.33333334
v -1.49528 0.10036 -0.99915 1.0 1.0 0.33333334
v -1.49577 0.10036 -0.99773 1.0 1.0 0.33333334
v -1.49528 0.075 -0.99915 1.0 1.0 0.33333334
v -1.49577 0.075 -0.99773 1.0 1.0 0.33333334
v -1.49577 0.10036 -0.99773 1.0 1.0 0.33333334
v -1.49528 0.075 -0.99915 1.0 1.0 0.33333334
v -1.49577 0.10036 -0.99773 1.0 1.0 0.33333334
v -1.49528 0.10036 -0.99915 1.0 1.0 0.33333334
v -1.5 0.075 -1.0 1.0 1.0 0.33333334
v -1.49668 0.075 -0.99654 1.0 1.0 0.33333334
v -1.49577 0.075 -0.99773 1.0 1.0 0.33333334
v -1.5 0.10036 -1.0 1.0 1.0 0.33333334
v -1.49577 0.10036 -0.99773 1.0 1.0 0.33333334
v -1.49668 0.10036 -0.99654 1.0 1.0 0.33333334
v -1.49577 0.075 -0.99773 1.0 1.0 0.33333334
v -1.49668 0.075 -0.99654 1.0 1.0 0.33333334
v -1.49668 0.10036 -0.99654 1.0 1.0 0.33333334
v -1.49577 0.075 -0.99773 1.0 1.0 0.33333334
v -1.49668 0.10036 -0.99654 1.0 1.0 0.33333334
v -1.49577 0.10036 -0.99773 1.0 1.0 0.33333334
v -1.5 0.075 -1.0 1.0 1.0 0.33333334
v -1.49791 0.075 -0.99568 1.0 1.0 0.33333334
v -1.49668 0.075 -0.99654 1.0 1.0 0.33333334
v -1.5 0.10036 -1.0 1.0 1.0 0.33333334
v -1.49668 0.10036 -0.99654 1.0 1.0 0.33333334
v -1.49791 0.10036 -0.99568 1.0 1.0 0.33333334
v -1.49668 0.075 -0.99654 1.0 1.0 0.33333334
v -1.49791 0.075 -0.99568 1.0 1.0 0.33333334
v -1.49791 0.10036 -0.99568 1.0 1.0 0.33333334
v -1.49668 0.075 -0.99654 1.0 1.0 0.33333334
v -1.49791 0.10036 -0.99568 1.0 1.0 0.33333334
v -1.49668 0.10036 -0.99654 1.0 1.0 0.33333334
v -1.5 0.075 -1.0 1.0 1.0 0.33333334
v -1.49935 0.075 -0.99524 1.0 1.0 0.33333334
v -1.49791 0.075 -0.99568 1.0 1.0 0.33333334
v -1.5 0.10036 -1.0 1.0 1.0 0.33333334
v -1.49791 0.10036 -0.99568 1.0 1.0 0.33333334
v -1.49935 0.10036 -0.99524 1.0 1.0 0.33333334
v -1.49791 0.075 -0.99568 1.0 1.0 0.33333334
v -1.49935 0.075 -0.99524 1.0 1.0 0.33333334
v -1.49935 0.10036 -0.99524 1.0 1.0 0.33333334
v -1.49791 0.075 -0.99568 1.0 1.0 0.33333334
v -1.49935 0.10036 -0.99524 1.0 1.0 0.33333334
v -1.49791 0.10036 -0.99568 1.0 1.0 0.33333334
v -1.5 0.075 -1.0 1.0 1.0 0.33333334
v -1.50085 0.075 -0.99528 1.0 1.0 0.33333334
v -1.49935 0.075 -0.99524 1.0 1.0 0.33333334
v -1.5 0.10036 -1.0 1.0 1.0 0.33333334
v -1.49935 0.10036 -0.99524 1.0 1.0 0.33333334
v -1.50085 0.10036 -0.99528 1.0 1.0 0.33333334
v -1.49935 0.075 -0.99524 1.0 1.0 0.33333334
v -1.50085 0.075 -0.99528 1.0 1.0 0.33333334
v -1.50085 0.10036 -0.99528 1.0 1.0 0.33333334
v -1.49935 0.075 -0.99524 1.0 1.0 0.33333334
v -1.50085 0.10036 -0.99528 1.0 1.0 0.33333334
v -1.49935 0.10036 -0.99524 1.0 1.0 0.33333334
v -1.5 0.075 -1.0 1.0 1.0 0.33333334
v -1.50227 0.075 -0.99577 1.0 1.0 0.33333334
v -1.50085 0.075 -0.99528 1.0 1.0 0.33333334
v -1.5 0.10036 -1.0 1.0 1.0 0.33333334
v -1.50085 0.10036 -0.99528 1.0 1.0 0.33333334
v -1.50227 0.10036 -0.99577 1.0 1.0 0.33333334
v -1.50085 0.075 -0.99528 1.0 1.0 0.33333334
v -1.50227 0.075 -0.99577 1.0 1.0 0.33333334
v -1.50227 0.10036 -0.99577 1.0 1.0 0.33333334
v -1.50085 0.075 -0.99528 1.0 1.0 0.33333334
v -1.50227 0.10036 -0.99577 1.0 1.0 0.33333334
v -1.50085 0.10036 -0.99528 1.0 1.0 0.33333334
v -1.5 0.075 -1.0 1.0 1.0 0.33333334
v -1.50346 0.075 -0.99668 1.0 1.0 0.33333334
v -1.50227 0.075 -0.99577 1.0 1.0 0.33333334
v -1.5 0.10036 -1.0 1.0 1.0 0.33333334
v -1.50227 0.10036 -0.99577 1.0 1.0 0.33333334
v -1.50346 0.10036 -0.99668 1.0 1.0 0.33333334
v -1.50227 0.075 -0.99577 1.0 1.0 0.33333334
v -1.50346 0.075 -0.99668 1.0 1.0 0.33333334
v -1.50346 0.10036 -0.99668 1.0 1.0 0.33333334
v -1.50227 0.075 -0.99577 1.0 1.0 0.33333334
v -1.50346 0.10036 -0.99668 1.0 1.0 0.33333334
v -1.50227 0.10036 -0.99577 1.0 1.0 0.33333334
v -1.5 0.075 -1.0 1.0 1.0 0.33333334
v -1.50432 0.075 -0.99791 1.0 1.0 0.33333334
v -1.50346 0.075 -0.99668 1.0 1.0 0.33333334
v -1.5 0.10036 -1.0 1.0 1.0 0.33333334
v -1.50346 0.10036 -0.99668 1.0 1.0 0.33333334
v -1.50432 0.10036 -0.99791 1.0 1.0 0.33333334
v -1.50346 0.075 -0.99668 1.0 1.0 0.33333334
v -1.50432 0.075 -0.99791 1.0 1.0 0.33333334
v -1.50432 0.10036 -0.99791 1.0 1.0 0.33333334
v -1.50346 0.075 -0.99668 1.0 1.0 0.33333334
v -1.50432 0.10036 -0.99791 1.0 1.0 0.33333334
v -1.50346 0.10036 -0.99668 1.0 1.0 0.33333334
v -1.5 0.075 -1.0 1.0 1.0 0.33333334
v -1.50476 0.075 -0.99935 1.0 1.0 0.33333334
v -1.50432 0.075 -0.99791 1.0 1.0 0.33333334
v -1.5 0.10036 -1.0 1.0 1.0 0.33333334
v -1.50432 0.10036 -0.99791 1.0 1.0 0.33333334
v -1.50476 0.10036 -0.99935 1.0 1.0 0.33333334
v -1.50432 0.075 -0.99791 1.0 1.0 0.33333334
v -1.50476 0.075 -0.99935 1.0 1.0 0.33333334
v -1.50476 0.10036 -0.99935 1.0 1.0 0.33333334
v -1.50432 0.075 -0.99791 1.0 1.0 0.33333334
v -1.50476 0.10036 -0.99935 1.0 1.0 0.33333334
v -1.50432 0.10036 -0.99791 1.0 1.0 0.33333334
v -1.5 0.075 -1.0 1.0 1.0 0.33333334
v -1.50472 0.075 -1.00085 1.0 1.0 0.33333334
v -1.50476 0.075 -0.99935 1.0 1.0 0.33333334
v -1.5 0.10036 -1.0 1.0 1.0 0.33333334
v -1.50476 0.10036 -0.99935 1.0 1.0 0.33333334
v -1.50472 0.10036 -1.00085 1.0 1.0 0.33333334
v -1.50476 0.075 -0.99935 1.0 1.0 0.33333334
v -1.50472 0.075 -1.00085 1.0 1.0 0.33333334
v -1.50472 0.10036 -1.00085 1.0 1.0 0.33333334
v -1.50476 0.075 -0.99935 1.0 1.0 0.33333334
v -1.50472 0.10036 -1.00085 1.0 1.0 0.33333334
v -1.50476 0.10036 -0.99935 1.0 1.0 0.33333334
v -1.5 0.075 -1.0 1.0 1.0 0.33333334
v -1.50423 0.075 -1.00227 1.0 1.0 0.33333334
v -1.50472 0.075 -1.00085 1.0 1.0 0.33333334
v -1.5 0.10036 -1.0 1.0 1.0 0.33333334
v -1.50472 0.10036 -1.00085 1.0 1.0 0.33333334
v -1.50423 0.10036 -1.00227 1.0 1.0 0.33333334
v -1.50472 0.075 -1.00085 1.0 1.0 0.33333334
v -1.50423 0.075 -1.00227 1.0 1.0 0.33333334
v -1.50423 0.10036 -1.00227 1.0 1.0 0.33333334
v -1.50472 0.075 -1.00085 1.0 1.0 0.33333334
v -1.50423 0.10036 -1.00227 1.0 1.0 0.33333334
v -1.50472 0.10036 -1.00085 1.0 1.0 0.33333334
v -1.5 0.075 -1.0 1.0 1.0 0.33333334
v -1.50332 0.075 -1.00346 1.0 1.0 0.33333334
v -1.50423 0.075 -1.00227 1.0 1.0 0.33333334
v -1.5 0.10036 -1.0 1.0 1.0 0.33333334
v -1.50423 0.10036 -1.00227 1.0 1.0 0.33333334
v -1.50332 0.10036 -1.00346 1.0 1.0 0.33333334
v -1.50423 0.075 -1.00227 1.0 1.0 0.33333334
v -1.50332 0.075 -1.00346 1.0 1.0 0.33333334
v -1.50332 0.10036 -1.00346 1.0 1.0 0.33333334
v -1.50423 0.075 -1.00227 1.0 1.0 0.33333334
v -1.50332 0.10036 -1.00346 1.0 1.0 0.33333334
v -1.50423 0.10036 -1.00227 1.0 1.0 0.33333334
v -1.5 0.075 -1.0 1.0 1.0 0.33333334
v -1.50209 0.075 -1.00432 1.0 1.0 0.33333334
v -1.50332 0.075 -1.00346 1.0 1.0 0.33333334
v -1.5 0.10036 -1.0 1.0 1.0 0.33333334
v -1.50332 0.10036 -1.00346 1.0 1.0 0.33333334
v -1.50209 0.10036 -1.00432 1.0 1.0 0.33333334
v -1.50332 0.075 -1.00346 1.0 1.0 0.33333334
v -1.50209 0.075 -1.00432 1.0 1.0 0.33333334
v -1.50209 0.10036 -1.00432 1.0 1.0 0.33333334
v -1.50332 0.075 -1.00346 1.0 1.0 0.33333334
v -1.50209 0.10036 -1.00432 1.0 1.0 0.33333334
v -1.50332 0.10036 -1.00346 1.0 1.0 0.33333334
v -1.5 0.075 -1.0 1.0 1.0 0.33333334
v -1.50065 0.075 -1.00476 1.0 1.0 0.33333334
v -1.50209 0.075 -1.00432 1.0 1.0 0.33333334
v -1.5 0.10036 -1.0 1.0 1.0 0.33333334
v -1.50209 0.10036 -1.00432 1.0 1.0 0.33333334
v -1.50065 0.10036 -1.00476 1.0 1.0 0.33333334
v -1.50209 0.075 -1.00432 1.0 1.0 0.33333334
v -1.50065 0.075 -1.00476 1.0 1.0 0.33333334
v -1.50065 0.10036 -1.00476 1.0 1.0 0.33333334
v -1.50209 0.075 -1.00432 1.0 1.0 0.33333334
v -1.50065 0.10036 -1.00476 1.0 1.0 0.33333334
v -1.50209 0.10036 -1.00432 1.0 1.0 0.33333334
v -1.5 0.075 -1.0 1.0 1.0 0.33333334
v -1.49915 0.075 -1.00472 1.0 1.0 0.33333334
v -1.50065 0.075 -1.00476 1.0 1.0 0.33333334
v -1.5 0.10036 -1.0 1.0 1.0 0.33333334
v -1.50065 0.10036 -1.00476 1.0 1.0 0.33333334
v -1.49915 0.10036 -1.00472 1.0 1.0 0.33333334
v -1.50065 0.075 -1.00476 1.0 1.0 0.33333334
v -1.49915 0.075 -1.00472 1.0 1.0 0.33333334
v -1.49915 0.10036 -1.00472 1.0 1.0 0.33333334
v -1.50065 0.075 -1.00476 1.0 1.0 0.33333334
v -1.49915 0.10036 -1.00472 1.0 1.0 0.33333334
v -1.50065 0.10036 -1.00476 1.0 1.0 0.33333334
v -1.5 0.075 -1.0 1.0 1.0 0.33333334
v -1.49773 0.075 -1.00423 1.0 1.0 0.33333334
v -1.49915 0.075 -1.00472 1.0 1.0 0.33333334
v -1.5 0.10036 -1.0 1.0 1.0 0.33333334
v -1.49915 0.10036 -1.00472 1.0 1.0 0.33333334
v -1.49773 0.10036 -1.00423 1.0 1.0 0.33333334
v -1.49915 0.075 -1.00472 1.0 1.0 0.33333334
v -1.49773 0.075 -1.00423 1.0 1.0 0.33333334
v -1.49773 0.10036 -1.00423 1.0 1.0 0.33333334
v -1.49915 0.075 -1.00472 1.0 1.0 0.33333334
v -1.49773 0.10036 -1.00423 1.0 1.0 0.33333334
v -1.49915 0.10036 -1.00472 1.0 1.0 0.33333334
v -1.5 0.075 -1.0 1.0 1.0 0.33333334
v -1.49654 0.075 -1.00332 1.0 1.0 0.33333334
v -1.49773 0.075 -1.00423 1.0 1.0 0.33333334
v -1.5 0.10036 -1.0 1.0 1.0 0.33333334
v -1.49773 0.10036 -1.00423 1.0 1.0 0.33333334
v -1.49654 0.10036 -1.00332 1.0 1.0 0.33333334
v -1.49773 0.075 -1.00423 1.0 1.0 0.33333334
v -1.49654 0.075 -1.00332 1.0 1.0 0.33333334
v -1.49654 0.10036 -1.00332 1.0 1.0 0.33333334
v -1.49773 0.075 -1.00423 1.0 1.0 0.33333334
v -1.49654 0.10036 -1.00332 1.0 1.0 0.33333334
v -1.49773 0.10036 -1.00423 1.0 1.0 0.33333334
v -1.5 0.075 -1.0 1.0 1.0 0.33333334
v -1.49568 0.075 -1.00209 1.0 1.0 0.33333334
v -1.49654 0.075 -1.00332 1.0 1.0 0.33333334
v -1.5 0.10036 -1.0 1.0 1.0 0.33333334
v -1.49654 0.10036 -1.00332 1.0 1.0 0.33333334
v -1.49568 0.10036 -1.00209 1.0 1.0 0.33333334
v -1.49654 0.075 -1.00332 1.0 1.0 0.33333334
v -1.49568 0.075 -1.00209 1.0 1.0 0.33333334
v -1.49568 0.10036 -1.00209 1.0 1.0 0.33333334
v -1.49654 0.075 -1.00332 1.0 1.0 0.33333334
v -1.49568 0.10036 -1.00209 1.0 1.0 0.33333334
v -1.49654 0.10036 -1.00332 1.0 1.0 0.33333334
v -1.5 0.075 -1.0 1.0 1.0 0.33333334
v -1.49524 0.075 -1.00065 1.0 1.0 0.33333334
v -1.49568 0.075 -1.00209 1.0 1.0 0.33333334
v -1.5 0.10036 -1.0 1.0 1.0 0.33333334
v -1.49568 0.10036 -1.00209 1.0 1.0 0.33333334
v -1.49524 0.10036 -1.00065 1.0 1.0 0.33333334
v -1.49568 0.075 -1.00209 1.0 1.0 0.33333334
v -1.49524 0.075 -1.00065 1.0 1.0 0.33333334
v -1.49524 0.10036 -1.00065 1.0 1.0 0.33333334
v -1.49568 0.075 -1.00209 1.0 1.0 0.33333334
v -1.49524 0.10036 -1.00065 1.0 1.0 0.33333334
v -1.49568 0.10036 -1.00209 1.0 1.0 0.33333334
v -1.5 0.075 -1.0 1.0 1.0 0.33333334
v -1.49528 0.075 -0.99915 1.0 1.0 0.33333334
v -1.49524 0.075 -1.00065 1.0 1.0 0.33333334
v -1.5 0.10036 -1.0 1.0 1.0 0.33333334
v -1.49524 0.10036 -1.00065 1.0 1.0 0.33333334
v -1.49528 0.10036 -0.99915 1.0 1.0 0.33333334
v -1.49524 0.075 -1.00065 1.0 1.0 0.33333334
v -1.49528 0.075 -0.99915 1.0 1.0 0.33333334
v -1.49528 0.10036 -0.99915 1.0 1.0 0.33333334
v -1.49524 0.075 -1.00065 1.0 1.0 0.33333334
v -1.49528 0.10036 -0.99915 1.0 1.0 0.33333334
v -1.49524 0.10036 -1.00065 1.0 1.0 0.33333334
v -1.5 0.10036 -1.0 1.0 1.0 0.33333334
v -1.49603 0.10046 -0.99788 1.0 1.0 0.33333334
v -1.49557 0.10036 -0.99921 1.0 1.0 0.33333334
v -1.49984 0.11378 -1.00089 1.0 1.0 0.33333334
v -1.49541 0.11378 -1.00009 1.0 1.0 0.33333334
v -1.49587 0.11387 -0.99877 1.0 1.0 0.33333334
v -1.49557 0.10036 -0.99921 1.0 1.0 0.33333334
v -1.49603 0.10046 -0.99788 1.0 1.0 0.33333334
v -1.49587 0.11387 -0.99877 1.0 1.0 0.33333334
v -1.49557 0.10036 -0.99921 1.0 1.0 0.33333334
v -1.49587 0.11387 -0.99877 1.0 1.0 0.33333334
v -1.49541 0.11378 -1.00009 1.0 1.0 0.33333334
v -1.5 0.10036 -1.0 1.0 1.0 0.33333334
v -1.49688 0.10054 -0.99676 1.0 1.0 0.33333334
v -1.49603 0.10046 -0.99788 1.0 1.0 0.33333334
v -1.49984 0.11378 -1.00089 1.0 1.0 0.33333334
v -1.49587 0.11387 -0.99877 1.0 1.0 0.33333334
v -1.49672 0.11396 -0.99765 1.0 1.0 0.33333334
v -1.49603 0.10046 -0.99788 1.0 1.0 0.33333334
v -1.49688 0.10054 -0.99676 1.0 1.0 0.33333334
v -1.49672 0.11396 -0.99765 1.0 1.0 0.33333334
v -1.49603 0.10046 -0.99788 1.0 1.0 0.33333334
v -1.49672 0.11396 -0.99765 1.0 1.0 0.33333334
v -1.49587 0.11387 -0.99877 1.0 1.0 0.33333334
v -1.5 0.10036 -1.0 1.0 1.0 0.33333334
v -1.49804 0.10061 -0.99596 1.0 1.0 0.33333334
v -1.49688 0.10054 -0.99676 1.0 1.0 0.33333334
v -1.49984 0.11378 -1.00089 1.0 1.0 0.33333334
v -1.49672 0.11396 -0.99765 1.0 1.0 0.33333334
v -1.49788 0.11402 -0.99685 1.0 1.0 0.33333334
v -1.49688 0.10054 -0.99676 1.0 1.0 0.33333334
v -1.49804 0.10061 -0.99596 1.0 1.0 0.33333334
v -1.49788 0.11402 -0.99685 1.0 1.0 0.33333334
v -1.49688 0.10054 -0.99676 1.0 1.0 0.33333334
v -1.49788 0.11402 -0.99685 1.0 1.0 0.33333334
v -1.49672 0.11396 -0.99765 1.0 1.0 0.33333334
v -1.5 0.10036 -1.0 1.0 1.0 0.33333334
v -1.49938 0.10065 -0.99555 1.0 1.0 0.33333334
v -1.49804 0.10061 -0.99596 1.0 1.0 0.33333334
v -1.49984 0.11378 -1.00089 1.0 1.0 0.33333334
v -1.49788 0.11402 -0.99685 1.0 1.0 0.33333334
v -1.49923 0.11407 -0.99644 1.0 1.0 0.33333334
v -1.49804 0.10061 -0.99596 1.0 1.0 0.33333334
v -1.49938 0.10065 -0.99555 1.0 1.0 0.33333334
v -1.49923 0.11407 -0.99644 1.0 1.0 0.33333334
v -1.49804 0.10061 -0.99596 1.0 1.0 0.33333334
v -1.49923 0.11407 -0.99644 1.0 1.0 0.33333334
v -1.49788 0.11402 -0.99685 1.0 1.0 0.33333334
v -1.5 0.10036 -1.0 1.0 1.0 0.33333334
v -1.50079 0.10067 -0.99558 1.0 1.0 0.33333334
v -1.49938 0.10065 -0.99555 1.0 1.0 0.33333334
v -1.49984 0.11378 -1.00089 1.0 1.0 0.33333334
v -1.49923 0.11407 -0.99644 1.0 1.0 0.33333334
v -1.50063 0.11408 -0.99647 1.0 1.0 0.33333334
v -1.49938 0.10065 -0.99555 1.0 1.0 0.33333334
v -1.50079 0.10067 -0.99558 1.0 1.0 0.33333334
v -1.50063 0.11408 -0.99647 1.0 1.0 0.33333334
v -1.49938 0.10065 -0.99555 1.0 1.0 0.33333334
v -1.50063 0.11408 -0.99647 1.0 1.0 0.33333334
v -1.49923 0.11407 -0.99644 1.0 1.0 0.33333334
v -1.5 0.10036 -1.0 1.0 1.0 0.33333334
v -1.50212 0.10065 -0.99604 1.0 1.0 0.33333334
v -1.50079 0.10067 -0.99558 1.0 1.0 0.33333334
v -1.49984 0.11378 -1.00089 1.0 1.0 0.33333334
v -1.50063 0.11408 -0.99647 1.0 1.0 0.33333334
v -1.50196 0.11407 -0.99693 1.0 1.0 0.33333334
v -1.50079 0.10067 -0.99558 1.0 1.0 0.33333334
v -1.50212 0.10065 -0.99604 1.0 1.0 0.33333334
v -1.50196 0.11407 -0.99693 1.0 1.0 0.33333334
v -1.50079 0.10067 -0.99558 1.0 1.0 0.33333334
v -1.50196 0.11407 -0.99693 1.0 1.0 0.33333334
v -1.50063 0.11408 -0.99647 1.0 1.0 0.33333334
v -1.5 0.10036 -1.0 1.0 1.0 0.33333334
v -1.50324 0.10061 -0.99689 1.0 1.0 0.33333334
v -1.50212 0.10065 -0.99604 1.0 1.0 0.33333334
v -1.49984 0.11378 -1.00089 1.0 1.0 0.33333334
v -1.50196 0.11407 -0.99693 1.0 1.0 0.33333334
v -1.50309 0.11402 -0.99778 1.0 1.0 0.33333334
v -1.50212 0.10065 -0.99604 1.0 1.0 0.33333334
v -1.50324 0.10061 -0.99689 1.0 1.0 0.33333334
v -1.50309 0.11402 -0.99778 1.0 1.0 0.33333334
v -1.50212 0.10065 -0.99604 1.0 1.0 0.33333334
v -1.50309 0.11402 -0.99778 1.0 1.0 0.33333334
v -1.50196 0.11407 -0.99693 1.0 1.0 0.33333334
v -1.5 0.10036 -1.0 1.0 1.0 0.33333334
v -1.50405 0.10054 -0.99804 1.0 1.0 0.33333334
v -1.50324 0.10061 -0.99689 1.0 1.0 0.33333334
v -1.49984 0.11378 -1.00089 1.0 1.0 0.33333334
v -1.50309 0.11402 -0.99778 1.0 1.0 0.33333334
v -1.50389 0.11396 -0.99893 1.0 1.0 0.33333334
v -1.50324 0.10061 -0.99689 1.0 1.0 0.33333334
v -1.50405 0.10054 -0.99804 1.0 1.0 0.33333334
v -1.50389 0.11396 -0.99893 1.0 1.0 0.33333334
v -1.50324 0.10061 -0.99689 1.0 1.0 0.33333334
v -1.50389 0.11396 -0.99893 1.0 1.0 0.33333334
v -1.50309 0.11402 -0.99778 1.0 1.0 0.33333334
v -1.5 0.10036 -1.0 1.0 1.0 0.33333334
v -1.50446 0.10046 -0.99939 1.0 1.0 0.33333334
v -1.50405 0.10054 -0.99804 1.0 1.0 0.33333334
v -1.49984 0.11378 -1.00089 1.0 1.0 0.33333334
v -1.50389 0.11396 -0.99893 1.0 1.0 0.33333334
v -1.5043 0.11387 -1.00028 1.0 1.0 0.33333334
v -1.50405 0.10054 -0.99804 1.0 1.0 0.33333334
v -1.50446 0.10046 -0.99939 1.0 1.0 0.33333334
v -1.5043 0.11387 -1.00028 1.0 1.0 0.33333334
v -1.50405 0.10054 -0.99804 1.0 1.0 0.33333334
v -1.5043 0.11387 -1.00028 1.0 1.0 0.33333334
v -1.50389 0.11396 -0.99893 1.0 1.0 0.33333334
v -1.5 0.10036 -1.0 1.0 1.0 0.33333334
v -1.50443 0.10036 -1.00079 1.0 1.0 0.33333334
v -1.50446 0.10046 -0.99939 1.0 1.0 0.33333334
v -1.49984 0.11378 -1.00089 1.0 1.0 0.33333334
v -1.5043 0.11387 -1.00028 1.0 1.0 0.33333334
v -1.50427 0.11378 -1.00168 1.0 1.0 0.33333334
v -1.50446 0.10046 -0.99939 1.0 1.0 0.33333334
v -1.50443 0.10036 -1.00079 1.0 1.0 0.33333334
v -1.50427 0.11378 -1.00168 1.0 1.0 0.33333334
v -1.50446 0.10046 -0.99939 1.0 1.0 0.33333334
v -1.50427 0.11378 -1.00168 1.0 1.0 0.33333334
v -1.5043 0.11387 -1.00028 1.0 1.0 0.33333334
v -1.5 0.10036 -1.0 1.0 1.0 0.33333334
v -1.50397 0.10027 -1.00212 1.0 1.0 0.33333334
v -1.50443 0.10036 -1.00079 1.0 1.0 0.33333334
v -1.49984 0.11378 -1.00089 1.0 1.0 0.33333334
v -1.50427 0.11378 -1.00168 1.0 1.0 0.33333334
v -1.50381 0.11369 -1.00301 1.0 1.0 0.33333334
v -1.50443 0.10036 -1.00079 1.0 1.0 0.33333334
v -1.50397 0.10027 -1.00212 1.0 1.0 0.33333334
v -1.50381 0.11369 -1.00301 1.0 1.0 0.33333334
v -1.50443 0.10036 -1.00079 1.0 1.0 0.33333334
v -1.50381 0.11369 -1.00301 1.0 1.0 0.33333334
v -1.50427 0.11378 -1.00168 1.0 1.0 0.33333334
v -1.5 0.10036 -1.0 1.0 1.0 0.33333334
v -1.50312 0.10019 -1.00324 1.0 1.0 0.33333334
v -1.50397 0.10027 -1.00212 1.0 1.0 0.33333334
v -1.49984 0.11378 -1.00089 1.0 1.0 0.33333334
v -1.50381 0.11369 -1.00301 1.0 1.0 0.33333334
v -1.50296 0.1136 -1.00413 1.0 1.0 0.33333334
v -1.50397 0.10027 -1.00212 1.0 1.0 0.33333334
v -1.50312 0.10019 -1.00324 1.0 1.0 0.33333334
v -1.50296 0.1136 -1.00413 1.0 1.0 0.33333334
v -1.50397 0.10027 -1.00212 1.0 1.0 0.33333334
v -1.50296 0.1136 -1.00413 1.0 1.0 0.33333334
v -1.50381 0.11369 -1.00301 1.0 1.0 0.33333334
v -1.5 0.10036 -1.0 1.0 1.0 0.33333334
v -1.50196 0.10012 -1.00404 1.0 1.0 0.33333334
v -1.50312 0.10019 -1.00324 1.0 1.0 0.33333334
v -1.49984 0.11378 -1.00089 1.0 1.0 0.33333334
v -1.50296 0.1136 -1.00413 1.0 1.0 0.33333334
v -1.5018 0.11353 -1.00493 1.0 1.0 0.33333334
v -1.50312 0.10019 -1.00324 1.0 1.0 0.33333334
v -1.50196 0.10012 -1.00404 1.0 1.0 0.33333334
v -1.5018 0.11353 -1.00493 1.0 1.0 0.33333334
v -1.50312 0.10019 -1.00324 1.0 1.0 0.33333334
v -1.5018 0.11353 -1.00493 1.0 1.0 0.33333334
v -1.50296 0.1136 -1.00413 1.0 1.0 0.33333334
v -1.5 0.10036 -1.0 1.0 1.0 0.33333334
v -1.50062 0.10008 -1.00445 1.0 1.0 0.33333334
v -1.50196 0.10012 -1.00404 1.0 1.0 0.33333334
v -1.49984 0.11378 -1.00089 1.0 1.0 0.33333334
v -1.5018 0.11353 -1.00493 1.0 1.0 0.33333334
v -1.50046 0.11349 -1.00534 1.0 1.0 0.33333334
v -1.50196 0.10012 -1.00404 1.0 1.0 0.33333334
v -1.50062 0.10008 -1.00445 1.0 1.0 0.33333334
v -1.50046 0.11349 -1.00534 1.0 1.0 0.33333334
v -1.50196 0.10012 -1.00404 1.0 1.0 0.33333334
v -1.50046 0.11349 -1.00534 1.0 1.0 0.33333334
v -1.5018 0.11353 -1.00493 1.0 1.0 0.33333334
v -1.5 0.10036 -1.0 1.0 1.0 0.33333334
v -1.49921 0.10006 -1.00442 1.0 1.0 0.33333334
v -1.50062 0.10008 -1.00445 1.0 1.0 0.33333334
v -1.49984 0.11378 -1.00089 1.0 1.0 0.33333334
v -1.50046 0.11349 -1.00534 1.0 1.0 0.33333334
v -1.49905 0.11348 -1.00531 1.0 1.0 0.33333334
v -1.50062 0.10008 -1.00445 1.0 1.0 0.33333334
v -1.49921 0.10006 -1.00442 1.0 1.0 0.33333334
v -1.49905 0.11348 -1.00531 1.0 1.0 0.33333334
v -1.50062 0.10008 -1.00445 1.0 1.0 0.33333334
v -1.49905 0.11348 -1.00531 1.0 1.0 0.33333334
v -1.50046 0.11349 -1.00534 1.0 1.0 0.33333334
v -1.5 0.10036 -1.0 1.0 1.0 0.33333334
v -1.49788 0.10008 -1.00396 1.0 1.0 0.33333334
v -1.49921 0.10006 -1.00442 1.0 1.0 0.33333334
v -1.49984 0.11378 -1.00089 1.0 1.0 0.33333334
v -1.49905 0.11348 -1.00531 1.0 1.0 0.33333334
v -1.49772 0.11349 -1.00485 1.0 1.0 0.33333334
v -1.49921 0.10006 -1.00442 1.0 1.0 0.33333334
v -1.49788 0.10008 -1.00396 1.0 1.0 0.33333334
v -1.49772 0.11349 -1.00485 1.0 1.0 0.33333334
v -1.49921 0.10006 -1.00442 1.0 1.0 0.33333334
v -1.49772 0.11349 -1.00485 1.0 1.0 0.33333334
v -1.49905 0.11348 -1.00531 1.0 1.0 0.33333334
v -1.5 0.10036 -1.0 1.0 1.0 0.33333334
v -1.49676 0.10012 -1.00311 1.0 1.0 0.33333334
v -1.49788 0.10008 -1.00396 1.0 1.0 0.33333334
v -1.49984 0.11378 -1.00089 1.0 1.0 0.33333334
v -1.49772 0.11349 -1.00485 1.0 1.0 0.33333334
v -1.4966 0.11353 -1.004 1.0 1.0 0.33333334
v -1.49788 0.10008 -1.00396 1.0 1.0 0.33333334
v -1.49676 0.10012 -1.00311 1.0 1.0 0.33333334
v -1.4966 0.11353 -1.004 1.0 1.0 0.33333334
v -1.49788 0.10008 -1.00396 1.0 1.0 0.33333334
v -1.4966 0.11353 -1.004 1.0 1.0 0.33333334
v -1.49772 0.11349 -1.00485 1.0 1.0 0.33333334
v -1.5 0.10036 -1.0 1.0 1.0 0.33333334
v -1.49595 0.10019 -1.00196 1.0 1.0 0.33333334
v -1.49676 0.10012 -1.00311 1.0 1.0 0.33333334
v -1.49984 0.11378 -1.00089 1.0 1.0 0.33333334
v -1.4966 0.11353 -1.004 1.0 1.0 0.33333334
v -1.49579 0.1136 -1.00284 1.0 1.0 0.33333334
v -1.49676 0.10012 -1.00311 1.0 1.0 0.33333334
v -1.49595 0.10019 -1.00196 1.0 1.0 0.33333334
v -1.49579 0.1136 -1.00284 1.0 1.0 0.33333334
v -1.49676 0.10012 -1.00311 1.0 1.0 0.33333334
v -1.49579 0.1136 -1.00284 1.0 1.0 0.33333334
v -1.4966 0.11353 -1.004 1.0 1.0 0.33333334
v -1.5 0.10036 -1.0 1.0 1.0 0.33333334
v -1.49554 0.10027 -1.00061 1.0 1.0 0.33333334
v -1.49595 0.10019 -1.00196 1.0 1.0 0.33333334
v -1.49984 0.11378 -1.00089 1.0 1.0 0.33333334
v -1.49579 0.1136 -1.00284 1.0 1.0 0.33333334
v -1.49538 0.11369 -1.0015 1.0 1.0 0.33333334
v -1.49595 0.10019 -1.00196 1.0 1.0 0.33333334
v -1.49554 0.10027 -1.00061 1.0 1.0 0.33333334
v -1.49538 0.11369 -1.0015 1.0 1.0 0.33333334
v -1.49595 0.10019 -1.00196 1.0 1.0 0.33333334
v -1.49538 0.11369 -1.0015 1.0 1.0 0.33333334
v -1.49579 0.1136 -1.00284 1.0 1.0 0.33333334
v -1.5 0.10036 -1.0 1.0 1.0 0.33333334
v -1.49557 0.10036 -0.99921 1.0 1.0 0.33333334
v -1.49554 0.10027 -1.00061 1.0 1.0 0.33333334
v -1.49984 0.11378 -1.00089 1.0 1.0 0.33333334
v -1.49538 0.11369 -1.0015 1.0 1.0 0.33333334
v -1.49541 0.11378 -1.00009 1.0 1.0 0.33333334
v -1.49554 0.10027 -1.00061 1.0 1.0 0.33333334
v -1.49557 0.10036 -0.99921 1.0 1.0 0.33333334
v -1.49541 0.11378 -1.00009 1.0 1.0 0.33333334
v -1.49554 0.10027 -1.00061 1.0 1.0 0.33333334
v -1.49541 0.11378 -1.00009 1.0 1.0 0.33333334
v -1.49538 0.11369 -1.0015 1.0 1.0 0.33333334
v 0.0 0.075 -1.0 1.0 1.0 0.33333334
v 0.00478 0.075 -0.99953 1.0 1.0 0.33333334
v 0.00469 0.075 -1.00103 1.0 1.0 0.33333334
v 0.0 0.10036 -1.0 1.0 1.0 0.33333334
v 0.00469 0.10036 -1.00103 1.0 1.0 0.33333334
v 0.00478 0.10036 -0.99953 1.0 1.0 0.33333334
v 0.00469 0.075 -1.00103 1.0 1.0 0.33333334
v 0.00478 0.075 -0.99953 1.0 1.0 0.33333334
v 0.00478 0.10036 -0.99953 1.0 1.0 0.33333334
v 0.00469 0.075 -1.00103 1.0 1.0 0.33333334
v 0.00478 0.10036 -0.99953 1.0 1.0 0.33333334
v 0.00469 0.10036 -1.00103 1.0 1.0 0.33333334
v 0.0 0.075 -1.0 1.0 1.0 0.33333334
v 0.0044 0.075 -0.99807 1.0 1.0 0.33333334
v 0.00478 0.075 -0.99953 1.0 1.0 0.33333334
v 0.0 0.10036 -1.0 1.0 1.0 0.33333334
v 0.00478 0.10036 -0.99953 1.0 1.0 0.33333334
v 0.0044 0.10036 -0.99807 1.0 1.0 0.33333334
v 0.00478 0.075 -0.99953 1.0 1.0 0.33333334
v 0.0044 0.075 -0.99807 1.0 1.0 0.33333334
v 0.0044 0.10036 -0.99807 1.0 1.0 0.33333334
v 0.00478 0.075 -0.99953 1.0 1.0 0.33333334
v 0.0044 0.10036 -0.99807 1.0 1.0 0.33333334
v 0.00478 0.10036 -0.99953 1.0 1.0 0.33333334
v 0.0 0.075 -1.0 1.0 1.0 0.33333334
v 0.00359 0.075 -0.99681 1.0 1.0 0.33333334
v 0.0044 0.075 -0.99807 1.0 1.0 0.33333334
v 0.0 0.10036 -1.0 1.0 1.0 0.33333334
v 0.0044 0.10036 -0.99807 1.0 1.0 0.33333334
v 0.00359 0.10036 -0.99681 1.0 1.0 0.33333334
v 0.0044 0.075 -0.99807 1.0 1.0 0.33333334
v 0.00359 0.075 -0.99681 1.0 1.0 0.33333334
v 0.00359 0.10036 -0.99681 1.0 1.0 0.33333334
v 0.0044 0.075 -0.99807 1.0 1.0 0.33333334
v 0.00359 0.10036 -0.99681 1.0 1.0 0.33333334
v 0.0044 0.10036 -0.99807 1.0 1.0 0.33333334
v 0.0 0.075 -1.0 1.0 1.0 0.33333334
v 0.00243 0.075 -0.99586 1.0 1.0 0.33333334
v 0.00359 0.075 -0.99681 1.0 1.0 0.33333334
v 0.0 0.10036 -1.0 1.0 1.0 0.33333334
v 0.00359 0.10036 -0.99681 1.0 1.0 0.33333334
v 0.00243 0.10036 -0.99586 1.0 1.0 0.33333334
v 0.00359 0.075 -0.99681 1.0 1.0 0.33333334
v 0.00243 0.075 -0.99586 1.0 1.0 0.33333334
v 0.00243 0.10036 -0.99586 1.0 1.0 0.33333334
v 0.00359 0.075 -0.99681 1.0 1.0 0.33333334
v 0.00243 0.10036 -0.99586 1.0 1.0 0.33333334
v 0.00359 0.10036 -0.99681 1.0 1.0 0.33333334
v 0.0 0.075 -1.0 1.0 1.0 0.33333334
v 0.00103 0.075 -0.99531 1.0 1.0 0.33333334
v 0.00243 0.075 -0.99586 1.0 1.0 0.33333334
v 0.0 0.10036 -1.0 1.0 1.0 0.33333334
v 0.00243 0.10036 -0.99586 1.0 1.0 0.33333334
v 0.00103 0.10036 -0.99531 1.0 1.0 0.33333334
v 0.00243 0.075 -0.99586 1.0 1.0 0.33333334
v 0.00103 0.075 -0.99531 1.0 1.0 0.33333334
v 0.00103 0.10036 -0.99531 1.0 1.0 0.33333334
v 0.00243 0.075 -0.99586 1.0 1.0 0.33333334
v 0.00103 0.10036 -0.99531 1.0 1.0 0.33333334
v 0.00243 0.10036 -0.99586 1.0 1.0 0.33333334
v 0.0 0.075 -1.0 1.0 1.0 0.33333334
v -0.00047 0.075 -0.99522 1.0 1.0 0.33333334
v 0.00103 0.075 -0.99531 1.0 1.0 0.33333334
v 0.0 0.10036 -1.0 1.0 1.0 0.33333334
v 0.00103 0.10036 -0.99531 1.0 1.0 0.33333334
v -0.00047 0.10036 -0.99522 1.0 1.0 0.33333334
v 0.00103 0.075 -0.99531 1.0 1.0 0.33333334
v -0.00047 0.075 -0.99522 1.0 1.0 0.33333334
v -0.00047 0.10036 -0.99522 1.0 1.0 0.33333334
v 0.00103 0.075 -0.99531 1.0 1.0 0.33333334
v -0.00047 0.10036 -0.99522 1.0 1.0 0.33333334
v 0.00103 0.10036 -0.99531 1.0 1.0 0.33333334
v 0.0 0.075 -1.0 1.0 1.0 0.33333334
v -0.00193 0.075 -0.9956 1.0 1.0 0.33333334
v -0.00047 0.075 -0.99522 1.0 1.0 0.33333334
v 0.0 0.10036 -1.0 1.0 1.0 0.33333334
v -0.00047 0.10036 -0.99522 1.0 1.0 0.33333334
v -0.00193 0.10036 -0.9956 1.0 1.0 0.33333334
v -0.00047 0.075 -0.99522 1.0 1.0 0.33333334
v -0.00193 0.075 -0.9956 1.0 1.0 0.33333334
v -0.00193 0.10036 -0.9956 1.0 1.0 0.33333334
v -0.00047 0.075 -0.99522 1.0 1.0 0.33333334
v -0.00193 0.10036 -0.9956 1.0 1.0 0.33333334
v -0.00047 0.10036 -0.99522 1.0 1.0 0.33333334
v 0.0 0.075 -1.0 1.0 1.0 0.33333334
v -0.00319 0.075 -0.99641 1.0 1.0 0.33333334
v -0.00193 0.075 -0.9956 1.0 1.0 0.33333334
v 0.0 0.10036 -1.0 1.0 1.0 0.33333334
v -0.00193 0.10036 -0.9956 1.0 1.0 0.33333334
v -0.00319 0.10036 -0.99641 1.0 1.0 0.33333334
v -0.00193 0.075 -0.9956 1.0 1.0 0.33333334
v -0.00319 0.075 -0.99641 1.0 1.0 0.33333334
v -0.00319 0.10036 -0.99641 1.0 1.0 0.33333334
v -0.00193 0.075 -0.9956 1.0 1.0 0.33333334
v -0.00319 0.10036 -0.99641 1.0 1.0 0.33333334
v -0.00193 0.10036 -0.9956 1.0 1.0 0.33333334
v 0.0 0.075 -1.0 1.0 1.0 0.33333334
v -0.00414 0.075 -0.99757 1.0 1.0 0.33333334
v -0.00319 0.075 -0.99641 1.0 1.0 0.33333334
v 0.0 0.10036 -1.0 1.0 1.0 0.33333334
v -0.00319 0.10036 -0.99641 1.0 1.0 0.33333334
v -0.00414 0.10036 -0.99757 1.0 1.0 0.33333334
v -0.00319 0.075 -0.99641 1.0 1.0 0.33333334
v -0.00414 0.075 -0.99757 1.0 1.0 0.33333334
v -0.00414 0.10036 -0.99757 1.0 1.0 0.33333334
v -0.00319 0.075 -0.99641 1.0 1.0 0.33333334
v -0.00414 0.10036 -0.99757 1.0 1.0 0.33333334
v -0.00319 0.10036 -0.99641 1.0 1.0 0.33333334
v 0.0 0.075 -1.0 1.0 1.0 0.33333334
v -0.00469 0.075 -0.99897 1.0 1.0 0.33333334
v -0.00414 0.075 -0.99757 1.0 1.0 0.33333334
v 0.0 0.10036 -1.0 1.0 1.0 0.33333334
v -0.00414 0.10036 -0.99757 1.0 1.0 0.33333334
v -0.00469 0.10036 -0.99897 1.0 1.0 0.33333334
v -0.00414 0.075 -0.99757 1.0 1.0 0.33333334
v -0.00469 0.075 -0.99897 1.0 1.0 0.33333334
v -0.00469 0.10036 -0.99897 1.0 1.0 0.33333334
v -0.00414 0.075 -0.99757 1.0 1.0 0.33333334
v -0.00469 0.10036 -0.99897 1.0 1.0 0.33333334
v -0.00414 0.10036 -0.99757 1.0 1.0 0.33333334
v 0.0 0.075 -1.0 1.0 1.0 0.33333334
v -0.00478 0.075 -1.00047 1.0 1.0 0.33333334
v -0.00469 0.075 -0.99897 1.0 1.0 0.33333334
v 0.0 0.10036 -1.0 1.0 1.0 0.33333334
v -0.00469 0.10036 -0.99897 1.0 1.0 0.33333334
v -0.00478 0.10036 -1.00047 1.0 1.0 0.33333334
v -0.00469 0.075 -0.99897 1.0 1.0 0.33333334
v -0.00478 0.075 -1.00047 1.0 1.0 0.33333334
v -0.00478 0.10036 -1.00047 1.0 1.0 0.33333334
v -0.00469 0.075 -0.99897 1.0 1.0 0.33333334
v -0.00478 0.10036 -1.00047 1.0 1.0 0.33333334
v -0.00469 0.10036 -0.99897 1.0 1.0 0.33333334
v 0.0 0.075 -1.0 1.0 1.0 0.33333334
v -0.0044 0.075 -1.00193 1.0 1.0 0.33333334
v -0.00478 0.075 -1.00047 1.0 1.0 0.33333334
v 0.0 0.10036 -1.0 1.0 1.0 0.33333334
v -0.00478 0.10036 -1.00047 1.0 1.0 0.33333334
v -0.0044 0.10036 -1.00193 1.0 1.0 0.33333334
v -0.00478 0.075 -1.00047 1.0 1.0 0.33333334
v -0.0044 0.075 -1.00193 1.0 1.0 0.33333334
v -0.0044 0.10036 -1.00193 1.0 1.0 0.33333334
v -0.00478 0.075 -1.00047 1.0 1.0 0.33333334
v -0.0044 0.10036 -1.00193 1.0 1.0 0.33333334
v -0.00478 0.10036 -1.00047 1.0 1.0 0.33333334
v 0.0 0.075 -1.0 1.0 1.0 0.33333334
v -0.00359 0.075 -1.00319 1.0 1.0 0.33333334
v -0.0044 0.075 -1.00193 1.0 1.0 0.33333334
v 0.0 0.10036 -1.0 1.0 1.0 0.33333334
v -0.0044 0.10036 -1.00193 1.0 1.0 0.33333334
v -0.00359 0.10036 -1.00319 1.0 1.0 0.33333334
v -0.0044 0.075 -1.00193 1.0 1.0 0.33333334
v -0.00359 0.075 -1.00319 1.0 1.0 0.33333334
v -0.00359 0.10036 -1.00319 1.0 1.0 0.33333334
v -0.0044 0.075 -1.00193 1.0 1.0 0.33333334
v -0.00359 0.10036 -1.00319 1.0 1.0 0.33333334
v -0.0044 0.10036 -1.00193 1.0 1.0 0.33333334
v 0.0 0.075 -1.0 1.0 1.0 0.33333334
v -0.00243 0.075 -1.00414 1.0 1.0 0.33333334
v -0.00359 0.075 -1.00319 1.0 1.0 0.33333334
v 0.0 0.10036 -1.0 1.0 1.0 0.33333334
v -0.00359 0.10036 -1.00319 1.0 1.0 0.33333334
v -0.00243 0.10036 -1.00414 1.0 1.0 0.33333334
v -0.00359 0.075 -1.00319 1.0 1.0 0.33333334
v -0.00243 0.075 -1.00414 1.0 1.0 0.33333334
v -0.00243 0.10036 -1.00414 1.0 1.0 0.33333334
v -0.00359 0.075 -1.00319 1.0 1.0 0.33333334
v -0.00243 0.10036 -1.00414 1.0 1.0 0.33333334
v -0.00359 0.10036 -1.00319 1.0 1.0 0.33333334
v 0.0 0.075 -1.0 1.0 1.0 0.33333334
v -0.00103 0.075 -1.00469 1.0 1.0 0.33333334
v -0.00243 0.075 -1.00414 1.0 1.0 0.33333334
v 0.0 0.10036 -1.0 1.0 1.0 0.33333334
v -0.00243 0.10036 -1.00414 1.0 1.0 0.33333334
v -0.00103 0.10036 -1.00469 1.0 1.0 0.33333334
v -0.00243 0.075 -1.00414 1.0 1.0 0.33333334
v -0.00103 0.075 -1.00469 1.0 1.0 0.33333334
v -0.00103 0.10036 -1.00469 1.0 1.0 0.33333334
v -0.00243 0.075 -1.00414 1.0 1.0 0.33333334
v -0.00103 0.10036 -1.00469 1.0 1.0 0.33333334
v -0.00243 0.10036 -1.00414 1.0 1.0 0.33333334
v 0.0 0.075 -1.0 1.0 1.0 0.33333334
v 0.00047 0.075 -1.00478 1.0 1.0 0.33333334
v -0.00103 0.075 -1.00469 1.0 1.0 0.33333334
v 0.0 0.10036 -1.0 1.0 1.0 0.33333334
v -0.00103 0.10036 -1.00469 1.0 1.0 0.33333334
v 0.00047 0.10036 -1.00478 1.0 1.0 0.33333334
v -0.00103 0.075 -1.00469 1.0 1.0 0.33333334
v 0.00047 0.075 -1.00478 1.0 1.0 0.33333334
v 0.00047 0.10036 -1.00478 1.0 1.0 0.33333334
v -0.00103 0.075 -1.00469 1.0 1.0 0.33333334
v 0.00047 0.10036 -1.00478 1.0 1.0 0.33333334
v -0.00103 0.10036 -1.00469 1.0 1.0 0.33333334
v 0.0 0.075 -1.0 1.0 1.0 0.33333334
v 0.00193 0.075 -1.0044 1.0 1.0 0.33333334
v 0.00047 0.075 -1.00478 1.0 1.0 0.33333334
v 0.0 0.10036 -1.0 1.0 1.0 0.33333334
v 0.00047 0.10036 -1.00478 1.0 1.0 0.33333334
v 0.00193 0.10036 -1.0044 1.0 1.0 0.33333334
v 0.00047 0.075 -1.00478 1.0 1.0 0.33333334
v 0.00193 0.075 -1.0044 1.0 1.0 0.33333334
v 0.00193 0.10036 -1.0044 1.0 1.0 0.33333334
v 0.00047 0.075 -1.00478 1.0 1.0 0.33333334
v 0.00193 0.10036 -1.0044 1.0 1.0 0.33333334
v 0.00047 0.10036 -1.00478 1.0 1.0 0.33333334
v 0.0 0.075 -1.0 1.0 1.0 0.33333334
v 0.00319 0.075 -1.00359 1.0 1.0 0.33333334
v 0.00193 0.075 -1.0044 1.0 1.0 0.33333334
v 0.0 0.10036 -1.0 1.0 1.0 0.33333334
v 0.00193 0.10036 -1.0044 1.0 1.0 0.33333334
v 0.00319 0.10036 -1.00359 1.0 1.0 0.33333334
v 0.00193 0.075 -1.0044 1.0 1.0 0.33333334
v 0.00319 0.075 -1.00359 1.0 1.0 0.33333334
v 0.00319 0.10036 -1.00359 1.0 1.0 0.33333334
v 0.00193 0.075 -1.0044 1.0 1.0 0.33333334
v 0.00319 0.10036 -1.00359 1.0 1.0 0.33333334
v 0.00193 0.10036 -1.0044 1.0 1.0 0.33333334
v 0.0 0.075 -1.0 1.0 1.0 0.33333334
v 0.00414 0.075 -1.00243 1.0 1.0 0.33333334
v 0.00319 0.075 -1.00359 1.0 1.0 0.33333334
v 0.0 0.10036 -1.0 1.0 1.0 0.33333334
v 0.00319 0.10036 -1.00359 1.0 1.0 0.33333334
v 0.00414 0.10036 -1.00243 1.0 1.0 0.33333334
v 0.00319 0.075 -1.00359 1.0 1.0 0.33333334
v 0.00414 0.075 -1.00243 1.0 1.0 0.33333334
v 0.00414 0.10036 -1.00243 1.0 1.0 0.33333334
v 0.00319 0.075 -1.00359 1.0 1.0 0.33333334
v 0.00414 0.10036 -1.00243 1.0 1.0 0.33333334
v 0.00319 0.10036 -1.00359 1.0 1.0 0.33333334
v 0.0 0.075 -1.0 1.0 1.0 0.33333334
v 0.00469 0.075 -1.00103 1.0 1.0 0.33333334
v 0.00414 0.075 -1.00243 1.0 1.0 0.33333334
v 0.0 0.10036 -1.0 1.0 1.0 0.33333334
v 0.00414 0.10036 -1.00243 1.0 1.0 0.33333334
v 0.00469 0.10036 -1.00103 1.0 1.0 0.33333334
v 0.00414 0.075 -1.00243 1.0 1.0 0.33333334
v 0.00469 0.075 -1.00103 1.0 1.0 0.33333334
v 0.00469 0.10036 -1.00103 1.0 1.0 0.33333334
v 0.00414 0.075 -1.00243 1.0 1.0 0.33333334
v 0.00469 0.10036 -1.00103 1.0 1.0 0.33333334
v 0.00414 0.10036 -1.00243 1.0 1.0 0.33333334
v 0.0 0.10036 -1.0 1.0 1.0 0.33333334
v 0.00448 0.10046 -0.99956 1.0 1.0 0.33333334
v 0.0044 0.10036 -1.00096 1.0 1.0 0.33333334
v -0.00019 0.11378 -1.00088 1.0 1.0 0.33333334
v 0.0042 0.11378 -1.00184 1.0 1.0 0.33333334
v 0.00428 0.11387 -1.00044 1.0 1.0 0.33333334
v 0.0044 0.10036 -1.00096 1.0 1.0 0.33333334
v 0.00448 0.10046 -0.99956 1.0 1.0 0.33333334
v 0.00428 0.11387 -1.00044 1.0 1.0 0.33333334
v 0.0044 0.10036 -1.00096 1.0 1.0 0.33333334
v 0.00428 0.11387 -1.00044 1.0 1.0 0.33333334
v 0.0042 0.11378 -1.00184 1.0 1.0 0.33333334
v 0.0 0.10036 -1.0 1.0 1.0 0.33333334
v 0.00412 0.10054 -0.9982 1.0 1.0 0.33333334
v 0.00448 0.10046 -0.99956 1.0 1.0 0.33333334
v -0.00019 0.11378 -1.00088 1.0 1.0 0.33333334
v 0.00428 0.11387 -1.00044 1.0 1.0 0.33333334
v 0.00393 0.11396 -0.99908 1.0 1.0 0.33333334
v 0.00448 0.10046 -0.99956 1.0 1.0 0.33333334
v 0.00412 0.10054 -0.9982 1.0 1.0 0.33333334
v 0.00393 0.11396 -0.99908 1.0 1.0 0.33333334
v 0.00448 0.10046 -0.99956 1.0 1.0 0.33333334
v 0.00393 0.11396 -0.99908 1.0 1.0 0.33333334
v 0.00428 0.11387 -1.00044 1.0 1.0 0.33333334
v 0.0 0.10036 -1.0 1.0 1.0 0.33333334
v 0.00336 0.10061 -0.99702 1.0 1.0 0.33333334
v 0.00412 0.10054 -0.9982 1.0 1.0 0.33333334
v -0.00019 0.11378 -1.00088 1.0 1.0 0.33333334
v 0.00393 0.11396 -0.99908 1.0 1.0 0.33333334
v 0.00317 0.11402 -0.9979 1.0 1.0 0.33333334
v 0.00412 0.10054 -0.9982 1.0 1.0 0.33333334
v 0.00336 0.10061 -0.99702 1.0 1.0 0.33333334
v 0.00317 0.11402 -0.9979 1.0 1.0 0.33333334
v 0.00412 0.10054 -0.9982 1.0 1.0 0.33333334
v 0.00317 0.11402 -0.9979 1.0 1.0 0.33333334
v 0.00393 0.11396 -0.99908 1.0 1.0 0.33333334
v 0.0 0.10036 -1.0 1.0 1.0 0.33333334
v 0.00227 0.10065 -0.99613 1.0 1.0 0.33333334
v 0.00336 0.10061 -0.99702 1.0 1.0 0.33333334
v -0.00019 0.11378 -1.00088 1.0 1.0 0.33333334
v 0.00317 0.11402 -0.9979 1.0 1.0 0.33333334
v 0.00208 0.11407 -0.99701 1.0 1.0 0.33333334
v 0.00336 0.10061 -0.99702 1.0 1.0 0.33333334
v 0.00227 0.10065 -0.99613 1.0 1.0 0.33333334
v 0.00208 0.11407 -0.99701 1.0 1.0 0.33333334
v 0.00336 0.10061 -0.99702 1.0 1.0 0.33333334
v 0.00208 0.11407 -0.99701 1.0 1.0 0.33333334
v 0.00317 0.11402 -0.9979 1.0 1.0 0.33333334
v 0.0 0.10036 -1.0 1.0 1.0 0.33333334
v 0.00096 0.10067 -0.99561 1.0 1.0 0.33333334
v 0.00227 0.10065 -0.99613 1.0 1.0 0.33333334
v -0.00019 0.11378 -1.00088 1.0 1.0 0.33333334
v 0.00208 0.11407 -0.99701 1.0 1.0 0.33333334
v 0.00077 0.11408 -0.99649 1.0 1.0 0.33333334
v 0.00227 0.10065 -0.99613 1.0 1.0 0.33333334
v 0.00096 0.10067 -0.99561 1.0 1.0 0.33333334
v 0.00077 0.11408 -0.99649 1.0 1.0 0.33333334
v 0.00227 0.10065 -0.99613 1.0 1.0 0.33333334
v 0.00077 0.11408 -0.99649 1.0 1.0 0.33333334
v 0.00208 0.11407 -0.99701 1.0 1.0 0.33333334
v 0.0 0.10036 -1.0 1.0 1.0 0.33333334
v -0.00044 0.10065 -0.99553 1.0 1.0 0.33333334
v 0.00096 0.10067 -0.99561 1.0 1.0 0.33333334
v -0.00019 0.11378 -1.00088 1.0 1.0 0.33333334
v 0.00077 0.11408 -0.99649 1.0 1.0 0.33333334
v -0.00064 0.11407 -0.99641 1.0 1.0 0.33333334
v 0.00096 0.10067 -0.99561 1.0 1.0 0.33333334
v -0.00044 0.10065 -0.99553 1.0 1.0 0.33333334
v -0.00064 0.11407 -0.99641 1.0 1.0 0.33333334
v 0.00096 0.10067 -0.99561 1.0 1.0 0.33333334
v -0.00064 0.11407 -0.99641 1.0 1.0 0.33333334
v 0.00077 0.11408 -0.99649 1.0 1.0 0.33333334
v 0.0 0.10036 -1.0 1.0 1.0 0.33333334
v -0.00181 0.10061 -0.99589 1.0 1.0 0.33333334
v -0.00044 0.10065 -0.99553 1.0 1.0 0.33333334
v -0.00019 0.11378 -1.00088 1.0 1.0 0.33333334
v -0.00064 0.11407 -0.99641 1.0 1.0 0.33333334
v -0.002 0.11402 -0.99677 1.0 1.0 0.33333334
v -0.00044 0.10065 -0.99553 1.0 1.0 0.33333334
v -0.00181 0.10061 -0.99589 1.0 1.0 0.33333334
v -0.002 0.11402 -0.99677 1.0 1.0 0.33333334
v -0.00044 0.10065 -0.99553 1.0 1.0 0.33333334
v -0.002 0.11402 -0.99677 1.0 1.0 0.33333334
v -0.00064 0.11407 -0.99641 1.0 1.0 0.33333334
v 0.0 0.10036 -1.0 1.0 1.0 0.33333334
v -0.00299 0.10054 -0.99664 1.0 1.0 0.33333334
v -0.00181 0.10061 -0.99589 1.0 1.0 0.33333334
v -0.00019 0.11378 -1.00088 1.0 1.0 0.33333334
v -0.002 0.11402 -0.99677 1.0 1.0 0.33333334
v -0.00318 0.11396 -0.99752 1.0 1.0 0.33333334
v -0.00181 0.10061 -0.99589 1.0 1.0 0.33333334
v -0.00299 0.10054 -0.99664 1.0 1.0 0.33333334
v -0.00318 0.11396 -0.99752 1.0 1.0 0.33333334
v -0.00181 0.10061 -0.99589 1.0 1.0 0.33333334
v -0.00318 0.11396 -0.99752 1.0 1.0 0.33333334
v -0.002 0.11402 -0.99677 1.0 1.0 0.33333334
v 0.0 0.10036 -1.0 1.0 1.0 0.33333334
v -0.00388 0.10046 -0.99773 1.0 1.0 0.33333334
v -0.00299 0.10054 -0.99664 1.0 1.0 0.33333334
v -0.00019 0.11378 -1.00088 1.0 1.0 0.33333334
v -0.00318 0.11396 -0.99752 1.0 1.0 0.33333334
v -0.00408 0.11387 -0.99861 1.0 1.0 0.33333334
v -0.00299 0.10054 -0.99664 1.0 1.0 0.33333334
v -0.00388 0.10046 -0.99773 1.0 1.0 0.33333334
v -0.00408 0.11387 -0.99861 1.0 1.0 0.33333334
v -0.00299 0.10054 -0.99664 1.0 1.0 0.33333334
v -0.00408 0.11387 -0.99861 1.0 1.0 0.33333334
v -0.00318 0.11396 -0.99752 1.0 1.0 0.33333334
v 0.0 0.10036 -1.0 1.0 1.0 0.33333334
v -0.0044 0.10036 -0.99904 1.0 1.0 0.33333334
v -0.00388 0.10046 -0.99773 1.0 1.0 0.33333334
v -0.00019 0.11378 -1.00088 1.0 1.0 0.33333334
v -0.00408 0.11387 -0.99861 1.0 1.0 0.33333334
v -0.00459 0.11378 -0.99992 1.0 1.0 0.33333334
v -0.00388 0.10046 -0.99773 1.0 1.0 0.33333334
v -0.0044 0.10036 -0.99904 1.0 1.0 0.33333334
v -0.00459 0.11378 -0.99992 1.0 1.0 0.33333334
v -0.00388 0.10046 -0.99773 1.0 1.0 0.33333334
v -0.00459 0.11378 -0.99992 1.0 1.0 0.33333334
v -0.00408 0.11387 -0.99861 1.0 1.0 0.33333334
v 0.0 0.10036 -1.0 1.0 1.0 0.33333334
v -0.00448 0.10027 -1.00044 1.0 1.0 0.33333334
v -0.0044 0.10036 -0.99904 1.0 1.0 0.33333334
v -0.00019 0.11378 -1.00088 1.0 1.0 0.33333334
v -0.00459 0.11378 -0.99992 1.0 1.0 0.33333334
v -0.00467 0.11369 -1.00132 1.0 1.0 0.33333334
v -0.0044 0.10036 -0.99904 1.0 1.0 0.33333334
v -0.00448 0.10027 -1.00044 1.0 1.0 0.33333334
v -0.00467 0.11369 -1.00132 1.0 1.0 0.33333334
v -0.0044 0.10036 -0.99904 1.0 1.0 0.33333334
v -0.00467 0.11369 -1.00132 1.0 1.0 0.33333334
v -0.00459 0.11378 -0.99992 1.0 1.0 0.33333334
v 0.0 0.10036 -1.0 1.0 1.0 0.33333334
v -0.00412 0.10019 -1.0018 1.0 1.0 0.33333334
v -0.00448 0.10027 -1.00044 1.0 1.0 0.33333334
v -0.00019 0.11378 -1.00088 1.0 1.0 0.33333334
v -0.00467 0.11369 -1.00132 1.0 1.0 0.33333334
v -0.00431 0.1136 -1.00268 1.0 1.0 0.33333334
v -0.00448 0.10027 -1.00044 1.0 1.0 0.33333334
v -0.00412 0.10019 -1.0018 1.0 1.0 0.33333334
v -0.00431 0.1136 -1.00268 1.0 1.0 0.33333334
v -0.00448 0.10027 -1.00044 1.0 1.0 0.33333334
v -0.00431 0.1136 -1.00268 1.0 1.0 0.33333334
v -0.00467 0.11369 -1.00132 1.0 1.0 0.33333334
v 0.0 0.10036 -1.0 1.0 1.0 0.33333334
v -0.00336 0.10012 -1.00298 1.0 1.0 0.33333334
v -0.00412 0.10019 -1.0018 1.0 1.0 0.33333334
v -0.00019 0.11378 -1.00088 1.0 1.0 0.33333334
v -0.00431 0.1136 -1.00268 1.0 1.0 0.33333334
v -0.00355 0.11353 -1.00386 1.0 1.0 0.33333334
v -0.00412 0.10019 -1.0018 1.0 1.0 0.33333334
v -0.00336 0.10012 -1.00298 1.0 1.0 0.33333334
v -0.00355 0.11353 -1.00386 1.0 1.0 0.33333334
v -0.00412 0.10019 -1.0018 1.0 1.0 0.33333334
v -0.00355 0.11353 -1.00386 1.0 1.0 0.33333334
v -0.00431 0.1136 -1.00268 1.0 1.0 0.33333334
v 0.0 0.10036 -1.0 1.0 1.0 0.33333334
v -0.00227 0.10008 -1.00387 1.0 1.0 0.33333334
v -0.00336 0.10012 -1.00298 1.0 1.0 0.33333334
v -0.00019 0.11378 -1.00088 1.0 1.0 0.33333334
v -0.00355 0.11353 -1.00386 1.0 1.0 0.33333334
v -0.00246 0.11349 -1.00475 1.0 1.0 0.33333334
v -0.00336 0.10012 -1.00298 1.0 1.0 0.33333334
v -0.00227 0.10008 -1.00387 1.0 1.0 0.33333334
v -0.00246 0.11349 -1.00475 1.0 1.0 0.33333334
v -0.00336 0.10012 -1.00298 1.0 1.0 0.33333334
v -0.00246 0.11349 -1.00475 1.0 1.0 0.33333334
v -0.00355 0.11353 -1.00386 1.0 1.0 0.33333334
v 0.0 0.10036 -1.0 1.0 1.0 0.33333334
v -0.00096 0.10006 -1.00439 1.0 1.0 0.33333334
v -0.00227 0.10008 -1.00387 1.0 1.0 0.33333334
v -0.00019 0.11378 -1.00088 1.0 1.0 0.33333334
v -0.00246 0.11349 -1.00475 1.0 1.0 0.33333334
v -0.00115 0.11348 -1.00527 1.0 1.0 0.33333334
v -0.00227 0.10008 -1.00387 1.0 1.0 0.33333334
v -0.00096 0.10006 -1.00439 1.0 1.0 0.33333334
v -0.00115 0.11348 -1.00527 1.0 1.0 0.33333334
v -0.00227 0.10008 -1.00387 1.0 1.0 0.33333334
v -0.00115 0.11348 -1.00527 1.0 1.0 0.33333334
v -0.00246 0.11349 -1.00475 1.0 1.0 0.33333334
v 0.0 0.10036 -1.0 1.0 1.0 0.33333334
v 0.00044 0.10008 -1.00447 1.0 1.0 0.33333334
v -0.00096 0.10006 -1.00439 1.0 1.0 0.33333334
v -0.00019 0.11378 -1.00088 1.0 1.0 0.33333334
v -0.00115 0.11348 -1.00527 1.0 1.0 0.33333334
v 0.00025 0.11349 -1.00535 1.0 1.0 0.33333334
v -0.00096 0.10006 -1.00439 1.0 1.0 0.33333334
v 0.00044 0.10008 -1.00447 1.0 1.0 0.33333334
v 0.00025 0.11349 -1.00535 1.0 1.0 0.33333334
v -0.00096 0.10006 -1.00439 1.0 1.0 0.33333334
v 0.00025 0.11349 -1.00535 1.0 1.0 0.33333334
v -0.00115 0.11348 -1.00527 1.0 1.0 0.33333334
v 0.0 0.10036 -1.0 1.0 1.0 0.33333334
v 0.00181 0.10012 -1.00411 1.0 1.0 0.33333334
v 0.00044 0.10008 -1.00447 1.0 1.0 0.33333334
v -0.00019 0.11378 -1.00088 1.0 1.0 0.33333334
v 0.00025 0.11349 -1.00535 1.0 1.0 0.33333334
v 0.00161 0.11353 -1.00499 1.0 1.0 0.33333334
v 0.00044 0.10008 -1.00447 1.0 1.0 0.33333334
v 0.00181 0.10012 -1.00411 1.0 1.0 0.33333334
v 0.00161 0.11353 -1.00499 1.0 1.0 0.33333334
v 0.00044 0.10008 -1.00447 1.0 1.0 0.33333334
v 0.00161 0.11353 -1.00499 1.0 1.0 0.33333334
v 0.00025 0.11349 -1.00535 1.0 1.0 0.33333334
v 0.0 0.10036 -1.0 1.0 1.0 0.33333334
v 0.00299 0.10019 -1.00336 1.0 1.0 0.33333334
v 0.00181 0.10012 -1.00411 1.0 1.0 0.33333334
v -0.00019 0.11378 -1.00088 1.0 1.0 0.33333334
v 0.00161 0.11353 -1.00499 1.0 1.0 0.33333334
v 0.0028 0.1136 -1.00424 1.0 1.0 0.33333334
v 0.00181 0.10012 -1.00411 1.0 1.0 0.33333334
v 0.00299 0.10019 -1.00336 1.0 1.0 0.33333334
v 0.0028 0.1136 -1.00424 1.0 1.0 0.33333334
v 0.00181 0.10012 -1.00411 1.0 1.0 0.33333334
v 0.0028 0.1136 -1.00424 1.0 1.0 0.33333334
v 0.00161 0.11353 -1.00499 1.0 1.0 0.33333334
v 0.0 0.10036 -1.0 1.0 1.0 0.33333334
v 0.00388 0.10027 -1.00227 1.0 1.0 0.33333334
v 0.00299 0.10019 -1.00336 1.0 1.0 0.33333334
v -0.00019 0.11378 -1.00088 1.0 1.0 0.33333334
v 0.0028 0.1136 -1.00424 1.0 1.0 0.33333334
v 0.00369 0.11369 -1.00315 1.0 1.0 0.33333334
v 0.00299 0.10019 -1.00336 1.0 1.0 0.33333334
v 0.00388 0.10027 -1.00227 1.0 1.0 0.33333334
v 0.00369 0.11369 -1.00315 1.0 1.0 0.33333334
v 0.00299 0.10019 -1.00336 1.0 1.0 0.33333334
v 0.00369 0.11369 -1.00315 1.0 1.0 0.33333334
v 0.0028 0.1136 -1.00424 1.0 1.0 0.33333334
v 0.0 0.10036 -1.0 1.0 1.0 0.33333334
v 0.0044 0.10036 -1.00096 1.0 1.0 0.33333334
v 0.00388 0.10027 -1.00227 1.0 1.0 0.33333334
v -0.00019 0.11378 -1.00088 1.0 1.0 0.33333334
v 0.00369 0.11369 -1.00315 1.0 1.0 0.33333334
v 0.0042 0.11378 -1.00184 1.0 1.0 0.33333334
v 0.00388 0.10027 -1.00227 1.0 1.0 0.33333334
v 0.0044 0.10036 -1.00096 1.0 1.0 0.33333334
v 0.0042 0.11378 -1.00184 1.0 1.0 0.33333334
v 0.00388 0.10027 -1.00227 1.0 1.0 0.33333334
v 0.0042 0.11378 -1.00184 1.0 1.0 0.33333334
v 0.00369 0.11369 -1.00315 1.0 1.0 0.33333334
v 1.5 0.075 -1.0 1.0 1.0 0.33333334
v 1.50441 0.075 -0.9981 1.0 1.0 0.33333334
v 1.50478 0.075 -0.99956 1.0 1.0 0.33333334
v 1.5 0.10036 -1.0 1.0 1.0 0.33333334
v 1.50478 0.10036 -0.99956 1.0 1.0 0.33333334
v 1.50441 0.10036 -0.9981 1.0 1.0 0.33333334
v 1.50478 0.075 -0.99956 1.0 1.0 0.33333334
v 1.50441 0.075 -0.9981 1.0 1.0 0.33333334
v 1.50441 0.10036 -0.9981 1.0 1.0 0.33333334
v 1.50478 0.075 -0.99956 1.0 1.0 0.33333334
v 1.50441 0.10036 -0.9981 1.0 1.0 0.33333334
v 1.50478 0.10036 -0.99956 1.0 1.0 0.33333334
v 1.5 0.075 -1.0 1.0 1.0 0.33333334
v 1.50361 0.075 -0.99683 1.0 1.0 0.33333334
v 1.50441 0.075 -0.9981 1.0 1.0 0.33333334
v 1.5 0.10036 -1.0 1.0 1.0 0.33333334
v 1.50441 0.10036 -0.9981 1.0 1.0 0.33333334
v 1.50361 0.10036 -0.99683 1.0 1.0 0.33333334
v 1.50441 0.075 -0.9981 1.0 1.0 0.33333334
v 1.50361 0.075 -0.99683 1.0 1.0 0.33333334
v 1.50361 0.10036 -0.99683 1.0 1.0 0.33333334
v 1.50441 0.075 -0.9981 1.0 1.0 0.33333334
v 1.50361 0.10036 -0.99683 1.0 1.0 0.33333334
v 1.50441 0.10036 -0.9981 1.0 1.0 0.33333334
v 1.5 0.075 -1.0 1.0 1.0 0.33333334
v 1.50245 0.075 -0.99587 1.0 1.0 0.33333334
v 1.50361 0.075 -0.99683 1.0 1.0 0.33333334
v 1.5 0.10036 -1.0 1.0 1.0 0.33333334
v 1.50361 0.10036 -0.99683 1.0 1.0 0.33333334
v 1.50245 0.10036 -0.99587 1.0 1.0 0.33333334
v 1.50361 0.075 -0.99683 1.0 1.0 0.33333334
v 1.50245 0.075 -0.99587 1.0 1.0 0.33333334
v 1.50245 0.10036 -0.99587 1.0 1.0 0.33333334
v 1.50361 0.075 -0.99683 1.0 1.0 0.33333334
v 1.50245 0.10036 -0.99587 1.0 1.0 0.33333334
v 1.50361 0.10036 -0.99683 1.0 1.0 0.33333334
v 1.5 0.075 -1.0 1.0 1.0 0.33333334
v 1.50105 0.075 -0.99532 1.0 1.0 0.33333334
v 1.50245 0.075 -0.99587 1.0 1.0 0.33333334
v 1.5 0.10036 -1.0 1.0 1.0 0.33333334
v 1.50245 0.10036 -0.99587 1.0 1.0 0.33333334
v 1.50105 0.10036 -0.99532 1.0 1.0 0.33333334
v 1.50245 0.075 -0.99587 1.0 1.0 0.33333334
v 1.50105 0.075 -0.99532 1.0 1.0 0.33333334
v 1.50105 0.10036 -0.99532 1.0 1.0 0.33333334
v 1.50245 0.075 -0.99587 1.0 1.0 0.33333334
v 1.50105 0.10036 -0.99532 1.0 1.0 0.33333334
v 1.50245 0.10036 -0.99587 1.0 1.0 0.33333334
v 1.5 0.075 -1.0 1.0 1.0 0.33333334
v 1.49956 0.075 -0.99522 1.0 1.0 0.33333334
v 1.50105 0.075 -0.99532 1.0 1.0 0.33333334
v 1.5 0.10036 -1.0 1.0 1.0 0.33333334
v 1.50105 0.10036 -0.99532 1.0 1.0 0.33333334
v 1.49956 0.10036 -0.99522 1.0 1.0 0.33333334
v 1.50105 0.075 -0.99532 1.0 1.0 0.33333334
v 1.49956 0.075 -0.99522 1.0 1.0 0.33333334
v 1.49956 0.10036 -0.99522 1.0 1.0 0.33333334
v 1.50105 0.075 -0.99532 1.0 1.0 0.33333334
v 1.49956 0.10036 -0.99522 1.0 1.0 0.33333334
v 1.50105 0.10036 -0.99532 1.0 1.0 0.33333334
v 1.5 0.075 -1.0 1.0 1.0 0.33333334
v 1.4981 0.075 -0.99559 1.0 1.0 0.33333334
v 1.49956 0.075 -0.99522 1.0 1.0 0.33333334
v 1.5 0.10036 -1.0 1.0 1.0 0.33333334
v 1.49956 0.10036 -0.99522 1.0 1.0 0.33333334
v 1.4981 0.10036 -0.99559 1.0 1.0 0.33333334
v 1.49956 0.075 -0.99522 1.0 1.0 0.33333334
v 1.4981 0.075 -0.99559 1.0 1.0 0.33333334
v 1.4981 0.10036 -0.99559 1.0 1.0 0.33333334
v 1.49956 0.075 -0.99522 1.0 1.0 0.33333334
v 1.4981 0.10036 -0.99559 1.0 1.0 0.33333334
v 1.49956 0.10036 -0.99522 1.0 1.0 0.33333334
v 1.5 0.075 -1.0 1.0 1.0 0.33333334
v 1.49683 0.075 -0.99639 1.0 1.0 0.33333334
v 1.4981 0.075 -0.99559 1.0 1.0 0.33333334
v 1.5 0.10036 -1.0 1.0 1.0 0.33333334
v 1.4981 0.10036 -0.99559 1.0 1.0 0.33333334
v 1.49683 0.10036 -0.99639 1.0 1.0 0.33333334
v 1.4981 0.075 -0.99559 1.0 1.0 0.33333334
v 1.49683 0.075 -0.99639 1.0 1.0 0.33333334
v 1.49683 0.10036 -0.99639 1.0 1.0 0.33333334
v 1.4981 0.075 -0.99559 1.0 1.0 0.33333334
v 1.49683 0.10036 -0.99639 1.0 1.0 0.33333334
v 1.4981 0.10036 -0.99559 1.0 1.0 0.33333334
v 1.5 0.075 -1.0 1.0 1.0 0.33333334
v 1.49587 0.075 -0.99755 1.0 1.0 0.33333334
v 1.49683 0.075 -0.99639 1.0 1.0 0.33333334
v 1.5 0.10036 -1.0 1.0 1.0 0.33333334
v 1.49683 0.10036 -0.99639 1.0 1.0 0.33333334
v 1.49587 0.10036 -0.99755 1.0 1.0 0.33333334
v 1.49683 0.075 -0.99639 1.0 1.0 0.33333334
v 1.49587 0.075 -0.99755 1.0 1.0 0.33333334
v 1.49587 0.10036 -0.99755 1.0 1.0 0.33333334
v 1.49683 0.075 -0.99639 1.0 1.0 0.33333334
v 1.49587 0.10036 -0.99755 1.0 1.0 0.33333334
v 1.49683 0.10036 -0.99639 1.0 1.0 0.33333334
v 1.5 0.075 -1.0 1.0 1.0 0.33333334
v 1.49532 0.075 -0.99895 1.0 1.0 0.33333334
v 1.49587 0.075 -0.99755 1.0 1.0 0.33333334
v 1.5 0.10036 -1.0 1.0 1.0 0.33333334
v 1.49587 0.10036 -0.99755 1.0 1.0 0.33333334
v 1.49532 0.10036 -0.99895 1.0 1.0 0.33333334
v 1.49587 0.075 -0.99755 1.0 1.0 0.33333334
v 1.49532 0.075 -0.99895 1.0 1.0 0.33333334
v 1.49532 0.10036 -0.99895 1.0 1.0 0.33333334
v 1.49587 0.075 -0.99755 1.0 1.0 0.33333334
v 1.49532 0.10036 -0.99895 1.0 1.0 0.33333334
v 1.49587 0.10036 -0.99755 1.0 1.0 0.33333334
v 1.5 0.075 -1.0 1.0 1.0 0.33333334
v 1.49522 0.075 -1.00044 1.0 1.0 0.33333334
v 1.49532 0.075 -0.99895 1.0 1.0 0.33333334
v 1.5 0.10036 -1.0 1.0 1.0 0.33333334
v 1.49532 0.10036 -0.99895 1.0 1.0 0.33333334
v 1.49522 0.10036 -1.00044 1.0 1.0 0.33333334
v 1.49532 0.075 -0.99895 1.0 1.0 0.33333334
v 1.49522 0.075 -1.00044 1.0 1.0 0.33333334
v 1.49522 0.10036 -1.00044 1.0 1.0 0.33333334
v 1.49532 0.075 -0.99895 1.0 1.0 0.33333334
v 1.49522 0.10036 -1.00044 1.0 1.0 0.33333334
v 1.49532 0.10036 -0.99895 1.0 1.0 0.33333334
v 1.5 0.075 -1.0 1.0 1.0 0.33333334
v 1.49559 0.075 -1.0019 1.0 1.0 0.33333334
v 1.49522 0.075 -1.00044 1.0 1.0 0.33333334
v 1.5 0.10036 -1.0 1.0 1.0 0.33333334
v 1.49522 0.10036 -1.00044 1.0 1.0 0.33333334
v 1.49559 0.10036 -1.0019 1.0 1.0 0.33333334
v 1.49522 0.075 -1.00044 1.0 1.0 0.33333334
v 1.49559 0.075 -1.0019 1.0 1.0 0.33333334
v 1.49559 0.10036 -1.0019 1.0 1.0 0.33333334
v 1.49522 0.075 -1.00044 1.0 1.0 0.33333334
v 1.49559 0.10036 -1.0019 1.0 1.0 0.33333334
v 1.49522 0.10036 -1.00044 1.0 1.0 0.33333334
v 1.5 0.075 -1.0 1.0 1.0 0.33333334
v 1.49639 0.075 -1.00317 1.0 1.0 0.33333334
v 1.49559 0.075 -1.0019 1.0 1.0 0.33333334
v 1.5 0.10036 -1.0 1.0 1.0 0.33333334
v 1.49559 0.10036 -1.0019 1.0 1.0 0.33333334
v 1.49639 0.10036 -1.00317 1.0 1.0 0.33333334
v 1.49559 0.075 -1.0019 1.0 1.0 0.33333334
v 1.49639 0.075 -1.00317 1.0 1.0 0.33333334
v 1.49639 0.10036 -1.00317 1.0 1.0 0.33333334
v 1.49559 0.075 -1.0019 1.0 1.0 0.33333334
v 1.49639 0.10036 -1.00317 1.0 1.0 0.33333334
v 1.49559 0.10036 -1.0019 1.0 1.0 0.33333334
v 1.5 0.075 -1.0 1.0 1.0 0.33333334
v 1.49755 0.075 -1.00413 1.0 1.0 0.33333334
v 1.49639 0.075 -1.00317 1.0 1.0 0.33333334
v 1.5 0.10036 -1.0 1.0 1.0 0.33333334
v 1.49639 0.10036 -1.00317 1.0 1.0 0.33333334
v 1.49755 0.10036 -1.00413 1.0 1.0 0.33333334
v 1.49639 0.075 -1.00317 1.0 1.0 0.33333334
v 1.49755 0.075 -1.00413 1.0 1.0 0.33333334
v 1.49755 0.10036 -1.00413 1.0 1.0 0.33333334
v 1.49639 0.075 -1.00317 1.0 1.0 0.33333334
v 1.49755 0.10036 -1.00413 1.0 1.0 0.33333334
v 1.49639 0.10036 -1.00317 1.0 1.0 0.33333334
v 1.5 0.075 -1.0 1.0 1.0 0.33333334
v 1.49895 0.075 -1.00468 1.0 1.0 0.33333334
v 1.49755 0.075 -1.00413 1.0 1.0 0.33333334
v 1.5 0.10036 -1.0 1.0 1.0 0.33333334
v 1.49755 0.10036 -1.00413 1.0 1.0 0.33333334
v 1.49895 0.10036 -1.00468 1.0 1.0 0.33333334
v 1.49755 0.075 -1.00413 1.0 1.0 0.33333334
v 1.49895 0.075 -1.00468 1.0 1.0 0.33333334
v 1.49895 0.10036 -1.00468 1.0 1.0 0.33333334
v 1.49755 0.075 -1.00413 1.0 1.0 0.33333334
v 1.49895 0.10036 -1.00468 1.0 1.0 0.33333334
v 1.49755 0.10036 -1.00413 1.0 1.0 0.33333334
v 1.5 0.075 -1.0 1.0 1.0 0.33333334
v 1.50044 0.075 -1.00478 1.0 1.0 0.33333334
v 1.49895 0.075 -1.00468 1.0 1.0 0.33333334
v 1.5 0.10036 -1.0 1.0 1.0 0.33333334
v 1.49895 0.10036 -1.00468 1.0 1.0 0.33333334
v 1.50044 0.10036 -1.00478 1.0 1.0 0.33333334
v 1.49895 0.075 -1.00468 1.0 1.0 0.33333334
v 1.50044 0.075 -1.00478 1.0 1.0 0.33333334
v 1.50044 0.10036 -1.00478 1.0 1.0 0.33333334
v 1.49895 0.075 -1.00468 1.0 1.0 0.33333334
v 1.50044 0.10036 -1.00478 1.0 1.0 0.33333334
v 1.49895 0.10036 -1.00468 1.0 1.0 0.33333334
v 1.5 0.075 -1.0 1.0 1.0 0.33333334
v 1.5019 0.075 -1.00441 1.0 1.0 0.33333334
v 1.50044 0.075 -1.00478 1.0 1.0 0.33333334
v 1.5 0.10036 -1.0 1.0 1.0 0.33333334
v 1.50044 0.10036 -1.00478 1.0 1.0 0.33333334
v 1.5019 0.10036 -1.00441 1.0 1.0 0.33333334
v 1.50044 0.075 -1.00478 1.0 1.0 0.33333334
v 1.5019 0.075 -1.00441 1.0 1.0 0.33333334
v 1.5019 0.10036 -1.00441 1.0 1.0 0.33333334
v 1.50044 0.075 -1.00478 1.0 1.0 0.33333334
v 1.5019 0.10036 -1.00441 1.0 1.0 0.33333334
v 1.50044 0.10036 -1.00478 1.0 1.0 0.33333334
v 1.5 0.075 -1.0 1.0 1.0 0.33333334
v 1.50317 0.075 -1.00361 1.0 1.0 0.33333334
v 1.5019 0.075 -1.00441 1.0 1.0 0.33333334
v 1.5 0.10036 -1.0 1.0 1.0 0.33333334
v 1.5019 0.10036 -1.00441 1.0 1.0 0.33333334
v 1.50317 0.10036 -1.00361 1.0 1.0 0.33333334
v 1.5019 0.075 -1.00441 1.0 1.0 0.33333334
v 1.50317 0.075 -1.00361 1.0 1.0 0.33333334
v 1.50317 0.10036 -1.00361 1.0 1.0 0.33333334
v 1.5019 0.075 -1.00441 1.0 1.0 0.33333334
v 1.50317 0.10036 -1.00361 1.0 1.0 0.33333334
v 1.5019 0.10036 -1.00441 1.0 1.0 0.33333334
v 1.5 0.075 -1.0 1.0 1.0 0.33333334
v 1.50413 0.075 -1.00245 1.0 1.0 0.33333334
v 1.50317 0.075 -1.00361 1.0 1.0 0.33333334
v 1.5 0.10036 -1.0 1.0 1.0 0.33333334
v 1.50317 0.10036 -1.00361 1.0 1.0 0.33333334
v 1.50413 0.10036 -1.00245 1.0 1.0 0.33333334
v 1.50317 0.075 -1.00361 1.0 1.0 0.33333334
v 1.50413 0.075 -1.00245 1.0 1.0 0.33333334
v 1.50413 0.10036 -1.00245 1.0 1.0 0.33333334
v 1.50317 0.075 -1.00361 1.0 1.0 0.33333334
v 1.50413 0.10036 -1.00245 1.0 1.0 0.33333334
v 1.50317 0.10036 -1.00361 1.0 1.0 0.33333334
v 1.5 0.075 -1.0 1.0 1.0 0.33333334
v 1.50468 0.075 -1.00105 1.0 1.0 0.33333334
v 1.50413 0.075 -1.00245 1.0 1.0 0.33333334
v 1.5 0.10036 -1.0 1.0 1.0 0.33333334
v 1.50413 0.10036 -1.00245 1.0 1.0 0.33333334
v 1.50468 0.10036 -1.00105 1.0 1.0 0.33333334
v 1.50413 0.075 -1.00245 1.0 1.0 0.33333334
v 1.50468 0.075 -1.00105 1.0 1.0 0.33333334
v 1.50468 0.10036 -1.00105 1.0 1.0 0.33333334
v 1.50413 0.075 -1.00245 1.0 1.0 0.33333334
v 1.50468 0.10036 -1.00105 1.0 1.0 0.33333334
v 1.50413 0.10036 -1.00245 1.0 1.0 0.33333334
v 1.5 0.075 -1.0 1.0 1.0 0.33333334
v 1.50478 0.075 -0.99956 1.0 1.0 0.33333334
v 1.50468 0.075 -1.00105 1.0 1.0 0.33333334
v 1.5 0.10036 -1.0 1.0 1.0 0.33333334
v 1.50468 0.10036 -1.00105 1.0 1.0 0.33333334
v 1.50478 0.10036 -0.99956 1.0 1.0 0.33333334
v 1.50468 0.075 -1.00105 1.0 1.0 0.33333334
v 1.50478 0.075 -0.99956 1.0 1.0 0.33333334
v 1.50478 0.10036 -0.99956 1.0 1.0 0.33333334
v 1.50468 0.075 -1.00105 1.0 1.0 0.33333334
v 1.50478 0.10036 -0.99956 1.0 1.0 0.33333334
v 1.50468 0.10036 -1.00105 1.0 1.0 0.33333334
v 1.5 0.10036 -1.0 1.0 1.0 0.33333334
v 1.50413 0.10046 -0.99822 1.0 1.0 0.33333334
v 1.50448 0.10036 -0.99958 1.0 1.0 0.33333334
v 1.50008 0.11378 -1.0009 1.0 1.0 0.33333334
v 1.50456 0.11378 -1.00048 1.0 1.0 0.33333334
v 1.50422 0.11387 -0.99912 1.0 1.0 0.33333334
v 1.50448 0.10036 -0.99958 1.0 1.0 0.33333334
v 1.50413 0.10046 -0.99822 1.0 1.0 0.33333334
v 1.50422 0.11387 -0.99912 1.0 1.0 0.33333334
v 1.50448 0.10036 -0.99958 1.0 1.0 0.33333334
v 1.50422 0.11387 -0.99912 1.0 1.0 0.33333334
v 1.50456 0.11378 -1.00048 1.0 1.0 0.33333334
v 1.5 0.10036 -1.0 1.0 1.0 0.33333334
v 1.50338 0.10054 -0.99704 1.0 1.0 0.33333334
v 1.50413 0.10046 -0.99822 1.0 1.0 0.33333334
v 1.50008 0.11378 -1.0009 1.0 1.0 0.33333334
v 1.50422 0.11387 -0.99912 1.0 1.0 0.33333334
v 1.50346 0.11396 -0.99793 1.0 1.0 0.33333334
v 1.50413 0.10046 -0.99822 1.0 1.0 0.33333334
v 1.50338 0.10054 -0.99704 1.0 1.0 0.33333334
v 1.50346 0.11396 -0.99793 1.0 1.0 0.33333334
v 1.50413 0.10046 -0.99822 1.0 1.0 0.33333334
v 1.50346 0.11396 -0.99793 1.0 1.0 0.33333334
v 1.50422 0.11387 -0.99912 1.0 1.0 0.33333334
v 1.5 0.10036 -1.0 1.0 1.0 0.33333334
v 1.5023 0.10061 -0.99614 1.0 1.0 0.33333334
v 1.50338 0.10054 -0.99704 1.0 1.0 0.33333334
v 1.50008 0.11378 -1.0009 1.0 1.0 0.33333334
v 1.50346 0.11396 -0.99793 1.0 1.0 0.33333334
v 1.50238 0.11402 -0.99704 1.0 1.0 0.33333334
v 1.50338 0.10054 -0.99704 1.0 1.0 0.33333334
v 1.5023 0.10061 -0.99614 1.0 1.0 0.33333334
v 1.50238 0.11402 -0.99704 1.0 1.0 0.33333334
v 1.50338 0.10054 -0.99704 1.0 1.0 0.33333334
v 1.50238 0.11402 -0.99704 1.0 1.0 0.33333334
v 1.50346 0.11396 -0.99793 1.0 1.0 0.33333334
v 1.5 0.10036 -1.0 1.0 1.0 0.33333334
v 1.50099 0.10065 -0.99562 1.0 1.0 0.33333334
v 1.5023 0.10061 -0.99614 1.0 1.0 0.33333334
v 1.50008 0.11378 -1.0009 1.0 1.0 0.33333334
v 1.50238 0.11402 -0.99704 1.0 1.0 0.33333334
v 1.50107 0.11407 -0.99652 1.0 1.0 0.33333334
v 1.5023 0.10061 -0.99614 1.0 1.0 0.33333334
v 1.50099 0.10065 -0.99562 1.0 1.0 0.33333334
v 1.50107 0.11407 -0.99652 1.0 1.0 0.33333334
v 1.5023 0.10061 -0.99614 1.0 1.0 0.33333334
v 1.50107 0.11407 -0.99652 1.0 1.0 0.33333334
v 1.50238 0.11402 -0.99704 1.0 1.0 0.33333334
v 1.5 0.10036 -1.0 1.0 1.0 0.33333334
v 1.49958 0.10067 -0.99553 1.0 1.0 0.33333334
v 1.50099 0.10065 -0.99562 1.0 1.0 0.33333334
v 1.50008 0.11378 -1.0009 1.0 1.0 0.33333334
v 1.50107 0.11407 -0.99652 1.0 1.0 0.33333334
v 1.49967 0.11408 -0.99643 1.0 1.0 0.33333334
v 1.50099 0.10065 -0.99562 1.0 1.0 0.33333334
v 1.49958 0.10067 -0.99553 1.0 1.0 0.33333334
v 1.49967 0.11408 -0.99643 1.0 1.0 0.33333334
v 1.50099 0.10065 -0.99562 1.0 1.0 0.33333334
v 1.49967 0.11408 -0.99643 1.0 1.0 0.33333334
v 1.50107 0.11407 -0.99652 1.0 1.0 0.33333334
v 1.5 0.10036 -1.0 1.0 1.0 0.33333334
v 1.49822 0.10065 -0.99588 1.0 1.0 0.33333334
v 1.49958 0.10067 -0.99553 1.0 1.0 0.33333334
v 1.50008 0.11378 -1.0009 1.0 1.0 0.33333334
v 1.49967 0.11408 -0.99643 1.0 1.0 0.33333334
v 1.4983 0.11407 -0.99677 1.0 1.0 0.33333334
v 1.49958 0.10067 -0.99553 1.0 1.0 0.33333334
v 1.49822 0.10065 -0.99588 1.0 1.0 0.33333334
v 1.4983 0.11407 -0.99677 1.0 1.0 0.33333334
v 1.49958 0.10067 -0.99553 1.0 1.0 0.33333334
v 1.4983 0.11407 -0.99677 1.0 1.0 0.33333334
v 1.49967 0.11408 -0.99643 1.0 1.0 0.33333334
v 1.5 0.10036 -1.0 1.0 1.0 0.33333334
v 1.49703 0.10061 -0.99663 1.0 1.0 0.33333334
v 1.49822 0.10065 -0.99588 1.0 1.0 0.33333334
v 1.50008 0.11378 -1.0009 1.0 1.0 0.33333334
v 1.4983 0.11407 -0.99677 1.0 1.0 0.33333334
v 1.49711 0.11402 -0.99753 1.0 1.0 0.33333334
v 1.49822 0.10065 -0.99588 1.0 1.0 0.33333334
v 1.49703 0.10061 -0.99663 1.0 1.0 0.33333334
v 1.49711 0.11402 -0.99753 1.0 1.0 0.33333334
v 1.49822 0.10065 -0.99588 1.0 1.0 0.33333334
v 1.49711 0.11402 -0.99753 1.0 1.0 0.33333334
v 1.4983 0.11407 -0.99677 1.0 1.0 0.33333334
v 1.5 0.10036 -1.0 1.0 1.0 0.33333334
v 1.49613 0.10054 -0.99771 1.0 1.0 0.33333334
v 1.49703 0.10061 -0.99663 1.0 1.0 0.33333334
v 1.50008 0.11378 -1.0009 1.0 1.0 0.33333334
v 1.49711 0.11402 -0.99753 1.0 1.0 0.33333334
v 1.49621 0.11396 -0.99861 1.0 1.0 0.33333334
v 1.49703 0.10061 -0.99663 1.0 1.0 0.33333334
v 1.49613 0.10054 -0.99771 1.0 1.0 0.33333334
v 1.49621 0.11396 -0.99861 1.0 1.0 0.33333334
v 1.49703 0.10061 -0.99663 1.0 1.0 0.33333334
v 1.49621 0.11396 -0.99861 1.0 1.0 0.33333334
v 1.49711 0.11402 -0.99753 1.0 1.0 0.33333334
v 1.5 0.10036 -1.0 1.0 1.0 0.33333334
v 1.49561 0.10046 -0.99901 1.0 1.0 0.33333334
v 1.49613 0.10054 -0.99771 1.0 1.0 0.33333334
v 1.50008 0.11378 -1.0009 1.0 1.0 0.33333334
v 1.49621 0.11396 -0.99861 1.0 1.0 0.33333334
v 1.49569 0.11387 -0.99991 1.0 1.0 0.33333334
v 1.49613 0.10054 -0.99771 1.0 1.0 0.33333334
v 1.49561 0.10046 -0.99901 1.0 1.0 0.33333334
v 1.49569 0.11387 -0.99991 1.0 1.0 0.33333334
v 1.49613 0.10054 -0.99771 1.0 1.0 0.33333334
v 1.49569 0.11387 -0.99991 1.0 1.0 0.33333334
v 1.49621 0.11396 -0.99861 1.0 1.0 0.33333334
v 1.5 0.10036 -1.0 1.0 1.0 0.33333334
v 1.49552 0.10036 -1.00042 1.0 1.0 0.33333334
v 1.49561 0.10046 -0.99901 1.0 1.0 0.33333334
v 1.50008 0.11378 -1.0009 1.0 1.0 0.33333334
v 1.49569 0.11387 -0.99991 1.0 1.0 0.33333334
v 1.4956 0.11378 -1.00131 1.0 1.0 0.33333334
v 1.49561 0.10046 -0.99901 1.0 1.0 0.33333334
v 1.49552 0.10036 -1.00042 1.0 1.0 0.33333334
v 1.4956 0.11378 -1.00131 1.0 1.0 0.33333334
v 1.49561 0.10046 -0.99901 1.0 1.0 0.33333334
v 1.4956 0.11378 -1.00131 1.0 1.0 0.33333334
v 1.49569 0.11387 -0.99991 1.0 1.0 0.33333334
v 1.5 0.10036 -1.0 1.0 1.0 0.33333334
v 1.49587 0.10027 -1.00178 1.0 1.0 0.33333334
v 1.49552 0.10036 -1.00042 1.0 1.0 0.33333334
v 1.50008 0.11378 -1.0009 1.0 1.0 0.33333334
v 1.4956 0.11378 -1.00131 1.0 1.0 0.33333334
v 1.49595 0.11369 -1.00268 1.0 1.0 0.33333334
v 1.49552 0.10036 -1.00042 1.0 1.0 0.33333334
v 1.49587 0.10027 -1.00178 1.0 1.0 0.33333334
v 1.49595 0.11369 -1.00268 1.0 1.0 0.33333334
v 1.49552 0.10036 -1.00042 1.0 1.0 0.33333334
v 1.49595 0.11369 -1.00268 1.0 1.0 0.33333334
v 1.4956 0.11378 -1.00131 1.0 1.0 0.33333334
v 1.5 0.10036 -1.0 1.0 1.0 0.33333334
v 1.49662 0.10019 -1.00296 1.0 1.0 0.33333334
v 1.49587 0.10027 -1.00178 1.0 1.0 0.33333334
v 1.50008 0.11378 -1.0009 1.0 1.0 0.33333334
v 1.49595 0.11369 -1.00268 1.0 1.0 0.33333334
v 1.4967 0.1136 -1.00386 1.0 1.0 0.33333334
v 1.49587 0.10027 -1.00178 1.0 1.0 0.33333334
v 1.49662 0.10019 -1.00296 1.0 1.0 0.33333334
v 1.4967 0.1136 -1.00386 1.0 1.0 0.33333334
v 1.49587 0.10027 -1.00178 1.0 1.0 0.33333334
v 1.4967 0.1136 -1.00386 1.0 1.0 0.33333334
v 1.49595 0.11369 -1.00268 1.0 1.0 0.33333334
v 1.5 0.10036 -1.0 1.0 1.0 0.33333334
v 1.4977 0.10012 -1.00386 1.0 1.0 0.33333334
v 1.49662 0.10019 -1.00296 1.0 1.0 0.33333334
v 1.50008 0.11378 -1.0009 1.0 1.0 0.33333334
v 1.4967 0.1136 -1.00386 1.0 1.0 0.33333334
v 1.49779 0.11353 -1.00476 1.0 1.0 0.33333334
v 1.49662 0.10019 -1.00296 1.0 1.0 0.33333334
v 1.4977 0.10012 -1.00386 1.0 1.0 0.33333334
v 1.49779 0.11353 -1.00476 1.0 1.0 0.33333334
v 1.49662 0.10019 -1.00296 1.0 1.0 0.33333334
v 1.49779 0.11353 -1.00476 1.0 1.0 0.33333334
v 1.4967 0.1136 -1.00386 1.0 1.0 0.33333334
v 1.5 0.10036 -1.0 1.0 1.0 0.33333334
v 1.49901 0.10008 -1.00438 1.0 1.0 0.33333334
v 1.4977 0.10012 -1.00386 1.0 1.0 0.33333334
v 1.50008 0.11378 -1.0009 1.0 1.0 0.33333334
v 1.49779 0.11353 -1.00476 1.0 1.0 0.33333334
v 1.49909 0.11349 -1.00528 1.0 1.0 0.33333334
v 1.4977 0.10012 -1.00386 1.0 1.0 0.33333334
v 1.49901 0.10008 -1.00438 1.0 1.0 0.33333334
v 1.49909 0.11349 -1.00528 1.0 1.0 0.33333334
v 1.4977 0.10012 -1.00386 1.0 1.0 0.33333334
v 1.49909 0.11349 -1.00528 1.0 1.0 0.33333334
v 1.49779 0.11353 -1.00476 1.0 1.0 0.33333334
v 1.5 0.10036 -1.0 1.0 1.0 0.33333334
v 1.50042 0.10006 -1.00447 1.0 1.0 0.33333334
v 1.49901 0.10008 -1.00438 1.0 1.0 0.33333334
v 1.50008 0.11378 -1.0009 1.0 1.0 0.33333334
v 1.49909 0.11349 -1.00528 1.0 1.0 0.33333334
v 1.5005 0.11348 -1.00537 1.0 1.0 0.33333334
v 1.49901 0.10008 -1.00438 1.0 1.0 0.33333334
v 1.50042 0.10006 -1.00447 1.0 1.0 0.33333334
v 1.5005 0.11348 -1.00537 1.0 1.0 0.33333334
v 1.49901 0.10008 -1.00438 1.0 1.0 0.33333334
v 1.5005 0.11348 -1.00537 1.0 1.0 0.33333334
v 1.49909 0.11349 -1.00528 1.0 1.0 0.33333334
v 1.5 0.10036 -1.0 1.0 1.0 0.33333334
v 1.50178 0.10008 -1.00412 1.0 1.0 0.33333334
v 1.50042 0.10006 -1.00447 1.0 1.0 0.33333334
v 1.50008 0.11378 -1.0009 1.0 1.0 0.33333334
v 1.5005 0.11348 -1.00537 1.0 1.0 0.33333334
v 1.50186 0.11349 -1.00502 1.0 1.0 0.33333334
v 1.50042 0.10006 -1.00447 1.0 1.0 0.33333334
v 1.50178 0.10008 -1.00412 1.0 1.0 0.33333334
v 1.50186 0.11349 -1.00502 1.0 1.0 0.33333334
v 1.50042 0.10006 -1.00447 1.0 1.0 0.33333334
v 1.50186 0.11349 -1.00502 1.0 1.0 0.33333334
v 1.5005 0.11348 -1.00537 1.0 1.0 0.33333334
v 1.5 0.10036 -1.0 1.0 1.0 0.33333334
v 1.50297 0.10012 -1.00337 1.0 1.0 0.33333334
v 1.50178 0.10008 -1.00412 1.0 1.0 0.33333334
v 1.50008 0.11378 -1.0009 1.0 1.0 0.33333334
v 1.50186 0.11349 -1.00502 1.0 1.0 0.33333334
v 1.50305 0.11353 -1.00427 1.0 1.0 0.33333334
v 1.50178 0.10008 -1.00412 1.0 1.0 0.33333334
v 1.50297 0.10012 -1.00337 1.0 1.0 0.33333334
v 1.50305 0.11353 -1.00427 1.0 1.0 0.33333334
v 1.50178 0.10008 -1.00412 1.0 1.0 0.33333334
v 1.50305 0.11353 -1.00427 1.0 1.0 0.33333334
v 1.50186 0.11349 -1.00502 1.0 1.0 0.33333334
v 1.5 0.10036 -1.0 1.0 1.0 0.33333334
v 1.50387 0.10019 -1.00229 1.0 1.0 0.33333334
v 1.50297 0.10012 -1.00337 1.0 1.0 0.33333334
v 1.50008 0.11378 -1.0009 1.0 1.0 0.33333334
v 1.50305 0.11353 -1.00427 1.0 1.0 0.33333334
v 1.50395 0.1136 -1.00319 1.0 1.0 0.33333334
v 1.50297 0.10012 -1.00337 1.0 1.0 0.33333334
v 1.50387 0.10019 -1.00229 1.0 1.0 0.33333334
v 1.50395 0.1136 -1.00319 1.0 1.0 0.33333334
v 1.50297 0.10012 -1.00337 1.0 1.0 0.33333334
v 1.50395 0.1136 -1.00319 1.0 1.0 0.33333334
v 1.50305 0.11353 -1.00427 1.0 1.0 0.33333334
v 1.5 0.10036 -1.0 1.0 1.0 0.33333334
v 1.50439 0.10027 -1.00099 1.0 1.0 0.33333334
v 1.50387 0.10019 -1.00229 1.0 1.0 0.33333334
v 1.50008 0.11378 -1.0009 1.0 1.0 0.33333334
v 1.50395 0.1136 -1.00319 1.0 1.0 0.33333334
v 1.50447 0.11369 -1.00188 1.0 1.0 0.33333334
v 1.50387 0.10019 -1.00229 1.0 1.0 0.33333334
v 1.50439 0.10027 -1.00099 1.0 1.0 0.33333334
v 1.50447 0.11369 -1.00188 1.0 1.0 0.33333334
v 1.50387 0.10019 -1.00229 1.0 1.0 0.33333334
v 1.50447 0.11369 -1.00188 1.0 1.0 0.33333334
v 1.50395 0.1136 -1.00319 1.0 1.0 0.33333334
v 1.5 0.10036 -1.0 1.0 1.0 0.33333334
v 1.50448 0.10036 -0.99958 1.0 1.0 0.33333334
v 1.50439 0.10027 -1.00099 1.0 1.0 0.33333334
v 1.50008 0.11378 -1.0009 1.0 1.0 0.33333334
v 1.50447 0.11369 -1.00188 1.0 1.0 0.33333334
v 1.50456 0.11378 -1.00048 1.0 1.0 0.33333334
v 1.50439 0.10027 -1.00099 1.0 1.0 0.33333334
v 1.50448 0.10036 -0.99958 1.0 1.0 0.33333334
v 1.50456 0.11378 -1.00048 1.0 1.0 0.33333334
v 1.50439 0.10027 -1.00099 1.0 1.0 0.33333334
v 1.50456 0.11378 -1.00048 1.0 1.0 0.33333334
v 1.50447 0.11369 -1.00188 1.0 1.0 0.33333334
f 1 3 2
f 4 6 5
f 7 9 8
f 10 12 11
f 13 15 14
f 16 18 17
f 19 21 20
f 22 24 23
f 25 27 26
f 28 30 29
f 31 33 32
f 34 36 35
f 37 39 38
f 40 42 41
f 43 45 44
f 46 48 47
f 49 51 50
f 52 54 53
f 55 57 56
f 58 60 59
f 61 63 62
f 64 66 65
f 67 69 68
f 70 72 71
f 73 75 74
f 76 78 77
f 79 81 80
f 82 84 83
f 85 87 86
f 88 90 89
f 91 93 92
f 94 96 95
f 97 99 98
f 100 102 101
f 103 105 104
f 106 108 107
f 109 111 110
f 112 114 113
f 115 117 116
f 118 120 119
f 121 123 122
f 124 126 125
f 127 129 128
f 130 132 131
f 133 135 134
f 136 138 137
f 139 141 140
f 142 144 143
f 145 147 146
f 148 150 149
f 151 153 152
f 154 156 155
f 157 159 158
f 160 162 161
f 163 165 164
f 166 168 167
f 169 171 170
f 172 174 173
f 175 177 176
f 178 180 179
f 181 183 182
f 184 186 185
f 187 189 188
f 190 192 191
f 193 195 194
f 196 198 197
f 199 201 200
f 202 204 203
f 205 207 206
f 208 210 209
f 211 213 212
f 214 216 215
f 217 219 218
f 220 222 221
f 223 225 224
f 226 228 227
f 229 231 230
f 232 234 233
f 235 237 236
f 238 240 239
f 241 243 242
f 244 246 245
f 247 249 248
f 250 252 251
f 253 255 254
f 256 258 257
f 259 261 260
f 262 264 263
f 265 267 266
f 268 270 269
f 271 273 272
f 274 276 275
f 277 279 278
f 280 282 281
f 283 285 284
f 286 288 287
f 289 291 290
f 292 294 293
f 295 297 296
f 298 300 299
f 301 303 302
f 304 306 305
f 307 309 308
f 310 312 311
f 313 315 314
f 316 318 317
f 319 321 320
f 322 324 323
f 325 327 326
f 328 330 329
f 331 333 332
f 334 336 335
f 337 339 338
f 340 342 341
f 343 345 344
f 346 348 347
f 349 351 350
f 352 354 353
f 355 357 356
f 358 360 359
f 361 363 362
f 364 366 365
f 367 369 368
f 370 372 371
f 373 375 374
f 376 378 377
f 379 381 380
f 382 384 383
f 385 387 386
f 388 390 389
f 391 393 392
f 394 396 395
f 397 399 398
f 400 402 401
f 403 405 404
f 406 408 407
f 409 411 410
f 412 414 413
f 415 417 416
f 418 420 419
f 421 423 422
f 424 426 425
f 427 429 428
f 430 432 431
f 433 435 434
f 436 438 437
f 439 441 440
f 442 444 443
f 445 447 446
f 448 450 449
f 451 453 452
f 454 456 455
f 457 459 458
f 460 462 461
f 463 465 464
f 466 468 467
f 469 471 470
f 472 474 473
f 475 477 476
f 478 480 479
f 481 483 482
f 484 486 485
f 487 489 488
f 490 492 491
f 493 495 494
f 496 498 497
f 499 501 500
f 502 504 503
f 505 507 506
f 508 510 509
f 511 513 512
f 514 516 515
f 517 519 518
f 520 522 521
f 523 525 524
f 526 528 527
f 529 531 530
f 532 534 533
f 535 537 536
f 538 540 539
f 541 543 542
f 544 546 545
f 547 549 548
f 550 552 551
f 553 555 554
f 556 558 557
f 559 561 560
f 562 564 563
f 565 567 566
f 568 570 569
f 571 573 572
f 574 576 575
f 577 579 578
f 580 582 581
f 583 585 584
f 586 588 587
f 589 591 590
f 592 594 593
f 595 597 596
f 598 600 599
f 601 603 602
f 604 606 605
f 607 609 608
f 610 612 611
f 613 615 614
f 616 618 617
f 619 621 620
f 622 624 623
f 625 627 626
f 628 630 629
f 631 633 632
f 634 636 635
f 637 639 638
f 640 642 641
f 643 645 644
f 646 648 647
f 649 651 650
f 652 654 653
f 655 657 656
f 658 660 659
f 661 663 662
f 664 666 665
f 667 669 668
f 670 672 671
f 673 675 674
f 676 678 677
f 679 681 680
f 682 684 683
f 685 687 686
f 688 690 689
f 691 693 692
f 694 696 695
f 697 699 698
f 700 702 701
f 703 705 704
f 706 708 707
f 709 711 710
f 712 714 713
f 715 717 716
f 718 720 719
f 721 723 722
f 724 726 725
f 727 729 728
f 730 732 731
f 733 735 734
f 736 738 737
f 739 741 740
f 742 744 743
f 745 747 746
f 748 750 749
f 751 753 752
f 754 756 755
f 757 759 758
f 760 762 761
f 763 765 764
f 766 768 767
f 769 771 770
f 772 774 773
f 775 777 776
f 778 780 779
f 781 783 782
f 784 786 785
f 787 789 788
f 790 792 791
f 793 795 794
f 796 798 797
f 799 801 800
f 802 804 803
f 805 807 806
f 808 810 809
f 811 813 812
f 814 816 815
f 817 819 818
f 820 822 821
f 823 825 824
f 826 828 827
f 829 831 830
f 832 834 833
f 835 837 836
f 838 840 839
f 841 843 842
f 844 846 845
f 847 849 848
f 850 852 851
f 853 855 854
f 856 858 857
f 859 861 860
f 862 864 863
f 865 867 866
f 868 870 869
f 871 873 872
f 874 876 875
f 877 879 878
f 880 882 881
f 883 885 884
f 886 888 887
f 889 891 890
f 892 894 893
f 895 897 896
f 898 900 899
f 901 903 902
f 904 906 905
f 907 909 908
f 910 912 911
f 913 915 914
f 916 918 917
f 919 921 920
f 922 924 923
f 925 927 926
f 928 930 929
f 931 933 932
f 934 936 935
f 937 939 938
f 940 942 941
f 943 945 944
f 946 948 947
f 949 951 950
f 952 954 953
f 955 957 956
f 958 960 959
f 961 963 962
f 964 966 965
f 967 969 968
f 970 972 971
f 973 975 974
f 976 978 977
f 979 981 980
f 982 984 983
f 985 987 986
f 988 990 989
f 991 993 992
f 994 996 995
f 997 999 998
f 1000 1002 1001
f 1003 1005 1004
f 1006 1008 1007
f 1009 1011 1010
f 1012 1014 1013
f 1015 1017 1016
f 1018 1020 1019
f 1021 1023 1022
f 1024 1026 1025
f 1027 1029 1028
f 1030 1032 1031
f 1033 1035 1034
f 1036 1038 1037
f 1039 1041 1040
f 1042 1044 1043
f 1045 1047 1046
f 1048 1050 1049
f 1051 1053 1052
f 1054 1056 1055
f 1057 1059 1058
f 1060 1062 1061
f 1063 1065 1064
f 1066 1068 1067
f 1069 1071 1070
f 1072 1074 1073
f 1075 1077 1076
f 1078 1080 1079
f 1081 1083 1082
f 1084 1086 1085
f 1087 1089 1088
f 1090 1092 1091
f 1093 1095 1094
f 1096 1098 1097
f 1099 1101 1100
f 1102 1104 1103
f 1105 1107 1106
f 1108 1110 1109
f 1111 1113 1112
f 1114 1116 1115
f 1117 1119 1118
f 1120 1122 1121
f 1123 1125 1124
f 1126 1128 1127
f 1129 1131 1130
f 1132 1134 1133
f 1135 1137 1136
f 1138 1140 1139
f 1141 1143 1142
f 1144 1146 1145
f 1147 1149 1148
f 1150 1152 1151
f 1153 1155 1154
f 1156 1158 1157
f 1159 1161 1160
f 1162 1164 1163
f 1165 1167 1166
f 1168 1170 1169
f 1171 1173 1172
f 1174 1176 1175
f 1177 1179 1178
f 1180 1182 1181
f 1183 1185 1184
f 1186 1188 1187
f 1189 1191 1190
f 1192 1194 1193
f 1195 1197 1196
f 1198 1200 1199
f 1201 1203 1202
f 1204 1206 1205
f 1207 1209 1208
f 1210 1212 1211
f 1213 1215 1214
f 1216 1218 1217
f 1219 1221 1220
f 1222 1224 1223
f 1225 1227 1226
f 1228 1230 1229
f 1231 1233 1232
f 1234 1236 1235
f 1237 1239 1238
f 1240 1242 1241
f 1243 1245 1244
f 1246 1248 1247
f 1249 1251 1250
f 1252 1254 1253
f 1255 1257 1256
f 1258 1260 1259
f 1261 1263 1262
f 1264 1266 1265
f 1267 1269 1268
f 1270 1272 1271
f 1273 1275 1274
f 1276 1278 1277
f 1279 1281 1280
f 1282 1284 1283
f 1285 1287 1286
f 1288 1290 1289
f 1291 1293 1292
f 1294 1296 1295
f 1297 1299 1298
f 1300 1302 1301
f 1303 1305 1304
f 1306 1308 1307
f 1309 1311 1310
f 1312 1314 1313
f 1315 1317 1316
f 1318 1320 1319
f 1321 1323 1322
f 1324 1326 1325
f 1327 1329 1328
f 1330 1332 1331
f 1333 1335 1334
f 1336 1338 1337
f 1339 1341 1340
f 1342 1344 1343
f 1345 1347 1346
f 1348 1350 1349
f 1351 1353 1352
f 1354 1356 1355
f 1357 1359 1358
f 1360 1362 1361
f 1363 1365 1364
f 1366 1368 1367
f 1369 1371 1370
f 1372 1374 1373
f 1375 1377 1376
f 1378 1380 1379
f 1381 1383 1382
f 1384 1386 1385
f 1387 1389 1388
f 1390 1392 1391
f 1393 1395 1394
f 1396 1398 1397
f 1399 1401 1400
f 1402 1404 1403
f 1405 1407 1406
f 1408 1410 1409
f 1411 1413 1412
f 1414 1416 1415
f 1417 1419 1418
f 1420 1422 1421
f 1423 1425 1424
f 1426 1428 1427
f 1429 1431 1430
f 1432 1434 1433
f 1435 1437 1436
f 1438 1440 1439
f 1441 1443 1442
f 1444 1446 1445
f 1447 1449 1448
f 1450 1452 1451
f 1453 1455 1454
f 1456 1458 1457
f 1459 1461 1460
f 1462 1464 1463
f 1465 1467 1466
f 1468 1470 1469
f 1471 1473 1472
f 1474 1476 1475
f 1477 1479 1478
f 1480 1482 1481
f 1483 1485 1484
f 1486 1488 1487
f 1489 1491 1490
f 1492 1494 1493
f 1495 1497 1496
f 1498 1500 1499
f 1501 1503 1502
f 1504 1506 1505
f 1507 1509 1508
f 1510 1512 1511
f 1513 1515 1514
f 1516 1518 1517
f 1519 1521 1520
f 1522 1524 1523
f 1525 1527 1526
f 1528 1530 1529
f 1531 1533 1532
f 1534 1536 1535
f 1537 1539 1538
f 1540 1542 1541
f 1543 1545 1544
f 1546 1548 1547
f 1549 1551 1550
f 1552 1554 1553
f 1555 1557 1556
f 1558 1560 1559
f 1561 1563 1562
f 1564 1566 1565
f 1567 1569 1568
f 1570 1572 1571
f 1573 1575 1574
f 1576 1578 1577
f 1579 1581 1580
f 1582 1584 1583
f 1585 1587 1586
f 1588 1590 1589
f 1591 1593 1592
f 1594 1596 1595
f 1597 1599 1598
f 1600 1602 1601
f 1603 1605 1604
f 1606 1608 1607
f 1609 1611 1610
f 1612 1614 1613
f 1615 1617 1616
f 1618 1620 1619
f 1621 1623 1622
f 1624 1626 1625
f 1627 1629 1628
f 1630 1632 1631
f 1633 1635 1634
f 1636 1638 1637
f 1639 1641 1640
f 1642 1644 1643
f 1645 1647 1646
f 1648 1650 1649
f 1651 1653 1652
f 1654 1656 1655
f 1657 1659 1658
f 1660 1662 1661
f 1663 1665 1664
f 1666 1668 1667
f 1669 1671 1670
f 1672 1674 1673
f 1675 1677 1676
f 1678 1680 1679
f 1681 1683 1682
f 1684 1686 1685
f 1687 1689 1688
f 1690 1692 1691
f 1693 1695 1694
f 1696 1698 1697
f 1699 1701 1700
f 1702 1704 1703
f 1705 1707 1706
f 1708 1710 1709
f 1711 1713 1712
f 1714 1716 1715
f 1717 1719 1718
f 1720 1722 1721
f 1723 1725 1724
f 1726 1728 1727
f 1729 1731 1730
f 1732 1734 1733
f 1735 1737 1736
f 1738 1740 1739
f 1741 1743 1742
f 1744 1746 1745
f 1747 1749 1748
f 1750 1752 1751
f 1753 1755 1754
f 1756 1758 1757
f 1759 1761 1760
f 1762 1764 1763
f 1765 1767 1766
f 1768 1770 1769
f 1771 1773 1772
f 1774 1776 1775
f 1777 1779 1778
f 1780 1782 1781
f 1783 1785 1784
f 1786 1788 1787
f 1789 1791 1790
f 1792 1794 1793
f 1795 1797 1796
f 1798 1800 1799
f 1801 1803 1802
f 1804 1806 1805
f 1807 1809 1808
f 1810 1812 1811
f 1813 1815 1814
f 1816 1818 1817
f 1819 1821 1820
f 1822 1824 1823
f 1825 1827 1826
f 1828 1830 1829
f 1831 1833 1832
f 1834 1836 1835
f 1837 1839 1838
f 1840 1842 1841
f 1843 1845 1844
f 1846 1848 1847
f 1849 1851 1850
f 1852 1854 1853
f 1855 1857 1856
f 1858 1860 1859
f 1861 1863 1862
f 1864 1866 1865
f 1867 1869 1868
f 1870 1872 1871
f 1873 1875 1874
f 1876 1878 1877
f 1879 1881 1880
f 1882 1884 1883
f 1885 1887 1886
f 1888 1890 1889
f 1891 1893 1892
f 1894 1896 1895
f 1897 1899 1898
f 1900 1902 1901
f 1903 1905 1904
f 1906 1908 1907
f 1909 1911 1910
f 1912 1914 1913
f 1915 1917 1916
f 1918 1920 1919
f 1921 1923 1922
f 1924 1926 1925
f 1927 1929 1928
f 1930 1932 1931
f 1933 1935 1934
f 1936 1938 1937
f 1939 1941 1940
f 1942 1944 1943
f 1945 1947 1946
f 1948 1950 1949
f 1951 1953 1952
f 1954 1956 1955
f 1957 1959 1958
f 1960 1962 1961
f 1963 1965 1964
f 1966 1968 1967
f 1969 1971 1970
f 1972 1974 1973
f 1975 1977 1976
f 1978 1980 1979
f 1981 1983 1982
f 1984 1986 1985
f 1987 1989 1988
f 1990 1992 1991
f 1993 1995 1994
f 1996 1998 1997
f 1999 2001 2000
f 2002 2004 2003
f 2005 2007 2006
f 2008 2010 2009
f 2011 2013 2012
f 2014 2016 2015
f 2017 2019 2018
f 2020 2022 2021
f 2023 2025 2024
f 2026 2028 2027
f 2029 2031 2030
f 2032 2034 2033
f 2035 2037 2036
f 2038 2040 2039
f 2041 2043 2042
f 2044 2046 2045
f 2047 2049 2048
f 2050 2052 2051
f 2053 2055 2054
f 2056 2058 2057
f 2059 2061 2060
f 2062 2064 2063
f 2065 2067 2066
f 2068 2070 2069
f 2071 2073 2072
f 2074 2076 2075
f 2077 2079 2078
f 2080 2082 2081
f 2083 2085 2084
f 2086 2088 2087
f 2089 2091 2090
f 2092 2094 2093
f 2095 2097 2096
f 2098 2100 2099
f 2101 2103 2102
f 2104 2106 2105
f 2107 2109 2108
f 2110 2112 2111
f 2113 2115 2114
f 2116 2118 2117
f 2119 2121 2120
f 2122 2124 2123
f 2125 2127 2126
f 2128 2130 2129
f 2131 2133 2132
f 2134 2136 2135
f 2137 2139 2138
f 2140 2142 2141
f 2143 2145 2144
f 2146 2148 2147
f 2149 2151 2150
f 2152 2154 2153
f 2155 2157 2156
f 2158 2160 2159
f 2161 2163 2162
f 2164 2166 2165
f 2167 2169 2168
f 2170 2172 2171
f 2173 2175 2174
f 2176 2178 2177
f 2179 2181 2180
f 2182 2184 2183
f 2185 2187 2186
f 2188 2190 2189
f 2191 2193 2192
f 2194 2196 2195
f 2197 2199 2198
f 2200 2202 2201
f 2203 2205 2204
f 2206 2208 2207
f 2209 2211 2210
f 2212 2214 2213
f 2215 2217 2216
f 2218 2220 2219
f 2221 2223 2222
f 2224 2226 2225
f 2227 2229 2228
f 2230 2232 2231
f 2233 2235 2234
f 2236 2238 2237
f 2239 2241 2240
f 2242 2244 2243
f 2245 2247 2246
f 2248 2250 2249
f 2251 2253 2252
f 2254 2256 2255
f 2257 2259 2258
f 2260 2262 2261
f 2263 2265 2264
f 2266 2268 2267
f 2269 2271 2270
f 2272 2274 2273
f 2275 2277 2276
f 2278 2280 2279
f 2281 2283 2282
f 2284 2286 2285
f 2287 2289 2288
f 2290 2292 2291
f 2293 2295 2294
f 2296 2298 2297
f 2299 2301 2300
f 2302 2304 2303
f 2305 2307 2306
f 2308 2310 2309
f 2311 2313 2312
f 2314 2316 2315
f 2317 2319 2318
f 2320 2322 2321
f 2323 2325 2324
f 2326 2328 2327
f 2329 2331 2330
f 2332 2334 2333
f 2335 2337 2336
f 2338 2340 2339
f 2341 2343 2342
f 2344 2346 2345
f 2347 2349 2348
f 2350 2352 2351
f 2353 2355 2354
f 2356 2358 2357
f 2359 2361 2360
f 2362 2364 2363
f 2365 2367 2366
f 2368 2370 2369
f 2371 2373 2372
f 2374 2376 2375
f 2377 2379 2378
f 2380 2382 2381
f 2383 2385 2384
f 2386 2388 2387
f 2389 2391 2390
f 2392 2394 2393
f 2395 2397 2396
f 2398 2400 2399
f 2401 2403 2402
f 2404 2406 2405
f 2407 2409 2408
f 2410 2412 2411
f 2413 2415 2414
f 2416 2418 2417
f 2419 2421 2420
f 2422 2424 2423
f 2425 2427 2426
f 2428 2430 2429
f 2431 2433 2432
f 2434 2436 2435
f 2437 2439 2438
f 2440 2442 2441
f 2443 2445 2444
f 2446 2448 2447
f 2449 2451 2450
f 2452 2454 2453
f 2455 2457 2456
f 2458 2460 2459
f 2461 2463 2462
f 2464 2466 2465
f 2467 2469 2468
f 2470 2472 2471
f 2473 2475 2474
f 2476 2478 2477
f 2479 2481 2480
f 2482 2484 2483
f 2485 2487 2486
f 2488 2490 2489
f 2491 2493 2492
f 2494 2496 2495
f 2497 2499 2498
f 2500 2502 2501
f 2503 2505 2504
f 2506 2508 2507
f 2509 2511 2510
f 2512 2514 2513
f 2515 2517 2516
f 2518 2520 2519
f 2521 2523 2522
f 2524 2526 2525
f 2527 2529 2528
f 2530 2532 2531
f 2533 2535 2534
f 2536 2538 2537
f 2539 2541 2540
f 2542 2544 2543
f 2545 2547 2546
f 2548 2550 2549
f 2551 2553 2552
f 2554 2556 2555
f 2557 2559 2558
f 2560 2562 2561
f 2563 2565 2564
f 2566 2568 2567
f 2569 2571 2570
f 2572 2574 2573
f 2575 2577 2576
f 2578 2580 2579
f 2581 2583 2582
f 2584 2586 2585
f 2587 2589 2588
f 2590 2592 2591
f 2593 2595 2594
f 2596 2598 2597
f 2599 2601 2600
f 2602 2604 2603
f 2605 2607 2606
f 2608 2610 2609
f 2611 2613 2612
f 2614 2616 2615
f 2617 2619 2618
f 2620 2622 2621
f 2623 2625 2624
f 2626 2628 2627
f 2629 2631 2630
f 2632 2634 2633
f 2635 2637 2636
f 2638 2640 2639
f 2641 2643 2642
f 2644 2646 2645
f 2647 2649 2648
f 2650 2652 2651
f 2653 2655 2654
f 2656 2658 2657
f 2659 2661 2660
f 2662 2664 2663
f 2665 2667 2666
f 2668 2670 2669
f 2671 2673 2672
f 2674 2676 2675
f 2677 2679 2678
f 2680 2682 2681
f 2683 2685 2684
f 2686 2688 2687
f 2689 2691 2690
f 2692 2694 2693
f 2695 2697 2696
f 2698 2700 2699
f 2701 2703 2702
f 2704 2706 2705
f 2707 2709 2708
f 2710 2712 2711
f 2713 2715 2714
f 2716 2718 2717
f 2719 2721 2720
f 2722 2724 2723
f 2725 2727 2726
f 2728 2730 2729
f 2731 2733 2732
f 2734 2736 2735
f 2737 2739 2738
f 2740 2742 2741
f 2743 2745 2744
f 2746 2748 2747
f 2749 2751 2750
f 2752 2754 2753
f 2755 2757 2756
f 2758 2760 2759
f 2761 2763 2762
f 2764 2766 2765
f 2767 2769 2768
f 2770 2772 2771
f 2773 2775 2774
f 2776 2778 2777
f 2779 2781 2780
f 2782 2784 2783
f 2785 2787 2786
f 2788 2790 2789
f 2791 2793 2792
f 2794 2796 2795
f 2797 2799 2798
f 2800 2802 2801
f 2803 2805 2804
f 2806 2808 2807
f 2809 2811 2810
f 2812 2814 2813
f 2815 2817 2816
f 2818 2820 2819
f 2821 2823 2822
f 2824 2826 2825
f 2827 2829 2828
f 2830 2832 2831
f 2833 2835 2834
f 2836 2838 2837
f 2839 2841 2840
f 2842 2844 2843
f 2845 2847 2846
f 2848 2850 2849
f 2851 2853 2852
f 2854 2856 2855
f 2857 2859 2858
f 2860 2862 2861
f 2863 2865 2864
f 2866 2868 2867
f 2869 2871 2870
f 2872 2874 2873
f 2875 2877 2876
f 2878 2880 2879
f 2881 2883 2882
f 2884 2886 2885
f 2887 2889 2888
f 2890 2892 2891
f 2893 2895 2894
f 2896 2898 2897
f 2899 2901 2900
f 2902 2904 2903
f 2905 2907 2906
f 2908 2910 2909
f 2911 2913 2912
f 2914 2916 2915
f 2917 2919 2918
f 2920 2922 2921
f 2923 2925 2924
f 2926 2928 2927
f 2929 2931 2930
f 2932 2934 2933
f 2935 2937 2936
f 2938 2940 2939
f 2941 2943 2942
f 2944 2946 2945
f 2947 2949 2948
f 2950 2952 2951
f 2953 2955 2954
f 2956 2958 2957
f 2959 2961 2960
f 2962 2964 2963
f 2965 2967 2966
f 2968 2970 2969
f 2971 2973 2972
f 2974 2976 2975
f 2977 2979 2978
f 2980 2982 2981
f 2983 2985 2984
f 2986 2988 2987
f 2989 2991 2990
f 2992 2994 2993
f 2995 2997 2996
f 2998 3000 2999
f 3001 3003 3002
f 3004 3006 3005
f 3007 3009 3008
f 3010 3012 3011
f 3013 3015 3014
f 3016 3018 3017
f 3019 3021 3020
f 3022 3024 3023
f 3025 3027 3026
f 3028 3030 3029
f 3031 3033 3032
f 3034 3036 3035
f 3037 3039 3038
f 3040 3042 3041
f 3043 3045 3044
f 3046 3048 3047
f 3049 3051 3050
f 3052 3054 3053
f 3055 3057 3056
f 3058 3060 3059
f 3061 3063 3062
f 3064 3066 3065
f 3067 3069 3068
f 3070 3072 3071
f 3073 3075 3074
f 3076 3078 3077
f 3079 3081 3080
f 3082 3084 3083
f 3085 3087 3086
f 3088 3090 3089
f 3091 3093 3092
f 3094 3096 3095
f 3097 3099 3098
f 3100 3102 3101
f 3103 3105 3104
f 3106 3108 3107
f 3109 3111 3110
f 3112 3114 3113
f 3115 3117 3116
f 3118 3120 3119
f 3121 3123 3122
f 3124 3126 3125
f 3127 3129 3128
f 3130 3132 3131
f 3133 3135 3134
f 3136 3138 3137
f 3139 3141 3140
f 3142 3144 3143
f 3145 3147 3146
f 3148 3150 3149
f 3151 3153 3152
f 3154 3156 3155
f 3157 3159 3158
f 3160 3162 3161
f 3163 3165 3164
f 3166 3168 3167
f 3169 3171 3170
f 3172 3174 3173
f 3175 3177 3176
f 3178 3180 3179
f 3181 3183 3182
f 3184 3186 3185
f 3187 3189 3188
f 3190 3192 3191
f 3193 3195 3194
f 3196 3198 3197
f 3199 3201 3200
f 3202 3204 3203
f 3205 3207 3206
f 3208 3210 3209
f 3211 3213 3212
f 3214 3216 3215
f 3217 3219 3218
f 3220 3222 3221
f 3223 3225 3224
f 3226 3228 3227
f 3229 3231 3230
f 3232 3234 3233
f 3235 3237 3236
f 3238 3240 3239
f 3241 3243 3242
f 3244 3246 3245
f 3247 3249 3248
f 3250 3252 3251
f 3253 3255 3254
f 3256 3258 3257
f 3259 3261 3260
f 3262 3264 3263
f 3265 3267 3266
f 3268 3270 3269
f 3271 3273 3272
f 3274 3276 3275
f 3277 3279 3278
f 3280 3282 3281
f 3283 3285 3284
f 3286 3288 3287
f 3289 3291 3290
f 3292 3294 3293
f 3295 3297 3296
f 3298 3300 3299
f 3301 3303 3302
f 3304 3306 3305
f 3307 3309 3308
f 3310 3312 3311
f 3313 3315 3314
f 3316 3318 3317
f 3319 3321 3320
f 3322 3324 3323
f 3325 3327 3326
f 3328 3330 3329
f 3331 3333 3332
f 3334 3336 3335
f 3337 3339 3338
f 3340 3342 3341
f 3343 3345 3344
f 3346 3348 3347
f 3349 3351 3350
f 3352 3354 3353
f 3355 3357 3356
f 3358 3360 3359
f 3361 3363 3362
f 3364 3366 3365
f 3367 3369 3368
f 3370 3372 3371
f 3373 3375 3374
f 3376 3378 3377
f 3379 3381 3380
f 3382 3384 3383
f 3385 3387 3386
f 3388 3390 3389
f 3391 3393 3392
f 3394 3396 3395
f 3397 3399 3398
f 3400 3402 3401
f 3403 3405 3404
f 3406 3408 3407
f 3409 3411 3410
f 3412 3414 3413
f 3415 3417 3416
f 3418 3420 3419
f 3421 3423 3422
f 3424 3426 3425
f 3427 3429 3428
f 3430 3432 3431
f 3433 3435 3434
f 3436 3438 3437
f 3439 3441 3440
f 3442 3444 3443
f 3445 3447 3446
f 3448 3450 3449
f 3451 3453 3452
f 3454 3456 3455
f 3457 3459 3458
f 3460 3462 3461
f 3463 3465 3464
f 3466 3468 3467
f 3469 3471 3470
f 3472 3474 3473
f 3475 3477 3476
f 3478 3480 3479
f 3481 3483 3482
f 3484 3486 3485
f 3487 3489 3488
f 3490 3492 3491
f 3493 3495 3494
f 3496 3498 3497
f 3499 3501 3500
f 3502 3504 3503
f 3505 3507 3506
f 3508 3510 3509
f 3511 3513 3512
f 3514 3516 3515
f 3517 3519 3518
f 3520 3522 3521
f 3523 3525 3524
f 3526 3528 3527
f 3529 3531 3530
f 3532 3534 3533
f 3535 3537 3536
f 3538 3540 3539
f 3541 3543 3542
f 3544 3546 3545
f 3547 3549 3548
f 3550 3552 3551
f 3553 3555 3554
f 3556 3558 3557
f 3559 3561 3560
f 3562 3564 3563
f 3565 3567 3566
f 3568 3570 3569
f 3571 3573 3572
f 3574 3576 3575
f 3577 3579 3578
f 3580 3582 3581
f 3583 3585 3584
f 3586 3588 3587
f 3589 3591 3590
f 3592 3594 3593
f 3595 3597 3596
f 3598 3600 3599
f 3601 3603 3602
f 3604 3606 3605
f 3607 3609 3608
f 3610 3612 3611
f 3613 3615 3614
f 3616 3618 3617
f 3619 3621 3620
f 3622 3624 3623
f 3625 3627 3626
f 3628 3630 3629
f 3631 3633 3632
f 3634 3636 3635
f 3637 3639 3638
f 3640 3642 3641
f 3643 3645 3644
f 3646 3648 3647
f 3649 3651 3650
f 3652 3654 3653
f 3655 3657 3656
f 3658 3660 3659
f 3661 3663 3662
f 3664 3666 3665
f 3667 3669 3668
f 3670 3672 3671
f 3673 3675 3674
f 3676 3678 3677
f 3679 3681 3680
f 3682 3684 3683
f 3685 3687 3686
f 3688 3690 3689
f 3691 3693 3692
f 3694 3696 3695
f 3697 3699 3698
f 3700 3702 3701
f 3703 3705 3704
f 3706 3708 3707
f 3709 3711 3710
f 3712 3714 3713
f 3715 3717 3716
f 3718 3720 3719
f 3721 3723 3722
f 3724 3726 3725
f 3727 3729 3728
f 3730 3732 3731
f 3733 3735 3734
f 3736 3738 3737
f 3739 3741 3740
f 3742 3744 3743
f 3745 3747 3746
f 3748 3750 3749
f 3751 3753 3752
f 3754 3756 3755
f 3757 3759 3758
f 3760 3762 3761
f 3763 3765 3764
f 3766 3768 3767
f 3769 3771 3770
f 3772 3774 3773
f 3775 3777 3776
f 3778 3780 3779
f 3781 3783 3782
f 3784 3786 3785
f 3787 3789 3788
f 3790 3792 3791
f 3793 3795 3794
f 3796 3798 3797
f 3799 3801 3800
f 3802 3804 3803
f 3805 3807 3806
f 3808 3810 3809
f 3811 3813 3812
f 3814 3816 3815
f 3817 3819 3818
f 3820 3822 3821
f 3823 3825 3824
f 3826 3828 3827
f 3829 3831 3830
f 3832 3834 3833
f 3835 3837 3836
f 3838 3840 3839
f 3841 3843 3842
f 3844 3846 3845
f 3847 3849 3848
f 3850 3852 3851
f 3853 3855 3854
f 3856 3858 3857
f 3859 3861 3860
f 3862 3864 3863
f 3865 3867 3866
f 3868 3870 3869
f 3871 3873 3872
f 3874 3876 3875
f 3877 3879 3878
f 3880 3882 3881
f 3883 3885 3884
f 3886 3888 3887
f 3889 3891 3890
f 3892 3894 3893
f 3895 3897 3896
f 3898 3900 3899
f 3901 3903 3902
f 3904 3906 3905
f 3907 3909 3908
f 3910 3912 3911
f 3913 3915 3914
f 3916 3918 3917
f 3919 3921 3920
f 3922 3924 3923
f 3925 3927 3926
f 3928 3930 3929
f 3931 3933 3932
f 3934 3936 3935
f 3937 3939 3938
f 3940 3942 3941
f 3943 3945 3944
f 3946 3948 3947
f 3949 3951 3950
f 3952 3954 3953
f 3955 3957 3956
f 3958 3960 3959
f 3961 3963 3962
f 3964 3966 3965
f 3967 3969 3968
f 3970 3972 3971
f 3973 3975 3974
f 3976 3978 3977
f 3979 3981 3980
f 3982 3984 3983
f 3985 3987 3986
f 3988 3990 3989
f 3991 3993 3992
f 3994 3996 3995
f 3997 3999 3998
f 4000 4002 4001
f 4003 4005 4004
f 4006 4008 4007
f 4009 4011 4010
f 4012 4014 4013
f 4015 4017 4016
f 4018 4020 4019
f 4021 4023 4022
f 4024 4026 4025
f 4027 4029 4028
f 4030 4032 4031
f 4033 4035 4034
f 4036 4038 4037
f 4039 4041 4040
f 4042 4044 4043
f 4045 4047 4046
f 4048 4050 4049
f 4051 4053 4052
f 4054 4056 4055
f 4057 4059 4058
f 4060 4062 4061
f 4063 4065 4064
f 4066 4068 4067
f 4069 4071 4070
f 4072 4074 4073
f 4075 4077 4076
f 4078 4080 4079
f 4081 4083 4082
f 4084 4086 4085
f 4087 4089 4088
f 4090 4092 4091
f 4093 4095 4094
f 4096 4098 4097
f 4099 4101 4100
f 4102 4104 4103
f 4105 4107 4106
f 4108 4110 4109
f 4111 4113 4112
f 4114 4116 4115
f 4117 4119 4118
f 4120 4122 4121
f 4123 4125 4124
f 4126 4128 4127
f 4129 4131 4130
f 4132 4134 4133
f 4135 4137 4136
f 4138 4140 4139
f 4141 4143 4142
f 4144 4146 4145
f 4147 4149 4148
f 4150 4152 4151
f 4153 4155 4154
f 4156 4158 4157
f 4159 4161 4160
f 4162 4164 4163
f 4165 4167 4166
f 4168 4170 4169
f 4171 4173 4172
f 4174 4176 4175
f 4177 4179 4178
f 4180 4182 4181
f 4183 4185 4184
f 4186 4188 4187
f 4189 4191 4190
f 4192 4194 4193
f 4195 4197 4196
f 4198 4200 4199
f 4201 4203 4202
f 4204 4206 4205
f 4207 4209 4208
f 4210 4212 4211
f 4213 4215 4214
f 4216 4218 4217
f 4219 4221 4220
f 4222 4224 4223
f 4225 4227 4226
f 4228 4230 4229
f 4231 4233 4232
f 4234 4236 4235
f 4237 4239 4238
f 4240 4242 4241
f 4243 4245 4244
f 4246 4248 4247
f 4249 4251 4250
f 4252 4254 4253
f 4255 4257 4256
f 4258 4260 4259
f 4261 4263 4262
f 4264 4266 4265
f 4267 4269 4268
f 4270 4272 4271
f 4273 4275 4274
f 4276 4278 4277
f 4279 4281 4280
f 4282 4284 4283
f 4285 4287 4286
f 4288 4290 4289
f 4291 4293 4292
f 4294 4296 4295
f 4297 4299 4298
f 4300 4302 4301
f 4303 4305 4304
f 4306 4308 4307
f 4309 4311 4310
f 4312 4314 4313
f 4315 4317 4316
f 4318 4320 4319
f 4321 4323 4322
f 4324 4326 4325
f 4327 4329 4328
f 4330 4332 4331
f 4333 4335 4334
f 4336 4338 4337
f 4339 4341 4340
f 4342 4344 4343
f 4345 4347 4346
f 4348 4350 4349
f 4351 4353 4352
f 4354 4356 4355
f 4357 4359 4358
f 4360 4362 4361
f 4363 4365 4364
f 4366 4368 4367
f 4369 4371 4370
f 4372 4374 4373
f 4375 4377 4376
f 4378 4380 4379
f 4381 4383 4382
f 4384 4386 4385
f 4387 4389 4388
f 4390 4392 4391
f 4393 4395 4394
f 4396 4398 4397
f 4399 4401 4400
f 4402 4404 4403
f 4405 4407 4406
f 4408 4410 4409
f 4411 4413 4412
f 4414 4416 4415
f 4417 4419 4418
f 4420 4422 4421
f 4423 4425 4424
f 4426 4428 4427
f 4429 4431 4430
f 4432 4434 4433
f 4435 4437 4436
f 4438 4440 4439
f 4441 4443 4442
f 4444 4446 4445
f 4447 4449 4448
f 4450 4452 4451
f 4453 4455 4454
f 4456 4458 4457
f 4459 4461 4460
f 4462 4464 4463
f 4465 4467 4466
f 4468 4470 4469
f 4471 4473 4472
f 4474 4476 4475
f 4477 4479 4478
f 4480 4482 4481
f 4483 4485 4484
f 4486 4488 4487
f 4489 4491 4490
f 4492 4494 4493
f 4495 4497 4496
f 4498 4500 4499
f 4501 4503 4502
f 4504 4506 4505
f 4507 4509 4508
f 4510 4512 4511
f 4513 4515 4514
f 4516 4518 4517
f 4519 4521 4520
f 4522 4524 4523
f 4525 4527 4526
f 4528 4530 4529
f 4531 4533 4532
f 4534 4536 4535
f 4537 4539 4538
f 4540 4542 4541
f 4543 4545 4544
f 4546 4548 4547
f 4549 4551 4550
f 4552 4554 4553
f 4555 4557 4556
f 4558 4560 4559
f 4561 4563 4562
f 4564 4566 4565
f 4567 4569 4568
f 4570 4572 4571
f 4573 4575 4574
f 4576 4578 4577
f 4579 4581 4580
f 4582 4584 4583
f 4585 4587 4586
f 4588 4590 4589
f 4591 4593 4592
f 4594 4596 4595
f 4597 4599 4598
f 4600 4602 4601
f 4603 4605 4604
f 4606 4608 4607
f 4609 4611 4610
f 4612 4614 4613
f 4615 4617 4616
f 4618 4620 4619
f 4621 4623 4622
f 4624 4626 4625
f 4627 4629 4628
f 4630 4632 4631
f 4633 4635 4634
f 4636 4638 4637
f 4639 4641 4640
f 4642 4644 4643
f 4645 4647 4646
f 4648 4650 4649
f 4651 4653 4652
f 4654 4656 4655
f 4657 4659 4658
f 4660 4662 4661
f 4663 4665 4664
f 4666 4668 4667
f 4669 4671 4670
f 4672 4674 4673
f 4675 4677 4676
f 4678 4680 4679
f 4681 4683 4682
f 4684 4686 4685
f 4687 4689 4688
f 4690 4692 4691
f 4693 4695 4694
f 4696 4698 4697
f 4699 4701 4700
f 4702 4704 4703
f 4705 4707 4706
f 4708 4710 4709
f 4711 4713 4712
f 4714 4716 4715
f 4717 4719 4718
f 4720 4722 4721
f 4723 4725 4724
f 4726 4728 4727
f 4729 4731 4730
f 4732 4734 4733
f 4735 4737 4736
f 4738 4740 4739
f 4741 4743 4742
f 4744 4746 4745
f 4747 4749 4748
f 4750 4752 4751
f 4753 4755 4754
f 4756 4758 4757
f 4759 4761 4760
f 4762 4764 4763
f 4765 4767 4766
f 4768 4770 4769
f 4771 4773 4772
f 4774 4776 4775
f 4777 4779 4778
f 4780 4782 4781
f 4783 4785 4784
f 4786 4788 4787
f 4789 4791 4790
f 4792 4794 4793
f 4795 4797 4796
f 4798 4800 4799
f 4801 4803 4802
f 4804 4806 4805
f 4807 4809 4808
f 4810 4812 4811
f 4813 4815 4814
f 4816 4818 4817
f 4819 4821 4820
f 4822 4824 4823
f 4825 4827 4826
f 4828 4830 4829
f 4831 4833 4832
f 4834 4836 4835
f 4837 4839 4838
f 4840 4842 4841
f 4843 4845 4844
f 4846 4848 4847
f 4849 4851 4850
f 4852 4854 4853
f 4855 4857 4856
f 4858 4860 4859
f 4861 4863 4862
f 4864 4866 4865
f 4867 4869 4868
f 4870 4872 4871
f 4873 4875 4874
f 4876 4878 4877
f 4879 4881 4880
f 4882 4884 4883
f 4885 4887 4886
f 4888 4890 4889
f 4891 4893 4892
f 4894 4896 4895
f 4897 4899 4898
f 4900 4902 4901
f 4903 4905 4904
f 4906 4908 4907
f 4909 4911 4910
f 4912 4914 4913
f 4915 4917 4916
f 4918 4920 4919
f 4921 4923 4922
f 4924 4926 4925
f 4927 4929 4928
f 4930 4932 4931
f 4933 4935 4934
f 4936 4938 4937
f 4939 4941 4940
f 4942 4944 4943
f 4945 4947 4946
f 4948 4950 4949
f 4951 4953 4952
f 4954 4956 4955
f 4957 4959 4958
f 4960 4962 4961
f 4963 4965 4964
f 4966 4968 4967
f 4969 4971 4970
f 4972 4974 4973
f 4975 4977 4976
f 4978 4980 4979
f 4981 4983 4982
f 4984 4986 4985
f 4987 4989 4988
f 4990 4992 4991
f 4993 4995 4994
f 4996 4998 4997
f 4999 5001 5000
f 5002 5004 5003
f 5005 5007 5006
f 5008 5010 5009
f 5011 5013 5012
f 5014 5016 5015
f 5017 5019 5018
f 5020 5022 5021
f 5023 5025 5024
f 5026 5028 5027
f 5029 5031 5030
f 5032 5034 5033
f 5035 5037 5036
f 5038 5040 5039
f 5041 5043 5042
f 5044 5046 5045
f 5047 5049 5048
f 5050 5052 5051
f 5053 5055 5054
f 5056 5058 5057
f 5059 5061 5060
f 5062 5064 5063
f 5065 5067 5066
f 5068 5070 5069
f 5071 5073 5072
f 5074 5076 5075
f 5077 5079 5078
f 5080 5082 5081
f 5083 5085 5084
f 5086 5088 5087
f 5089 5091 5090
f 5092 5094 5093
f 5095 5097 5096
f 5098 5100 5099
f 5101 5103 5102
f 5104 5106 5105
f 5107 5109 5108
f 5110 5112 5111
f 5113 5115 5114
f 5116 5118 5117
f 5119 5121 5120
f 5122 5124 5123
f 5125 5127 5126
f 5128 5130 5129
f 5131 5133 5132
f 5134 5136 5135
f 5137 5139 5138
f 5140 5142 5141
f 5143 5145 5144
f 5146 5148 5147
f 5149 5151 5150
f 5152 5154 5153
f 5155 5157 5156
f 5158 5160 5159
f 5161 5163 5162
f 5164 5166 5165
f 5167 5169 5168
f 5170 5172 5171
f 5173 5175 5174
f 5176 5178 5177
f 5179 5181 5180
f 5182 5184 5183
f 5185 5187 5186
f 5188 5190 5189
f 5191 5193 5192
f 5194 5196 5195
f 5197 5199 5198
f 5200 5202 5201
f 5203 5205 5204
f 5206 5208 5207
f 5209 5211 5210
f 5212 5214 5213
f 5215 5217 5216
f 5218 5220 5219
f 5221 5223 5222
f 5224 5226 5225
f 5227 5229 5228
f 5230 5232 5231
f 5233 5235 5234
f 5236 5238 5237
f 5239 5241 5240
f 5242 5244 5243
f 5245 5247 5246
f 5248 5250 5249
f 5251 5253 5252
f 5254 5256 5255
f 5257 5259 5258
f 5260 5262 5261
f 5263 5265 5264
f 5266 5268 5267
f 5269 5271 5270
f 5272 5274 5273
f 5275 5277 5276
f 5278 5280 5279
f 5281 5283 5282
f 5284 5286 5285
f 5287 5289 5288
f 5290 5292 5291
f 5293 5295 5294
f 5296 5298 5297
f 5299 5301 5300
f 5302 5304 5303
f 5305 5307 5306
f 5308 5310 5309
f 5311 5313 5312
f 5314 5316 5315
f 5317 5319 5318
f 5320 5322 5321
f 5323 5325 5324
f 5326 5328 5327
f 5329 5331 5330
f 5332 5334 5333
f 5335 5337 5336
f 5338 5340 5339
f 5341 5343 5342
f 5344 5346 5345
f 5347 5349 5348
f 5350 5352 5351
f 5353 5355 5354
f 5356 5358 5357
f 5359 5361 5360
f 5362 5364 5363
f 5365 5367 5366
f 5368 5370 5369
f 5371 5373 5372
f 5374 5376 5375
f 5377 5379 5378
f 5380 5382 5381
f 5383 5385 5384
f 5386 5388 5387
f 5389 5391 5390
f 5392 5394 5393
f 5395 5397 5396
f 5398 5400 5399
f 5401 5403 5402
f 5404 5406 5405
f 5407 5409 5408
f 5410 5412 5411
f 5413 5415 5414
f 5416 5418 5417
f 5419 5421 5420
f 5422 5424 5423
f 5425 5427 5426
f 5428 5430 5429
f 5431 5433 5432
f 5434 5436 5435
f 5437 5439 5438
f 5440 5442 5441
f 5443 5445 5444
f 5446 5448 5447
f 5449 5451 5450
f 5452 5454 5453
f 5455 5457 5456
f 5458 5460 5459
f 5461 5463 5462
f 5464 5466 5465
f 5467 5469 5468
f 5470 5472 5471
f 5473 5475 5474
f 5476 5478 5477
f 5479 5481 5480
f 5482 5484 5483
f 5485 5487 5486
f 5488 5490 5489
f 5491 5493 5492
f 5494 5496 5495
f 5497 5499 5498
f 5500 5502 5501
f 5503 5505 5504
f 5506 5508 5507
f 5509 5511 5510
f 5512 5514 5513
f 5515 5517 5516
f 5518 5520 5519
f 5521 5523 5522
f 5524 5526 5525
f 5527 5529 5528
f 5530 5532 5531
f 5533 5535 5534
f 5536 5538 5537
f 5539 5541 5540
f 5542 5544 5543
f 5545 5547 5546
f 5548 5550 5549
f 5551 5553 5552
f 5554 5556 5555
f 5557 5559 5558
f 5560 5562 5561
f 5563 5565 5564
f 5566 5568 5567
f 5569 5571 5570
f 5572 5574 5573
f 5575 5577 5576
f 5578 5580 5579
f 5581 5583 5582
f 5584 5586 5585
f 5587 5589 5588
f 5590 5592 5591
f 5593 5595 5594
f 5596 5598 5597
f 5599 5601 5600
f 5602 5604 5603
f 5605 5607 5606
f 5608 5610 5609
f 5611 5613 5612
f 5614 5616 5615
f 5617 5619 5618
f 5620 5622 5621
f 5623 5625 5624
f 5626 5628 5627
f 5629 5631 5630
f 5632 5634 5633
f 5635 5637 5636
f 5638 5640 5639
f 5641 5643 5642
f 5644 5646 5645
f 5647 5649 5648
f 5650 5652 5651
f 5653 5655 5654
f 5656 5658 5657
f 5659 5661 5660
f 5662 5664 5663
f 5665 5667 5666
f 5668 5670 5669
f 5671 5673 5672
f 5674 5676 5675
f 5677 5679 5678
f 5680 5682 5681
f 5683 5685 5684
f 5686 5688 5687
f 5689 5691 5690
f 5692 5694 5693
f 5695 5697 5696
f 5698 5700 5699
f 5701 5703 5702
f 5704 5706 5705
f 5707 5709 5708
f 5710 5712 5711
f 5713 5715 5714
f 5716 5718 5717
f 5719 5721 5720
f 5722 5724 5723
f 5725 5727 5726
f 5728 5730 5729
f 5731 5733 5732
f 5734 5736 5735
f 5737 5739 5738
f 5740 5742 5741
f 5743 5745 5744
f 5746 5748 5747
f 5749 5751 5750
f 5752 5754 5753
f 5755 5757 5756
f 5758 5760 5759
f 5761 5763 5762
f 5764 5766 5765
f 5767 5769 5768
f 5770 5772 5771
f 5773 5775 5774
f 5776 5778 5777
f 5779 5781 5780
f 5782 5784 5783
f 5785 5787 5786
f 5788 5790 5789
f 5791 5793 5792
f 5794 5796 5795
f 5797 5799 5798
f 5800 5802 5801
f 5803 5805 5804
f 5806 5808 5807
f 5809 5811 5810
f 5812 5814 5813
f 5815 5817 5816
f 5818 5820 5819
f 5821 5823 5822
f 5824 5826 5825
f 5827 5829 5828
f 5830 5832 5831
f 5833 5835 5834
f 5836 5838 5837
f 5839 5841 5840
f 5842 5844 5843
f 5845 5847 5846
f 5848 5850 5849
f 5851 5853 5852
f 5854 5856 5855
f 5857 5859 5858
f 5860 5862 5861
f 5863 5865 5864
f 5866 5868 5867
f 5869 5871 5870
f 5872 5874 5873
f 5875 5877 5876
f 5878 5880 5879
f 5881 5883 5882
f 5884 5886 5885
f 5887 5889 5888
f 5890 5892 5891
f 5893 5895 5894
f 5896 5898 5897
f 5899 5901 5900
f 5902 5904 5903
f 5905 5907 5906
f 5908 5910 5909
f 5911 5913 5912
f 5914 5916 5915
f 5917 5919 5918
f 5920 5922 5921
f 5923 5925 5924
f 5926 5928 5927
f 5929 5931 5930
f 5932 5934 5933
f 5935 5937 5936
f 5938 5940 5939
f 5941 5943 5942
f 5944 5946 5945
f 5947 5949 5948
f 5950 5952 5951
f 5953 5955 5954
f 5956 5958 5957
f 5959 5961 5960
f 5962 5964 5963
f 5965 5967 5966
f 5968 5970 5969
f 5971 5973 5972
f 5974 5976 5975
f 5977 5979 5978
f 5980 5982 5981
f 5983 5985 5984
f 5986 5988 5987
f 5989 5991 5990
f 5992 5994 5993
f 5995 5997 5996
f 5998 6000 5999
f 6001 6003 6002
f 6004 6006 6005
f 6007 6009 6008
f 6010 6012 6011
f 6013 6015 6014
f 6016 6018 6017
f 6019 6021 6020
f 6022 6024 6023
f 6025 6027 6026
f 6028 6030 6029
f 6031 6033 6032
f 6034 6036 6035
f 6037 6039 6038
f 6040 6042 6041
f 6043 6045 6044
f 6046 6048 6047
f 6049 6051 6050
f 6052 6054 6053
f 6055 6057 6056
f 6058 6060 6059
f 6061 6063 6062
f 6064 6066 6065
f 6067 6069 6068
f 6070 6072 6071
f 6073 6075 6074
f 6076 6078 6077
f 6079 6081 6080
f 6082 6084 6083
f 6085 6087 6086
f 6088 6090 6089
f 6091 6093 6092
f 6094 6096 6095
f 6097 6099 6098
f 6100 6102 6101
f 6103 6105 6104
f 6106 6108 6107
f 6109 6111 6110
f 6112 6114 6113
f 6115 6117 6116
f 6118 6120 6119
f 6121 6123 6122
f 6124 6126 6125
f 6127 6129 6128
f 6130 6132 6131
f 6133 6135 6134
f 6136 6138 6137
f 6139 6141 6140
f 6142 6144 6143
f 6145 6147 6146
f 6148 6150 6149
f 6151 6153 6152
f 6154 6156 6155
f 6157 6159 6158
f 6160 6162 6161
f 6163 6165 6164
f 6166 6168 6167
f 6169 6171 6170
f 6172 6174 6173
f 6175 6177 6176
f 6178 6180 6179
f 6181 6183 6182
f 6184 6186 6185
f 6187 6189 6188
f 6190 6192 6191
f 6193 6195 6194
f 6196 6198 6197
f 6199 6201 6200
f 6202 6204 6203
f 6205 6207 6206
f 6208 6210 6209
f 6211 6213 6212
f 6214 6216 6215
f 6217 6219 6218
f 6220 6222 6221
f 6223 6225 6224
f 6226 6228 6227
f 6229 6231 6230
f 6232 6234 6233
f 6235 6237 6236
f 6238 6240 6239
f 6241 6243 6242
f 6244 6246 6245
f 6247 6249 6248
f 6250 6252 6251
f 6253 6255 6254
f 6256 6258 6257
f 6259 6261 6260
f 6262 6264 6263
f 6265 6267 6266
f 6268 6270 6269
f 6271 6273 6272
f 6274 6276 6275
f 6277 6279 6278
f 6280 6282 6281
f 6283 6285 6284
f 6286 6288 6287
f 6289 6291 6290
f 6292 6294 6293
f 6295 6297 6296
f 6298 6300 6299
f 6301 6303 6302
f 6304 6306 6305
f 6307 6309 6308
f 6310 6312 6311
f 6313 6315 6314
f 6316 6318 6317
f 6319 6321 6320
f 6322 6324 6323
f 6325 6327 6326
f 6328 6330 6329
f 6331 6333 6332
f 6334 6336 6335
f 6337 6339 6338
f 6340 6342 6341
f 6343 6345 6344
f 6346 6348 6347
f 6349 6351 6350
f 6352 6354 6353
f 6355 6357 6356
f 6358 6360 6359
f 6361 6363 6362
f 6364 6366 6365
f 6367 6369 6368
f 6370 6372 6371
f 6373 6375 6374
f 6376 6378 6377
f 6379 6381 6380
f 6382 6384 6383
f 6385 6387 6386
f 6388 6390 6389
f 6391 6393 6392
f 6394 6396 6395
f 6397 6399 6398
f 6400 6402 6401
f 6403 6405 6404
f 6406 6408 6407
f 6409 6411 6410
f 6412 6414 6413
f 6415 6417 6416
f 6418 6420 6419
f 6421 6423 6422
f 6424 6426 6425
f 6427 6429 6428
f 6430 6432 6431
f 6433 6435 6434
f 6436 6438 6437
f 6439 6441 6440
f 6442 6444 6443
f 6445 6447 6446
f 6448 6450 6449
f 6451 6453 6452
f 6454 6456 6455
f 6457 6459 6458
f 6460 6462 6461
f 6463 6465 6464
f 6466 6468 6467
f 6469 6471 6470
f 6472 6474 6473
f 6475 6477 6476
f 6478 6480 6479
f 6481 6483 6482
f 6484 6486 6485
f 6487 6489 6488
f 6490 6492 6491
f 6493 6495 6494
f 6496 6498 6497
f 6499 6501 6500
f 6502 6504 6503
f 6505 6507 6506
f 6508 6510 6509
f 6511 6513 6512
f 6514 6516 6515
f 6517 6519 6518
f 6520 6522 6521
f 6523 6525 6524
f 6526 6528 6527
f 6529 6531 6530
f 6532 6534 6533
f 6535 6537 6536
f 6538 6540 6539
f 6541 6543 6542
f 6544 6546 6545
f 6547 6549 6548
f 6550 6552 6551
f 6553 6555 6554
f 6556 6558 6557
f 6559 6561 6560
f 6562 6564 6563
f 6565 6567 6566
f 6568 6570 6569
f 6571 6573 6572
f 6574 6576 6575
f 6577 6579 6578
f 6580 6582 6581
f 6583 6585 6584
f 6586 6588 6587
f 6589 6591 6590
f 6592 6594 6593
f 6595 6597 6596
f 6598 6600 6599
f 6601 6603 6602
f 6604 6606 6605
f 6607 6609 6608
f 6610 6612 6611
f 6613 6615 6614
f 6616 6618 6617
f 6619 6621 6620
f 6622 6624 6623
f 6625 6627 6626
f 6628 6630 6629
f 6631 6633 6632
f 6634 6636 6635
f 6637 6639 6638
f 6640 6642 6641
f 6643 6645 6644
f 6646 6648 6647
f 6649 6651 6650
f 6652 6654 6653
f 6655 6657 6656
f 6658 6660 6659
f 6661 6663 6662
f 6664 6666 6665
f 6667 6669 6668
f 6670 6672 6671
f 6673 6675 6674
f 6676 6678 6677
f 6679 6681 6680
f 6682 6684 6683
f 6685 6687 6686
f 6688 6690 6689
f 6691 6693 6692
f 6694 6696 6695
f 6697 6699 6698
f 6700 6702 6701
f 6703 6705 6704
f 6706 6708 6707
f 6709 6711 6710
f 6712 6714 6713
f 6715 6717 6716
f 6718 6720 6719
f 6721 6723 6722
f 6724 6726 6725
f 6727 6729 6728
f 6730 6732 6731
f 6733 6735 6734
f 6736 6738 6737
f 6739 6741 6740
f 6742 6744 6743
f 6745 6747 6746
f 6748 6750 6749
f 6751 6753 6752
f 6754 6756 6755
f 6757 6759 6758
f 6760 6762 6761
f 6763 6765 6764
f 6766 6768 6767
f 6769 6771 6770
f 6772 6774 6773
f 6775 6777 6776
f 6778 6780 6779
f 6781 6783 6782
f 6784 6786 6785
f 6787 6789 6788
f 6790 6792 6791
f 6793 6795 6794
f 6796 6798 6797
f 6799 6801 6800
f 6802 6804 6803
f 6805 6807 6806
f 6808 6810 6809
f 6811 6813 6812
f 6814 6816 6815
f 6817 6819 6818
f 6820 6822 6821
f 6823 6825 6824
f 6826 6828 6827
f 6829 6831 6830
f 6832 6834 6833
f 6835 6837 6836
f 6838 6840 6839
f 6841 6843 6842
f 6844 6846 6845
f 6847 6849 6848
f 6850 6852 6851
f 6853 6855 6854
f 6856 6858 6857
f 6859 6861 6860
f 6862 6864 6863
f 6865 6867 6866
f 6868 6870 6869
f 6871 6873 6872
f 6874 6876 6875
f 6877 6879 6878
f 6880 6882 6881
f 6883 6885 6884
f 6886 6888 6887
f 6889 6891 6890
f 6892 6894 6893
f 6895 6897 6896
f 6898 6900 6899
f 6901 6903 6902
f 6904 6906 6905
f 6907 6909 6908
f 6910 6912 6911
f 6913 6915 6914
f 6916 6918 6917
f 6919 6921 6920
f 6922 6924 6923
f 6925 6927 6926
f 6928 6930 6929
f 6931 6933 6932
f 6934 6936 6935
f 6937 6939 6938
f 6940 6942 6941
f 6943 6945 6944
f 6946 6948 6947
f 6949 6951 6950
f 6952 6954 6953
f 6955 6957 6956
f 6958 6960 6959
f 6961 6963 6962
f 6964 6966 6965
f 6967 6969 6968
f 6970 6972 6971
f 6973 6975 6974
f 6976 6978 6977
f 6979 6981 6980
f 6982 6984 6983
f 6985 6987 6986
f 6988 6990 6989
f 6991 6993 6992
f 6994 6996 6995
f 6997 6999 6998
f 7000 7002 7001
f 7003 7005 7004
f 7006 7008 7007
f 7009 7011 7010
f 7012 7014 7013
f 7015 7017 7016
f 7018 7020 7019
f 7021 7023 7022
f 7024 7026 7025
f 7027 7029 7028
f 7030 7032 7031
f 7033 7035 7034
f 7036 7038 7037
f 7039 7041 7040
f 7042 7044 7043
f 7045 7047 7046
f 7048 7050 7049
f 7051 7053 7052
f 7054 7056 7055
f 7057 7059 7058
f 7060 7062 7061
f 7063 7065 7064
f 7066 7068 7067
f 7069 7071 7070
f 7072 7074 7073
f 7075 7077 7076
f 7078 7080 7079
f 7081 7083 7082
f 7084 7086 7085
f 7087 7089 7088
f 7090 7092 7091
f 7093 7095 7094
f 7096 7098 7097
f 7099 7101 7100
f 7102 7104 7103
f 7105 7107 7106
f 7108 7110 7109
f 7111 7113 7112
f 7114 7116 7115
f 7117 7119 7118
f 7120 7122 7121
f 7123 7125 7124
f 7126 7128 7127
f 7129 7131 7130
f 7132 7134 7133
f 7135 7137 7136
f 7138 7140 7139
f 7141 7143 7142
f 7144 7146 7145
f 7147 7149 7148
f 7150 7152 7151
f 7153 7155 7154
f 7156 7158 7157
f 7159 7161 7160
f 7162 7164 7163
f 7165 7167 7166
f 7168 7170 7169
f 7171 7173 7172
f 7174 7176 7175
f 7177 7179 7178
f 7180 7182 7181
f 7183 7185 7184
f 7186 7188 7187
f 7189 7191 7190
f 7192 7194 7193
f 7195 7197 7196
f 7198 7200 7199
