# split-by-signature : leaves
# source : cucumber_day_30_raw.obj
# vertices: 10800
v -1.5437 0.2384 0.9183 0.05490196 0.38039216 0.05490196
v -1.58453 0.22407 0.92831 0.05490196 0.38039216 0.05490196
v -1.5567 0.20473 0.8972 0.05490196 0.38039216 0.05490196
v -1.5437 0.2384 0.9183 0.05490196 0.38039216 0.05490196
v -1.5567 0.20473 0.8972 0.05490196 0.38039216 0.05490196
v -1.58453 0.22407 0.92831 0.05490196 0.38039216 0.05490196
v -1.5437 0.2384 0.9183 0.05490196 0.38039216 0.05490196
v -1.58453 0.22407 0.92831 0.05490196 0.38039216 0.05490196
v -1.52302 0.2334 0.96189 0.05490196 0.38039216 0.05490196
v -1.5437 0.2384 0.9183 0.05490196 0.38039216 0.05490196
v -1.52302 0.2334 0.96189 0.05490196 0.38039216 0.05490196
v -1.58453 0.22407 0.92831 0.05490196 0.38039216 0.05490196
v -1.52302 0.2334 0.96189 0.05490196 0.38039216 0.05490196
v -1.58722 0.22689 0.96167 0.05490196 0.38039216 0.05490196
v -1.58453 0.22407 0.92831 0.05490196 0.38039216 0.05490196
v -1.52302 0.2334 0.96189 0.05490196 0.38039216 0.05490196
v -1.58453 0.22407 0.92831 0.05490196 0.38039216 0.05490196
v -1.58722 0.22689 0.96167 0.05490196 0.38039216 0.05490196
v -1.52302 0.2334 0.96189 0.05490196 0.38039216 0.05490196
v -1.55897 0.21205 0.99006 0.05490196 0.38039216 0.05490196
v -1.58722 0.22689 0.96167 0.05490196 0.38039216 0.05490196
v -1.52302 0.2334 0.96189 0.05490196 0.38039216 0.05490196
v -1.58722 0.22689 0.96167 0.05490196 0.38039216 0.05490196
v -1.55897 0.21205 0.99006 0.05490196 0.38039216 0.05490196
v -1.52302 0.2334 0.96189 0.05490196 0.38039216 0.05490196
v -1.52568 0.20685 0.98462 0.05490196 0.38039216 0.05490196
v -1.55897 0.21205 0.99006 0.05490196 0.38039216 0.05490196
v -1.52302 0.2334 0.96189 0.05490196 0.38039216 0.05490196
v -1.55897 0.21205 0.99006 0.05490196 0.38039216 0.05490196
v -1.52568 0.20685 0.98462 0.05490196 0.38039216 0.05490196
v -1.52302 0.2334 0.96189 0.05490196 0.38039216 0.05490196
v -1.51079 0.21442 0.97979 0.05490196 0.38039216 0.05490196
v -1.52568 0.20685 0.98462 0.05490196 0.38039216 0.05490196
v -1.52302 0.2334 0.96189 0.05490196 0.38039216 0.05490196
v -1.52568 0.20685 0.98462 0.05490196 0.38039216 0.05490196
v -1.51079 0.21442 0.97979 0.05490196 0.38039216 0.05490196
v -1.52302 0.2334 0.96189 0.05490196 0.38039216 0.05490196
v -1.48747 0.20484 0.95551 0.05490196 0.38039216 0.05490196
v -1.49991 0.21341 0.97279 0.05490196 0.38039216 0.05490196
v -1.52302 0.2334 0.96189 0.05490196 0.38039216 0.05490196
v -1.49991 0.21341 0.97279 0.05490196 0.38039216 0.05490196
v -1.48747 0.20484 0.95551 0.05490196 0.38039216 0.05490196
v -1.52302 0.2334 0.96189 0.05490196 0.38039216 0.05490196
v -1.48301 0.20886 0.93174 0.05490196 0.38039216 0.05490196
v -1.48747 0.20484 0.95551 0.05490196 0.38039216 0.05490196
v -1.52302 0.2334 0.96189 0.05490196 0.38039216 0.05490196
v -1.48747 0.20484 0.95551 0.05490196 0.38039216 0.05490196
v -1.48301 0.20886 0.93174 0.05490196 0.38039216 0.05490196
v -1.52302 0.2334 0.96189 0.05490196 0.38039216 0.05490196
v -1.49346 0.23054 0.89442 0.05490196 0.38039216 0.05490196
v -1.48301 0.20886 0.93174 0.05490196 0.38039216 0.05490196
v -1.52302 0.2334 0.96189 0.05490196 0.38039216 0.05490196
v -1.48301 0.20886 0.93174 0.05490196 0.38039216 0.05490196
v -1.49346 0.23054 0.89442 0.05490196 0.38039216 0.05490196
v -1.52302 0.2334 0.96189 0.05490196 0.38039216 0.05490196
v -1.541 0.23086 0.88261 0.05490196 0.38039216 0.05490196
v -1.49346 0.23054 0.89442 0.05490196 0.38039216 0.05490196
v -1.52302 0.2334 0.96189 0.05490196 0.38039216 0.05490196
v -1.49346 0.23054 0.89442 0.05490196 0.38039216 0.05490196
v -1.541 0.23086 0.88261 0.05490196 0.38039216 0.05490196
v -1.52302 0.2334 0.96189 0.05490196 0.38039216 0.05490196
v -1.5437 0.2384 0.9183 0.05490196 0.38039216 0.05490196
v -1.541 0.23086 0.88261 0.05490196 0.38039216 0.05490196
v -1.52302 0.2334 0.96189 0.05490196 0.38039216 0.05490196
v -1.541 0.23086 0.88261 0.05490196 0.38039216 0.05490196
v -1.5437 0.2384 0.9183 0.05490196 0.38039216 0.05490196
v -1.5437 0.2384 0.9183 0.05490196 0.38039216 0.05490196
v -1.5567 0.20473 0.8972 0.05490196 0.38039216 0.05490196
v -1.541 0.23086 0.88261 0.05490196 0.38039216 0.05490196
v -1.5437 0.2384 0.9183 0.05490196 0.38039216 0.05490196
v -1.541 0.23086 0.88261 0.05490196 0.38039216 0.05490196
v -1.5567 0.20473 0.8972 0.05490196 0.38039216 0.05490196
v -1.32978 0.34234 1.09039 0.05882353 0.38039216 0.05882353
v -1.29462 0.28984 1.01019 0.05882353 0.38039216 0.05882353
v -1.31261 0.23034 1.05141 0.05882353 0.38039216 0.05882353
v -1.32978 0.34234 1.09039 0.05882353 0.38039216 0.05882353
v -1.31261 0.23034 1.05141 0.05882353 0.38039216 0.05882353
v -1.29462 0.28984 1.01019 0.05882353 0.38039216 0.05882353
v -1.32978 0.34234 1.09039 0.05882353 0.38039216 0.05882353
v -1.29462 0.28984 1.01019 0.05882353 0.38039216 0.05882353
v -1.37407 0.38931 1.05645 0.05882353 0.38039216 0.05882353
v -1.32978 0.34234 1.09039 0.05882353 0.38039216 0.05882353
v -1.37407 0.38931 1.05645 0.05882353 0.38039216 0.05882353
v -1.29462 0.28984 1.01019 0.05882353 0.38039216 0.05882353
v -1.37407 0.38931 1.05645 0.05882353 0.38039216 0.05882353
v -1.32034 0.2962 0.96778 0.05882353 0.38039216 0.05882353
v -1.29462 0.28984 1.01019 0.05882353 0.38039216 0.05882353
v -1.37407 0.38931 1.05645 0.05882353 0.38039216 0.05882353
v -1.29462 0.28984 1.01019 0.05882353 0.38039216 0.05882353
v -1.32034 0.2962 0.96778 0.05882353 0.38039216 0.05882353
v -1.37407 0.38931 1.05645 0.05882353 0.38039216 0.05882353
v -1.40027 0.32644 0.9537 0.05882353 0.38039216 0.05882353
v -1.32034 0.2962 0.96778 0.05882353 0.38039216 0.05882353
v -1.37407 0.38931 1.05645 0.05882353 0.38039216 0.05882353
v -1.32034 0.2962 0.96778 0.05882353 0.38039216 0.05882353
v -1.40027 0.32644 0.9537 0.05882353 0.38039216 0.05882353
v -1.37407 0.38931 1.05645 0.05882353 0.38039216 0.05882353
v -1.4394 0.33302 0.99743 0.05882353 0.38039216 0.05882353
v -1.40027 0.32644 0.9537 0.05882353 0.38039216 0.05882353
v -1.37407 0.38931 1.05645 0.05882353 0.38039216 0.05882353
v -1.40027 0.32644 0.9537 0.05882353 0.38039216 0.05882353
v -1.4394 0.33302 0.99743 0.05882353 0.38039216 0.05882353
v -1.37407 0.38931 1.05645 0.05882353 0.38039216 0.05882353
v -1.44534 0.35299 1.04243 0.05882353 0.38039216 0.05882353
v -1.4394 0.33302 0.99743 0.05882353 0.38039216 0.05882353
v -1.37407 0.38931 1.05645 0.05882353 0.38039216 0.05882353
v -1.4394 0.33302 0.99743 0.05882353 0.38039216 0.05882353
v -1.44534 0.35299 1.04243 0.05882353 0.38039216 0.05882353
v -1.37407 0.38931 1.05645 0.05882353 0.38039216 0.05882353
v -1.4677 0.35886 1.06749 0.05882353 0.38039216 0.05882353
v -1.45286 0.36981 1.04956 0.05882353 0.38039216 0.05882353
v -1.37407 0.38931 1.05645 0.05882353 0.38039216 0.05882353
v -1.45286 0.36981 1.04956 0.05882353 0.38039216 0.05882353
v -1.4677 0.35886 1.06749 0.05882353 0.38039216 0.05882353
v -1.37407 0.38931 1.05645 0.05882353 0.38039216 0.05882353
v -1.47144 0.34627 1.09777 0.05882353 0.38039216 0.05882353
v -1.4677 0.35886 1.06749 0.05882353 0.38039216 0.05882353
v -1.37407 0.38931 1.05645 0.05882353 0.38039216 0.05882353
v -1.4677 0.35886 1.06749 0.05882353 0.38039216 0.05882353
v -1.47144 0.34627 1.09777 0.05882353 0.38039216 0.05882353
v -1.37407 0.38931 1.05645 0.05882353 0.38039216 0.05882353
v -1.39994 0.3143 1.17713 0.05882353 0.38039216 0.05882353
v -1.47144 0.34627 1.09777 0.05882353 0.38039216 0.05882353
v -1.37407 0.38931 1.05645 0.05882353 0.38039216 0.05882353
v -1.47144 0.34627 1.09777 0.05882353 0.38039216 0.05882353
v -1.39994 0.3143 1.17713 0.05882353 0.38039216 0.05882353
v -1.37407 0.38931 1.05645 0.05882353 0.38039216 0.05882353
v -1.34532 0.28157 1.14158 0.05882353 0.38039216 0.05882353
v -1.39994 0.3143 1.17713 0.05882353 0.38039216 0.05882353
v -1.37407 0.38931 1.05645 0.05882353 0.38039216 0.05882353
v -1.39994 0.3143 1.17713 0.05882353 0.38039216 0.05882353
v -1.34532 0.28157 1.14158 0.05882353 0.38039216 0.05882353
v -1.37407 0.38931 1.05645 0.05882353 0.38039216 0.05882353
v -1.32978 0.34234 1.09039 0.05882353 0.38039216 0.05882353
v -1.34532 0.28157 1.14158 0.05882353 0.38039216 0.05882353
v -1.37407 0.38931 1.05645 0.05882353 0.38039216 0.05882353
v -1.34532 0.28157 1.14158 0.05882353 0.38039216 0.05882353
v -1.32978 0.34234 1.09039 0.05882353 0.38039216 0.05882353
v -1.32978 0.34234 1.09039 0.05882353 0.38039216 0.05882353
v -1.31261 0.23034 1.05141 0.05882353 0.38039216 0.05882353
v -1.34532 0.28157 1.14158 0.05882353 0.38039216 0.05882353
v -1.32978 0.34234 1.09039 0.05882353 0.38039216 0.05882353
v -1.34532 0.28157 1.14158 0.05882353 0.38039216 0.05882353
v -1.31261 0.23034 1.05141 0.05882353 0.38039216 0.05882353
v -1.68079 0.47444 1.11133 0.05882353 0.38039216 0.05882353
v -1.76561 0.45514 1.15889 0.05882353 0.38039216 0.05882353
v -1.71676 0.31501 1.11232 0.05882353 0.38039216 0.05882353
v -1.68079 0.47444 1.11133 0.05882353 0.38039216 0.05882353
v -1.71676 0.31501 1.11232 0.05882353 0.38039216 0.05882353
v -1.76561 0.45514 1.15889 0.05882353 0.38039216 0.05882353
v -1.68079 0.47444 1.11133 0.05882353 0.38039216 0.05882353
v -1.76561 0.45514 1.15889 0.05882353 0.38039216 0.05882353
v -1.62538 0.54727 1.07539 0.05882353 0.38039216 0.05882353
v -1.68079 0.47444 1.11133 0.05882353 0.38039216 0.05882353
v -1.62538 0.54727 1.07539 0.05882353 0.38039216 0.05882353
v -1.76561 0.45514 1.15889 0.05882353 0.38039216 0.05882353
v -1.62538 0.54727 1.07539 0.05882353 0.38039216 0.05882353
v -1.66993 0.39794 1.20003 0.05882353 0.38039216 0.05882353
v -1.76561 0.45514 1.15889 0.05882353 0.38039216 0.05882353
v -1.62538 0.54727 1.07539 0.05882353 0.38039216 0.05882353
v -1.76561 0.45514 1.15889 0.05882353 0.38039216 0.05882353
v -1.66993 0.39794 1.20003 0.05882353 0.38039216 0.05882353
v -1.62538 0.54727 1.07539 0.05882353 0.38039216 0.05882353
v -1.54499 0.4378 1.14135 0.05882353 0.38039216 0.05882353
v -1.66993 0.39794 1.20003 0.05882353 0.38039216 0.05882353
v -1.62538 0.54727 1.07539 0.05882353 0.38039216 0.05882353
v -1.66993 0.39794 1.20003 0.05882353 0.38039216 0.05882353
v -1.54499 0.4378 1.14135 0.05882353 0.38039216 0.05882353
v -1.62538 0.54727 1.07539 0.05882353 0.38039216 0.05882353
v -1.54839 0.46614 1.06644 0.05882353 0.38039216 0.05882353
v -1.54499 0.4378 1.14135 0.05882353 0.38039216 0.05882353
v -1.62538 0.54727 1.07539 0.05882353 0.38039216 0.05882353
v -1.54499 0.4378 1.14135 0.05882353 0.38039216 0.05882353
v -1.54839 0.46614 1.06644 0.05882353 0.38039216 0.05882353
v -1.62538 0.54727 1.07539 0.05882353 0.38039216 0.05882353
v -1.56189 0.52936 1.03859 0.05882353 0.38039216 0.05882353
v -1.54839 0.46614 1.06644 0.05882353 0.38039216 0.05882353
v -1.62538 0.54727 1.07539 0.05882353 0.38039216 0.05882353
v -1.54839 0.46614 1.06644 0.05882353 0.38039216 0.05882353
v -1.56189 0.52936 1.03859 0.05882353 0.38039216 0.05882353
v -1.62538 0.54727 1.07539 0.05882353 0.38039216 0.05882353
v -1.5686 0.48424 1.004 0.05882353 0.38039216 0.05882353
v -1.55474 0.53856 1.03866 0.05882353 0.38039216 0.05882353
v -1.62538 0.54727 1.07539 0.05882353 0.38039216 0.05882353
v -1.55474 0.53856 1.03866 0.05882353 0.38039216 0.05882353
v -1.5686 0.48424 1.004 0.05882353 0.38039216 0.05882353
v -1.62538 0.54727 1.07539 0.05882353 0.38039216 0.05882353
v -1.6065 0.46491 0.96527 0.05882353 0.38039216 0.05882353
v -1.5686 0.48424 1.004 0.05882353 0.38039216 0.05882353
v -1.62538 0.54727 1.07539 0.05882353 0.38039216 0.05882353
v -1.5686 0.48424 1.004 0.05882353 0.38039216 0.05882353
v -1.6065 0.46491 0.96527 0.05882353 0.38039216 0.05882353
v -1.62538 0.54727 1.07539 0.05882353 0.38039216 0.05882353
v -1.70042 0.41545 0.97156 0.05882353 0.38039216 0.05882353
v -1.6065 0.46491 0.96527 0.05882353 0.38039216 0.05882353
v -1.62538 0.54727 1.07539 0.05882353 0.38039216 0.05882353
v -1.6065 0.46491 0.96527 0.05882353 0.38039216 0.05882353
v -1.70042 0.41545 0.97156 0.05882353 0.38039216 0.05882353
v -1.62538 0.54727 1.07539 0.05882353 0.38039216 0.05882353
v -1.67343 0.38958 1.07396 0.05882353 0.38039216 0.05882353
v -1.70042 0.41545 0.97156 0.05882353 0.38039216 0.05882353
v -1.62538 0.54727 1.07539 0.05882353 0.38039216 0.05882353
v -1.70042 0.41545 0.97156 0.05882353 0.38039216 0.05882353
v -1.67343 0.38958 1.07396 0.05882353 0.38039216 0.05882353
v -1.62538 0.54727 1.07539 0.05882353 0.38039216 0.05882353
v -1.68079 0.47444 1.11133 0.05882353 0.38039216 0.05882353
v -1.67343 0.38958 1.07396 0.05882353 0.38039216 0.05882353
v -1.62538 0.54727 1.07539 0.05882353 0.38039216 0.05882353
v -1.67343 0.38958 1.07396 0.05882353 0.38039216 0.05882353
v -1.68079 0.47444 1.11133 0.05882353 0.38039216 0.05882353
v -1.68079 0.47444 1.11133 0.05882353 0.38039216 0.05882353
v -1.71676 0.31501 1.11232 0.05882353 0.38039216 0.05882353
v -1.67343 0.38958 1.07396 0.05882353 0.38039216 0.05882353
v -1.68079 0.47444 1.11133 0.05882353 0.38039216 0.05882353
v -1.67343 0.38958 1.07396 0.05882353 0.38039216 0.05882353
v -1.71676 0.31501 1.11232 0.05882353 0.38039216 0.05882353
v -1.43338 0.58642 0.85156 0.07450981 0.38039216 0.07450981
v -1.46236 0.53359 0.78334 0.07450981 0.38039216 0.07450981
v -1.36698 0.42622 0.83539 0.07450981 0.38039216 0.07450981
v -1.43338 0.58642 0.85156 0.07450981 0.38039216 0.07450981
v -1.36698 0.42622 0.83539 0.07450981 0.38039216 0.07450981
v -1.46236 0.53359 0.78334 0.07450981 0.38039216 0.07450981
v -1.43338 0.58642 0.85156 0.07450981 0.38039216 0.07450981
v -1.46236 0.53359 0.78334 0.07450981 0.38039216 0.07450981
v -1.44775 0.66794 0.90429 0.07450981 0.38039216 0.07450981
v -1.43338 0.58642 0.85156 0.07450981 0.38039216 0.07450981
v -1.44775 0.66794 0.90429 0.07450981 0.38039216 0.07450981
v -1.46236 0.53359 0.78334 0.07450981 0.38039216 0.07450981
v -1.44775 0.66794 0.90429 0.07450981 0.38039216 0.07450981
v -1.54296 0.54569 0.77957 0.07450981 0.38039216 0.07450981
v -1.46236 0.53359 0.78334 0.07450981 0.38039216 0.07450981
v -1.44775 0.66794 0.90429 0.07450981 0.38039216 0.07450981
v -1.46236 0.53359 0.78334 0.07450981 0.38039216 0.07450981
v -1.54296 0.54569 0.77957 0.07450981 0.38039216 0.07450981
v -1.44775 0.66794 0.90429 0.07450981 0.38039216 0.07450981
v -1.57042 0.58169 0.90476 0.07450981 0.38039216 0.07450981
v -1.54296 0.54569 0.77957 0.07450981 0.38039216 0.07450981
v -1.44775 0.66794 0.90429 0.07450981 0.38039216 0.07450981
v -1.54296 0.54569 0.77957 0.07450981 0.38039216 0.07450981
v -1.57042 0.58169 0.90476 0.07450981 0.38039216 0.07450981
v -1.44775 0.66794 0.90429 0.07450981 0.38039216 0.07450981
v -1.53406 0.63261 0.96767 0.07450981 0.38039216 0.07450981
v -1.57042 0.58169 0.90476 0.07450981 0.38039216 0.07450981
v -1.44775 0.66794 0.90429 0.07450981 0.38039216 0.07450981
v -1.57042 0.58169 0.90476 0.07450981 0.38039216 0.07450981
v -1.53406 0.63261 0.96767 0.07450981 0.38039216 0.07450981
v -1.44775 0.66794 0.90429 0.07450981 0.38039216 0.07450981
v -1.50198 0.66918 0.97748 0.07450981 0.38039216 0.07450981
v -1.53406 0.63261 0.96767 0.07450981 0.38039216 0.07450981
v -1.44775 0.66794 0.90429 0.07450981 0.38039216 0.07450981
v -1.53406 0.63261 0.96767 0.07450981 0.38039216 0.07450981
v -1.50198 0.66918 0.97748 0.07450981 0.38039216 0.07450981
v -1.44775 0.66794 0.90429 0.07450981 0.38039216 0.07450981
v -1.44938 0.63828 1.02152 0.07450981 0.38039216 0.07450981
v -1.46645 0.65119 0.98536 0.07450981 0.38039216 0.07450981
v -1.44775 0.66794 0.90429 0.07450981 0.38039216 0.07450981
v -1.46645 0.65119 0.98536 0.07450981 0.38039216 0.07450981
v -1.44938 0.63828 1.02152 0.07450981 0.38039216 0.07450981
v -1.44775 0.66794 0.90429 0.07450981 0.38039216 0.07450981
v -1.38139 0.58157 1.01099 0.07450981 0.38039216 0.07450981
v -1.44938 0.63828 1.02152 0.07450981 0.38039216 0.07450981
v -1.44775 0.66794 0.90429 0.07450981 0.38039216 0.07450981
v -1.44938 0.63828 1.02152 0.07450981 0.38039216 0.07450981
v -1.38139 0.58157 1.01099 0.07450981 0.38039216 0.07450981
v -1.44775 0.66794 0.90429 0.07450981 0.38039216 0.07450981
v -1.3218 0.52543 0.9158 0.07450981 0.38039216 0.07450981
v -1.38139 0.58157 1.01099 0.07450981 0.38039216 0.07450981
v -1.44775 0.66794 0.90429 0.07450981 0.38039216 0.07450981
v -1.38139 0.58157 1.01099 0.07450981 0.38039216 0.07450981
v -1.3218 0.52543 0.9158 0.07450981 0.38039216 0.07450981
v -1.44775 0.66794 0.90429 0.07450981 0.38039216 0.07450981
v -1.3095 0.57584 0.83236 0.07450981 0.38039216 0.07450981
v -1.3218 0.52543 0.9158 0.07450981 0.38039216 0.07450981
v -1.44775 0.66794 0.90429 0.07450981 0.38039216 0.07450981
v -1.3218 0.52543 0.9158 0.07450981 0.38039216 0.07450981
v -1.3095 0.57584 0.83236 0.07450981 0.38039216 0.07450981
v -1.44775 0.66794 0.90429 0.07450981 0.38039216 0.07450981
v -1.43338 0.58642 0.85156 0.07450981 0.38039216 0.07450981
v -1.3095 0.57584 0.83236 0.07450981 0.38039216 0.07450981
v -1.44775 0.66794 0.90429 0.07450981 0.38039216 0.07450981
v -1.3095 0.57584 0.83236 0.07450981 0.38039216 0.07450981
v -1.43338 0.58642 0.85156 0.07450981 0.38039216 0.07450981
v -1.43338 0.58642 0.85156 0.07450981 0.38039216 0.07450981
v -1.36698 0.42622 0.83539 0.07450981 0.38039216 0.07450981
v -1.3095 0.57584 0.83236 0.07450981 0.38039216 0.07450981
v -1.43338 0.58642 0.85156 0.07450981 0.38039216 0.07450981
v -1.3095 0.57584 0.83236 0.07450981 0.38039216 0.07450981
v -1.36698 0.42622 0.83539 0.07450981 0.38039216 0.07450981
v -1.4397 0.6957 1.15527 0.078431375 0.38039216 0.078431375
v -1.40498 0.67858 1.23587 0.078431375 0.38039216 0.078431375
v -1.44203 0.55199 1.18807 0.078431375 0.38039216 0.078431375
v -1.4397 0.6957 1.15527 0.078431375 0.38039216 0.078431375
v -1.44203 0.55199 1.18807 0.078431375 0.38039216 0.078431375
v -1.40498 0.67858 1.23587 0.078431375 0.38039216 0.078431375
v -1.4397 0.6957 1.15527 0.078431375 0.38039216 0.078431375
v -1.40498 0.67858 1.23587 0.078431375 0.38039216 0.078431375
v -1.46681 0.7612 1.10198 0.078431375 0.38039216 0.078431375
v -1.4397 0.6957 1.15527 0.078431375 0.38039216 0.078431375
v -1.46681 0.7612 1.10198 0.078431375 0.38039216 0.078431375
v -1.40498 0.67858 1.23587 0.078431375 0.38039216 0.078431375
v -1.46681 0.7612 1.10198 0.078431375 0.38039216 0.078431375
v -1.35903 0.62679 1.15406 0.078431375 0.38039216 0.078431375
v -1.40498 0.67858 1.23587 0.078431375 0.38039216 0.078431375
v -1.46681 0.7612 1.10198 0.078431375 0.38039216 0.078431375
v -1.40498 0.67858 1.23587 0.078431375 0.38039216 0.078431375
v -1.35903 0.62679 1.15406 0.078431375 0.38039216 0.078431375
v -1.46681 0.7612 1.10198 0.078431375 0.38039216 0.078431375
v -1.39998 0.66233 1.03636 0.078431375 0.38039216 0.078431375
v -1.35903 0.62679 1.15406 0.078431375 0.38039216 0.078431375
v -1.46681 0.7612 1.10198 0.078431375 0.38039216 0.078431375
v -1.35903 0.62679 1.15406 0.078431375 0.38039216 0.078431375
v -1.39998 0.66233 1.03636 0.078431375 0.38039216 0.078431375
v -1.46681 0.7612 1.10198 0.078431375 0.38039216 0.078431375
v -1.46754 0.68781 1.0323 0.078431375 0.38039216 0.078431375
v -1.39998 0.66233 1.03636 0.078431375 0.38039216 0.078431375
v -1.46681 0.7612 1.10198 0.078431375 0.38039216 0.078431375
v -1.39998 0.66233 1.03636 0.078431375 0.38039216 0.078431375
v -1.46754 0.68781 1.0323 0.078431375 0.38039216 0.078431375
v -1.46681 0.7612 1.10198 0.078431375 0.38039216 0.078431375
v -1.49385 0.74483 1.04162 0.078431375 0.38039216 0.078431375
v -1.46754 0.68781 1.0323 0.078431375 0.38039216 0.078431375
v -1.46681 0.7612 1.10198 0.078431375 0.38039216 0.078431375
v -1.46754 0.68781 1.0323 0.078431375 0.38039216 0.078431375
v -1.49385 0.74483 1.04162 0.078431375 0.38039216 0.078431375
v -1.46681 0.7612 1.10198 0.078431375 0.38039216 0.078431375
v -1.52546 0.7041 1.04452 0.078431375 0.38039216 0.078431375
v -1.49313 0.7531 1.03518 0.078431375 0.38039216 0.078431375
v -1.46681 0.7612 1.10198 0.078431375 0.38039216 0.078431375
v -1.49313 0.7531 1.03518 0.078431375 0.38039216 0.078431375
v -1.52546 0.7041 1.04452 0.078431375 0.38039216 0.078431375
v -1.46681 0.7612 1.10198 0.078431375 0.38039216 0.078431375
v -1.56375 0.68672 1.07494 0.078431375 0.38039216 0.078431375
v -1.52546 0.7041 1.04452 0.078431375 0.38039216 0.078431375
v -1.46681 0.7612 1.10198 0.078431375 0.38039216 0.078431375
v -1.52546 0.7041 1.04452 0.078431375 0.38039216 0.078431375
v -1.56375 0.68672 1.07494 0.078431375 0.38039216 0.078431375
v -1.46681 0.7612 1.10198 0.078431375 0.38039216 0.078431375
v -1.56687 0.64237 1.15992 0.078431375 0.38039216 0.078431375
v -1.56375 0.68672 1.07494 0.078431375 0.38039216 0.078431375
v -1.46681 0.7612 1.10198 0.078431375 0.38039216 0.078431375
v -1.56375 0.68672 1.07494 0.078431375 0.38039216 0.078431375
v -1.56687 0.64237 1.15992 0.078431375 0.38039216 0.078431375
v -1.46681 0.7612 1.10198 0.078431375 0.38039216 0.078431375
v -1.47245 0.61909 1.14539 0.078431375 0.38039216 0.078431375
v -1.56687 0.64237 1.15992 0.078431375 0.38039216 0.078431375
v -1.46681 0.7612 1.10198 0.078431375 0.38039216 0.078431375
v -1.56687 0.64237 1.15992 0.078431375 0.38039216 0.078431375
v -1.47245 0.61909 1.14539 0.078431375 0.38039216 0.078431375
v -1.46681 0.7612 1.10198 0.078431375 0.38039216 0.078431375
v -1.4397 0.6957 1.15527 0.078431375 0.38039216 0.078431375
v -1.47245 0.61909 1.14539 0.078431375 0.38039216 0.078431375
v -1.46681 0.7612 1.10198 0.078431375 0.38039216 0.078431375
v -1.47245 0.61909 1.14539 0.078431375 0.38039216 0.078431375
v -1.4397 0.6957 1.15527 0.078431375 0.38039216 0.078431375
v -1.4397 0.6957 1.15527 0.078431375 0.38039216 0.078431375
v -1.44203 0.55199 1.18807 0.078431375 0.38039216 0.078431375
v -1.47245 0.61909 1.14539 0.078431375 0.38039216 0.078431375
v -1.4397 0.6957 1.15527 0.078431375 0.38039216 0.078431375
v -1.47245 0.61909 1.14539 0.078431375 0.38039216 0.078431375
v -1.44203 0.55199 1.18807 0.078431375 0.38039216 0.078431375
v -1.58695 0.80734 0.94603 0.078431375 0.38039216 0.078431375
v -1.63156 0.76155 1.00936 0.078431375 0.38039216 0.078431375
v -1.61171 0.70895 0.97531 0.078431375 0.38039216 0.078431375
v -1.58695 0.80734 0.94603 0.078431375 0.38039216 0.078431375
v -1.61171 0.70895 0.97531 0.078431375 0.38039216 0.078431375
v -1.63156 0.76155 1.00936 0.078431375 0.38039216 0.078431375
v -1.58695 0.80734 0.94603 0.078431375 0.38039216 0.078431375
v -1.63156 0.76155 1.00936 0.078431375 0.38039216 0.078431375
v -1.55212 0.84669 0.98305 0.078431375 0.38039216 0.078431375
v -1.58695 0.80734 0.94603 0.078431375 0.38039216 0.078431375
v -1.55212 0.84669 0.98305 0.078431375 0.38039216 0.078431375
v -1.63156 0.76155 1.00936 0.078431375 0.38039216 0.078431375
v -1.55212 0.84669 0.98305 0.078431375 0.38039216 0.078431375
v -1.61553 0.76573 1.0502 0.078431375 0.38039216 0.078431375
v -1.63156 0.76155 1.00936 0.078431375 0.38039216 0.078431375
v -1.55212 0.84669 0.98305 0.078431375 0.38039216 0.078431375
v -1.63156 0.76155 1.00936 0.078431375 0.38039216 0.078431375
v -1.61553 0.76573 1.0502 0.078431375 0.38039216 0.078431375
v -1.55212 0.84669 0.98305 0.078431375 0.38039216 0.078431375
v -1.54733 0.78923 1.07514 0.078431375 0.38039216 0.078431375
v -1.61553 0.76573 1.0502 0.078431375 0.38039216 0.078431375
v -1.55212 0.84669 0.98305 0.078431375 0.38039216 0.078431375
v -1.61553 0.76573 1.0502 0.078431375 0.38039216 0.078431375
v -1.54733 0.78923 1.07514 0.078431375 0.38039216 0.078431375
v -1.55212 0.84669 0.98305 0.078431375 0.38039216 0.078431375
v -1.50646 0.79405 1.04328 0.078431375 0.38039216 0.078431375
v -1.54733 0.78923 1.07514 0.078431375 0.38039216 0.078431375
v -1.55212 0.84669 0.98305 0.078431375 0.38039216 0.078431375
v -1.54733 0.78923 1.07514 0.078431375 0.38039216 0.078431375
v -1.50646 0.79405 1.04328 0.078431375 0.38039216 0.078431375
v -1.55212 0.84669 0.98305 0.078431375 0.38039216 0.078431375
v -1.49371 0.8119 1.00548 0.078431375 0.38039216 0.078431375
v -1.50646 0.79405 1.04328 0.078431375 0.38039216 0.078431375
v -1.55212 0.84669 0.98305 0.078431375 0.38039216 0.078431375
v -1.50646 0.79405 1.04328 0.078431375 0.38039216 0.078431375
v -1.49371 0.8119 1.00548 0.078431375 0.38039216 0.078431375
v -1.55212 0.84669 0.98305 0.078431375 0.38039216 0.078431375
v -1.47028 0.81651 0.98725 0.078431375 0.38039216 0.078431375
v -1.48552 0.82651 1.00072 0.078431375 0.38039216 0.078431375
v -1.55212 0.84669 0.98305 0.078431375 0.38039216 0.078431375
v -1.48552 0.82651 1.00072 0.078431375 0.38039216 0.078431375
v -1.47028 0.81651 0.98725 0.078431375 0.38039216 0.078431375
v -1.55212 0.84669 0.98305 0.078431375 0.38039216 0.078431375
v -1.46283 0.80562 0.96132 0.078431375 0.38039216 0.078431375
v -1.47028 0.81651 0.98725 0.078431375 0.38039216 0.078431375
v -1.55212 0.84669 0.98305 0.078431375 0.38039216 0.078431375
v -1.47028 0.81651 0.98725 0.078431375 0.38039216 0.078431375
v -1.46283 0.80562 0.96132 0.078431375 0.38039216 0.078431375
v -1.55212 0.84669 0.98305 0.078431375 0.38039216 0.078431375
v -1.51379 0.78099 0.88098 0.078431375 0.38039216 0.078431375
v -1.46283 0.80562 0.96132 0.078431375 0.38039216 0.078431375
v -1.55212 0.84669 0.98305 0.078431375 0.38039216 0.078431375
v -1.46283 0.80562 0.96132 0.078431375 0.38039216 0.078431375
v -1.51379 0.78099 0.88098 0.078431375 0.38039216 0.078431375
v -1.55212 0.84669 0.98305 0.078431375 0.38039216 0.078431375
v -1.56774 0.75382 0.90293 0.078431375 0.38039216 0.078431375
v -1.51379 0.78099 0.88098 0.078431375 0.38039216 0.078431375
v -1.55212 0.84669 0.98305 0.078431375 0.38039216 0.078431375
v -1.51379 0.78099 0.88098 0.078431375 0.38039216 0.078431375
v -1.56774 0.75382 0.90293 0.078431375 0.38039216 0.078431375
v -1.55212 0.84669 0.98305 0.078431375 0.38039216 0.078431375
v -1.58695 0.80734 0.94603 0.078431375 0.38039216 0.078431375
v -1.56774 0.75382 0.90293 0.078431375 0.38039216 0.078431375
v -1.55212 0.84669 0.98305 0.078431375 0.38039216 0.078431375
v -1.56774 0.75382 0.90293 0.078431375 0.38039216 0.078431375
v -1.58695 0.80734 0.94603 0.078431375 0.38039216 0.078431375
v -1.58695 0.80734 0.94603 0.078431375 0.38039216 0.078431375
v -1.61171 0.70895 0.97531 0.078431375 0.38039216 0.078431375
v -1.56774 0.75382 0.90293 0.078431375 0.38039216 0.078431375
v -1.58695 0.80734 0.94603 0.078431375 0.38039216 0.078431375
v -1.56774 0.75382 0.90293 0.078431375 0.38039216 0.078431375
v -1.61171 0.70895 0.97531 0.078431375 0.38039216 0.078431375
v -1.40942 0.91241 1.03685 0.09019608 0.38039216 0.09019608
v -1.38 0.88584 0.98808 0.09019608 0.38039216 0.09019608
v -1.37342 0.85107 1.01733 0.09019608 0.38039216 0.09019608
v -1.40942 0.91241 1.03685 0.09019608 0.38039216 0.09019608
v -1.37342 0.85107 1.01733 0.09019608 0.38039216 0.09019608
v -1.38 0.88584 0.98808 0.09019608 0.38039216 0.09019608
v -1.40942 0.91241 1.03685 0.09019608 0.38039216 0.09019608
v -1.38 0.88584 0.98808 0.09019608 0.38039216 0.09019608
v -1.44747 0.92545 1.01691 0.09019608 0.38039216 0.09019608
v -1.40942 0.91241 1.03685 0.09019608 0.38039216 0.09019608
v -1.44747 0.92545 1.01691 0.09019608 0.38039216 0.09019608
v -1.38 0.88584 0.98808 0.09019608 0.38039216 0.09019608
v -1.44747 0.92545 1.01691 0.09019608 0.38039216 0.09019608
v -1.39783 0.88006 0.96367 0.09019608 0.38039216 0.09019608
v -1.38 0.88584 0.98808 0.09019608 0.38039216 0.09019608
v -1.44747 0.92545 1.01691 0.09019608 0.38039216 0.09019608
v -1.38 0.88584 0.98808 0.09019608 0.38039216 0.09019608
v -1.39783 0.88006 0.96367 0.09019608 0.38039216 0.09019608
v -1.44747 0.92545 1.01691 0.09019608 0.38039216 0.09019608
v -1.45082 0.87643 0.95908 0.09019608 0.38039216 0.09019608
v -1.39783 0.88006 0.96367 0.09019608 0.38039216 0.09019608
v -1.44747 0.92545 1.01691 0.09019608 0.38039216 0.09019608
v -1.39783 0.88006 0.96367 0.09019608 0.38039216 0.09019608
v -1.45082 0.87643 0.95908 0.09019608 0.38039216 0.09019608
v -1.44747 0.92545 1.01691 0.09019608 0.38039216 0.09019608
v -1.47254 0.87368 0.9881 0.09019608 0.38039216 0.09019608
v -1.45082 0.87643 0.95908 0.09019608 0.38039216 0.09019608
v -1.44747 0.92545 1.01691 0.09019608 0.38039216 0.09019608
v -1.45082 0.87643 0.95908 0.09019608 0.38039216 0.09019608
v -1.47254 0.87368 0.9881 0.09019608 0.38039216 0.09019608
v -1.44747 0.92545 1.01691 0.09019608 0.38039216 0.09019608
v -1.47894 0.88665 1.01498 0.09019608 0.38039216 0.09019608
v -1.47254 0.87368 0.9881 0.09019608 0.38039216 0.09019608
v -1.44747 0.92545 1.01691 0.09019608 0.38039216 0.09019608
v -1.47254 0.87368 0.9881 0.09019608 0.38039216 0.09019608
v -1.47894 0.88665 1.01498 0.09019608 0.38039216 0.09019608
v -1.44747 0.92545 1.01691 0.09019608 0.38039216 0.09019608
v -1.49187 0.88626 1.03151 0.09019608 0.38039216 0.09019608
v -1.48706 0.89474 1.01903 0.09019608 0.38039216 0.09019608
v -1.44747 0.92545 1.01691 0.09019608 0.38039216 0.09019608
v -1.48706 0.89474 1.01903 0.09019608 0.38039216 0.09019608
v -1.49187 0.88626 1.03151 0.09019608 0.38039216 0.09019608
v -1.44747 0.92545 1.01691 0.09019608 0.38039216 0.09019608
v -1.48951 0.88047 1.05084 0.09019608 0.38039216 0.09019608
v -1.49187 0.88626 1.03151 0.09019608 0.38039216 0.09019608
v -1.44747 0.92545 1.01691 0.09019608 0.38039216 0.09019608
v -1.49187 0.88626 1.03151 0.09019608 0.38039216 0.09019608
v -1.48951 0.88047 1.05084 0.09019608 0.38039216 0.09019608
v -1.44747 0.92545 1.01691 0.09019608 0.38039216 0.09019608
v -1.43801 0.88577 1.0959 0.09019608 0.38039216 0.09019608
v -1.48951 0.88047 1.05084 0.09019608 0.38039216 0.09019608
v -1.44747 0.92545 1.01691 0.09019608 0.38039216 0.09019608
v -1.48951 0.88047 1.05084 0.09019608 0.38039216 0.09019608
v -1.43801 0.88577 1.0959 0.09019608 0.38039216 0.09019608
v -1.44747 0.92545 1.01691 0.09019608 0.38039216 0.09019608
v -1.40072 0.87824 1.07208 0.09019608 0.38039216 0.09019608
v -1.43801 0.88577 1.0959 0.09019608 0.38039216 0.09019608
v -1.44747 0.92545 1.01691 0.09019608 0.38039216 0.09019608
v -1.43801 0.88577 1.0959 0.09019608 0.38039216 0.09019608
v -1.40072 0.87824 1.07208 0.09019608 0.38039216 0.09019608
v -1.44747 0.92545 1.01691 0.09019608 0.38039216 0.09019608
v -1.40942 0.91241 1.03685 0.09019608 0.38039216 0.09019608
v -1.40072 0.87824 1.07208 0.09019608 0.38039216 0.09019608
v -1.44747 0.92545 1.01691 0.09019608 0.38039216 0.09019608
v -1.40072 0.87824 1.07208 0.09019608 0.38039216 0.09019608
v -1.40942 0.91241 1.03685 0.09019608 0.38039216 0.09019608
v -1.40942 0.91241 1.03685 0.09019608 0.38039216 0.09019608
v -1.37342 0.85107 1.01733 0.09019608 0.38039216 0.09019608
v -1.40072 0.87824 1.07208 0.09019608 0.38039216 0.09019608
v -1.40942 0.91241 1.03685 0.09019608 0.38039216 0.09019608
v -1.40072 0.87824 1.07208 0.09019608 0.38039216 0.09019608
v -1.37342 0.85107 1.01733 0.09019608 0.38039216 0.09019608
v -1.53709 1.02941 1.07244 0.10980392 0.38039216 0.10980392
v -1.51555 1.02166 1.10201 0.10980392 0.38039216 0.10980392
v -1.55218 1.00987 1.09754 0.10980392 0.38039216 0.10980392
v -1.53709 1.02941 1.07244 0.10980392 0.38039216 0.10980392
v -1.55218 1.00987 1.09754 0.10980392 0.38039216 0.10980392
v -1.51555 1.02166 1.10201 0.10980392 0.38039216 0.10980392
v -1.53709 1.02941 1.07244 0.10980392 0.38039216 0.10980392
v -1.51555 1.02166 1.10201 0.10980392 0.38039216 0.10980392
v -1.51459 1.01167 1.04334 0.10980392 0.38039216 0.10980392
v -1.53709 1.02941 1.07244 0.10980392 0.38039216 0.10980392
v -1.51459 1.01167 1.04334 0.10980392 0.38039216 0.10980392
v -1.51555 1.02166 1.10201 0.10980392 0.38039216 0.10980392
v -1.51459 1.01167 1.04334 0.10980392 0.38039216 0.10980392
v -1.48989 1.0161 1.09153 0.10980392 0.38039216 0.10980392
v -1.51555 1.02166 1.10201 0.10980392 0.38039216 0.10980392
v -1.51459 1.01167 1.04334 0.10980392 0.38039216 0.10980392
v -1.51555 1.02166 1.10201 0.10980392 0.38039216 0.10980392
v -1.48989 1.0161 1.09153 0.10980392 0.38039216 0.10980392
v -1.51459 1.01167 1.04334 0.10980392 0.38039216 0.10980392
v -1.4829 0.99319 1.06471 0.10980392 0.38039216 0.10980392
v -1.48989 1.0161 1.09153 0.10980392 0.38039216 0.10980392
v -1.51459 1.01167 1.04334 0.10980392 0.38039216 0.10980392
v -1.48989 1.0161 1.09153 0.10980392 0.38039216 0.10980392
v -1.4829 0.99319 1.06471 0.10980392 0.38039216 0.10980392
v -1.51459 1.01167 1.04334 0.10980392 0.38039216 0.10980392
v -1.50102 0.98547 1.04377 0.10980392 0.38039216 0.10980392
v -1.4829 0.99319 1.06471 0.10980392 0.38039216 0.10980392
v -1.51459 1.01167 1.04334 0.10980392 0.38039216 0.10980392
v -1.4829 0.99319 1.06471 0.10980392 0.38039216 0.10980392
v -1.50102 0.98547 1.04377 0.10980392 0.38039216 0.10980392
v -1.51459 1.01167 1.04334 0.10980392 0.38039216 0.10980392
v -1.50938 0.99044 1.03282 0.10980392 0.38039216 0.10980392
v -1.50102 0.98547 1.04377 0.10980392 0.38039216 0.10980392
v -1.51459 1.01167 1.04334 0.10980392 0.38039216 0.10980392
v -1.50102 0.98547 1.04377 0.10980392 0.38039216 0.10980392
v -1.50938 0.99044 1.03282 0.10980392 0.38039216 0.10980392
v -1.51459 1.01167 1.04334 0.10980392 0.38039216 0.10980392
v -1.53777 0.98536 1.02682 0.10980392 0.38039216 0.10980392
v -1.51897 0.98974 1.02765 0.10980392 0.38039216 0.10980392
v -1.51459 1.01167 1.04334 0.10980392 0.38039216 0.10980392
v -1.51897 0.98974 1.02765 0.10980392 0.38039216 0.10980392
v -1.53777 0.98536 1.02682 0.10980392 0.38039216 0.10980392
v -1.51459 1.01167 1.04334 0.10980392 0.38039216 0.10980392
v -1.55619 0.99372 1.03096 0.10980392 0.38039216 0.10980392
v -1.53777 0.98536 1.02682 0.10980392 0.38039216 0.10980392
v -1.51459 1.01167 1.04334 0.10980392 0.38039216 0.10980392
v -1.53777 0.98536 1.02682 0.10980392 0.38039216 0.10980392
v -1.55619 0.99372 1.03096 0.10980392 0.38039216 0.10980392
v -1.51459 1.01167 1.04334 0.10980392 0.38039216 0.10980392
v -1.57578 1.0216 1.04636 0.10980392 0.38039216 0.10980392
v -1.55619 0.99372 1.03096 0.10980392 0.38039216 0.10980392
v -1.51459 1.01167 1.04334 0.10980392 0.38039216 0.10980392
v -1.55619 0.99372 1.03096 0.10980392 0.38039216 0.10980392
v -1.57578 1.0216 1.04636 0.10980392 0.38039216 0.10980392
v -1.51459 1.01167 1.04334 0.10980392 0.38039216 0.10980392
v -1.56516 1.03181 1.08489 0.10980392 0.38039216 0.10980392
v -1.57578 1.0216 1.04636 0.10980392 0.38039216 0.10980392
v -1.51459 1.01167 1.04334 0.10980392 0.38039216 0.10980392
v -1.57578 1.0216 1.04636 0.10980392 0.38039216 0.10980392
v -1.56516 1.03181 1.08489 0.10980392 0.38039216 0.10980392
v -1.51459 1.01167 1.04334 0.10980392 0.38039216 0.10980392
v -1.53709 1.02941 1.07244 0.10980392 0.38039216 0.10980392
v -1.56516 1.03181 1.08489 0.10980392 0.38039216 0.10980392
v -1.51459 1.01167 1.04334 0.10980392 0.38039216 0.10980392
v -1.56516 1.03181 1.08489 0.10980392 0.38039216 0.10980392
v -1.53709 1.02941 1.07244 0.10980392 0.38039216 0.10980392
v -1.53709 1.02941 1.07244 0.10980392 0.38039216 0.10980392
v -1.55218 1.00987 1.09754 0.10980392 0.38039216 0.10980392
v -1.56516 1.03181 1.08489 0.10980392 0.38039216 0.10980392
v -1.53709 1.02941 1.07244 0.10980392 0.38039216 0.10980392
v -1.56516 1.03181 1.08489 0.10980392 0.38039216 0.10980392
v -1.55218 1.00987 1.09754 0.10980392 0.38039216 0.10980392
v -1.50229 1.06061 1.00429 0.21568628 0.38039216 0.21568628
v -1.52517 1.06286 0.99554 0.21568628 0.38039216 0.21568628
v -1.504 1.06364 0.98139 0.21568628 0.38039216 0.21568628
v -1.50229 1.06061 1.00429 0.21568628 0.38039216 0.21568628
v -1.504 1.06364 0.98139 0.21568628 0.38039216 0.21568628
v -1.52517 1.06286 0.99554 0.21568628 0.38039216 0.21568628
v -1.50229 1.06061 1.00429 0.21568628 0.38039216 0.21568628
v -1.52517 1.06286 0.99554 0.21568628 0.38039216 0.21568628
v -1.50425 1.03599 1.01484 0.21568628 0.38039216 0.21568628
v -1.50229 1.06061 1.00429 0.21568628 0.38039216 0.21568628
v -1.50425 1.03599 1.01484 0.21568628 0.38039216 0.21568628
v -1.52517 1.06286 0.99554 0.21568628 0.38039216 0.21568628
v -1.50425 1.03599 1.01484 0.21568628 0.38039216 0.21568628
v -1.53537 1.05044 1.00489 0.21568628 0.38039216 0.21568628
v -1.52517 1.06286 0.99554 0.21568628 0.38039216 0.21568628
v -1.50425 1.03599 1.01484 0.21568628 0.38039216 0.21568628
v -1.52517 1.06286 0.99554 0.21568628 0.38039216 0.21568628
v -1.53537 1.05044 1.00489 0.21568628 0.38039216 0.21568628
v -1.50425 1.03599 1.01484 0.21568628 0.38039216 0.21568628
v -1.52991 1.02761 1.0077 0.21568628 0.38039216 0.21568628
v -1.53537 1.05044 1.00489 0.21568628 0.38039216 0.21568628
v -1.50425 1.03599 1.01484 0.21568628 0.38039216 0.21568628
v -1.53537 1.05044 1.00489 0.21568628 0.38039216 0.21568628
v -1.52991 1.02761 1.0077 0.21568628 0.38039216 0.21568628
v -1.50425 1.03599 1.01484 0.21568628 0.38039216 0.21568628
v -1.51255 1.02013 1.00734 0.21568628 0.38039216 0.21568628
v -1.52991 1.02761 1.0077 0.21568628 0.38039216 0.21568628
v -1.50425 1.03599 1.01484 0.21568628 0.38039216 0.21568628
v -1.52991 1.02761 1.0077 0.21568628 0.38039216 0.21568628
v -1.51255 1.02013 1.00734 0.21568628 0.38039216 0.21568628
v -1.50425 1.03599 1.01484 0.21568628 0.38039216 0.21568628
v -1.50381 1.02042 1.01137 0.21568628 0.38039216 0.21568628
v -1.51255 1.02013 1.00734 0.21568628 0.38039216 0.21568628
v -1.50425 1.03599 1.01484 0.21568628 0.38039216 0.21568628
v -1.51255 1.02013 1.00734 0.21568628 0.38039216 0.21568628
v -1.50381 1.02042 1.01137 0.21568628 0.38039216 0.21568628
v -1.50425 1.03599 1.01484 0.21568628 0.38039216 0.21568628
v -1.48634 1.02209 1.00317 0.21568628 0.38039216 0.21568628
v -1.49671 1.02032 1.01029 0.21568628 0.38039216 0.21568628
v -1.50425 1.03599 1.01484 0.21568628 0.38039216 0.21568628
v -1.49671 1.02032 1.01029 0.21568628 0.38039216 0.21568628
v -1.48634 1.02209 1.00317 0.21568628 0.38039216 0.21568628
v -1.50425 1.03599 1.01484 0.21568628 0.38039216 0.21568628
v -1.47763 1.03192 0.9997 0.21568628 0.38039216 0.21568628
v -1.48634 1.02209 1.00317 0.21568628 0.38039216 0.21568628
v -1.50425 1.03599 1.01484 0.21568628 0.38039216 0.21568628
v -1.48634 1.02209 1.00317 0.21568628 0.38039216 0.21568628
v -1.47763 1.03192 0.9997 0.21568628 0.38039216 0.21568628
v -1.50425 1.03599 1.01484 0.21568628 0.38039216 0.21568628
v -1.47188 1.05582 0.99984 0.21568628 0.38039216 0.21568628
v -1.47763 1.03192 0.9997 0.21568628 0.38039216 0.21568628
v -1.50425 1.03599 1.01484 0.21568628 0.38039216 0.21568628
v -1.47763 1.03192 0.9997 0.21568628 0.38039216 0.21568628
v -1.47188 1.05582 0.99984 0.21568628 0.38039216 0.21568628
v -1.50425 1.03599 1.01484 0.21568628 0.38039216 0.21568628
v -1.49161 1.07274 0.99208 0.21568628 0.38039216 0.21568628
v -1.47188 1.05582 0.99984 0.21568628 0.38039216 0.21568628
v -1.50425 1.03599 1.01484 0.21568628 0.38039216 0.21568628
v -1.47188 1.05582 0.99984 0.21568628 0.38039216 0.21568628
v -1.49161 1.07274 0.99208 0.21568628 0.38039216 0.21568628
v -1.50425 1.03599 1.01484 0.21568628 0.38039216 0.21568628
v -1.50229 1.06061 1.00429 0.21568628 0.38039216 0.21568628
v -1.49161 1.07274 0.99208 0.21568628 0.38039216 0.21568628
v -1.50425 1.03599 1.01484 0.21568628 0.38039216 0.21568628
v -1.49161 1.07274 0.99208 0.21568628 0.38039216 0.21568628
v -1.50229 1.06061 1.00429 0.21568628 0.38039216 0.21568628
v -1.50229 1.06061 1.00429 0.21568628 0.38039216 0.21568628
v -1.504 1.06364 0.98139 0.21568628 0.38039216 0.21568628
v -1.49161 1.07274 0.99208 0.21568628 0.38039216 0.21568628
v -1.50229 1.06061 1.00429 0.21568628 0.38039216 0.21568628
v -1.49161 1.07274 0.99208 0.21568628 0.38039216 0.21568628
v -1.504 1.06364 0.98139 0.21568628 0.38039216 0.21568628
v -1.5018 1.06558 1.02901 0.22745098 0.38039216 0.22745098
v -1.48634 1.06975 1.02821 0.22745098 0.38039216 0.22745098
v -1.49663 1.0737 1.04064 0.22745098 0.38039216 0.22745098
v -1.5018 1.06558 1.02901 0.22745098 0.38039216 0.22745098
v -1.49663 1.0737 1.04064 0.22745098 0.38039216 0.22745098
v -1.48634 1.06975 1.02821 0.22745098 0.38039216 0.22745098
v -1.5018 1.06558 1.02901 0.22745098 0.38039216 0.22745098
v -1.48634 1.06975 1.02821 0.22745098 0.38039216 0.22745098
v -1.49994 1.04817 1.02891 0.22745098 0.38039216 0.22745098
v -1.5018 1.06558 1.02901 0.22745098 0.38039216 0.22745098
v -1.49994 1.04817 1.02891 0.22745098 0.38039216 0.22745098
v -1.48634 1.06975 1.02821 0.22745098 0.38039216 0.22745098
v -1.49994 1.04817 1.02891 0.22745098 0.38039216 0.22745098
v -1.48054 1.06004 1.02385 0.22745098 0.38039216 0.22745098
v -1.48634 1.06975 1.02821 0.22745098 0.38039216 0.22745098
v -1.49994 1.04817 1.02891 0.22745098 0.38039216 0.22745098
v -1.48634 1.06975 1.02821 0.22745098 0.38039216 0.22745098
v -1.48054 1.06004 1.02385 0.22745098 0.38039216 0.22745098
v -1.49994 1.04817 1.02891 0.22745098 0.38039216 0.22745098
v -1.48191 1.04567 1.02927 0.22745098 0.38039216 0.22745098
v -1.48054 1.06004 1.02385 0.22745098 0.38039216 0.22745098
v -1.49994 1.04817 1.02891 0.22745098 0.38039216 0.22745098
v -1.48054 1.06004 1.02385 0.22745098 0.38039216 0.22745098
v -1.48191 1.04567 1.02927 0.22745098 0.38039216 0.22745098
v -1.49994 1.04817 1.02891 0.22745098 0.38039216 0.22745098
v -1.49164 1.04102 1.03524 0.22745098 0.38039216 0.22745098
v -1.48191 1.04567 1.02927 0.22745098 0.38039216 0.22745098
v -1.49994 1.04817 1.02891 0.22745098 0.38039216 0.22745098
v -1.48191 1.04567 1.02927 0.22745098 0.38039216 0.22745098
v -1.49164 1.04102 1.03524 0.22745098 0.38039216 0.22745098
v -1.49994 1.04817 1.02891 0.22745098 0.38039216 0.22745098
v -1.49781 1.03992 1.03487 0.22745098 0.38039216 0.22745098
v -1.49164 1.04102 1.03524 0.22745098 0.38039216 0.22745098
v -1.49994 1.04817 1.02891 0.22745098 0.38039216 0.22745098
v -1.49164 1.04102 1.03524 0.22745098 0.38039216 0.22745098
v -1.49781 1.03992 1.03487 0.22745098 0.38039216 0.22745098
v -1.49994 1.04817 1.02891 0.22745098 0.38039216 0.22745098
v -1.50709 1.04283 1.04293 0.22745098 0.38039216 0.22745098
v -1.50193 1.04002 1.03709 0.22745098 0.38039216 0.22745098
v -1.49994 1.04817 1.02891 0.22745098 0.38039216 0.22745098
v -1.50193 1.04002 1.03709 0.22745098 0.38039216 0.22745098
v -1.50709 1.04283 1.04293 0.22745098 0.38039216 0.22745098
v -1.49994 1.04817 1.02891 0.22745098 0.38039216 0.22745098
v -1.51283 1.04942 1.04433 0.22745098 0.38039216 0.22745098
v -1.50709 1.04283 1.04293 0.22745098 0.38039216 0.22745098
v -1.49994 1.04817 1.02891 0.22745098 0.38039216 0.22745098
v -1.50709 1.04283 1.04293 0.22745098 0.38039216 0.22745098
v -1.51283 1.04942 1.04433 0.22745098 0.38039216 0.22745098
v -1.49994 1.04817 1.02891 0.22745098 0.38039216 0.22745098
v -1.51902 1.0634 1.0395 0.22745098 0.38039216 0.22745098
v -1.51283 1.04942 1.04433 0.22745098 0.38039216 0.22745098
v -1.49994 1.04817 1.02891 0.22745098 0.38039216 0.22745098
v -1.51283 1.04942 1.04433 0.22745098 0.38039216 0.22745098
v -1.51902 1.0634 1.0395 0.22745098 0.38039216 0.22745098
v -1.49994 1.04817 1.02891 0.22745098 0.38039216 0.22745098
v -1.5073 1.0759 1.03515 0.22745098 0.38039216 0.22745098
v -1.51902 1.0634 1.0395 0.22745098 0.38039216 0.22745098
v -1.49994 1.04817 1.02891 0.22745098 0.38039216 0.22745098
v -1.51902 1.0634 1.0395 0.22745098 0.38039216 0.22745098
v -1.5073 1.0759 1.03515 0.22745098 0.38039216 0.22745098
v -1.49994 1.04817 1.02891 0.22745098 0.38039216 0.22745098
v -1.5018 1.06558 1.02901 0.22745098 0.38039216 0.22745098
v -1.5073 1.0759 1.03515 0.22745098 0.38039216 0.22745098
v -1.49994 1.04817 1.02891 0.22745098 0.38039216 0.22745098
v -1.5073 1.0759 1.03515 0.22745098 0.38039216 0.22745098
v -1.5018 1.06558 1.02901 0.22745098 0.38039216 0.22745098
v -1.5018 1.06558 1.02901 0.22745098 0.38039216 0.22745098
v -1.49663 1.0737 1.04064 0.22745098 0.38039216 0.22745098
v -1.5073 1.0759 1.03515 0.22745098 0.38039216 0.22745098
v -1.5018 1.06558 1.02901 0.22745098 0.38039216 0.22745098
v -1.5073 1.0759 1.03515 0.22745098 0.38039216 0.22745098
v -1.49663 1.0737 1.04064 0.22745098 0.38039216 0.22745098
v -0.02278 0.2384 0.91019 0.050980393 0.38039216 0.050980393
v -0.06481 0.22407 0.91009 0.050980393 0.38039216 0.050980393
v -0.03033 0.20473 0.88658 0.050980393 0.38039216 0.050980393
v -0.02278 0.2384 0.91019 0.050980393 0.38039216 0.050980393
v -0.03033 0.20473 0.88658 0.050980393 0.38039216 0.050980393
v -0.06481 0.22407 0.91009 0.050980393 0.38039216 0.050980393
v -0.02278 0.2384 0.91019 0.050980393 0.38039216 0.050980393
v -0.06481 0.22407 0.91009 0.050980393 0.38039216 0.050980393
v -0.01318 0.2334 0.95747 0.050980393 0.38039216 0.050980393
v -0.02278 0.2384 0.91019 0.050980393 0.38039216 0.050980393
v -0.01318 0.2334 0.95747 0.050980393 0.38039216 0.050980393
v -0.06481 0.22407 0.91009 0.050980393 0.38039216 0.050980393
v -0.01318 0.2334 0.95747 0.050980393 0.38039216 0.050980393
v -0.07544 0.22689 0.94182 0.050980393 0.38039216 0.050980393
v -0.06481 0.22407 0.91009 0.050980393 0.38039216 0.050980393
v -0.01318 0.2334 0.95747 0.050980393 0.38039216 0.050980393
v -0.06481 0.22407 0.91009 0.050980393 0.38039216 0.050980393
v -0.07544 0.22689 0.94182 0.050980393 0.38039216 0.050980393
v -0.01318 0.2334 0.95747 0.050980393 0.38039216 0.050980393
v -0.05485 0.21205 0.97617 0.050980393 0.38039216 0.050980393
v -0.07544 0.22689 0.94182 0.050980393 0.38039216 0.050980393
v -0.01318 0.2334 0.95747 0.050980393 0.38039216 0.050980393
v -0.07544 0.22689 0.94182 0.050980393 0.38039216 0.050980393
v -0.05485 0.21205 0.97617 0.050980393 0.38039216 0.050980393
v -0.01318 0.2334 0.95747 0.050980393 0.38039216 0.050980393
v -0.02123 0.20685 0.97889 0.050980393 0.38039216 0.050980393
v -0.05485 0.21205 0.97617 0.050980393 0.38039216 0.050980393
v -0.01318 0.2334 0.95747 0.050980393 0.38039216 0.050980393
v -0.05485 0.21205 0.97617 0.050980393 0.38039216 0.050980393
v -0.02123 0.20685 0.97889 0.050980393 0.38039216 0.050980393
v -0.01318 0.2334 0.95747 0.050980393 0.38039216 0.050980393
v -0.00561 0.21442 0.97779 0.050980393 0.38039216 0.050980393
v -0.02123 0.20685 0.97889 0.050980393 0.38039216 0.050980393
v -0.01318 0.2334 0.95747 0.050980393 0.38039216 0.050980393
v -0.02123 0.20685 0.97889 0.050980393 0.38039216 0.050980393
v -0.00561 0.21442 0.97779 0.050980393 0.38039216 0.050980393
v -0.01318 0.2334 0.95747 0.050980393 0.38039216 0.050980393
v 0.02285 0.20484 0.95983 0.050980393 0.38039216 0.050980393
v 0.00663 0.21341 0.97361 0.050980393 0.38039216 0.050980393
v -0.01318 0.2334 0.95747 0.050980393 0.38039216 0.050980393
v 0.00663 0.21341 0.97361 0.050980393 0.38039216 0.050980393
v 0.02285 0.20484 0.95983 0.050980393 0.38039216 0.050980393
v -0.01318 0.2334 0.95747 0.050980393 0.38039216 0.050980393
v 0.0329 0.20886 0.93783 0.050980393 0.38039216 0.050980393
v 0.02285 0.20484 0.95983 0.050980393 0.38039216 0.050980393
v -0.01318 0.2334 0.95747 0.050980393 0.38039216 0.050980393
v 0.02285 0.20484 0.95983 0.050980393 0.38039216 0.050980393
v 0.0329 0.20886 0.93783 0.050980393 0.38039216 0.050980393
v -0.01318 0.2334 0.95747 0.050980393 0.38039216 0.050980393
v 0.03173 0.23054 0.89909 0.050980393 0.38039216 0.050980393
v 0.0329 0.20886 0.93783 0.050980393 0.38039216 0.050980393
v -0.01318 0.2334 0.95747 0.050980393 0.38039216 0.050980393
v 0.0329 0.20886 0.93783 0.050980393 0.38039216 0.050980393
v 0.03173 0.23054 0.89909 0.050980393 0.38039216 0.050980393
v -0.01318 0.2334 0.95747 0.050980393 0.38039216 0.050980393
v -0.01157 0.23086 0.87619 0.050980393 0.38039216 0.050980393
v 0.03173 0.23054 0.89909 0.050980393 0.38039216 0.050980393
v -0.01318 0.2334 0.95747 0.050980393 0.38039216 0.050980393
v 0.03173 0.23054 0.89909 0.050980393 0.38039216 0.050980393
v -0.01157 0.23086 0.87619 0.050980393 0.38039216 0.050980393
v -0.01318 0.2334 0.95747 0.050980393 0.38039216 0.050980393
v -0.02278 0.2384 0.91019 0.050980393 0.38039216 0.050980393
v -0.01157 0.23086 0.87619 0.050980393 0.38039216 0.050980393
v -0.01318 0.2334 0.95747 0.050980393 0.38039216 0.050980393
v -0.01157 0.23086 0.87619 0.050980393 0.38039216 0.050980393
v -0.02278 0.2384 0.91019 0.050980393 0.38039216 0.050980393
v -0.02278 0.2384 0.91019 0.050980393 0.38039216 0.050980393
v -0.03033 0.20473 0.88658 0.050980393 0.38039216 0.050980393
v -0.01157 0.23086 0.87619 0.050980393 0.38039216 0.050980393
v -0.02278 0.2384 0.91019 0.050980393 0.38039216 0.050980393
v -0.01157 0.23086 0.87619 0.050980393 0.38039216 0.050980393
v -0.03033 0.20473 0.88658 0.050980393 0.38039216 0.050980393
v 0.14499 0.3412 1.13127 0.05882353 0.38039216 0.05882353
v 0.1984 0.28871 1.06188 0.05882353 0.38039216 0.05882353
v 0.17103 0.22921 1.09756 0.05882353 0.38039216 0.05882353
v 0.14499 0.3412 1.13127 0.05882353 0.38039216 0.05882353
v 0.17103 0.22921 1.09756 0.05882353 0.38039216 0.05882353
v 0.1984 0.28871 1.06188 0.05882353 0.38039216 0.05882353
v 0.14499 0.3412 1.13127 0.05882353 0.38039216 0.05882353
v 0.1984 0.28871 1.06188 0.05882353 0.38039216 0.05882353
v 0.11016 0.38818 1.08768 0.05882353 0.38039216 0.05882353
v 0.14499 0.3412 1.13127 0.05882353 0.38039216 0.05882353
v 0.11016 0.38818 1.08768 0.05882353 0.38039216 0.05882353
v 0.1984 0.28871 1.06188 0.05882353 0.38039216 0.05882353
v 0.11016 0.38818 1.08768 0.05882353 0.38039216 0.05882353
v 0.18363 0.29507 1.01453 0.05882353 0.38039216 0.05882353
v 0.1984 0.28871 1.06188 0.05882353 0.38039216 0.05882353
v 0.11016 0.38818 1.08768 0.05882353 0.38039216 0.05882353
v 0.1984 0.28871 1.06188 0.05882353 0.38039216 0.05882353
v 0.18363 0.29507 1.01453 0.05882353 0.38039216 0.05882353
v 0.11016 0.38818 1.08768 0.05882353 0.38039216 0.05882353
v 0.10943 0.32531 0.98165 0.05882353 0.38039216 0.05882353
v 0.18363 0.29507 1.01453 0.05882353 0.38039216 0.05882353
v 0.11016 0.38818 1.08768 0.05882353 0.38039216 0.05882353
v 0.18363 0.29507 1.01453 0.05882353 0.38039216 0.05882353
v 0.10943 0.32531 0.98165 0.05882353 0.38039216 0.05882353
v 0.11016 0.38818 1.08768 0.05882353 0.38039216 0.05882353
v 0.06093 0.33189 1.01469 0.05882353 0.38039216 0.05882353
v 0.10943 0.32531 0.98165 0.05882353 0.38039216 0.05882353
v 0.11016 0.38818 1.08768 0.05882353 0.38039216 0.05882353
v 0.10943 0.32531 0.98165 0.05882353 0.38039216 0.05882353
v 0.06093 0.33189 1.01469 0.05882353 0.38039216 0.05882353
v 0.11016 0.38818 1.08768 0.05882353 0.38039216 0.05882353
v 0.04434 0.35186 1.05694 0.05882353 0.38039216 0.05882353
v 0.06093 0.33189 1.01469 0.05882353 0.38039216 0.05882353
v 0.11016 0.38818 1.08768 0.05882353 0.38039216 0.05882353
v 0.06093 0.33189 1.01469 0.05882353 0.38039216 0.05882353
v 0.04434 0.35186 1.05694 0.05882353 0.38039216 0.05882353
v 0.11016 0.38818 1.08768 0.05882353 0.38039216 0.05882353
v 0.01662 0.35772 1.07589 0.05882353 0.38039216 0.05882353
v 0.03533 0.36868 1.06206 0.05882353 0.38039216 0.05882353
v 0.11016 0.38818 1.08768 0.05882353 0.38039216 0.05882353
v 0.03533 0.36868 1.06206 0.05882353 0.38039216 0.05882353
v 0.01662 0.35772 1.07589 0.05882353 0.38039216 0.05882353
v 0.11016 0.38818 1.08768 0.05882353 0.38039216 0.05882353
v 0.00571 0.34514 1.10438 0.05882353 0.38039216 0.05882353
v 0.01662 0.35772 1.07589 0.05882353 0.38039216 0.05882353
v 0.11016 0.38818 1.08768 0.05882353 0.38039216 0.05882353
v 0.01662 0.35772 1.07589 0.05882353 0.38039216 0.05882353
v 0.00571 0.34514 1.10438 0.05882353 0.38039216 0.05882353
v 0.11016 0.38818 1.08768 0.05882353 0.38039216 0.05882353
v 0.05604 0.31316 1.1986 0.05882353 0.38039216 0.05882353
v 0.00571 0.34514 1.10438 0.05882353 0.38039216 0.05882353
v 0.11016 0.38818 1.08768 0.05882353 0.38039216 0.05882353
v 0.00571 0.34514 1.10438 0.05882353 0.38039216 0.05882353
v 0.05604 0.31316 1.1986 0.05882353 0.38039216 0.05882353
v 0.11016 0.38818 1.08768 0.05882353 0.38039216 0.05882353
v 0.1176 0.28043 1.17723 0.05882353 0.38039216 0.05882353
v 0.05604 0.31316 1.1986 0.05882353 0.38039216 0.05882353
v 0.11016 0.38818 1.08768 0.05882353 0.38039216 0.05882353
v 0.05604 0.31316 1.1986 0.05882353 0.38039216 0.05882353
v 0.1176 0.28043 1.17723 0.05882353 0.38039216 0.05882353
v 0.11016 0.38818 1.08768 0.05882353 0.38039216 0.05882353
v 0.14499 0.3412 1.13127 0.05882353 0.38039216 0.05882353
v 0.1176 0.28043 1.17723 0.05882353 0.38039216 0.05882353
v 0.11016 0.38818 1.08768 0.05882353 0.38039216 0.05882353
v 0.1176 0.28043 1.17723 0.05882353 0.38039216 0.05882353
v 0.14499 0.3412 1.13127 0.05882353 0.38039216 0.05882353
v 0.14499 0.3412 1.13127 0.05882353 0.38039216 0.05882353
v 0.17103 0.22921 1.09756 0.05882353 0.38039216 0.05882353
v 0.1176 0.28043 1.17723 0.05882353 0.38039216 0.05882353
v 0.14499 0.3412 1.13127 0.05882353 0.38039216 0.05882353
v 0.1176 0.28043 1.17723 0.05882353 0.38039216 0.05882353
v 0.17103 0.22921 1.09756 0.05882353 0.38039216 0.05882353
v -0.20085 0.47327 1.06719 0.0627451 0.38039216 0.0627451
v -0.29461 0.45397 1.09296 0.0627451 0.38039216 0.0627451
v -0.236 0.31384 1.0595 0.0627451 0.38039216 0.0627451
v -0.20085 0.47327 1.06719 0.0627451 0.38039216 0.0627451
v -0.236 0.31384 1.0595 0.0627451 0.38039216 0.0627451
v -0.29461 0.45397 1.09296 0.0627451 0.38039216 0.0627451
v -0.20085 0.47327 1.06719 0.0627451 0.38039216 0.0627451
v -0.29461 0.45397 1.09296 0.0627451 0.38039216 0.0627451
v -0.13842 0.5461 1.04563 0.0627451 0.38039216 0.0627451
v -0.20085 0.47327 1.06719 0.0627451 0.38039216 0.0627451
v -0.13842 0.5461 1.04563 0.0627451 0.38039216 0.0627451
v -0.29461 0.45397 1.09296 0.0627451 0.38039216 0.0627451
v -0.13842 0.5461 1.04563 0.0627451 0.38039216 0.0627451
v -0.21163 0.39677 1.1559 0.0627451 0.38039216 0.0627451
v -0.29461 0.45397 1.09296 0.0627451 0.38039216 0.0627451
v -0.13842 0.5461 1.04563 0.0627451 0.38039216 0.0627451
v -0.29461 0.45397 1.09296 0.0627451 0.38039216 0.0627451
v -0.21163 0.39677 1.1559 0.0627451 0.38039216 0.0627451
v -0.13842 0.5461 1.04563 0.0627451 0.38039216 0.0627451
v -0.07625 0.43662 1.12898 0.0627451 0.38039216 0.0627451
v -0.21163 0.39677 1.1559 0.0627451 0.38039216 0.0627451
v -0.13842 0.5461 1.04563 0.0627451 0.38039216 0.0627451
v -0.21163 0.39677 1.1559 0.0627451 0.38039216 0.0627451
v -0.07625 0.43662 1.12898 0.0627451 0.38039216 0.0627451
v -0.13842 0.5461 1.04563 0.0627451 0.38039216 0.0627451
v -0.06153 0.46497 1.05544 0.0627451 0.38039216 0.0627451
v -0.07625 0.43662 1.12898 0.0627451 0.38039216 0.0627451
v -0.13842 0.5461 1.04563 0.0627451 0.38039216 0.0627451
v -0.07625 0.43662 1.12898 0.0627451 0.38039216 0.0627451
v -0.06153 0.46497 1.05544 0.0627451 0.38039216 0.0627451
v -0.13842 0.5461 1.04563 0.0627451 0.38039216 0.0627451
v -0.06795 0.52819 1.02517 0.0627451 0.38039216 0.0627451
v -0.06153 0.46497 1.05544 0.0627451 0.38039216 0.0627451
v -0.13842 0.5461 1.04563 0.0627451 0.38039216 0.0627451
v -0.06153 0.46497 1.05544 0.0627451 0.38039216 0.0627451
v -0.06795 0.52819 1.02517 0.0627451 0.38039216 0.0627451
v -0.13842 0.5461 1.04563 0.0627451 0.38039216 0.0627451
v -0.06614 0.48307 0.98998 0.0627451 0.38039216 0.0627451
v -0.06102 0.53738 1.02695 0.0627451 0.38039216 0.0627451
v -0.13842 0.5461 1.04563 0.0627451 0.38039216 0.0627451
v -0.06102 0.53738 1.02695 0.0627451 0.38039216 0.0627451
v -0.06614 0.48307 0.98998 0.0627451 0.38039216 0.0627451
v -0.13842 0.5461 1.04563 0.0627451 0.38039216 0.0627451
v -0.09362 0.46373 0.94327 0.0627451 0.38039216 0.0627451
v -0.06614 0.48307 0.98998 0.0627451 0.38039216 0.0627451
v -0.13842 0.5461 1.04563 0.0627451 0.38039216 0.0627451
v -0.06614 0.48307 0.98998 0.0627451 0.38039216 0.0627451
v -0.09362 0.46373 0.94327 0.0627451 0.38039216 0.0627451
v -0.13842 0.5461 1.04563 0.0627451 0.38039216 0.0627451
v -0.1863 0.41428 0.9268 0.0627451 0.38039216 0.0627451
v -0.09362 0.46373 0.94327 0.0627451 0.38039216 0.0627451
v -0.13842 0.5461 1.04563 0.0627451 0.38039216 0.0627451
v -0.09362 0.46373 0.94327 0.0627451 0.38039216 0.0627451
v -0.1863 0.41428 0.9268 0.0627451 0.38039216 0.0627451
v -0.13842 0.5461 1.04563 0.0627451 0.38039216 0.0627451
v -0.18472 0.38841 1.03269 0.0627451 0.38039216 0.0627451
v -0.1863 0.41428 0.9268 0.0627451 0.38039216 0.0627451
v -0.13842 0.5461 1.04563 0.0627451 0.38039216 0.0627451
v -0.1863 0.41428 0.9268 0.0627451 0.38039216 0.0627451
v -0.18472 0.38841 1.03269 0.0627451 0.38039216 0.0627451
v -0.13842 0.5461 1.04563 0.0627451 0.38039216 0.0627451
v -0.20085 0.47327 1.06719 0.0627451 0.38039216 0.0627451
v -0.18472 0.38841 1.03269 0.0627451 0.38039216 0.0627451
v -0.13842 0.5461 1.04563 0.0627451 0.38039216 0.0627451
v -0.18472 0.38841 1.03269 0.0627451 0.38039216 0.0627451
v -0.20085 0.47327 1.06719 0.0627451 0.38039216 0.0627451
v -0.20085 0.47327 1.06719 0.0627451 0.38039216 0.0627451
v -0.236 0.31384 1.0595 0.0627451 0.38039216 0.0627451
v -0.18472 0.38841 1.03269 0.0627451 0.38039216 0.0627451
v -0.20085 0.47327 1.06719 0.0627451 0.38039216 0.0627451
v -0.18472 0.38841 1.03269 0.0627451 0.38039216 0.0627451
v -0.236 0.31384 1.0595 0.0627451 0.38039216 0.0627451
v 0.09244 0.5722 0.8788 0.06666667 0.38039216 0.06666667
v 0.08071 0.51937 0.80562 0.06666667 0.38039216 0.06666667
v 0.16079 0.412 0.87907 0.06666667 0.38039216 0.06666667
v 0.09244 0.5722 0.8788 0.06666667 0.38039216 0.06666667
v 0.16079 0.412 0.87907 0.06666667 0.38039216 0.06666667
v 0.08071 0.51937 0.80562 0.06666667 0.38039216 0.06666667
v 0.09244 0.5722 0.8788 0.06666667 0.38039216 0.06666667
v 0.08071 0.51937 0.80562 0.06666667 0.38039216 0.06666667
v 0.06581 0.65373 0.92654 0.06666667 0.38039216 0.06666667
v 0.09244 0.5722 0.8788 0.06666667 0.38039216 0.06666667
v 0.06581 0.65373 0.92654 0.06666667 0.38039216 0.06666667
v 0.08071 0.51937 0.80562 0.06666667 0.38039216 0.06666667
v 0.06581 0.65373 0.92654 0.06666667 0.38039216 0.06666667
v 0.00339 0.53148 0.78258 0.06666667 0.38039216 0.06666667
v 0.08071 0.51937 0.80562 0.06666667 0.38039216 0.06666667
v 0.06581 0.65373 0.92654 0.06666667 0.38039216 0.06666667
v 0.08071 0.51937 0.80562 0.06666667 0.38039216 0.06666667
v 0.00339 0.53148 0.78258 0.06666667 0.38039216 0.06666667
v 0.06581 0.65373 0.92654 0.06666667 0.38039216 0.06666667
v -0.05336 0.56748 0.8975 0.06666667 0.38039216 0.06666667
v 0.00339 0.53148 0.78258 0.06666667 0.38039216 0.06666667
v 0.06581 0.65373 0.92654 0.06666667 0.38039216 0.06666667
v 0.00339 0.53148 0.78258 0.06666667 0.38039216 0.06666667
v -0.05336 0.56748 0.8975 0.06666667 0.38039216 0.06666667
v 0.06581 0.65373 0.92654 0.06666667 0.38039216 0.06666667
v -0.0332 0.6184 0.9673 0.06666667 0.38039216 0.06666667
v -0.05336 0.56748 0.8975 0.06666667 0.38039216 0.06666667
v 0.06581 0.65373 0.92654 0.06666667 0.38039216 0.06666667
v -0.05336 0.56748 0.8975 0.06666667 0.38039216 0.06666667
v -0.0332 0.6184 0.9673 0.06666667 0.38039216 0.06666667
v 0.06581 0.65373 0.92654 0.06666667 0.38039216 0.06666667
v -0.00442 0.65496 0.98454 0.06666667 0.38039216 0.06666667
v -0.0332 0.6184 0.9673 0.06666667 0.38039216 0.06666667
v 0.06581 0.65373 0.92654 0.06666667 0.38039216 0.06666667
v -0.0332 0.6184 0.9673 0.06666667 0.38039216 0.06666667
v -0.00442 0.65496 0.98454 0.06666667 0.38039216 0.06666667
v 0.06581 0.65373 0.92654 0.06666667 0.38039216 0.06666667
v 0.03605 0.62406 1.03993 0.06666667 0.38039216 0.06666667
v 0.02818 0.63697 1.00073 0.06666667 0.38039216 0.06666667
v 0.06581 0.65373 0.92654 0.06666667 0.38039216 0.06666667
v 0.02818 0.63697 1.00073 0.06666667 0.38039216 0.06666667
v 0.03605 0.62406 1.03993 0.06666667 0.38039216 0.06666667
v 0.06581 0.65373 0.92654 0.06666667 0.38039216 0.06666667
v 0.10458 0.56735 1.04605 0.06666667 0.38039216 0.06666667
v 0.03605 0.62406 1.03993 0.06666667 0.38039216 0.06666667
v 0.06581 0.65373 0.92654 0.06666667 0.38039216 0.06666667
v 0.03605 0.62406 1.03993 0.06666667 0.38039216 0.06666667
v 0.10458 0.56735 1.04605 0.06666667 0.38039216 0.06666667
v 0.06581 0.65373 0.92654 0.06666667 0.38039216 0.06666667
v 0.18531 0.51121 0.96799 0.06666667 0.38039216 0.06666667
v 0.10458 0.56735 1.04605 0.06666667 0.38039216 0.06666667
v 0.06581 0.65373 0.92654 0.06666667 0.38039216 0.06666667
v 0.10458 0.56735 1.04605 0.06666667 0.38039216 0.06666667
v 0.18531 0.51121 0.96799 0.06666667 0.38039216 0.06666667
v 0.06581 0.65373 0.92654 0.06666667 0.38039216 0.06666667
v 0.21731 0.56163 0.88995 0.06666667 0.38039216 0.06666667
v 0.18531 0.51121 0.96799 0.06666667 0.38039216 0.06666667
v 0.06581 0.65373 0.92654 0.06666667 0.38039216 0.06666667
v 0.18531 0.51121 0.96799 0.06666667 0.38039216 0.06666667
v 0.21731 0.56163 0.88995 0.06666667 0.38039216 0.06666667
v 0.06581 0.65373 0.92654 0.06666667 0.38039216 0.06666667
v 0.09244 0.5722 0.8788 0.06666667 0.38039216 0.06666667
v 0.21731 0.56163 0.88995 0.06666667 0.38039216 0.06666667
v 0.06581 0.65373 0.92654 0.06666667 0.38039216 0.06666667
v 0.21731 0.56163 0.88995 0.06666667 0.38039216 0.06666667
v 0.09244 0.5722 0.8788 0.06666667 0.38039216 0.06666667
v 0.09244 0.5722 0.8788 0.06666667 0.38039216 0.06666667
v 0.16079 0.412 0.87907 0.06666667 0.38039216 0.06666667
v 0.21731 0.56163 0.88995 0.06666667 0.38039216 0.06666667
v 0.09244 0.5722 0.8788 0.06666667 0.38039216 0.06666667
v 0.21731 0.56163 0.88995 0.06666667 0.38039216 0.06666667
v 0.16079 0.412 0.87907 0.06666667 0.38039216 0.06666667
v 0.01525 0.67751 1.1721 0.08235294 0.38039216 0.08235294
v 0.03105 0.66039 1.25843 0.08235294 0.38039216 0.08235294
v 0.00563 0.5338 1.20355 0.08235294 0.38039216 0.08235294
v 0.01525 0.67751 1.1721 0.08235294 0.38039216 0.08235294
v 0.00563 0.5338 1.20355 0.08235294 0.38039216 0.08235294
v 0.03105 0.66039 1.25843 0.08235294 0.38039216 0.08235294
v 0.01525 0.67751 1.1721 0.08235294 0.38039216 0.08235294
v 0.03105 0.66039 1.25843 0.08235294 0.38039216 0.08235294
v 0.00075 0.74301 1.1141 0.08235294 0.38039216 0.08235294
v 0.01525 0.67751 1.1721 0.08235294 0.38039216 0.08235294
v 0.00075 0.74301 1.1141 0.08235294 0.38039216 0.08235294
v 0.03105 0.66039 1.25843 0.08235294 0.38039216 0.08235294
v 0.00075 0.74301 1.1141 0.08235294 0.38039216 0.08235294
v 0.09414 0.60859 1.18898 0.08235294 0.38039216 0.08235294
v 0.03105 0.66039 1.25843 0.08235294 0.38039216 0.08235294
v 0.00075 0.74301 1.1141 0.08235294 0.38039216 0.08235294
v 0.03105 0.66039 1.25843 0.08235294 0.38039216 0.08235294
v 0.09414 0.60859 1.18898 0.08235294 0.38039216 0.08235294
v 0.00075 0.74301 1.1141 0.08235294 0.38039216 0.08235294
v 0.08058 0.64414 1.06511 0.08235294 0.38039216 0.08235294
v 0.09414 0.60859 1.18898 0.08235294 0.38039216 0.08235294
v 0.00075 0.74301 1.1141 0.08235294 0.38039216 0.08235294
v 0.09414 0.60859 1.18898 0.08235294 0.38039216 0.08235294
v 0.08058 0.64414 1.06511 0.08235294 0.38039216 0.08235294
v 0.00075 0.74301 1.1141 0.08235294 0.38039216 0.08235294
v 0.01565 0.66962 1.04602 0.08235294 0.38039216 0.08235294
v 0.08058 0.64414 1.06511 0.08235294 0.38039216 0.08235294
v 0.00075 0.74301 1.1141 0.08235294 0.38039216 0.08235294
v 0.08058 0.64414 1.06511 0.08235294 0.38039216 0.08235294
v 0.01565 0.66962 1.04602 0.08235294 0.38039216 0.08235294
v 0.00075 0.74301 1.1141 0.08235294 0.38039216 0.08235294
v -0.01208 0.72664 1.04922 0.08235294 0.38039216 0.08235294
v 0.01565 0.66962 1.04602 0.08235294 0.38039216 0.08235294
v 0.00075 0.74301 1.1141 0.08235294 0.38039216 0.08235294
v 0.01565 0.66962 1.04602 0.08235294 0.38039216 0.08235294
v -0.01208 0.72664 1.04922 0.08235294 0.38039216 0.08235294
v 0.00075 0.74301 1.1141 0.08235294 0.38039216 0.08235294
v -0.04354 0.68591 1.04496 0.08235294 0.38039216 0.08235294
v -0.00994 0.73491 1.04311 0.08235294 0.38039216 0.08235294
v 0.00075 0.74301 1.1141 0.08235294 0.38039216 0.08235294
v -0.00994 0.73491 1.04311 0.08235294 0.38039216 0.08235294
v -0.04354 0.68591 1.04496 0.08235294 0.38039216 0.08235294
v 0.00075 0.74301 1.1141 0.08235294 0.38039216 0.08235294
v -0.08767 0.66852 1.06604 0.08235294 0.38039216 0.08235294
v -0.04354 0.68591 1.04496 0.08235294 0.38039216 0.08235294
v 0.00075 0.74301 1.1141 0.08235294 0.38039216 0.08235294
v -0.04354 0.68591 1.04496 0.08235294 0.38039216 0.08235294
v -0.08767 0.66852 1.06604 0.08235294 0.38039216 0.08235294
v 0.00075 0.74301 1.1141 0.08235294 0.38039216 0.08235294
v -0.10973 0.62417 1.14816 0.08235294 0.38039216 0.08235294
v -0.08767 0.66852 1.06604 0.08235294 0.38039216 0.08235294
v 0.00075 0.74301 1.1141 0.08235294 0.38039216 0.08235294
v -0.08767 0.66852 1.06604 0.08235294 0.38039216 0.08235294
v -0.10973 0.62417 1.14816 0.08235294 0.38039216 0.08235294
v 0.00075 0.74301 1.1141 0.08235294 0.38039216 0.08235294
v -0.01445 0.6009 1.15514 0.08235294 0.38039216 0.08235294
v -0.10973 0.62417 1.14816 0.08235294 0.38039216 0.08235294
v 0.00075 0.74301 1.1141 0.08235294 0.38039216 0.08235294
v -0.10973 0.62417 1.14816 0.08235294 0.38039216 0.08235294
v -0.01445 0.6009 1.15514 0.08235294 0.38039216 0.08235294
v 0.00075 0.74301 1.1141 0.08235294 0.38039216 0.08235294
v 0.01525 0.67751 1.1721 0.08235294 0.38039216 0.08235294
v -0.01445 0.6009 1.15514 0.08235294 0.38039216 0.08235294
v 0.00075 0.74301 1.1141 0.08235294 0.38039216 0.08235294
v -0.01445 0.6009 1.15514 0.08235294 0.38039216 0.08235294
v 0.01525 0.67751 1.1721 0.08235294 0.38039216 0.08235294
v 0.01525 0.67751 1.1721 0.08235294 0.38039216 0.08235294
v 0.00563 0.5338 1.20355 0.08235294 0.38039216 0.08235294
v -0.01445 0.6009 1.15514 0.08235294 0.38039216 0.08235294
v 0.01525 0.67751 1.1721 0.08235294 0.38039216 0.08235294
v -0.01445 0.6009 1.15514 0.08235294 0.38039216 0.08235294
v 0.00563 0.5338 1.20355 0.08235294 0.38039216 0.08235294
v -0.04081 0.79023 0.91873 0.08627451 0.38039216 0.08627451
v -0.11585 0.74444 0.93795 0.08627451 0.38039216 0.08627451
v -0.07865 0.69183 0.92493 0.08627451 0.38039216 0.08627451
v -0.04081 0.79023 0.91873 0.08627451 0.38039216 0.08627451
v -0.07865 0.69183 0.92493 0.08627451 0.38039216 0.08627451
v -0.11585 0.74444 0.93795 0.08627451 0.38039216 0.08627451
v -0.04081 0.79023 0.91873 0.08627451 0.38039216 0.08627451
v -0.11585 0.74444 0.93795 0.08627451 0.38039216 0.08627451
v -0.03835 0.82957 0.96951 0.08627451 0.38039216 0.08627451
v -0.04081 0.79023 0.91873 0.08627451 0.38039216 0.08627451
v -0.03835 0.82957 0.96951 0.08627451 0.38039216 0.08627451
v -0.11585 0.74444 0.93795 0.08627451 0.38039216 0.08627451
v -0.03835 0.82957 0.96951 0.08627451 0.38039216 0.08627451
v -0.13017 0.74862 0.97942 0.08627451 0.38039216 0.08627451
v -0.11585 0.74444 0.93795 0.08627451 0.38039216 0.08627451
v -0.03835 0.82957 0.96951 0.08627451 0.38039216 0.08627451
v -0.11585 0.74444 0.93795 0.08627451 0.38039216 0.08627451
v -0.13017 0.74862 0.97942 0.08627451 0.38039216 0.08627451
v -0.03835 0.82957 0.96951 0.08627451 0.38039216 0.08627451
v -0.09449 0.77212 1.04267 0.08627451 0.38039216 0.08627451
v -0.13017 0.74862 0.97942 0.08627451 0.38039216 0.08627451
v -0.03835 0.82957 0.96951 0.08627451 0.38039216 0.08627451
v -0.13017 0.74862 0.97942 0.08627451 0.38039216 0.08627451
v -0.09449 0.77212 1.04267 0.08627451 0.38039216 0.08627451
v -0.03835 0.82957 0.96951 0.08627451 0.38039216 0.08627451
v -0.04271 0.77693 1.04496 0.08627451 0.38039216 0.08627451
v -0.09449 0.77212 1.04267 0.08627451 0.38039216 0.08627451
v -0.03835 0.82957 0.96951 0.08627451 0.38039216 0.08627451
v -0.09449 0.77212 1.04267 0.08627451 0.38039216 0.08627451
v -0.04271 0.77693 1.04496 0.08627451 0.38039216 0.08627451
v -0.03835 0.82957 0.96951 0.08627451 0.38039216 0.08627451
v -0.00848 0.79479 1.02448 0.08627451 0.38039216 0.08627451
v -0.04271 0.77693 1.04496 0.08627451 0.38039216 0.08627451
v -0.03835 0.82957 0.96951 0.08627451 0.38039216 0.08627451
v -0.04271 0.77693 1.04496 0.08627451 0.38039216 0.08627451
v -0.00848 0.79479 1.02448 0.08627451 0.38039216 0.08627451
v -0.03835 0.82957 0.96951 0.08627451 0.38039216 0.08627451
v 0.02118 0.7994 1.02582 0.08627451 0.38039216 0.08627451
v 0.00084 0.8094 1.02618 0.08627451 0.38039216 0.08627451
v -0.03835 0.82957 0.96951 0.08627451 0.38039216 0.08627451
v 0.00084 0.8094 1.02618 0.08627451 0.38039216 0.08627451
v 0.02118 0.7994 1.02582 0.08627451 0.38039216 0.08627451
v -0.03835 0.82957 0.96951 0.08627451 0.38039216 0.08627451
v 0.04367 0.78851 1.01094 0.08627451 0.38039216 0.08627451
v 0.02118 0.7994 1.02582 0.08627451 0.38039216 0.08627451
v -0.03835 0.82957 0.96951 0.08627451 0.38039216 0.08627451
v 0.02118 0.7994 1.02582 0.08627451 0.38039216 0.08627451
v 0.04367 0.78851 1.01094 0.08627451 0.38039216 0.08627451
v -0.03835 0.82957 0.96951 0.08627451 0.38039216 0.08627451
v 0.05706 0.76388 0.91675 0.08627451 0.38039216 0.08627451
v 0.04367 0.78851 1.01094 0.08627451 0.38039216 0.08627451
v -0.03835 0.82957 0.96951 0.08627451 0.38039216 0.08627451
v 0.04367 0.78851 1.01094 0.08627451 0.38039216 0.08627451
v 0.05706 0.76388 0.91675 0.08627451 0.38039216 0.08627451
v -0.03835 0.82957 0.96951 0.08627451 0.38039216 0.08627451
v 0.00178 0.7367 0.89842 0.08627451 0.38039216 0.08627451
v 0.05706 0.76388 0.91675 0.08627451 0.38039216 0.08627451
v -0.03835 0.82957 0.96951 0.08627451 0.38039216 0.08627451
v 0.05706 0.76388 0.91675 0.08627451 0.38039216 0.08627451
v 0.00178 0.7367 0.89842 0.08627451 0.38039216 0.08627451
v -0.03835 0.82957 0.96951 0.08627451 0.38039216 0.08627451
v -0.04081 0.79023 0.91873 0.08627451 0.38039216 0.08627451
v 0.00178 0.7367 0.89842 0.08627451 0.38039216 0.08627451
v -0.03835 0.82957 0.96951 0.08627451 0.38039216 0.08627451
v 0.00178 0.7367 0.89842 0.08627451 0.38039216 0.08627451
v -0.04081 0.79023 0.91873 0.08627451 0.38039216 0.08627451
v -0.04081 0.79023 0.91873 0.08627451 0.38039216 0.08627451
v -0.07865 0.69183 0.92493 0.08627451 0.38039216 0.08627451
v 0.00178 0.7367 0.89842 0.08627451 0.38039216 0.08627451
v -0.04081 0.79023 0.91873 0.08627451 0.38039216 0.08627451
v 0.00178 0.7367 0.89842 0.08627451 0.38039216 0.08627451
v -0.07865 0.69183 0.92493 0.08627451 0.38039216 0.08627451
v 0.06905 0.89726 1.06335 0.09803922 0.38039216 0.09803922
v 0.10794 0.87069 1.02174 0.09803922 0.38039216 0.09803922
v 0.10832 0.83592 1.05172 0.09803922 0.38039216 0.09803922
v 0.06905 0.89726 1.06335 0.09803922 0.38039216 0.09803922
v 0.10832 0.83592 1.05172 0.09803922 0.38039216 0.09803922
v 0.10794 0.87069 1.02174 0.09803922 0.38039216 0.09803922
v 0.06905 0.89726 1.06335 0.09803922 0.38039216 0.09803922
v 0.10794 0.87069 1.02174 0.09803922 0.38039216 0.09803922
v 0.03596 0.9103 1.03595 0.09803922 0.38039216 0.09803922
v 0.06905 0.89726 1.06335 0.09803922 0.38039216 0.09803922
v 0.03596 0.9103 1.03595 0.09803922 0.38039216 0.09803922
v 0.10794 0.87069 1.02174 0.09803922 0.38039216 0.09803922
v 0.03596 0.9103 1.03595 0.09803922 0.38039216 0.09803922
v 0.09556 0.86491 0.99416 0.09803922 0.38039216 0.09803922
v 0.10794 0.87069 1.02174 0.09803922 0.38039216 0.09803922
v 0.03596 0.9103 1.03595 0.09803922 0.38039216 0.09803922
v 0.10794 0.87069 1.02174 0.09803922 0.38039216 0.09803922
v 0.09556 0.86491 0.99416 0.09803922 0.38039216 0.09803922
v 0.03596 0.9103 1.03595 0.09803922 0.38039216 0.09803922
v 0.04467 0.86128 0.97868 0.09803922 0.38039216 0.09803922
v 0.09556 0.86491 0.99416 0.09803922 0.38039216 0.09803922
v 0.03596 0.9103 1.03595 0.09803922 0.38039216 0.09803922
v 0.09556 0.86491 0.99416 0.09803922 0.38039216 0.09803922
v 0.04467 0.86128 0.97868 0.09803922 0.38039216 0.09803922
v 0.03596 0.9103 1.03595 0.09803922 0.38039216 0.09803922
v 0.01741 0.85853 1.00258 0.09803922 0.38039216 0.09803922
v 0.04467 0.86128 0.97868 0.09803922 0.38039216 0.09803922
v 0.03596 0.9103 1.03595 0.09803922 0.38039216 0.09803922
v 0.04467 0.86128 0.97868 0.09803922 0.38039216 0.09803922
v 0.01741 0.85853 1.00258 0.09803922 0.38039216 0.09803922
v 0.03596 0.9103 1.03595 0.09803922 0.38039216 0.09803922
v 0.00558 0.87149 1.02755 0.09803922 0.38039216 0.09803922
v 0.01741 0.85853 1.00258 0.09803922 0.38039216 0.09803922
v 0.03596 0.9103 1.03595 0.09803922 0.38039216 0.09803922
v 0.01741 0.85853 1.00258 0.09803922 0.38039216 0.09803922
v 0.00558 0.87149 1.02755 0.09803922 0.38039216 0.09803922
v 0.03596 0.9103 1.03595 0.09803922 0.38039216 0.09803922
v -0.0105 0.87111 1.04103 0.09803922 0.38039216 0.09803922
v -0.00321 0.87959 1.02982 0.09803922 0.38039216 0.09803922
v 0.03596 0.9103 1.03595 0.09803922 0.38039216 0.09803922
v -0.00321 0.87959 1.02982 0.09803922 0.38039216 0.09803922
v -0.0105 0.87111 1.04103 0.09803922 0.38039216 0.09803922
v 0.03596 0.9103 1.03595 0.09803922 0.38039216 0.09803922
v -0.0122 0.86532 1.06043 0.09803922 0.38039216 0.09803922
v -0.0105 0.87111 1.04103 0.09803922 0.38039216 0.09803922
v 0.03596 0.9103 1.03595 0.09803922 0.38039216 0.09803922
v -0.0105 0.87111 1.04103 0.09803922 0.38039216 0.09803922
v -0.0122 0.86532 1.06043 0.09803922 0.38039216 0.09803922
v 0.03596 0.9103 1.03595 0.09803922 0.38039216 0.09803922
v 0.02884 0.87062 1.11519 0.09803922 0.38039216 0.09803922
v -0.0122 0.86532 1.06043 0.09803922 0.38039216 0.09803922
v 0.03596 0.9103 1.03595 0.09803922 0.38039216 0.09803922
v -0.0122 0.86532 1.06043 0.09803922 0.38039216 0.09803922
v 0.02884 0.87062 1.11519 0.09803922 0.38039216 0.09803922
v 0.03596 0.9103 1.03595 0.09803922 0.38039216 0.09803922
v 0.07027 0.86309 1.09961 0.09803922 0.38039216 0.09803922
v 0.02884 0.87062 1.11519 0.09803922 0.38039216 0.09803922
v 0.03596 0.9103 1.03595 0.09803922 0.38039216 0.09803922
v 0.02884 0.87062 1.11519 0.09803922 0.38039216 0.09803922
v 0.07027 0.86309 1.09961 0.09803922 0.38039216 0.09803922
v 0.03596 0.9103 1.03595 0.09803922 0.38039216 0.09803922
v 0.06905 0.89726 1.06335 0.09803922 0.38039216 0.09803922
v 0.07027 0.86309 1.09961 0.09803922 0.38039216 0.09803922
v 0.03596 0.9103 1.03595 0.09803922 0.38039216 0.09803922
v 0.07027 0.86309 1.09961 0.09803922 0.38039216 0.09803922
v 0.06905 0.89726 1.06335 0.09803922 0.38039216 0.09803922
v 0.06905 0.89726 1.06335 0.09803922 0.38039216 0.09803922
v 0.10832 0.83592 1.05172 0.09803922 0.38039216 0.09803922
v 0.07027 0.86309 1.09961 0.09803922 0.38039216 0.09803922
v 0.06905 0.89726 1.06335 0.09803922 0.38039216 0.09803922
v 0.07027 0.86309 1.09961 0.09803922 0.38039216 0.09803922
v 0.10832 0.83592 1.05172 0.09803922 0.38039216 0.09803922
v -0.06015 1.00341 1.022 0.11372549 0.38039216 0.11372549
v -0.07979 0.99566 1.05287 0.11372549 0.38039216 0.11372549
v -0.08903 0.98387 1.01715 0.11372549 0.38039216 0.11372549
v -0.06015 1.00341 1.022 0.11372549 0.38039216 0.11372549
v -0.08903 0.98387 1.01715 0.11372549 0.38039216 0.11372549
v -0.07979 0.99566 1.05287 0.11372549 0.38039216 0.11372549
v -0.06015 1.00341 1.022 0.11372549 0.38039216 0.11372549
v -0.07979 0.99566 1.05287 0.11372549 0.38039216 0.11372549
v -0.02483 0.98568 1.0323 0.11372549 0.38039216 0.11372549
v -0.06015 1.00341 1.022 0.11372549 0.38039216 0.11372549
v -0.02483 0.98568 1.0323 0.11372549 0.38039216 0.11372549
v -0.07979 0.99566 1.05287 0.11372549 0.38039216 0.11372549
v -0.02483 0.98568 1.0323 0.11372549 0.38039216 0.11372549
v -0.06064 0.9901 1.07292 0.11372549 0.38039216 0.11372549
v -0.07979 0.99566 1.05287 0.11372549 0.38039216 0.11372549
v -0.02483 0.98568 1.0323 0.11372549 0.38039216 0.11372549
v -0.07979 0.99566 1.05287 0.11372549 0.38039216 0.11372549
v -0.06064 0.9901 1.07292 0.11372549 0.38039216 0.11372549
v -0.02483 0.98568 1.0323 0.11372549 0.38039216 0.11372549
v -0.03312 0.96719 1.0696 0.11372549 0.38039216 0.11372549
v -0.06064 0.9901 1.07292 0.11372549 0.38039216 0.11372549
v -0.02483 0.98568 1.0323 0.11372549 0.38039216 0.11372549
v -0.06064 0.9901 1.07292 0.11372549 0.38039216 0.11372549
v -0.03312 0.96719 1.0696 0.11372549 0.38039216 0.11372549
v -0.02483 0.98568 1.0323 0.11372549 0.38039216 0.11372549
v -0.02027 0.95947 1.04508 0.11372549 0.38039216 0.11372549
v -0.03312 0.96719 1.0696 0.11372549 0.38039216 0.11372549
v -0.02483 0.98568 1.0323 0.11372549 0.38039216 0.11372549
v -0.03312 0.96719 1.0696 0.11372549 0.38039216 0.11372549
v -0.02027 0.95947 1.04508 0.11372549 0.38039216 0.11372549
v -0.02483 0.98568 1.0323 0.11372549 0.38039216 0.11372549
v -0.01314 0.96444 1.0333 0.11372549 0.38039216 0.11372549
v -0.02027 0.95947 1.04508 0.11372549 0.38039216 0.11372549
v -0.02483 0.98568 1.0323 0.11372549 0.38039216 0.11372549
v -0.02027 0.95947 1.04508 0.11372549 0.38039216 0.11372549
v -0.01314 0.96444 1.0333 0.11372549 0.38039216 0.11372549
v -0.02483 0.98568 1.0323 0.11372549 0.38039216 0.11372549
v -0.01795 0.95936 1.00467 0.11372549 0.38039216 0.11372549
v -0.01184 0.96374 1.02247 0.11372549 0.38039216 0.11372549
v -0.02483 0.98568 1.0323 0.11372549 0.38039216 0.11372549
v -0.01184 0.96374 1.02247 0.11372549 0.38039216 0.11372549
v -0.01795 0.95936 1.00467 0.11372549 0.38039216 0.11372549
v -0.02483 0.98568 1.0323 0.11372549 0.38039216 0.11372549
v -0.02854 0.96772 0.98905 0.11372549 0.38039216 0.11372549
v -0.01795 0.95936 1.00467 0.11372549 0.38039216 0.11372549
v -0.02483 0.98568 1.0323 0.11372549 0.38039216 0.11372549
v -0.01795 0.95936 1.00467 0.11372549 0.38039216 0.11372549
v -0.02854 0.96772 0.98905 0.11372549 0.38039216 0.11372549
v -0.02483 0.98568 1.0323 0.11372549 0.38039216 0.11372549
v -0.05004 0.9956 0.97645 0.11372549 0.38039216 0.11372549
v -0.02854 0.96772 0.98905 0.11372549 0.38039216 0.11372549
v -0.02483 0.98568 1.0323 0.11372549 0.38039216 0.11372549
v -0.02854 0.96772 0.98905 0.11372549 0.38039216 0.11372549
v -0.05004 0.9956 0.97645 0.11372549 0.38039216 0.11372549
v -0.02483 0.98568 1.0323 0.11372549 0.38039216 0.11372549
v -0.08201 1.00581 1.00043 0.11372549 0.38039216 0.11372549
v -0.05004 0.9956 0.97645 0.11372549 0.38039216 0.11372549
v -0.02483 0.98568 1.0323 0.11372549 0.38039216 0.11372549
v -0.05004 0.9956 0.97645 0.11372549 0.38039216 0.11372549
v -0.08201 1.00581 1.00043 0.11372549 0.38039216 0.11372549
v -0.02483 0.98568 1.0323 0.11372549 0.38039216 0.11372549
v -0.06015 1.00341 1.022 0.11372549 0.38039216 0.11372549
v -0.08201 1.00581 1.00043 0.11372549 0.38039216 0.11372549
v -0.02483 0.98568 1.0323 0.11372549 0.38039216 0.11372549
v -0.08201 1.00581 1.00043 0.11372549 0.38039216 0.11372549
v -0.06015 1.00341 1.022 0.11372549 0.38039216 0.11372549
v -0.06015 1.00341 1.022 0.11372549 0.38039216 0.11372549
v -0.08903 0.98387 1.01715 0.11372549 0.38039216 0.11372549
v -0.08201 1.00581 1.00043 0.11372549 0.38039216 0.11372549
v -0.06015 1.00341 1.022 0.11372549 0.38039216 0.11372549
v -0.08201 1.00581 1.00043 0.11372549 0.38039216 0.11372549
v -0.08903 0.98387 1.01715 0.11372549 0.38039216 0.11372549
v 0.00024 1.03421 1.00662 0.16078432 0.38039216 0.16078432
v -0.01986 1.03646 0.99263 0.16078432 0.38039216 0.16078432
v 0.00409 1.03724 0.98399 0.16078432 0.38039216 0.16078432
v 0.00024 1.03421 1.00662 0.16078432 0.38039216 0.16078432
v 0.00409 1.03724 0.98399 0.16078432 0.38039216 0.16078432
v -0.01986 1.03646 0.99263 0.16078432 0.38039216 0.16078432
v 0.00024 1.03421 1.00662 0.16078432 0.38039216 0.16078432
v -0.01986 1.03646 0.99263 0.16078432 0.38039216 0.16078432
v -0.00419 1.00959 1.01639 0.16078432 0.38039216 0.16078432
v 0.00024 1.03421 1.00662 0.16078432 0.38039216 0.16078432
v -0.00419 1.00959 1.01639 0.16078432 0.38039216 0.16078432
v -0.01986 1.03646 0.99263 0.16078432 0.38039216 0.16078432
v -0.00419 1.00959 1.01639 0.16078432 0.38039216 0.16078432
v -0.03201 1.02404 0.99925 0.16078432 0.38039216 0.16078432
v -0.01986 1.03646 0.99263 0.16078432 0.38039216 0.16078432
v -0.00419 1.00959 1.01639 0.16078432 0.38039216 0.16078432
v -0.01986 1.03646 0.99263 0.16078432 0.38039216 0.16078432
v -0.03201 1.02404 0.99925 0.16078432 0.38039216 0.16078432
v -0.00419 1.00959 1.01639 0.16078432 0.38039216 0.16078432
v -0.02738 1.00121 1.0033 0.16078432 0.38039216 0.16078432
v -0.03201 1.02404 0.99925 0.16078432 0.38039216 0.16078432
v -0.00419 1.00959 1.01639 0.16078432 0.38039216 0.16078432
v -0.03201 1.02404 0.99925 0.16078432 0.38039216 0.16078432
v -0.02738 1.00121 1.0033 0.16078432 0.38039216 0.16078432
v -0.00419 1.00959 1.01639 0.16078432 0.38039216 0.16078432
v -0.01045 0.99373 1.00712 0.16078432 0.38039216 0.16078432
v -0.02738 1.00121 1.0033 0.16078432 0.38039216 0.16078432
v -0.00419 1.00959 1.01639 0.16078432 0.38039216 0.16078432
v -0.02738 1.00121 1.0033 0.16078432 0.38039216 0.16078432
v -0.01045 0.99373 1.00712 0.16078432 0.38039216 0.16078432
v -0.00419 1.00959 1.01639 0.16078432 0.38039216 0.16078432
v -0.00294 0.99402 1.01313 0.16078432 0.38039216 0.16078432
v -0.01045 0.99373 1.00712 0.16078432 0.38039216 0.16078432
v -0.00419 1.00959 1.01639 0.16078432 0.38039216 0.16078432
v -0.01045 0.99373 1.00712 0.16078432 0.38039216 0.16078432
v -0.00294 0.99402 1.01313 0.16078432 0.38039216 0.16078432
v -0.00419 1.00959 1.01639 0.16078432 0.38039216 0.16078432
v 0.016 0.99569 1.00937 0.16078432 0.38039216 0.16078432
v 0.00422 0.99392 1.01379 0.16078432 0.38039216 0.16078432
v -0.00419 1.00959 1.01639 0.16078432 0.38039216 0.16078432
v 0.00422 0.99392 1.01379 0.16078432 0.38039216 0.16078432
v 0.016 0.99569 1.00937 0.16078432 0.38039216 0.16078432
v -0.00419 1.00959 1.01639 0.16078432 0.38039216 0.16078432
v 0.02528 1.00551 1.0081 0.16078432 0.38039216 0.16078432
v 0.016 0.99569 1.00937 0.16078432 0.38039216 0.16078432
v -0.00419 1.00959 1.01639 0.16078432 0.38039216 0.16078432
v 0.016 0.99569 1.00937 0.16078432 0.38039216 0.16078432
v 0.02528 1.00551 1.0081 0.16078432 0.38039216 0.16078432
v -0.00419 1.00959 1.01639 0.16078432 0.38039216 0.16078432
v 0.03083 1.02942 1.00962 0.16078432 0.38039216 0.16078432
v 0.02528 1.00551 1.0081 0.16078432 0.38039216 0.16078432
v -0.00419 1.00959 1.01639 0.16078432 0.38039216 0.16078432
v 0.02528 1.00551 1.0081 0.16078432 0.38039216 0.16078432
v 0.03083 1.02942 1.00962 0.16078432 0.38039216 0.16078432
v -0.00419 1.00959 1.01639 0.16078432 0.38039216 0.16078432
v 0.01355 1.04634 0.99734 0.16078432 0.38039216 0.16078432
v 0.03083 1.02942 1.00962 0.16078432 0.38039216 0.16078432
v -0.00419 1.00959 1.01639 0.16078432 0.38039216 0.16078432
v 0.03083 1.02942 1.00962 0.16078432 0.38039216 0.16078432
v 0.01355 1.04634 0.99734 0.16078432 0.38039216 0.16078432
v -0.00419 1.00959 1.01639 0.16078432 0.38039216 0.16078432
v 0.00024 1.03421 1.00662 0.16078432 0.38039216 0.16078432
v 0.01355 1.04634 0.99734 0.16078432 0.38039216 0.16078432
v -0.00419 1.00959 1.01639 0.16078432 0.38039216 0.16078432
v 0.01355 1.04634 0.99734 0.16078432 0.38039216 0.16078432
v 0.00024 1.03421 1.00662 0.16078432 0.38039216 0.16078432
v 0.00024 1.03421 1.00662 0.16078432 0.38039216 0.16078432
v 0.00409 1.03724 0.98399 0.16078432 0.38039216 0.16078432
v 0.01355 1.04634 0.99734 0.16078432 0.38039216 0.16078432
v 0.00024 1.03421 1.00662 0.16078432 0.38039216 0.16078432
v 0.01355 1.04634 0.99734 0.16078432 0.38039216 0.16078432
v 0.00409 1.03724 0.98399 0.16078432 0.38039216 0.16078432
v -0.00539 1.03952 1.02976 0.22745098 0.38039216 0.22745098
v 0.00981 1.0437 1.0327 0.22745098 0.38039216 0.22745098
v -0.00316 1.04764 1.04229 0.22745098 0.38039216 0.22745098
v -0.00539 1.03952 1.02976 0.22745098 0.38039216 0.22745098
v -0.00316 1.04764 1.04229 0.22745098 0.38039216 0.22745098
v 0.00981 1.0437 1.0327 0.22745098 0.38039216 0.22745098
v -0.00539 1.03952 1.02976 0.22745098 0.38039216 0.22745098
v 0.00981 1.0437 1.0327 0.22745098 0.38039216 0.22745098
v -0.00356 1.02211 1.03011 0.22745098 0.38039216 0.22745098
v -0.00539 1.03952 1.02976 0.22745098 0.38039216 0.22745098
v -0.00356 1.02211 1.03011 0.22745098 0.38039216 0.22745098
v 0.00981 1.0437 1.0327 0.22745098 0.38039216 0.22745098
v -0.00356 1.02211 1.03011 0.22745098 0.38039216 0.22745098
v 0.01649 1.03398 1.02987 0.22745098 0.38039216 0.22745098
v 0.00981 1.0437 1.0327 0.22745098 0.38039216 0.22745098
v -0.00356 1.02211 1.03011 0.22745098 0.38039216 0.22745098
v 0.00981 1.0437 1.0327 0.22745098 0.38039216 0.22745098
v 0.01649 1.03398 1.02987 0.22745098 0.38039216 0.22745098
v -0.00356 1.02211 1.03011 0.22745098 0.38039216 0.22745098
v 0.01385 1.01961 1.0348 0.22745098 0.38039216 0.22745098
v 0.01649 1.03398 1.02987 0.22745098 0.38039216 0.22745098
v -0.00356 1.02211 1.03011 0.22745098 0.38039216 0.22745098
v 0.01649 1.03398 1.02987 0.22745098 0.38039216 0.22745098
v 0.01385 1.01961 1.0348 0.22745098 0.38039216 0.22745098
v -0.00356 1.02211 1.03011 0.22745098 0.38039216 0.22745098
v 0.00298 1.01496 1.03826 0.22745098 0.38039216 0.22745098
v 0.01385 1.01961 1.0348 0.22745098 0.38039216 0.22745098
v -0.00356 1.02211 1.03011 0.22745098 0.38039216 0.22745098
v 0.01385 1.01961 1.0348 0.22745098 0.38039216 0.22745098
v 0.00298 1.01496 1.03826 0.22745098 0.38039216 0.22745098
v -0.00356 1.02211 1.03011 0.22745098 0.38039216 0.22745098
v -0.00292 1.01386 1.03641 0.22745098 0.38039216 0.22745098
v 0.00298 1.01496 1.03826 0.22745098 0.38039216 0.22745098
v -0.00356 1.02211 1.03011 0.22745098 0.38039216 0.22745098
v 0.00298 1.01496 1.03826 0.22745098 0.38039216 0.22745098
v -0.00292 1.01386 1.03641 0.22745098 0.38039216 0.22745098
v -0.00356 1.02211 1.03011 0.22745098 0.38039216 0.22745098
v -0.01387 1.01677 1.04201 0.22745098 0.38039216 0.22745098
v -0.00746 1.01396 1.03757 0.22745098 0.38039216 0.22745098
v -0.00356 1.02211 1.03011 0.22745098 0.38039216 0.22745098
v -0.00746 1.01396 1.03757 0.22745098 0.38039216 0.22745098
v -0.01387 1.01677 1.04201 0.22745098 0.38039216 0.22745098
v -0.00356 1.02211 1.03011 0.22745098 0.38039216 0.22745098
v -0.01978 1.02336 1.04198 0.22745098 0.38039216 0.22745098
v -0.01387 1.01677 1.04201 0.22745098 0.38039216 0.22745098
v -0.00356 1.02211 1.03011 0.22745098 0.38039216 0.22745098
v -0.01387 1.01677 1.04201 0.22745098 0.38039216 0.22745098
v -0.01978 1.02336 1.04198 0.22745098 0.38039216 0.22745098
v -0.00356 1.02211 1.03011 0.22745098 0.38039216 0.22745098
v -0.02463 1.03734 1.0358 0.22745098 0.38039216 0.22745098
v -0.01978 1.02336 1.04198 0.22745098 0.38039216 0.22745098
v -0.00356 1.02211 1.03011 0.22745098 0.38039216 0.22745098
v -0.01978 1.02336 1.04198 0.22745098 0.38039216 0.22745098
v -0.02463 1.03734 1.0358 0.22745098 0.38039216 0.22745098
v -0.00356 1.02211 1.03011 0.22745098 0.38039216 0.22745098
v -0.0122 1.04984 1.0344 0.22745098 0.38039216 0.22745098
v -0.02463 1.03734 1.0358 0.22745098 0.38039216 0.22745098
v -0.00356 1.02211 1.03011 0.22745098 0.38039216 0.22745098
v -0.02463 1.03734 1.0358 0.22745098 0.38039216 0.22745098
v -0.0122 1.04984 1.0344 0.22745098 0.38039216 0.22745098
v -0.00356 1.02211 1.03011 0.22745098 0.38039216 0.22745098
v -0.00539 1.03952 1.02976 0.22745098 0.38039216 0.22745098
v -0.0122 1.04984 1.0344 0.22745098 0.38039216 0.22745098
v -0.00356 1.02211 1.03011 0.22745098 0.38039216 0.22745098
v -0.0122 1.04984 1.0344 0.22745098 0.38039216 0.22745098
v -0.00539 1.03952 1.02976 0.22745098 0.38039216 0.22745098
v -0.00539 1.03952 1.02976 0.22745098 0.38039216 0.22745098
v -0.00316 1.04764 1.04229 0.22745098 0.38039216 0.22745098
v -0.0122 1.04984 1.0344 0.22745098 0.38039216 0.22745098
v -0.00539 1.03952 1.02976 0.22745098 0.38039216 0.22745098
v -0.0122 1.04984 1.0344 0.22745098 0.38039216 0.22745098
v -0.00316 1.04764 1.04229 0.22745098 0.38039216 0.22745098
v 1.476 0.2384 0.9105 0.05490196 0.38039216 0.05490196
v 1.43397 0.22407 0.91098 0.05490196 0.38039216 0.05490196
v 1.46813 0.20473 0.887 0.05490196 0.38039216 0.05490196
v 1.476 0.2384 0.9105 0.05490196 0.38039216 0.05490196
v 1.46813 0.20473 0.887 0.05490196 0.38039216 0.05490196
v 1.43397 0.22407 0.91098 0.05490196 0.38039216 0.05490196
v 1.476 0.2384 0.9105 0.05490196 0.38039216 0.05490196
v 1.43397 0.22407 0.91098 0.05490196 0.38039216 0.05490196
v 1.48624 0.2334 0.95765 0.05490196 0.38039216 0.05490196
v 1.476 0.2384 0.9105 0.05490196 0.38039216 0.05490196
v 1.48624 0.2334 0.95765 0.05490196 0.38039216 0.05490196
v 1.43397 0.22407 0.91098 0.05490196 0.38039216 0.05490196
v 1.48624 0.2334 0.95765 0.05490196 0.38039216 0.05490196
v 1.42377 0.22689 0.94286 0.05490196 0.38039216 0.05490196
v 1.43397 0.22407 0.91098 0.05490196 0.38039216 0.05490196
v 1.48624 0.2334 0.95765 0.05490196 0.38039216 0.05490196
v 1.43397 0.22407 0.91098 0.05490196 0.38039216 0.05490196
v 1.42377 0.22689 0.94286 0.05490196 0.38039216 0.05490196
v 1.48624 0.2334 0.95765 0.05490196 0.38039216 0.05490196
v 1.44483 0.21205 0.97692 0.05490196 0.38039216 0.05490196
v 1.42377 0.22689 0.94286 0.05490196 0.38039216 0.05490196
v 1.48624 0.2334 0.95765 0.05490196 0.38039216 0.05490196
v 1.42377 0.22689 0.94286 0.05490196 0.38039216 0.05490196
v 1.44483 0.21205 0.97692 0.05490196 0.38039216 0.05490196
v 1.48624 0.2334 0.95765 0.05490196 0.38039216 0.05490196
v 1.47849 0.20685 0.97919 0.05490196 0.38039216 0.05490196
v 1.44483 0.21205 0.97692 0.05490196 0.38039216 0.05490196
v 1.48624 0.2334 0.95765 0.05490196 0.38039216 0.05490196
v 1.44483 0.21205 0.97692 0.05490196 0.38039216 0.05490196
v 1.47849 0.20685 0.97919 0.05490196 0.38039216 0.05490196
v 1.48624 0.2334 0.95765 0.05490196 0.38039216 0.05490196
v 1.49409 0.21442 0.97786 0.05490196 0.38039216 0.05490196
v 1.47849 0.20685 0.97919 0.05490196 0.38039216 0.05490196
v 1.48624 0.2334 0.95765 0.05490196 0.38039216 0.05490196
v 1.47849 0.20685 0.97919 0.05490196 0.38039216 0.05490196
v 1.49409 0.21442 0.97786 0.05490196 0.38039216 0.05490196
v 1.48624 0.2334 0.95765 0.05490196 0.38039216 0.05490196
v 1.5223 0.20484 0.95952 0.05490196 0.38039216 0.05490196
v 1.50627 0.21341 0.97352 0.05490196 0.38039216 0.05490196
v 1.48624 0.2334 0.95765 0.05490196 0.38039216 0.05490196
v 1.50627 0.21341 0.97352 0.05490196 0.38039216 0.05490196
v 1.5223 0.20484 0.95952 0.05490196 0.38039216 0.05490196
v 1.48624 0.2334 0.95765 0.05490196 0.38039216 0.05490196
v 1.53205 0.20886 0.93739 0.05490196 0.38039216 0.05490196
v 1.5223 0.20484 0.95952 0.05490196 0.38039216 0.05490196
v 1.48624 0.2334 0.95765 0.05490196 0.38039216 0.05490196
v 1.5223 0.20484 0.95952 0.05490196 0.38039216 0.05490196
v 1.53205 0.20886 0.93739 0.05490196 0.38039216 0.05490196
v 1.48624 0.2334 0.95765 0.05490196 0.38039216 0.05490196
v 1.53035 0.23054 0.89867 0.05490196 0.38039216 0.05490196
v 1.53205 0.20886 0.93739 0.05490196 0.38039216 0.05490196
v 1.48624 0.2334 0.95765 0.05490196 0.38039216 0.05490196
v 1.53205 0.20886 0.93739 0.05490196 0.38039216 0.05490196
v 1.53035 0.23054 0.89867 0.05490196 0.38039216 0.05490196
v 1.48624 0.2334 0.95765 0.05490196 0.38039216 0.05490196
v 1.48674 0.23086 0.87636 0.05490196 0.38039216 0.05490196
v 1.53035 0.23054 0.89867 0.05490196 0.38039216 0.05490196
v 1.48624 0.2334 0.95765 0.05490196 0.38039216 0.05490196
v 1.53035 0.23054 0.89867 0.05490196 0.38039216 0.05490196
v 1.48674 0.23086 0.87636 0.05490196 0.38039216 0.05490196
v 1.48624 0.2334 0.95765 0.05490196 0.38039216 0.05490196
v 1.476 0.2384 0.9105 0.05490196 0.38039216 0.05490196
v 1.48674 0.23086 0.87636 0.05490196 0.38039216 0.05490196
v 1.48624 0.2334 0.95765 0.05490196 0.38039216 0.05490196
v 1.48674 0.23086 0.87636 0.05490196 0.38039216 0.05490196
v 1.476 0.2384 0.9105 0.05490196 0.38039216 0.05490196
v 1.476 0.2384 0.9105 0.05490196 0.38039216 0.05490196
v 1.46813 0.20473 0.887 0.05490196 0.38039216 0.05490196
v 1.48674 0.23086 0.87636 0.05490196 0.38039216 0.05490196
v 1.476 0.2384 0.9105 0.05490196 0.38039216 0.05490196
v 1.48674 0.23086 0.87636 0.05490196 0.38039216 0.05490196
v 1.46813 0.20473 0.887 0.05490196 0.38039216 0.05490196
v 1.64251 0.34412 1.12207 0.05490196 0.38039216 0.05490196
v 1.69497 0.29162 1.05195 0.05490196 0.38039216 0.05490196
v 1.66809 0.23212 1.088 0.05490196 0.38039216 0.05490196
v 1.64251 0.34412 1.12207 0.05490196 0.38039216 0.05490196
v 1.66809 0.23212 1.088 0.05490196 0.38039216 0.05490196
v 1.69497 0.29162 1.05195 0.05490196 0.38039216 0.05490196
v 1.64251 0.34412 1.12207 0.05490196 0.38039216 0.05490196
v 1.69497 0.29162 1.05195 0.05490196 0.38039216 0.05490196
v 1.60709 0.39109 1.07895 0.05490196 0.38039216 0.05490196
v 1.64251 0.34412 1.12207 0.05490196 0.38039216 0.05490196
v 1.60709 0.39109 1.07895 0.05490196 0.38039216 0.05490196
v 1.69497 0.29162 1.05195 0.05490196 0.38039216 0.05490196
v 1.60709 0.39109 1.07895 0.05490196 0.38039216 0.05490196
v 1.67955 0.29798 1.00481 0.05490196 0.38039216 0.05490196
v 1.69497 0.29162 1.05195 0.05490196 0.38039216 0.05490196
v 1.60709 0.39109 1.07895 0.05490196 0.38039216 0.05490196
v 1.69497 0.29162 1.05195 0.05490196 0.38039216 0.05490196
v 1.67955 0.29798 1.00481 0.05490196 0.38039216 0.05490196
v 1.60709 0.39109 1.07895 0.05490196 0.38039216 0.05490196
v 1.60492 0.32822 0.97294 0.05490196 0.38039216 0.05490196
v 1.67955 0.29798 1.00481 0.05490196 0.38039216 0.05490196
v 1.60709 0.39109 1.07895 0.05490196 0.38039216 0.05490196
v 1.67955 0.29798 1.00481 0.05490196 0.38039216 0.05490196
v 1.60492 0.32822 0.97294 0.05490196 0.38039216 0.05490196
v 1.60709 0.39109 1.07895 0.05490196 0.38039216 0.05490196
v 1.55687 0.3348 1.00664 0.05490196 0.38039216 0.05490196
v 1.60492 0.32822 0.97294 0.05490196 0.38039216 0.05490196
v 1.60709 0.39109 1.07895 0.05490196 0.38039216 0.05490196
v 1.60492 0.32822 0.97294 0.05490196 0.38039216 0.05490196
v 1.55687 0.3348 1.00664 0.05490196 0.38039216 0.05490196
v 1.60709 0.39109 1.07895 0.05490196 0.38039216 0.05490196
v 1.54086 0.35477 1.04911 0.05490196 0.38039216 0.05490196
v 1.55687 0.3348 1.00664 0.05490196 0.38039216 0.05490196
v 1.60709 0.39109 1.07895 0.05490196 0.38039216 0.05490196
v 1.55687 0.3348 1.00664 0.05490196 0.38039216 0.05490196
v 1.54086 0.35477 1.04911 0.05490196 0.38039216 0.05490196
v 1.60709 0.39109 1.07895 0.05490196 0.38039216 0.05490196
v 1.5134 0.36064 1.06843 0.05490196 0.38039216 0.05490196
v 1.53192 0.37159 1.05435 0.05490196 0.38039216 0.05490196
v 1.60709 0.39109 1.07895 0.05490196 0.38039216 0.05490196
v 1.53192 0.37159 1.05435 0.05490196 0.38039216 0.05490196
v 1.5134 0.36064 1.06843 0.05490196 0.38039216 0.05490196
v 1.60709 0.39109 1.07895 0.05490196 0.38039216 0.05490196
v 1.50288 0.34805 1.09707 0.05490196 0.38039216 0.05490196
v 1.5134 0.36064 1.06843 0.05490196 0.38039216 0.05490196
v 1.60709 0.39109 1.07895 0.05490196 0.38039216 0.05490196
v 1.5134 0.36064 1.06843 0.05490196 0.38039216 0.05490196
v 1.50288 0.34805 1.09707 0.05490196 0.38039216 0.05490196
v 1.60709 0.39109 1.07895 0.05490196 0.38039216 0.05490196
v 1.55449 0.31608 1.1906 0.05490196 0.38039216 0.05490196
v 1.50288 0.34805 1.09707 0.05490196 0.38039216 0.05490196
v 1.60709 0.39109 1.07895 0.05490196 0.38039216 0.05490196
v 1.50288 0.34805 1.09707 0.05490196 0.38039216 0.05490196
v 1.55449 0.31608 1.1906 0.05490196 0.38039216 0.05490196
v 1.60709 0.39109 1.07895 0.05490196 0.38039216 0.05490196
v 1.61575 0.28335 1.16839 0.05490196 0.38039216 0.05490196
v 1.55449 0.31608 1.1906 0.05490196 0.38039216 0.05490196
v 1.60709 0.39109 1.07895 0.05490196 0.38039216 0.05490196
v 1.55449 0.31608 1.1906 0.05490196 0.38039216 0.05490196
v 1.61575 0.28335 1.16839 0.05490196 0.38039216 0.05490196
v 1.60709 0.39109 1.07895 0.05490196 0.38039216 0.05490196
v 1.64251 0.34412 1.12207 0.05490196 0.38039216 0.05490196
v 1.61575 0.28335 1.16839 0.05490196 0.38039216 0.05490196
v 1.60709 0.39109 1.07895 0.05490196 0.38039216 0.05490196
v 1.61575 0.28335 1.16839 0.05490196 0.38039216 0.05490196
v 1.64251 0.34412 1.12207 0.05490196 0.38039216 0.05490196
v 1.64251 0.34412 1.12207 0.05490196 0.38039216 0.05490196
v 1.66809 0.23212 1.088 0.05490196 0.38039216 0.05490196
v 1.61575 0.28335 1.16839 0.05490196 0.38039216 0.05490196
v 1.64251 0.34412 1.12207 0.05490196 0.38039216 0.05490196
v 1.61575 0.28335 1.16839 0.05490196 0.38039216 0.05490196
v 1.66809 0.23212 1.088 0.05490196 0.38039216 0.05490196
v 1.30019 0.48192 1.06403 0.0627451 0.38039216 0.0627451
v 1.20679 0.46262 1.09108 0.0627451 0.38039216 0.0627451
v 1.26494 0.32248 1.05682 0.0627451 0.38039216 0.0627451
v 1.30019 0.48192 1.06403 0.0627451 0.38039216 0.0627451
v 1.26494 0.32248 1.05682 0.0627451 0.38039216 0.0627451
v 1.20679 0.46262 1.09108 0.0627451 0.38039216 0.0627451
v 1.30019 0.48192 1.06403 0.0627451 0.38039216 0.0627451
v 1.20679 0.46262 1.09108 0.0627451 0.38039216 0.0627451
v 1.36232 0.55474 1.04162 0.0627451 0.38039216 0.0627451
v 1.30019 0.48192 1.06403 0.0627451 0.38039216 0.0627451
v 1.36232 0.55474 1.04162 0.0627451 0.38039216 0.0627451
v 1.20679 0.46262 1.09108 0.0627451 0.38039216 0.0627451
v 1.36232 0.55474 1.04162 0.0627451 0.38039216 0.0627451
v 1.29062 0.40541 1.15288 0.0627451 0.38039216 0.0627451
v 1.20679 0.46262 1.09108 0.0627451 0.38039216 0.0627451
v 1.36232 0.55474 1.04162 0.0627451 0.38039216 0.0627451
v 1.20679 0.46262 1.09108 0.0627451 0.38039216 0.0627451
v 1.29062 0.40541 1.15288 0.0627451 0.38039216 0.0627451
v 1.36232 0.55474 1.04162 0.0627451 0.38039216 0.0627451
v 1.42562 0.44527 1.12412 0.0627451 0.38039216 0.0627451
v 1.29062 0.40541 1.15288 0.0627451 0.38039216 0.0627451
v 1.36232 0.55474 1.04162 0.0627451 0.38039216 0.0627451
v 1.29062 0.40541 1.15288 0.0627451 0.38039216 0.0627451
v 1.42562 0.44527 1.12412 0.0627451 0.38039216 0.0627451
v 1.36232 0.55474 1.04162 0.0627451 0.38039216 0.0627451
v 1.43933 0.47362 1.05039 0.0627451 0.38039216 0.0627451
v 1.42562 0.44527 1.12412 0.0627451 0.38039216 0.0627451
v 1.36232 0.55474 1.04162 0.0627451 0.38039216 0.0627451
v 1.42562 0.44527 1.12412 0.0627451 0.38039216 0.0627451
v 1.43933 0.47362 1.05039 0.0627451 0.38039216 0.0627451
v 1.36232 0.55474 1.04162 0.0627451 0.38039216 0.0627451
v 1.43251 0.53683 1.0202 0.0627451 0.38039216 0.0627451
v 1.43933 0.47362 1.05039 0.0627451 0.38039216 0.0627451
v 1.36232 0.55474 1.04162 0.0627451 0.38039216 0.0627451
v 1.43933 0.47362 1.05039 0.0627451 0.38039216 0.0627451
v 1.43251 0.53683 1.0202 0.0627451 0.38039216 0.0627451
v 1.36232 0.55474 1.04162 0.0627451 0.38039216 0.0627451
v 1.43384 0.49171 0.98499 0.0627451 0.38039216 0.0627451
v 1.43946 0.54603 1.02189 0.0627451 0.38039216 0.0627451
v 1.36232 0.55474 1.04162 0.0627451 0.38039216 0.0627451
v 1.43946 0.54603 1.02189 0.0627451 0.38039216 0.0627451
v 1.43384 0.49171 0.98499 0.0627451 0.38039216 0.0627451
v 1.36232 0.55474 1.04162 0.0627451 0.38039216 0.0627451
v 1.40572 0.47238 0.93866 0.0627451 0.38039216 0.0627451
v 1.43384 0.49171 0.98499 0.0627451 0.38039216 0.0627451
v 1.36232 0.55474 1.04162 0.0627451 0.38039216 0.0627451
v 1.43384 0.49171 0.98499 0.0627451 0.38039216 0.0627451
v 1.40572 0.47238 0.93866 0.0627451 0.38039216 0.0627451
v 1.36232 0.55474 1.04162 0.0627451 0.38039216 0.0627451
v 1.31283 0.42292 0.92346 0.0627451 0.38039216 0.0627451
v 1.40572 0.47238 0.93866 0.0627451 0.38039216 0.0627451
v 1.36232 0.55474 1.04162 0.0627451 0.38039216 0.0627451
v 1.40572 0.47238 0.93866 0.0627451 0.38039216 0.0627451
v 1.31283 0.42292 0.92346 0.0627451 0.38039216 0.0627451
v 1.36232 0.55474 1.04162 0.0627451 0.38039216 0.0627451
v 1.31585 0.39706 1.02931 0.0627451 0.38039216 0.0627451
v 1.31283 0.42292 0.92346 0.0627451 0.38039216 0.0627451
v 1.36232 0.55474 1.04162 0.0627451 0.38039216 0.0627451
v 1.31283 0.42292 0.92346 0.0627451 0.38039216 0.0627451
v 1.31585 0.39706 1.02931 0.0627451 0.38039216 0.0627451
v 1.36232 0.55474 1.04162 0.0627451 0.38039216 0.0627451
v 1.30019 0.48192 1.06403 0.0627451 0.38039216 0.0627451
v 1.31585 0.39706 1.02931 0.0627451 0.38039216 0.0627451
v 1.36232 0.55474 1.04162 0.0627451 0.38039216 0.0627451
v 1.31585 0.39706 1.02931 0.0627451 0.38039216 0.0627451
v 1.30019 0.48192 1.06403 0.0627451 0.38039216 0.0627451
v 1.30019 0.48192 1.06403 0.0627451 0.38039216 0.0627451
v 1.26494 0.32248 1.05682 0.0627451 0.38039216 0.0627451
v 1.31585 0.39706 1.02931 0.0627451 0.38039216 0.0627451
v 1.30019 0.48192 1.06403 0.0627451 0.38039216 0.0627451
v 1.31585 0.39706 1.02931 0.0627451 0.38039216 0.0627451
v 1.26494 0.32248 1.05682 0.0627451 0.38039216 0.0627451
v 1.58638 0.60328 0.87382 0.07058824 0.38039216 0.07058824
v 1.57366 0.55045 0.8008 0.07058824 0.38039216 0.07058824
v 1.65472 0.44308 0.87315 0.07058824 0.38039216 0.07058824
v 1.58638 0.60328 0.87382 0.07058824 0.38039216 0.07058824
v 1.65472 0.44308 0.87315 0.07058824 0.38039216 0.07058824
v 1.57366 0.55045 0.8008 0.07058824 0.38039216 0.07058824
v 1.58638 0.60328 0.87382 0.07058824 0.38039216 0.07058824
v 1.57366 0.55045 0.8008 0.07058824 0.38039216 0.07058824
v 1.56041 0.68481 0.92191 0.07058824 0.38039216 0.07058824
v 1.58638 0.60328 0.87382 0.07058824 0.38039216 0.07058824
v 1.56041 0.68481 0.92191 0.07058824 0.38039216 0.07058824
v 1.57366 0.55045 0.8008 0.07058824 0.38039216 0.07058824
v 1.56041 0.68481 0.92191 0.07058824 0.38039216 0.07058824
v 1.49602 0.56256 0.77882 0.07058824 0.38039216 0.07058824
v 1.57366 0.55045 0.8008 0.07058824 0.38039216 0.07058824
v 1.56041 0.68481 0.92191 0.07058824 0.38039216 0.07058824
v 1.57366 0.55045 0.8008 0.07058824 0.38039216 0.07058824
v 1.49602 0.56256 0.77882 0.07058824 0.38039216 0.07058824
v 1.56041 0.68481 0.92191 0.07058824 0.38039216 0.07058824
v 1.44085 0.59856 0.8945 0.07058824 0.38039216 0.07058824
v 1.49602 0.56256 0.77882 0.07058824 0.38039216 0.07058824
v 1.56041 0.68481 0.92191 0.07058824 0.38039216 0.07058824
v 1.49602 0.56256 0.77882 0.07058824 0.38039216 0.07058824
v 1.44085 0.59856 0.8945 0.07058824 0.38039216 0.07058824
v 1.56041 0.68481 0.92191 0.07058824 0.38039216 0.07058824
v 1.46196 0.64948 0.96402 0.07058824 0.38039216 0.07058824
v 1.44085 0.59856 0.8945 0.07058824 0.38039216 0.07058824
v 1.56041 0.68481 0.92191 0.07058824 0.38039216 0.07058824
v 1.44085 0.59856 0.8945 0.07058824 0.38039216 0.07058824
v 1.46196 0.64948 0.96402 0.07058824 0.38039216 0.07058824
v 1.56041 0.68481 0.92191 0.07058824 0.38039216 0.07058824
v 1.49097 0.68605 0.98087 0.07058824 0.38039216 0.07058824
v 1.46196 0.64948 0.96402 0.07058824 0.38039216 0.07058824
v 1.56041 0.68481 0.92191 0.07058824 0.38039216 0.07058824
v 1.46196 0.64948 0.96402 0.07058824 0.38039216 0.07058824
v 1.49097 0.68605 0.98087 0.07058824 0.38039216 0.07058824
v 1.56041 0.68481 0.92191 0.07058824 0.38039216 0.07058824
v 1.53219 0.65514 1.0357 0.07058824 0.38039216 0.07058824
v 1.52379 0.66805 0.99661 0.07058824 0.38039216 0.07058824
v 1.56041 0.68481 0.92191 0.07058824 0.38039216 0.07058824
v 1.52379 0.66805 0.99661 0.07058824 0.38039216 0.07058824
v 1.53219 0.65514 1.0357 0.07058824 0.38039216 0.07058824
v 1.56041 0.68481 0.92191 0.07058824 0.38039216 0.07058824
v 1.6008 0.59843 1.04089 0.07058824 0.38039216 0.07058824
v 1.53219 0.65514 1.0357 0.07058824 0.38039216 0.07058824
v 1.56041 0.68481 0.92191 0.07058824 0.38039216 0.07058824
v 1.53219 0.65514 1.0357 0.07058824 0.38039216 0.07058824
v 1.6008 0.59843 1.04089 0.07058824 0.38039216 0.07058824
v 1.56041 0.68481 0.92191 0.07058824 0.38039216 0.07058824
v 1.68046 0.54229 0.96173 0.07058824 0.38039216 0.07058824
v 1.6008 0.59843 1.04089 0.07058824 0.38039216 0.07058824
v 1.56041 0.68481 0.92191 0.07058824 0.38039216 0.07058824
v 1.6008 0.59843 1.04089 0.07058824 0.38039216 0.07058824
v 1.68046 0.54229 0.96173 0.07058824 0.38039216 0.07058824
v 1.56041 0.68481 0.92191 0.07058824 0.38039216 0.07058824
v 1.71139 0.59271 0.88326 0.07058824 0.38039216 0.07058824
v 1.68046 0.54229 0.96173 0.07058824 0.38039216 0.07058824
v 1.56041 0.68481 0.92191 0.07058824 0.38039216 0.07058824
v 1.68046 0.54229 0.96173 0.07058824 0.38039216 0.07058824
v 1.71139 0.59271 0.88326 0.07058824 0.38039216 0.07058824
v 1.56041 0.68481 0.92191 0.07058824 0.38039216 0.07058824
v 1.58638 0.60328 0.87382 0.07058824 0.38039216 0.07058824
v 1.71139 0.59271 0.88326 0.07058824 0.38039216 0.07058824
v 1.56041 0.68481 0.92191 0.07058824 0.38039216 0.07058824
v 1.71139 0.59271 0.88326 0.07058824 0.38039216 0.07058824
v 1.58638 0.60328 0.87382 0.07058824 0.38039216 0.07058824
v 1.58638 0.60328 0.87382 0.07058824 0.38039216 0.07058824
v 1.65472 0.44308 0.87315 0.07058824 0.38039216 0.07058824
v 1.71139 0.59271 0.88326 0.07058824 0.38039216 0.07058824
v 1.58638 0.60328 0.87382 0.07058824 0.38039216 0.07058824
v 1.71139 0.59271 0.88326 0.07058824 0.38039216 0.07058824
v 1.65472 0.44308 0.87315 0.07058824 0.38039216 0.07058824
v 1.40801 0.71472 1.13435 0.07058824 0.38039216 0.07058824
v 1.35048 0.6976 1.20063 0.07058824 0.38039216 0.07058824
v 1.37745 0.57101 1.14649 0.07058824 0.38039216 0.07058824
v 1.40801 0.71472 1.13435 0.07058824 0.38039216 0.07058824
v 1.37745 0.57101 1.14649 0.07058824 0.38039216 0.07058824
v 1.35048 0.6976 1.20063 0.07058824 0.38039216 0.07058824
v 1.40801 0.71472 1.13435 0.07058824 0.38039216 0.07058824
v 1.35048 0.6976 1.20063 0.07058824 0.38039216 0.07058824
v 1.44424 0.78022 1.08679 0.07058824 0.38039216 0.07058824
v 1.40801 0.71472 1.13435 0.07058824 0.38039216 0.07058824
v 1.44424 0.78022 1.08679 0.07058824 0.38039216 0.07058824
v 1.35048 0.6976 1.20063 0.07058824 0.38039216 0.07058824
v 1.44424 0.78022 1.08679 0.07058824 0.38039216 0.07058824
v 1.44413 0.6458 1.20649 0.07058824 0.38039216 0.07058824
v 1.35048 0.6976 1.20063 0.07058824 0.38039216 0.07058824
v 1.44424 0.78022 1.08679 0.07058824 0.38039216 0.07058824
v 1.35048 0.6976 1.20063 0.07058824 0.38039216 0.07058824
v 1.44413 0.6458 1.20649 0.07058824 0.38039216 0.07058824
v 1.44424 0.78022 1.08679 0.07058824 0.38039216 0.07058824
v 1.53237 0.68135 1.1185 0.07058824 0.38039216 0.07058824
v 1.44413 0.6458 1.20649 0.07058824 0.38039216 0.07058824
v 1.44424 0.78022 1.08679 0.07058824 0.38039216 0.07058824
v 1.44413 0.6458 1.20649 0.07058824 0.38039216 0.07058824
v 1.53237 0.68135 1.1185 0.07058824 0.38039216 0.07058824
v 1.44424 0.78022 1.08679 0.07058824 0.38039216 0.07058824
v 1.5067 0.70683 1.05588 0.07058824 0.38039216 0.07058824
v 1.53237 0.68135 1.1185 0.07058824 0.38039216 0.07058824
v 1.44424 0.78022 1.08679 0.07058824 0.38039216 0.07058824
v 1.53237 0.68135 1.1185 0.07058824 0.38039216 0.07058824
v 1.5067 0.70683 1.05588 0.07058824 0.38039216 0.07058824
v 1.44424 0.78022 1.08679 0.07058824 0.38039216 0.07058824
v 1.48687 0.76385 1.03623 0.07058824 0.38039216 0.07058824
v 1.5067 0.70683 1.05588 0.07058824 0.38039216 0.07058824
v 1.44424 0.78022 1.08679 0.07058824 0.38039216 0.07058824
v 1.5067 0.70683 1.05588 0.07058824 0.38039216 0.07058824
v 1.48687 0.76385 1.03623 0.07058824 0.38039216 0.07058824
v 1.44424 0.78022 1.08679 0.07058824 0.38039216 0.07058824
v 1.47054 0.72312 1.00901 0.07058824 0.38039216 0.07058824
v 1.49298 0.77212 1.03408 0.07058824 0.38039216 0.07058824
v 1.44424 0.78022 1.08679 0.07058824 0.38039216 0.07058824
v 1.49298 0.77212 1.03408 0.07058824 0.38039216 0.07058824
v 1.47054 0.72312 1.00901 0.07058824 0.38039216 0.07058824
v 1.44424 0.78022 1.08679 0.07058824 0.38039216 0.07058824
v 1.42651 0.70573 0.98773 0.07058824 0.38039216 0.07058824
v 1.47054 0.72312 1.00901 0.07058824 0.38039216 0.07058824
v 1.44424 0.78022 1.08679 0.07058824 0.38039216 0.07058824
v 1.47054 0.72312 1.00901 0.07058824 0.38039216 0.07058824
v 1.42651 0.70573 0.98773 0.07058824 0.38039216 0.07058824
v 1.44424 0.78022 1.08679 0.07058824 0.38039216 0.07058824
v 1.34861 0.66138 1.02182 0.07058824 0.38039216 0.07058824
v 1.42651 0.70573 0.98773 0.07058824 0.38039216 0.07058824
v 1.44424 0.78022 1.08679 0.07058824 0.38039216 0.07058824
v 1.42651 0.70573 0.98773 0.07058824 0.38039216 0.07058824
v 1.34861 0.66138 1.02182 0.07058824 0.38039216 0.07058824
v 1.44424 0.78022 1.08679 0.07058824 0.38039216 0.07058824
v 1.40269 0.63811 1.10056 0.07058824 0.38039216 0.07058824
v 1.34861 0.66138 1.02182 0.07058824 0.38039216 0.07058824
v 1.44424 0.78022 1.08679 0.07058824 0.38039216 0.07058824
v 1.34861 0.66138 1.02182 0.07058824 0.38039216 0.07058824
v 1.40269 0.63811 1.10056 0.07058824 0.38039216 0.07058824
v 1.44424 0.78022 1.08679 0.07058824 0.38039216 0.07058824
v 1.40801 0.71472 1.13435 0.07058824 0.38039216 0.07058824
v 1.40269 0.63811 1.10056 0.07058824 0.38039216 0.07058824
v 1.44424 0.78022 1.08679 0.07058824 0.38039216 0.07058824
v 1.40269 0.63811 1.10056 0.07058824 0.38039216 0.07058824
v 1.40801 0.71472 1.13435 0.07058824 0.38039216 0.07058824
v 1.40801 0.71472 1.13435 0.07058824 0.38039216 0.07058824
v 1.37745 0.57101 1.14649 0.07058824 0.38039216 0.07058824
v 1.40269 0.63811 1.10056 0.07058824 0.38039216 0.07058824
v 1.40801 0.71472 1.13435 0.07058824 0.38039216 0.07058824
v 1.40269 0.63811 1.10056 0.07058824 0.38039216 0.07058824
v 1.37745 0.57101 1.14649 0.07058824 0.38039216 0.07058824
v 1.41835 0.82747 0.92856 0.09411765 0.38039216 0.09411765
v 1.36052 0.78168 0.98011 0.09411765 0.38039216 0.09411765
v 1.38759 0.72907 0.95145 0.09411765 0.38039216 0.09411765
v 1.41835 0.82747 0.92856 0.09411765 0.38039216 0.09411765
v 1.38759 0.72907 0.95145 0.09411765 0.38039216 0.09411765
v 1.36052 0.78168 0.98011 0.09411765 0.38039216 0.09411765
v 1.41835 0.82747 0.92856 0.09411765 0.38039216 0.09411765
v 1.36052 0.78168 0.98011 0.09411765 0.38039216 0.09411765
v 1.44386 0.86681 0.97253 0.09411765 0.38039216 0.09411765
v 1.41835 0.82747 0.92856 0.09411765 0.38039216 0.09411765
v 1.44386 0.86681 0.97253 0.09411765 0.38039216 0.09411765
v 1.36052 0.78168 0.98011 0.09411765 0.38039216 0.09411765
v 1.44386 0.86681 0.97253 0.09411765 0.38039216 0.09411765
v 1.36685 0.78586 1.02352 0.09411765 0.38039216 0.09411765
v 1.36052 0.78168 0.98011 0.09411765 0.38039216 0.09411765
v 1.44386 0.86681 0.97253 0.09411765 0.38039216 0.09411765
v 1.36052 0.78168 0.98011 0.09411765 0.38039216 0.09411765
v 1.36685 0.78586 1.02352 0.09411765 0.38039216 0.09411765
v 1.44386 0.86681 0.97253 0.09411765 0.38039216 0.09411765
v 1.42761 0.80936 1.0633 0.09411765 0.38039216 0.09411765
v 1.36685 0.78586 1.02352 0.09411765 0.38039216 0.09411765
v 1.44386 0.86681 0.97253 0.09411765 0.38039216 0.09411765
v 1.36685 0.78586 1.02352 0.09411765 0.38039216 0.09411765
v 1.42761 0.80936 1.0633 0.09411765 0.38039216 0.09411765
v 1.44386 0.86681 0.97253 0.09411765 0.38039216 0.09411765
v 1.47465 0.81417 1.04155 0.09411765 0.38039216 0.09411765
v 1.42761 0.80936 1.0633 0.09411765 0.38039216 0.09411765
v 1.44386 0.86681 0.97253 0.09411765 0.38039216 0.09411765
v 1.42761 0.80936 1.0633 0.09411765 0.38039216 0.09411765
v 1.47465 0.81417 1.04155 0.09411765 0.38039216 0.09411765
v 1.44386 0.86681 0.97253 0.09411765 0.38039216 0.09411765
v 1.49564 0.83203 1.00764 0.09411765 0.38039216 0.09411765
v 1.47465 0.81417 1.04155 0.09411765 0.38039216 0.09411765
v 1.44386 0.86681 0.97253 0.09411765 0.38039216 0.09411765
v 1.47465 0.81417 1.04155 0.09411765 0.38039216 0.09411765
v 1.49564 0.83203 1.00764 0.09411765 0.38039216 0.09411765
v 1.44386 0.86681 0.97253 0.09411765 0.38039216 0.09411765
v 1.52261 0.83663 0.99521 0.09411765 0.38039216 0.09411765
v 1.50471 0.84664 1.00487 0.09411765 0.38039216 0.09411765
v 1.44386 0.86681 0.97253 0.09411765 0.38039216 0.09411765
v 1.50471 0.84664 1.00487 0.09411765 0.38039216 0.09411765
v 1.52261 0.83663 0.99521 0.09411765 0.38039216 0.09411765
v 1.44386 0.86681 0.97253 0.09411765 0.38039216 0.09411765
v 1.53575 0.82575 0.97165 0.09411765 0.38039216 0.09411765
v 1.52261 0.83663 0.99521 0.09411765 0.38039216 0.09411765
v 1.44386 0.86681 0.97253 0.09411765 0.38039216 0.09411765
v 1.52261 0.83663 0.99521 0.09411765 0.38039216 0.09411765
v 1.53575 0.82575 0.97165 0.09411765 0.38039216 0.09411765
v 1.44386 0.86681 0.97253 0.09411765 0.38039216 0.09411765
v 1.50437 0.80112 0.88183 0.09411765 0.38039216 0.09411765
v 1.53575 0.82575 0.97165 0.09411765 0.38039216 0.09411765
v 1.44386 0.86681 0.97253 0.09411765 0.38039216 0.09411765
v 1.53575 0.82575 0.97165 0.09411765 0.38039216 0.09411765
v 1.50437 0.80112 0.88183 0.09411765 0.38039216 0.09411765
v 1.44386 0.86681 0.97253 0.09411765 0.38039216 0.09411765
v 1.44685 0.77394 0.89095 0.09411765 0.38039216 0.09411765
v 1.50437 0.80112 0.88183 0.09411765 0.38039216 0.09411765
v 1.44386 0.86681 0.97253 0.09411765 0.38039216 0.09411765
v 1.50437 0.80112 0.88183 0.09411765 0.38039216 0.09411765
v 1.44685 0.77394 0.89095 0.09411765 0.38039216 0.09411765
v 1.44386 0.86681 0.97253 0.09411765 0.38039216 0.09411765
v 1.41835 0.82747 0.92856 0.09411765 0.38039216 0.09411765
v 1.44685 0.77394 0.89095 0.09411765 0.38039216 0.09411765
v 1.44386 0.86681 0.97253 0.09411765 0.38039216 0.09411765
v 1.44685 0.77394 0.89095 0.09411765 0.38039216 0.09411765
v 1.41835 0.82747 0.92856 0.09411765 0.38039216 0.09411765
v 1.41835 0.82747 0.92856 0.09411765 0.38039216 0.09411765
v 1.38759 0.72907 0.95145 0.09411765 0.38039216 0.09411765
v 1.44685 0.77394 0.89095 0.09411765 0.38039216 0.09411765
v 1.41835 0.82747 0.92856 0.09411765 0.38039216 0.09411765
v 1.44685 0.77394 0.89095 0.09411765 0.38039216 0.09411765
v 1.38759 0.72907 0.95145 0.09411765 0.38039216 0.09411765
v 1.53911 0.93374 1.07923 0.14509805 0.38039216 0.14509805
v 1.59464 0.90717 1.06657 0.14509805 0.38039216 0.14509805
v 1.57815 0.8724 1.09161 0.14509805 0.38039216 0.14509805
v 1.53911 0.93374 1.07923 0.14509805 0.38039216 0.14509805
v 1.57815 0.8724 1.09161 0.14509805 0.38039216 0.14509805
v 1.59464 0.90717 1.06657 0.14509805 0.38039216 0.14509805
v 1.53911 0.93374 1.07923 0.14509805 0.38039216 0.14509805
v 1.59464 0.90717 1.06657 0.14509805 0.38039216 0.14509805
v 1.52707 0.94677 1.03799 0.14509805 0.38039216 0.14509805
v 1.53911 0.93374 1.07923 0.14509805 0.38039216 0.14509805
v 1.52707 0.94677 1.03799 0.14509805 0.38039216 0.14509805
v 1.59464 0.90717 1.06657 0.14509805 0.38039216 0.14509805
v 1.52707 0.94677 1.03799 0.14509805 0.38039216 0.14509805
v 1.59984 0.90139 1.03679 0.14509805 0.38039216 0.14509805
v 1.59464 0.90717 1.06657 0.14509805 0.38039216 0.14509805
v 1.52707 0.94677 1.03799 0.14509805 0.38039216 0.14509805
v 1.59464 0.90717 1.06657 0.14509805 0.38039216 0.14509805
v 1.59984 0.90139 1.03679 0.14509805 0.38039216 0.14509805
v 1.52707 0.94677 1.03799 0.14509805 0.38039216 0.14509805
v 1.56638 0.89775 0.99545 0.14509805 0.38039216 0.14509805
v 1.59984 0.90139 1.03679 0.14509805 0.38039216 0.14509805
v 1.52707 0.94677 1.03799 0.14509805 0.38039216 0.14509805
v 1.59984 0.90139 1.03679 0.14509805 0.38039216 0.14509805
v 1.56638 0.89775 0.99545 0.14509805 0.38039216 0.14509805
v 1.52707 0.94677 1.03799 0.14509805 0.38039216 0.14509805
v 1.53041 0.895 0.99996 0.14509805 0.38039216 0.14509805
v 1.56638 0.89775 0.99545 0.14509805 0.38039216 0.14509805
v 1.52707 0.94677 1.03799 0.14509805 0.38039216 0.14509805
v 1.56638 0.89775 0.99545 0.14509805 0.38039216 0.14509805
v 1.53041 0.895 0.99996 0.14509805 0.38039216 0.14509805
v 1.52707 0.94677 1.03799 0.14509805 0.38039216 0.14509805
v 1.50662 0.90797 1.014 0.14509805 0.38039216 0.14509805
v 1.53041 0.895 0.99996 0.14509805 0.38039216 0.14509805
v 1.52707 0.94677 1.03799 0.14509805 0.38039216 0.14509805
v 1.53041 0.895 0.99996 0.14509805 0.38039216 0.14509805
v 1.50662 0.90797 1.014 0.14509805 0.38039216 0.14509805
v 1.52707 0.94677 1.03799 0.14509805 0.38039216 0.14509805
v 1.48575 0.90758 1.01616 0.14509805 0.38039216 0.14509805
v 1.49806 0.91607 1.01097 0.14509805 0.38039216 0.14509805
v 1.52707 0.94677 1.03799 0.14509805 0.38039216 0.14509805
v 1.49806 0.91607 1.01097 0.14509805 0.38039216 0.14509805
v 1.48575 0.90758 1.01616 0.14509805 0.38039216 0.14509805
v 1.52707 0.94677 1.03799 0.14509805 0.38039216 0.14509805
v 1.47346 0.9018 1.03127 0.14509805 0.38039216 0.14509805
v 1.48575 0.90758 1.01616 0.14509805 0.38039216 0.14509805
v 1.52707 0.94677 1.03799 0.14509805 0.38039216 0.14509805
v 1.48575 0.90758 1.01616 0.14509805 0.38039216 0.14509805
v 1.47346 0.9018 1.03127 0.14509805 0.38039216 0.14509805
v 1.52707 0.94677 1.03799 0.14509805 0.38039216 0.14509805
v 1.47676 0.90709 1.09962 0.14509805 0.38039216 0.14509805
v 1.47346 0.9018 1.03127 0.14509805 0.38039216 0.14509805
v 1.52707 0.94677 1.03799 0.14509805 0.38039216 0.14509805
v 1.47346 0.9018 1.03127 0.14509805 0.38039216 0.14509805
v 1.47676 0.90709 1.09962 0.14509805 0.38039216 0.14509805
v 1.52707 0.94677 1.03799 0.14509805 0.38039216 0.14509805
v 1.51979 0.89957 1.10995 0.14509805 0.38039216 0.14509805
v 1.47676 0.90709 1.09962 0.14509805 0.38039216 0.14509805
v 1.52707 0.94677 1.03799 0.14509805 0.38039216 0.14509805
v 1.47676 0.90709 1.09962 0.14509805 0.38039216 0.14509805
v 1.51979 0.89957 1.10995 0.14509805 0.38039216 0.14509805
v 1.52707 0.94677 1.03799 0.14509805 0.38039216 0.14509805
v 1.53911 0.93374 1.07923 0.14509805 0.38039216 0.14509805
v 1.51979 0.89957 1.10995 0.14509805 0.38039216 0.14509805
v 1.52707 0.94677 1.03799 0.14509805 0.38039216 0.14509805
v 1.51979 0.89957 1.10995 0.14509805 0.38039216 0.14509805
v 1.53911 0.93374 1.07923 0.14509805 0.38039216 0.14509805
v 1.53911 0.93374 1.07923 0.14509805 0.38039216 0.14509805
v 1.57815 0.8724 1.09161 0.14509805 0.38039216 0.14509805
v 1.51979 0.89957 1.10995 0.14509805 0.38039216 0.14509805
v 1.53911 0.93374 1.07923 0.14509805 0.38039216 0.14509805
v 1.51979 0.89957 1.10995 0.14509805 0.38039216 0.14509805
v 1.57815 0.8724 1.09161 0.14509805 0.38039216 0.14509805
v 1.42258 1.04642 1.01937 0.13725491 0.38039216 0.13725491
v 1.40337 1.03867 1.05051 0.13725491 0.38039216 0.13725491
v 1.39364 1.02688 1.01492 0.13725491 0.38039216 0.13725491
v 1.42258 1.04642 1.01937 0.13725491 0.38039216 0.13725491
v 1.39364 1.02688 1.01492 0.13725491 0.38039216 0.13725491
v 1.40337 1.03867 1.05051 0.13725491 0.38039216 0.13725491
v 1.42258 1.04642 1.01937 0.13725491 0.38039216 0.13725491
v 1.40337 1.03867 1.05051 0.13725491 0.38039216 0.13725491
v 1.45804 1.02868 1.02919 0.13725491 0.38039216 0.13725491
v 1.42258 1.04642 1.01937 0.13725491 0.38039216 0.13725491
v 1.45804 1.02868 1.02919 0.13725491 0.38039216 0.13725491
v 1.40337 1.03867 1.05051 0.13725491 0.38039216 0.13725491
v 1.45804 1.02868 1.02919 0.13725491 0.38039216 0.13725491
v 1.42279 1.03311 1.07029 0.13725491 0.38039216 0.13725491
v 1.40337 1.03867 1.05051 0.13725491 0.38039216 0.13725491
v 1.45804 1.02868 1.02919 0.13725491 0.38039216 0.13725491
v 1.40337 1.03867 1.05051 0.13725491 0.38039216 0.13725491
v 1.42279 1.03311 1.07029 0.13725491 0.38039216 0.13725491
v 1.45804 1.02868 1.02919 0.13725491 0.38039216 0.13725491
v 1.45026 1.01019 1.0666 0.13725491 0.38039216 0.13725491
v 1.42279 1.03311 1.07029 0.13725491 0.38039216 0.13725491
v 1.45804 1.02868 1.02919 0.13725491 0.38039216 0.13725491
v 1.42279 1.03311 1.07029 0.13725491 0.38039216 0.13725491
v 1.45026 1.01019 1.0666 0.13725491 0.38039216 0.13725491
v 1.45804 1.02868 1.02919 0.13725491 0.38039216 0.13725491
v 1.46278 1.00248 1.04191 0.13725491 0.38039216 0.13725491
v 1.45026 1.01019 1.0666 0.13725491 0.38039216 0.13725491
v 1.45804 1.02868 1.02919 0.13725491 0.38039216 0.13725491
v 1.45026 1.01019 1.0666 0.13725491 0.38039216 0.13725491
v 1.46278 1.00248 1.04191 0.13725491 0.38039216 0.13725491
v 1.45804 1.02868 1.02919 0.13725491 0.38039216 0.13725491
v 1.46974 1.00745 1.03003 0.13725491 0.38039216 0.13725491
v 1.46278 1.00248 1.04191 0.13725491 0.38039216 0.13725491
v 1.45804 1.02868 1.02919 0.13725491 0.38039216 0.13725491
v 1.46278 1.00248 1.04191 0.13725491 0.38039216 0.13725491
v 1.46974 1.00745 1.03003 0.13725491 0.38039216 0.13725491
v 1.45804 1.02868 1.02919 0.13725491 0.38039216 0.13725491
v 1.46455 1.00236 1.00147 0.13725491 0.38039216 0.13725491
v 1.4709 1.00675 1.01919 0.13725491 0.38039216 0.13725491
v 1.45804 1.02868 1.02919 0.13725491 0.38039216 0.13725491
v 1.4709 1.00675 1.01919 0.13725491 0.38039216 0.13725491
v 1.46455 1.00236 1.00147 0.13725491 0.38039216 0.13725491
v 1.45804 1.02868 1.02919 0.13725491 0.38039216 0.13725491
v 1.45374 1.01073 0.986 0.13725491 0.38039216 0.13725491
v 1.46455 1.00236 1.00147 0.13725491 0.38039216 0.13725491
v 1.45804 1.02868 1.02919 0.13725491 0.38039216 0.13725491
v 1.46455 1.00236 1.00147 0.13725491 0.38039216 0.13725491
v 1.45374 1.01073 0.986 0.13725491 0.38039216 0.13725491
v 1.45804 1.02868 1.02919 0.13725491 0.38039216 0.13725491
v 1.43207 1.0386 0.97369 0.13725491 0.38039216 0.13725491
v 1.45374 1.01073 0.986 0.13725491 0.38039216 0.13725491
v 1.45804 1.02868 1.02919 0.13725491 0.38039216 0.13725491
v 1.45374 1.01073 0.986 0.13725491 0.38039216 0.13725491
v 1.43207 1.0386 0.97369 0.13725491 0.38039216 0.13725491
v 1.45804 1.02868 1.02919 0.13725491 0.38039216 0.13725491
v 1.40043 1.04882 0.99811 0.13725491 0.38039216 0.13725491
v 1.43207 1.0386 0.97369 0.13725491 0.38039216 0.13725491
v 1.45804 1.02868 1.02919 0.13725491 0.38039216 0.13725491
v 1.43207 1.0386 0.97369 0.13725491 0.38039216 0.13725491
v 1.40043 1.04882 0.99811 0.13725491 0.38039216 0.13725491
v 1.45804 1.02868 1.02919 0.13725491 0.38039216 0.13725491
v 1.42258 1.04642 1.01937 0.13725491 0.38039216 0.13725491
v 1.40043 1.04882 0.99811 0.13725491 0.38039216 0.13725491
v 1.45804 1.02868 1.02919 0.13725491 0.38039216 0.13725491
v 1.40043 1.04882 0.99811 0.13725491 0.38039216 0.13725491
v 1.42258 1.04642 1.01937 0.13725491 0.38039216 0.13725491
v 1.42258 1.04642 1.01937 0.13725491 0.38039216 0.13725491
v 1.39364 1.02688 1.01492 0.13725491 0.38039216 0.13725491
v 1.40043 1.04882 0.99811 0.13725491 0.38039216 0.13725491
v 1.42258 1.04642 1.01937 0.13725491 0.38039216 0.13725491
v 1.40043 1.04882 0.99811 0.13725491 0.38039216 0.13725491
v 1.39364 1.02688 1.01492 0.13725491 0.38039216 0.13725491
v 1.49052 1.0781 1.01332 0.21568628 0.38039216 0.21568628
v 1.48614 1.08035 0.98922 0.21568628 0.38039216 0.21568628
v 1.50921 1.08113 0.99999 0.21568628 0.38039216 0.21568628
v 1.49052 1.0781 1.01332 0.21568628 0.38039216 0.21568628
v 1.50921 1.08113 0.99999 0.21568628 0.38039216 0.21568628
v 1.48614 1.08035 0.98922 0.21568628 0.38039216 0.21568628
v 1.49052 1.0781 1.01332 0.21568628 0.38039216 0.21568628
v 1.48614 1.08035 0.98922 0.21568628 0.38039216 0.21568628
v 1.48049 1.05347 1.01712 0.21568628 0.38039216 0.21568628
v 1.49052 1.0781 1.01332 0.21568628 0.38039216 0.21568628
v 1.48049 1.05347 1.01712 0.21568628 0.38039216 0.21568628
v 1.48614 1.08035 0.98922 0.21568628 0.38039216 0.21568628
v 1.48049 1.05347 1.01712 0.21568628 0.38039216 0.21568628
v 1.47285 1.06793 0.98535 0.21568628 0.38039216 0.21568628
v 1.48614 1.08035 0.98922 0.21568628 0.38039216 0.21568628
v 1.48049 1.05347 1.01712 0.21568628 0.38039216 0.21568628
v 1.48614 1.08035 0.98922 0.21568628 0.38039216 0.21568628
v 1.47285 1.06793 0.98535 0.21568628 0.38039216 0.21568628
v 1.48049 1.05347 1.01712 0.21568628 0.38039216 0.21568628
v 1.47328 1.04509 0.99148 0.21568628 0.38039216 0.21568628
v 1.47285 1.06793 0.98535 0.21568628 0.38039216 0.21568628
v 1.48049 1.05347 1.01712 0.21568628 0.38039216 0.21568628
v 1.47285 1.06793 0.98535 0.21568628 0.38039216 0.21568628
v 1.47328 1.04509 0.99148 0.21568628 0.38039216 0.21568628
v 1.48049 1.05347 1.01712 0.21568628 0.38039216 0.21568628
v 1.48259 1.03761 1.00613 0.21568628 0.38039216 0.21568628
v 1.47328 1.04509 0.99148 0.21568628 0.38039216 0.21568628
v 1.48049 1.05347 1.01712 0.21568628 0.38039216 0.21568628
v 1.47328 1.04509 0.99148 0.21568628 0.38039216 0.21568628
v 1.48259 1.03761 1.00613 0.21568628 0.38039216 0.21568628
v 1.48049 1.05347 1.01712 0.21568628 0.38039216 0.21568628
v 1.48368 1.0379 1.01569 0.21568628 0.38039216 0.21568628
v 1.48259 1.03761 1.00613 0.21568628 0.38039216 0.21568628
v 1.48049 1.05347 1.01712 0.21568628 0.38039216 0.21568628
v 1.48259 1.03761 1.00613 0.21568628 0.38039216 0.21568628
v 1.48368 1.0379 1.01569 0.21568628 0.38039216 0.21568628
v 1.48049 1.05347 1.01712 0.21568628 0.38039216 0.21568628
v 1.49975 1.03957 1.02638 0.21568628 0.38039216 0.21568628
v 1.48828 1.03781 1.02121 0.21568628 0.38039216 0.21568628
v 1.48049 1.05347 1.01712 0.21568628 0.38039216 0.21568628
v 1.48828 1.03781 1.02121 0.21568628 0.38039216 0.21568628
v 1.49975 1.03957 1.02638 0.21568628 0.38039216 0.21568628
v 1.48049 1.05347 1.01712 0.21568628 0.38039216 0.21568628
v 1.50723 1.0494 1.03203 0.21568628 0.38039216 0.21568628
v 1.49975 1.03957 1.02638 0.21568628 0.38039216 0.21568628
v 1.48049 1.05347 1.01712 0.21568628 0.38039216 0.21568628
v 1.49975 1.03957 1.02638 0.21568628 0.38039216 0.21568628
v 1.50723 1.0494 1.03203 0.21568628 0.38039216 0.21568628
v 1.48049 1.05347 1.01712 0.21568628 0.38039216 0.21568628
v 1.51009 1.07331 1.03702 0.21568628 0.38039216 0.21568628
v 1.50723 1.0494 1.03203 0.21568628 0.38039216 0.21568628
v 1.48049 1.05347 1.01712 0.21568628 0.38039216 0.21568628
v 1.50723 1.0494 1.03203 0.21568628 0.38039216 0.21568628
v 1.51009 1.07331 1.03702 0.21568628 0.38039216 0.21568628
v 1.48049 1.05347 1.01712 0.21568628 0.38039216 0.21568628
v 1.5065 1.09022 1.01612 0.21568628 0.38039216 0.21568628
v 1.51009 1.07331 1.03702 0.21568628 0.38039216 0.21568628
v 1.48049 1.05347 1.01712 0.21568628 0.38039216 0.21568628
v 1.51009 1.07331 1.03702 0.21568628 0.38039216 0.21568628
v 1.5065 1.09022 1.01612 0.21568628 0.38039216 0.21568628
v 1.48049 1.05347 1.01712 0.21568628 0.38039216 0.21568628
v 1.49052 1.0781 1.01332 0.21568628 0.38039216 0.21568628
v 1.5065 1.09022 1.01612 0.21568628 0.38039216 0.21568628
v 1.48049 1.05347 1.01712 0.21568628 0.38039216 0.21568628
v 1.5065 1.09022 1.01612 0.21568628 0.38039216 0.21568628
v 1.49052 1.0781 1.01332 0.21568628 0.38039216 0.21568628
v 1.49052 1.0781 1.01332 0.21568628 0.38039216 0.21568628
v 1.50921 1.08113 0.99999 0.21568628 0.38039216 0.21568628
v 1.5065 1.09022 1.01612 0.21568628 0.38039216 0.21568628
v 1.49052 1.0781 1.01332 0.21568628 0.38039216 0.21568628
v 1.5065 1.09022 1.01612 0.21568628 0.38039216 0.21568628
v 1.50921 1.08113 0.99999 0.21568628 0.38039216 0.21568628
v 1.47633 1.08309 1.02933 0.22745098 0.38039216 0.22745098
v 1.49157 1.08727 1.03207 0.22745098 0.38039216 0.22745098
v 1.47873 1.09122 1.04183 0.22745098 0.38039216 0.22745098
v 1.47633 1.08309 1.02933 0.22745098 0.38039216 0.22745098
v 1.47873 1.09122 1.04183 0.22745098 0.38039216 0.22745098
v 1.49157 1.08727 1.03207 0.22745098 0.38039216 0.22745098
v 1.47633 1.08309 1.02933 0.22745098 0.38039216 0.22745098
v 1.49157 1.08727 1.03207 0.22745098 0.38039216 0.22745098
v 1.47817 1.06568 1.02966 0.22745098 0.38039216 0.22745098
v 1.47633 1.08309 1.02933 0.22745098 0.38039216 0.22745098
v 1.47817 1.06568 1.02966 0.22745098 0.38039216 0.22745098
v 1.49157 1.08727 1.03207 0.22745098 0.38039216 0.22745098
v 1.47817 1.06568 1.02966 0.22745098 0.38039216 0.22745098
v 1.49821 1.07755 1.02914 0.22745098 0.38039216 0.22745098
v 1.49157 1.08727 1.03207 0.22745098 0.38039216 0.22745098
v 1.47817 1.06568 1.02966 0.22745098 0.38039216 0.22745098
v 1.49157 1.08727 1.03207 0.22745098 0.38039216 0.22745098
v 1.49821 1.07755 1.02914 0.22745098 0.38039216 0.22745098
v 1.47817 1.06568 1.02966 0.22745098 0.38039216 0.22745098
v 1.49564 1.06318 1.03411 0.22745098 0.38039216 0.22745098
v 1.49821 1.07755 1.02914 0.22745098 0.38039216 0.22745098
v 1.47817 1.06568 1.02966 0.22745098 0.38039216 0.22745098
v 1.49821 1.07755 1.02914 0.22745098 0.38039216 0.22745098
v 1.49564 1.06318 1.03411 0.22745098 0.38039216 0.22745098
v 1.47817 1.06568 1.02966 0.22745098 0.38039216 0.22745098
v 1.48481 1.05853 1.03771 0.22745098 0.38039216 0.22745098
v 1.49564 1.06318 1.03411 0.22745098 0.38039216 0.22745098
v 1.47817 1.06568 1.02966 0.22745098 0.38039216 0.22745098
v 1.49564 1.06318 1.03411 0.22745098 0.38039216 0.22745098
v 1.48481 1.05853 1.03771 0.22745098 0.38039216 0.22745098
v 1.47817 1.06568 1.02966 0.22745098 0.38039216 0.22745098
v 1.47889 1.05743 1.03595 0.22745098 0.38039216 0.22745098
v 1.48481 1.05853 1.03771 0.22745098 0.38039216 0.22745098
v 1.47817 1.06568 1.02966 0.22745098 0.38039216 0.22745098
v 1.48481 1.05853 1.03771 0.22745098 0.38039216 0.22745098
v 1.47889 1.05743 1.03595 0.22745098 0.38039216 0.22745098
v 1.47817 1.06568 1.02966 0.22745098 0.38039216 0.22745098
v 1.46802 1.06034 1.04169 0.22745098 0.38039216 0.22745098
v 1.47437 1.05754 1.03717 0.22745098 0.38039216 0.22745098
v 1.47817 1.06568 1.02966 0.22745098 0.38039216 0.22745098
v 1.47437 1.05754 1.03717 0.22745098 0.38039216 0.22745098
v 1.46802 1.06034 1.04169 0.22745098 0.38039216 0.22745098
v 1.47817 1.06568 1.02966 0.22745098 0.38039216 0.22745098
v 1.46211 1.06694 1.04175 0.22745098 0.38039216 0.22745098
v 1.46802 1.06034 1.04169 0.22745098 0.38039216 0.22745098
v 1.47817 1.06568 1.02966 0.22745098 0.38039216 0.22745098
v 1.46802 1.06034 1.04169 0.22745098 0.38039216 0.22745098
v 1.46211 1.06694 1.04175 0.22745098 0.38039216 0.22745098
v 1.47817 1.06568 1.02966 0.22745098 0.38039216 0.22745098
v 1.45718 1.08091 1.03563 0.22745098 0.38039216 0.22745098
v 1.46211 1.06694 1.04175 0.22745098 0.38039216 0.22745098
v 1.47817 1.06568 1.02966 0.22745098 0.38039216 0.22745098
v 1.46211 1.06694 1.04175 0.22745098 0.38039216 0.22745098
v 1.45718 1.08091 1.03563 0.22745098 0.38039216 0.22745098
v 1.47817 1.06568 1.02966 0.22745098 0.38039216 0.22745098
v 1.46958 1.09342 1.03406 0.22745098 0.38039216 0.22745098
v 1.45718 1.08091 1.03563 0.22745098 0.38039216 0.22745098
v 1.47817 1.06568 1.02966 0.22745098 0.38039216 0.22745098
v 1.45718 1.08091 1.03563 0.22745098 0.38039216 0.22745098
v 1.46958 1.09342 1.03406 0.22745098 0.38039216 0.22745098
v 1.47817 1.06568 1.02966 0.22745098 0.38039216 0.22745098
v 1.47633 1.08309 1.02933 0.22745098 0.38039216 0.22745098
v 1.46958 1.09342 1.03406 0.22745098 0.38039216 0.22745098
v 1.47817 1.06568 1.02966 0.22745098 0.38039216 0.22745098
v 1.46958 1.09342 1.03406 0.22745098 0.38039216 0.22745098
v 1.47633 1.08309 1.02933 0.22745098 0.38039216 0.22745098
v 1.47633 1.08309 1.02933 0.22745098 0.38039216 0.22745098
v 1.47873 1.09122 1.04183 0.22745098 0.38039216 0.22745098
v 1.46958 1.09342 1.03406 0.22745098 0.38039216 0.22745098
v 1.47633 1.08309 1.02933 0.22745098 0.38039216 0.22745098
v 1.46958 1.09342 1.03406 0.22745098 0.38039216 0.22745098
v 1.47873 1.09122 1.04183 0.22745098 0.38039216 0.22745098
v -1.44039 0.24201 0.42906 0.050980393 0.38039216 0.050980393
v -1.46486 0.22767 0.39489 0.050980393 0.38039216 0.050980393
v -1.42563 0.20834 0.40915 0.050980393 0.38039216 0.050980393
v -1.44039 0.24201 0.42906 0.050980393 0.38039216 0.050980393
v -1.42563 0.20834 0.40915 0.050980393 0.38039216 0.050980393
v -1.46486 0.22767 0.39489 0.050980393 0.38039216 0.050980393
v -1.44039 0.24201 0.42906 0.050980393 0.38039216 0.050980393
v -1.46486 0.22767 0.39489 0.050980393 0.38039216 0.050980393
v -1.47317 0.23701 0.46446 0.050980393 0.38039216 0.050980393
v -1.44039 0.24201 0.42906 0.050980393 0.38039216 0.050980393
v -1.47317 0.23701 0.46446 0.050980393 0.38039216 0.050980393
v -1.46486 0.22767 0.39489 0.050980393 0.38039216 0.050980393
v -1.47317 0.23701 0.46446 0.050980393 0.38039216 0.050980393
v -1.49682 0.2305 0.40478 0.050980393 0.38039216 0.050980393
v -1.46486 0.22767 0.39489 0.050980393 0.38039216 0.050980393
v -1.47317 0.23701 0.46446 0.050980393 0.38039216 0.050980393
v -1.46486 0.22767 0.39489 0.050980393 0.38039216 0.050980393
v -1.49682 0.2305 0.40478 0.050980393 0.38039216 0.050980393
v -1.47317 0.23701 0.46446 0.050980393 0.38039216 0.050980393
v -1.51269 0.21566 0.44155 0.050980393 0.38039216 0.050980393
v -1.49682 0.2305 0.40478 0.050980393 0.38039216 0.050980393
v -1.47317 0.23701 0.46446 0.050980393 0.38039216 0.050980393
v -1.49682 0.2305 0.40478 0.050980393 0.38039216 0.050980393
v -1.51269 0.21566 0.44155 0.050980393 0.38039216 0.050980393
v -1.47317 0.23701 0.46446 0.050980393 0.38039216 0.050980393
v -1.49526 0.21046 0.47044 0.050980393 0.38039216 0.050980393
v -1.51269 0.21566 0.44155 0.050980393 0.38039216 0.050980393
v -1.47317 0.23701 0.46446 0.050980393 0.38039216 0.050980393
v -1.51269 0.21566 0.44155 0.050980393 0.38039216 0.050980393
v -1.49526 0.21046 0.47044 0.050980393 0.38039216 0.050980393
v -1.47317 0.23701 0.46446 0.050980393 0.38039216 0.050980393
v -1.48524 0.21803 0.48247 0.050980393 0.38039216 0.050980393
v -1.49526 0.21046 0.47044 0.050980393 0.38039216 0.050980393
v -1.47317 0.23701 0.46446 0.050980393 0.38039216 0.050980393
v -1.49526 0.21046 0.47044 0.050980393 0.38039216 0.050980393
v -1.48524 0.21803 0.48247 0.050980393 0.38039216 0.050980393
v -1.47317 0.23701 0.46446 0.050980393 0.38039216 0.050980393
v -1.45404 0.20845 0.4951 0.050980393 0.38039216 0.050980393
v -1.47471 0.21702 0.48997 0.050980393 0.38039216 0.050980393
v -1.47317 0.23701 0.46446 0.050980393 0.38039216 0.050980393
v -1.47471 0.21702 0.48997 0.050980393 0.38039216 0.050980393
v -1.45404 0.20845 0.4951 0.050980393 0.38039216 0.050980393
v -1.47317 0.23701 0.46446 0.050980393 0.38039216 0.050980393
v -1.43032 0.21247 0.49041 0.050980393 0.38039216 0.050980393
v -1.45404 0.20845 0.4951 0.050980393 0.38039216 0.050980393
v -1.47317 0.23701 0.46446 0.050980393 0.38039216 0.050980393
v -1.45404 0.20845 0.4951 0.050980393 0.38039216 0.050980393
v -1.43032 0.21247 0.49041 0.050980393 0.38039216 0.050980393
v -1.47317 0.23701 0.46446 0.050980393 0.38039216 0.050980393
v -1.39955 0.23415 0.46683 0.050980393 0.38039216 0.050980393
v -1.43032 0.21247 0.49041 0.050980393 0.38039216 0.050980393
v -1.47317 0.23701 0.46446 0.050980393 0.38039216 0.050980393
v -1.43032 0.21247 0.49041 0.050980393 0.38039216 0.050980393
v -1.39955 0.23415 0.46683 0.050980393 0.38039216 0.050980393
v -1.47317 0.23701 0.46446 0.050980393 0.38039216 0.050980393
v -1.40625 0.23447 0.41831 0.050980393 0.38039216 0.050980393
v -1.39955 0.23415 0.46683 0.050980393 0.38039216 0.050980393
v -1.47317 0.23701 0.46446 0.050980393 0.38039216 0.050980393
v -1.39955 0.23415 0.46683 0.050980393 0.38039216 0.050980393
v -1.40625 0.23447 0.41831 0.050980393 0.38039216 0.050980393
v -1.47317 0.23701 0.46446 0.050980393 0.38039216 0.050980393
v -1.44039 0.24201 0.42906 0.050980393 0.38039216 0.050980393
v -1.40625 0.23447 0.41831 0.050980393 0.38039216 0.050980393
v -1.47317 0.23701 0.46446 0.050980393 0.38039216 0.050980393
v -1.40625 0.23447 0.41831 0.050980393 0.38039216 0.050980393
v -1.44039 0.24201 0.42906 0.050980393 0.38039216 0.050980393
v -1.44039 0.24201 0.42906 0.050980393 0.38039216 0.050980393
v -1.42563 0.20834 0.40915 0.050980393 0.38039216 0.050980393
v -1.40625 0.23447 0.41831 0.050980393 0.38039216 0.050980393
v -1.44039 0.24201 0.42906 0.050980393 0.38039216 0.050980393
v -1.40625 0.23447 0.41831 0.050980393 0.38039216 0.050980393
v -1.42563 0.20834 0.40915 0.050980393 0.38039216 0.050980393
v -1.35076 0.34256 0.6341 0.05490196 0.38039216 0.05490196
v -1.29819 0.29007 0.56407 0.05490196 0.38039216 0.05490196
v -1.32513 0.23057 0.60009 0.05490196 0.38039216 0.05490196
v -1.35076 0.34256 0.6341 0.05490196 0.38039216 0.05490196
v -1.32513 0.23057 0.60009 0.05490196 0.38039216 0.05490196
v -1.29819 0.29007 0.56407 0.05490196 0.38039216 0.05490196
v -1.35076 0.34256 0.6341 0.05490196 0.38039216 0.05490196
v -1.29819 0.29007 0.56407 0.05490196 0.38039216 0.05490196
v -1.38611 0.38954 0.59093 0.05490196 0.38039216 0.05490196
v -1.35076 0.34256 0.6341 0.05490196 0.38039216 0.05490196
v -1.38611 0.38954 0.59093 0.05490196 0.38039216 0.05490196
v -1.29819 0.29007 0.56407 0.05490196 0.38039216 0.05490196
v -1.38611 0.38954 0.59093 0.05490196 0.38039216 0.05490196
v -1.31353 0.29642 0.51691 0.05490196 0.38039216 0.05490196
v -1.29819 0.29007 0.56407 0.05490196 0.38039216 0.05490196
v -1.38611 0.38954 0.59093 0.05490196 0.38039216 0.05490196
v -1.29819 0.29007 0.56407 0.05490196 0.38039216 0.05490196
v -1.31353 0.29642 0.51691 0.05490196 0.38039216 0.05490196
v -1.38611 0.38954 0.59093 0.05490196 0.38039216 0.05490196
v -1.38811 0.32667 0.48492 0.05490196 0.38039216 0.05490196
v -1.31353 0.29642 0.51691 0.05490196 0.38039216 0.05490196
v -1.38611 0.38954 0.59093 0.05490196 0.38039216 0.05490196
v -1.31353 0.29642 0.51691 0.05490196 0.38039216 0.05490196
v -1.38811 0.32667 0.48492 0.05490196 0.38039216 0.05490196
v -1.38611 0.38954 0.59093 0.05490196 0.38039216 0.05490196
v -1.43621 0.33324 0.51854 0.05490196 0.38039216 0.05490196
v -1.38811 0.32667 0.48492 0.05490196 0.38039216 0.05490196
v -1.38611 0.38954 0.59093 0.05490196 0.38039216 0.05490196
v -1.38811 0.32667 0.48492 0.05490196 0.38039216 0.05490196
v -1.43621 0.33324 0.51854 0.05490196 0.38039216 0.05490196
v -1.38611 0.38954 0.59093 0.05490196 0.38039216 0.05490196
v -1.45229 0.35322 0.56098 0.05490196 0.38039216 0.05490196
v -1.43621 0.33324 0.51854 0.05490196 0.38039216 0.05490196
v -1.38611 0.38954 0.59093 0.05490196 0.38039216 0.05490196
v -1.43621 0.33324 0.51854 0.05490196 0.38039216 0.05490196
v -1.45229 0.35322 0.56098 0.05490196 0.38039216 0.05490196
v -1.38611 0.38954 0.59093 0.05490196 0.38039216 0.05490196
v -1.47979 0.35908 0.58026 0.05490196 0.38039216 0.05490196
v -1.46124 0.37004 0.56621 0.05490196 0.38039216 0.05490196
v -1.38611 0.38954 0.59093 0.05490196 0.38039216 0.05490196
v -1.46124 0.37004 0.56621 0.05490196 0.38039216 0.05490196
v -1.47979 0.35908 0.58026 0.05490196 0.38039216 0.05490196
v -1.38611 0.38954 0.59093 0.05490196 0.38039216 0.05490196
v -1.49035 0.3465 0.60888 0.05490196 0.38039216 0.05490196
v -1.47979 0.35908 0.58026 0.05490196 0.38039216 0.05490196
v -1.38611 0.38954 0.59093 0.05490196 0.38039216 0.05490196
v -1.47979 0.35908 0.58026 0.05490196 0.38039216 0.05490196
v -1.49035 0.3465 0.60888 0.05490196 0.38039216 0.05490196
v -1.38611 0.38954 0.59093 0.05490196 0.38039216 0.05490196
v -1.4389 0.31452 0.70249 0.05490196 0.38039216 0.05490196
v -1.49035 0.3465 0.60888 0.05490196 0.38039216 0.05490196
v -1.38611 0.38954 0.59093 0.05490196 0.38039216 0.05490196
v -1.49035 0.3465 0.60888 0.05490196 0.38039216 0.05490196
v -1.4389 0.31452 0.70249 0.05490196 0.38039216 0.05490196
v -1.38611 0.38954 0.59093 0.05490196 0.38039216 0.05490196
v -1.3776 0.28179 0.68039 0.05490196 0.38039216 0.05490196
v -1.4389 0.31452 0.70249 0.05490196 0.38039216 0.05490196
v -1.38611 0.38954 0.59093 0.05490196 0.38039216 0.05490196
v -1.4389 0.31452 0.70249 0.05490196 0.38039216 0.05490196
v -1.3776 0.28179 0.68039 0.05490196 0.38039216 0.05490196
v -1.38611 0.38954 0.59093 0.05490196 0.38039216 0.05490196
v -1.35076 0.34256 0.6341 0.05490196 0.38039216 0.05490196
v -1.3776 0.28179 0.68039 0.05490196 0.38039216 0.05490196
v -1.38611 0.38954 0.59093 0.05490196 0.38039216 0.05490196
v -1.3776 0.28179 0.68039 0.05490196 0.38039216 0.05490196
v -1.35076 0.34256 0.6341 0.05490196 0.38039216 0.05490196
v -1.35076 0.34256 0.6341 0.05490196 0.38039216 0.05490196
v -1.32513 0.23057 0.60009 0.05490196 0.38039216 0.05490196
v -1.3776 0.28179 0.68039 0.05490196 0.38039216 0.05490196
v -1.35076 0.34256 0.6341 0.05490196 0.38039216 0.05490196
v -1.3776 0.28179 0.68039 0.05490196 0.38039216 0.05490196
v -1.32513 0.23057 0.60009 0.05490196 0.38039216 0.05490196
v -1.69739 0.47461 0.57415 0.0627451 0.38039216 0.0627451
v -1.79083 0.45531 0.60105 0.0627451 0.38039216 0.0627451
v -1.73263 0.31517 0.56688 0.0627451 0.38039216 0.0627451
v -1.69739 0.47461 0.57415 0.0627451 0.38039216 0.0627451
v -1.73263 0.31517 0.56688 0.0627451 0.38039216 0.0627451
v -1.79083 0.45531 0.60105 0.0627451 0.38039216 0.0627451
v -1.69739 0.47461 0.57415 0.0627451 0.38039216 0.0627451
v -1.79083 0.45531 0.60105 0.0627451 0.38039216 0.0627451
v -1.63523 0.54744 0.55184 0.0627451 0.38039216 0.0627451
v -1.69739 0.47461 0.57415 0.0627451 0.38039216 0.0627451
v -1.63523 0.54744 0.55184 0.0627451 0.38039216 0.0627451
v -1.79083 0.45531 0.60105 0.0627451 0.38039216 0.0627451
v -1.63523 0.54744 0.55184 0.0627451 0.38039216 0.0627451
v -1.7071 0.39811 0.66299 0.0627451 0.38039216 0.0627451
v -1.79083 0.45531 0.60105 0.0627451 0.38039216 0.0627451
v -1.63523 0.54744 0.55184 0.0627451 0.38039216 0.0627451
v -1.79083 0.45531 0.60105 0.0627451 0.38039216 0.0627451
v -1.7071 0.39811 0.66299 0.0627451 0.38039216 0.0627451
v -1.63523 0.54744 0.55184 0.0627451 0.38039216 0.0627451
v -1.57206 0.43796 0.63445 0.0627451 0.38039216 0.0627451
v -1.7071 0.39811 0.66299 0.0627451 0.38039216 0.0627451
v -1.63523 0.54744 0.55184 0.0627451 0.38039216 0.0627451
v -1.7071 0.39811 0.66299 0.0627451 0.38039216 0.0627451
v -1.57206 0.43796 0.63445 0.0627451 0.38039216 0.0627451
v -1.63523 0.54744 0.55184 0.0627451 0.38039216 0.0627451
v -1.55822 0.46631 0.56074 0.0627451 0.38039216 0.0627451
v -1.57206 0.43796 0.63445 0.0627451 0.38039216 0.0627451
v -1.63523 0.54744 0.55184 0.0627451 0.38039216 0.0627451
v -1.57206 0.43796 0.63445 0.0627451 0.38039216 0.0627451
v -1.55822 0.46631 0.56074 0.0627451 0.38039216 0.0627451
v -1.63523 0.54744 0.55184 0.0627451 0.38039216 0.0627451
v -1.565 0.52953 0.53054 0.0627451 0.38039216 0.0627451
v -1.55822 0.46631 0.56074 0.0627451 0.38039216 0.0627451
v -1.63523 0.54744 0.55184 0.0627451 0.38039216 0.0627451
v -1.55822 0.46631 0.56074 0.0627451 0.38039216 0.0627451
v -1.565 0.52953 0.53054 0.0627451 0.38039216 0.0627451
v -1.63523 0.54744 0.55184 0.0627451 0.38039216 0.0627451
v -1.56362 0.4844 0.49534 0.0627451 0.38039216 0.0627451
v -1.55805 0.53872 0.53224 0.0627451 0.38039216 0.0627451
v -1.63523 0.54744 0.55184 0.0627451 0.38039216 0.0627451
v -1.55805 0.53872 0.53224 0.0627451 0.38039216 0.0627451
v -1.56362 0.4844 0.49534 0.0627451 0.38039216 0.0627451
v -1.63523 0.54744 0.55184 0.0627451 0.38039216 0.0627451
v -1.59166 0.46507 0.44896 0.0627451 0.38039216 0.0627451
v -1.56362 0.4844 0.49534 0.0627451 0.38039216 0.0627451
v -1.63523 0.54744 0.55184 0.0627451 0.38039216 0.0627451
v -1.56362 0.4844 0.49534 0.0627451 0.38039216 0.0627451
v -1.59166 0.46507 0.44896 0.0627451 0.38039216 0.0627451
v -1.63523 0.54744 0.55184 0.0627451 0.38039216 0.0627451
v -1.68452 0.41562 0.4336 0.0627451 0.38039216 0.0627451
v -1.59166 0.46507 0.44896 0.0627451 0.38039216 0.0627451
v -1.63523 0.54744 0.55184 0.0627451 0.38039216 0.0627451
v -1.59166 0.46507 0.44896 0.0627451 0.38039216 0.0627451
v -1.68452 0.41562 0.4336 0.0627451 0.38039216 0.0627451
v -1.63523 0.54744 0.55184 0.0627451 0.38039216 0.0627451
v -1.68167 0.38975 0.53946 0.0627451 0.38039216 0.0627451
v -1.68452 0.41562 0.4336 0.0627451 0.38039216 0.0627451
v -1.63523 0.54744 0.55184 0.0627451 0.38039216 0.0627451
v -1.68452 0.41562 0.4336 0.0627451 0.38039216 0.0627451
v -1.68167 0.38975 0.53946 0.0627451 0.38039216 0.0627451
v -1.63523 0.54744 0.55184 0.0627451 0.38039216 0.0627451
v -1.69739 0.47461 0.57415 0.0627451 0.38039216 0.0627451
v -1.68167 0.38975 0.53946 0.0627451 0.38039216 0.0627451
v -1.63523 0.54744 0.55184 0.0627451 0.38039216 0.0627451
v -1.68167 0.38975 0.53946 0.0627451 0.38039216 0.0627451
v -1.69739 0.47461 0.57415 0.0627451 0.38039216 0.0627451
v -1.69739 0.47461 0.57415 0.0627451 0.38039216 0.0627451
v -1.73263 0.31517 0.56688 0.0627451 0.38039216 0.0627451
v -1.68167 0.38975 0.53946 0.0627451 0.38039216 0.0627451
v -1.69739 0.47461 0.57415 0.0627451 0.38039216 0.0627451
v -1.68167 0.38975 0.53946 0.0627451 0.38039216 0.0627451
v -1.73263 0.31517 0.56688 0.0627451 0.38039216 0.0627451
v -1.38836 0.59438 0.39547 0.07058824 0.38039216 0.07058824
v -1.39006 0.54155 0.32138 0.07058824 0.38039216 0.07058824
v -1.32069 0.43418 0.405 0.07058824 0.38039216 0.07058824
v -1.38836 0.59438 0.39547 0.07058824 0.38039216 0.07058824
v -1.32069 0.43418 0.405 0.07058824 0.38039216 0.07058824
v -1.39006 0.54155 0.32138 0.07058824 0.38039216 0.07058824
v -1.38836 0.59438 0.39547 0.07058824 0.38039216 0.07058824
v -1.39006 0.54155 0.32138 0.07058824 0.38039216 0.07058824
v -1.42122 0.67591 0.43915 0.07058824 0.38039216 0.07058824
v -1.38836 0.59438 0.39547 0.07058824 0.38039216 0.07058824
v -1.42122 0.67591 0.43915 0.07058824 0.38039216 0.07058824
v -1.39006 0.54155 0.32138 0.07058824 0.38039216 0.07058824
v -1.42122 0.67591 0.43915 0.07058824 0.38039216 0.07058824
v -1.46355 0.55366 0.28807 0.07058824 0.38039216 0.07058824
v -1.39006 0.54155 0.32138 0.07058824 0.38039216 0.07058824
v -1.42122 0.67591 0.43915 0.07058824 0.38039216 0.07058824
v -1.39006 0.54155 0.32138 0.07058824 0.38039216 0.07058824
v -1.46355 0.55366 0.28807 0.07058824 0.38039216 0.07058824
v -1.42122 0.67591 0.43915 0.07058824 0.38039216 0.07058824
v -1.53536 0.58966 0.39423 0.07058824 0.38039216 0.07058824
v -1.46355 0.55366 0.28807 0.07058824 0.38039216 0.07058824
v -1.42122 0.67591 0.43915 0.07058824 0.38039216 0.07058824
v -1.46355 0.55366 0.28807 0.07058824 0.38039216 0.07058824
v -1.53536 0.58966 0.39423 0.07058824 0.38039216 0.07058824
v -1.42122 0.67591 0.43915 0.07058824 0.38039216 0.07058824
v -1.52484 0.64058 0.46612 0.07058824 0.38039216 0.07058824
v -1.53536 0.58966 0.39423 0.07058824 0.38039216 0.07058824
v -1.42122 0.67591 0.43915 0.07058824 0.38039216 0.07058824
v -1.53536 0.58966 0.39423 0.07058824 0.38039216 0.07058824
v -1.52484 0.64058 0.46612 0.07058824 0.38039216 0.07058824
v -1.42122 0.67591 0.43915 0.07058824 0.38039216 0.07058824
v -1.49866 0.67714 0.4871 0.07058824 0.38039216 0.07058824
v -1.52484 0.64058 0.46612 0.07058824 0.38039216 0.07058824
v -1.42122 0.67591 0.43915 0.07058824 0.38039216 0.07058824
v -1.52484 0.64058 0.46612 0.07058824 0.38039216 0.07058824
v -1.49866 0.67714 0.4871 0.07058824 0.38039216 0.07058824
v -1.42122 0.67591 0.43915 0.07058824 0.38039216 0.07058824
v -1.46608 0.64624 0.54747 0.07058824 0.38039216 0.07058824
v -1.46856 0.65915 0.50756 0.07058824 0.38039216 0.07058824
v -1.42122 0.67591 0.43915 0.07058824 0.38039216 0.07058824
v -1.46856 0.65915 0.50756 0.07058824 0.38039216 0.07058824
v -1.46608 0.64624 0.54747 0.07058824 0.38039216 0.07058824
v -1.42122 0.67591 0.43915 0.07058824 0.38039216 0.07058824
v -1.39901 0.58953 0.56282 0.07058824 0.38039216 0.07058824
v -1.46608 0.64624 0.54747 0.07058824 0.38039216 0.07058824
v -1.42122 0.67591 0.43915 0.07058824 0.38039216 0.07058824
v -1.46608 0.64624 0.54747 0.07058824 0.38039216 0.07058824
v -1.39901 0.58953 0.56282 0.07058824 0.38039216 0.07058824
v -1.42122 0.67591 0.43915 0.07058824 0.38039216 0.07058824
v -1.30844 0.53339 0.49643 0.07058824 0.38039216 0.07058824
v -1.39901 0.58953 0.56282 0.07058824 0.38039216 0.07058824
v -1.42122 0.67591 0.43915 0.07058824 0.38039216 0.07058824
v -1.39901 0.58953 0.56282 0.07058824 0.38039216 0.07058824
v -1.30844 0.53339 0.49643 0.07058824 0.38039216 0.07058824
v -1.42122 0.67591 0.43915 0.07058824 0.38039216 0.07058824
v -1.26616 0.58381 0.42345 0.07058824 0.38039216 0.07058824
v -1.30844 0.53339 0.49643 0.07058824 0.38039216 0.07058824
v -1.42122 0.67591 0.43915 0.07058824 0.38039216 0.07058824
v -1.30844 0.53339 0.49643 0.07058824 0.38039216 0.07058824
v -1.26616 0.58381 0.42345 0.07058824 0.38039216 0.07058824
v -1.42122 0.67591 0.43915 0.07058824 0.38039216 0.07058824
v -1.38836 0.59438 0.39547 0.07058824 0.38039216 0.07058824
v -1.26616 0.58381 0.42345 0.07058824 0.38039216 0.07058824
v -1.42122 0.67591 0.43915 0.07058824 0.38039216 0.07058824
v -1.26616 0.58381 0.42345 0.07058824 0.38039216 0.07058824
v -1.38836 0.59438 0.39547 0.07058824 0.38039216 0.07058824
v -1.38836 0.59438 0.39547 0.07058824 0.38039216 0.07058824
v -1.32069 0.43418 0.405 0.07058824 0.38039216 0.07058824
v -1.26616 0.58381 0.42345 0.07058824 0.38039216 0.07058824
v -1.38836 0.59438 0.39547 0.07058824 0.38039216 0.07058824
v -1.26616 0.58381 0.42345 0.07058824 0.38039216 0.07058824
v -1.32069 0.43418 0.405 0.07058824 0.38039216 0.07058824
v -1.50522 0.70392 0.66865 0.078431375 0.38039216 0.078431375
v -1.5088 0.6868 0.75634 0.078431375 0.38039216 0.078431375
v -1.52152 0.56021 0.69721 0.078431375 0.38039216 0.078431375
v -1.50522 0.70392 0.66865 0.078431375 0.38039216 0.078431375
v -1.52152 0.56021 0.69721 0.078431375 0.38039216 0.078431375
v -1.5088 0.6868 0.75634 0.078431375 0.38039216 0.078431375
v -1.50522 0.70392 0.66865 0.078431375 0.38039216 0.078431375
v -1.5088 0.6868 0.75634 0.078431375 0.38039216 0.078431375
v -1.50661 0.76942 0.60888 0.078431375 0.38039216 0.078431375
v -1.50522 0.70392 0.66865 0.078431375 0.38039216 0.078431375
v -1.50661 0.76942 0.60888 0.078431375 0.38039216 0.078431375
v -1.5088 0.6868 0.75634 0.078431375 0.38039216 0.078431375
v -1.50661 0.76942 0.60888 0.078431375 0.38039216 0.078431375
v -1.43197 0.635 0.70246 0.078431375 0.38039216 0.078431375
v -1.5088 0.6868 0.75634 0.078431375 0.38039216 0.078431375
v -1.50661 0.76942 0.60888 0.078431375 0.38039216 0.078431375
v -1.5088 0.6868 0.75634 0.078431375 0.38039216 0.078431375
v -1.43197 0.635 0.70246 0.078431375 0.38039216 0.078431375
v -1.50661 0.76942 0.60888 0.078431375 0.38039216 0.078431375
v -1.41796 0.67055 0.57864 0.078431375 0.38039216 0.078431375
v -1.43197 0.635 0.70246 0.078431375 0.38039216 0.078431375
v -1.50661 0.76942 0.60888 0.078431375 0.38039216 0.078431375
v -1.43197 0.635 0.70246 0.078431375 0.38039216 0.078431375
v -1.41796 0.67055 0.57864 0.078431375 0.38039216 0.078431375
v -1.50661 0.76942 0.60888 0.078431375 0.38039216 0.078431375
v -1.4771 0.69603 0.54574 0.078431375 0.38039216 0.078431375
v -1.41796 0.67055 0.57864 0.078431375 0.38039216 0.078431375
v -1.50661 0.76942 0.60888 0.078431375 0.38039216 0.078431375
v -1.41796 0.67055 0.57864 0.078431375 0.38039216 0.078431375
v -1.4771 0.69603 0.54574 0.078431375 0.38039216 0.078431375
v -1.50661 0.76942 0.60888 0.078431375 0.38039216 0.078431375
v -1.50486 0.75305 0.54276 0.078431375 0.38039216 0.078431375
v -1.4771 0.69603 0.54574 0.078431375 0.38039216 0.078431375
v -1.50661 0.76942 0.60888 0.078431375 0.38039216 0.078431375
v -1.4771 0.69603 0.54574 0.078431375 0.38039216 0.078431375
v -1.50486 0.75305 0.54276 0.078431375 0.38039216 0.078431375
v -1.50661 0.76942 0.60888 0.078431375 0.38039216 0.078431375
v -1.53461 0.71232 0.53169 0.078431375 0.38039216 0.078431375
v -1.50143 0.76132 0.53727 0.078431375 0.38039216 0.078431375
v -1.50661 0.76942 0.60888 0.078431375 0.38039216 0.078431375
v -1.50143 0.76132 0.53727 0.078431375 0.38039216 0.078431375
v -1.53461 0.71232 0.53169 0.078431375 0.38039216 0.078431375
v -1.50661 0.76942 0.60888 0.078431375 0.38039216 0.078431375
v -1.58229 0.69493 0.54255 0.078431375 0.38039216 0.078431375
v -1.53461 0.71232 0.53169 0.078431375 0.38039216 0.078431375
v -1.50661 0.76942 0.60888 0.078431375 0.38039216 0.078431375
v -1.53461 0.71232 0.53169 0.078431375 0.38039216 0.078431375
v -1.58229 0.69493 0.54255 0.078431375 0.38039216 0.078431375
v -1.50661 0.76942 0.60888 0.078431375 0.38039216 0.078431375
v -1.62188 0.65058 0.61781 0.078431375 0.38039216 0.078431375
v -1.58229 0.69493 0.54255 0.078431375 0.38039216 0.078431375
v -1.50661 0.76942 0.60888 0.078431375 0.38039216 0.078431375
v -1.58229 0.69493 0.54255 0.078431375 0.38039216 0.078431375
v -1.62188 0.65058 0.61781 0.078431375 0.38039216 0.078431375
v -1.50661 0.76942 0.60888 0.078431375 0.38039216 0.078431375
v -1.53046 0.62731 0.64557 0.078431375 0.38039216 0.078431375
v -1.62188 0.65058 0.61781 0.078431375 0.38039216 0.078431375
v -1.50661 0.76942 0.60888 0.078431375 0.38039216 0.078431375
v -1.62188 0.65058 0.61781 0.078431375 0.38039216 0.078431375
v -1.53046 0.62731 0.64557 0.078431375 0.38039216 0.078431375
v -1.50661 0.76942 0.60888 0.078431375 0.38039216 0.078431375
v -1.50522 0.70392 0.66865 0.078431375 0.38039216 0.078431375
v -1.53046 0.62731 0.64557 0.078431375 0.38039216 0.078431375
v -1.50661 0.76942 0.60888 0.078431375 0.38039216 0.078431375
v -1.53046 0.62731 0.64557 0.078431375 0.38039216 0.078431375
v -1.50522 0.70392 0.66865 0.078431375 0.38039216 0.078431375
v -1.50522 0.70392 0.66865 0.078431375 0.38039216 0.078431375
v -1.52152 0.56021 0.69721 0.078431375 0.38039216 0.078431375
v -1.53046 0.62731 0.64557 0.078431375 0.38039216 0.078431375
v -1.50522 0.70392 0.66865 0.078431375 0.38039216 0.078431375
v -1.53046 0.62731 0.64557 0.078431375 0.38039216 0.078431375
v -1.52152 0.56021 0.69721 0.078431375 0.38039216 0.078431375
v -1.57496 0.81362 0.42526 0.078431375 0.38039216 0.078431375
v -1.63287 0.76783 0.4767 0.078431375 0.38039216 0.078431375
v -1.60576 0.71523 0.4481 0.078431375 0.38039216 0.078431375
v -1.57496 0.81362 0.42526 0.078431375 0.38039216 0.078431375
v -1.60576 0.71523 0.4481 0.078431375 0.38039216 0.078431375
v -1.63287 0.76783 0.4767 0.078431375 0.38039216 0.078431375
v -1.57496 0.81362 0.42526 0.078431375 0.38039216 0.078431375
v -1.63287 0.76783 0.4767 0.078431375 0.38039216 0.078431375
v -1.54952 0.85297 0.46927 0.078431375 0.38039216 0.078431375
v -1.57496 0.81362 0.42526 0.078431375 0.38039216 0.078431375
v -1.54952 0.85297 0.46927 0.078431375 0.38039216 0.078431375
v -1.63287 0.76783 0.4767 0.078431375 0.38039216 0.078431375
v -1.54952 0.85297 0.46927 0.078431375 0.38039216 0.078431375
v -1.62661 0.77201 0.52013 0.078431375 0.38039216 0.078431375
v -1.63287 0.76783 0.4767 0.078431375 0.38039216 0.078431375
v -1.54952 0.85297 0.46927 0.078431375 0.38039216 0.078431375
v -1.63287 0.76783 0.4767 0.078431375 0.38039216 0.078431375
v -1.62661 0.77201 0.52013 0.078431375 0.38039216 0.078431375
v -1.54952 0.85297 0.46927 0.078431375 0.38039216 0.078431375
v -1.56593 0.79551 0.56001 0.078431375 0.38039216 0.078431375
v -1.62661 0.77201 0.52013 0.078431375 0.38039216 0.078431375
v -1.54952 0.85297 0.46927 0.078431375 0.38039216 0.078431375
v -1.62661 0.77201 0.52013 0.078431375 0.38039216 0.078431375
v -1.56593 0.79551 0.56001 0.078431375 0.38039216 0.078431375
v -1.54952 0.85297 0.46927 0.078431375 0.38039216 0.078431375
v -1.51885 0.80033 0.53834 0.078431375 0.38039216 0.078431375
v -1.56593 0.79551 0.56001 0.078431375 0.38039216 0.078431375
v -1.54952 0.85297 0.46927 0.078431375 0.38039216 0.078431375
v -1.56593 0.79551 0.56001 0.078431375 0.38039216 0.078431375
v -1.51885 0.80033 0.53834 0.078431375 0.38039216 0.078431375
v -1.54952 0.85297 0.46927 0.078431375 0.38039216 0.078431375
v -1.4978 0.81818 0.50446 0.078431375 0.38039216 0.078431375
v -1.51885 0.80033 0.53834 0.078431375 0.38039216 0.078431375
v -1.54952 0.85297 0.46927 0.078431375 0.38039216 0.078431375
v -1.51885 0.80033 0.53834 0.078431375 0.38039216 0.078431375
v -1.4978 0.81818 0.50446 0.078431375 0.38039216 0.078431375
v -1.54952 0.85297 0.46927 0.078431375 0.38039216 0.078431375
v -1.47081 0.82279 0.49207 0.078431375 0.38039216 0.078431375
v -1.48873 0.83279 0.5017 0.078431375 0.38039216 0.078431375
v -1.54952 0.85297 0.46927 0.078431375 0.38039216 0.078431375
v -1.48873 0.83279 0.5017 0.078431375 0.38039216 0.078431375
v -1.47081 0.82279 0.49207 0.078431375 0.38039216 0.078431375
v -1.54952 0.85297 0.46927 0.078431375 0.38039216 0.078431375
v -1.45763 0.8119 0.46854 0.078431375 0.38039216 0.078431375
v -1.47081 0.82279 0.49207 0.078431375 0.38039216 0.078431375
v -1.54952 0.85297 0.46927 0.078431375 0.38039216 0.078431375
v -1.47081 0.82279 0.49207 0.078431375 0.38039216 0.078431375
v -1.45763 0.8119 0.46854 0.078431375 0.38039216 0.078431375
v -1.54952 0.85297 0.46927 0.078431375 0.38039216 0.078431375
v -1.48886 0.78727 0.37867 0.078431375 0.38039216 0.078431375
v -1.45763 0.8119 0.46854 0.078431375 0.38039216 0.078431375
v -1.54952 0.85297 0.46927 0.078431375 0.38039216 0.078431375
v -1.45763 0.8119 0.46854 0.078431375 0.38039216 0.078431375
v -1.48886 0.78727 0.37867 0.078431375 0.38039216 0.078431375
v -1.54952 0.85297 0.46927 0.078431375 0.38039216 0.078431375
v -1.5464 0.7601 0.38769 0.078431375 0.38039216 0.078431375
v -1.48886 0.78727 0.37867 0.078431375 0.38039216 0.078431375
v -1.54952 0.85297 0.46927 0.078431375 0.38039216 0.078431375
v -1.48886 0.78727 0.37867 0.078431375 0.38039216 0.078431375
v -1.5464 0.7601 0.38769 0.078431375 0.38039216 0.078431375
v -1.54952 0.85297 0.46927 0.078431375 0.38039216 0.078431375
v -1.57496 0.81362 0.42526 0.078431375 0.38039216 0.078431375
v -1.5464 0.7601 0.38769 0.078431375 0.38039216 0.078431375
v -1.54952 0.85297 0.46927 0.078431375 0.38039216 0.078431375
v -1.5464 0.7601 0.38769 0.078431375 0.38039216 0.078431375
v -1.57496 0.81362 0.42526 0.078431375 0.38039216 0.078431375
v -1.57496 0.81362 0.42526 0.078431375 0.38039216 0.078431375
v -1.60576 0.71523 0.4481 0.078431375 0.38039216 0.078431375
v -1.5464 0.7601 0.38769 0.078431375 0.38039216 0.078431375
v -1.57496 0.81362 0.42526 0.078431375 0.38039216 0.078431375
v -1.5464 0.7601 0.38769 0.078431375 0.38039216 0.078431375
v -1.60576 0.71523 0.4481 0.078431375 0.38039216 0.078431375
v -1.42411 0.92057 0.5194 0.12156863 0.38039216 0.12156863
v -1.40722 0.89401 0.465 0.12156863 0.38039216 0.12156863
v -1.39383 0.85924 0.49182 0.12156863 0.38039216 0.12156863
v -1.42411 0.92057 0.5194 0.12156863 0.38039216 0.12156863
v -1.39383 0.85924 0.49182 0.12156863 0.38039216 0.12156863
v -1.40722 0.89401 0.465 0.12156863 0.38039216 0.12156863
v -1.42411 0.92057 0.5194 0.12156863 0.38039216 0.12156863
v -1.40722 0.89401 0.465 0.12156863 0.38039216 0.12156863
v -1.46583 0.93361 0.50914 0.12156863 0.38039216 0.12156863
v -1.42411 0.92057 0.5194 0.12156863 0.38039216 0.12156863
v -1.46583 0.93361 0.50914 0.12156863 0.38039216 0.12156863
v -1.40722 0.89401 0.465 0.12156863 0.38039216 0.12156863
v -1.46583 0.93361 0.50914 0.12156863 0.38039216 0.12156863
v -1.43038 0.88823 0.44557 0.12156863 0.38039216 0.12156863
v -1.40722 0.89401 0.465 0.12156863 0.38039216 0.12156863
v -1.46583 0.93361 0.50914 0.12156863 0.38039216 0.12156863
v -1.40722 0.89401 0.465 0.12156863 0.38039216 0.12156863
v -1.43038 0.88823 0.44557 0.12156863 0.38039216 0.12156863
v -1.46583 0.93361 0.50914 0.12156863 0.38039216 0.12156863
v -1.48293 0.88459 0.45379 0.12156863 0.38039216 0.12156863
v -1.43038 0.88823 0.44557 0.12156863 0.38039216 0.12156863
v -1.46583 0.93361 0.50914 0.12156863 0.38039216 0.12156863
v -1.43038 0.88823 0.44557 0.12156863 0.38039216 0.12156863
v -1.48293 0.88459 0.45379 0.12156863 0.38039216 0.12156863
v -1.46583 0.93361 0.50914 0.12156863 0.38039216 0.12156863
v -1.49706 0.88184 0.48717 0.12156863 0.38039216 0.12156863
v -1.48293 0.88459 0.45379 0.12156863 0.38039216 0.12156863
v -1.46583 0.93361 0.50914 0.12156863 0.38039216 0.12156863
v -1.48293 0.88459 0.45379 0.12156863 0.38039216 0.12156863
v -1.49706 0.88184 0.48717 0.12156863 0.38039216 0.12156863
v -1.46583 0.93361 0.50914 0.12156863 0.38039216 0.12156863
v -1.49684 0.89481 0.5148 0.12156863 0.38039216 0.12156863
v -1.49706 0.88184 0.48717 0.12156863 0.38039216 0.12156863
v -1.46583 0.93361 0.50914 0.12156863 0.38039216 0.12156863
v -1.49706 0.88184 0.48717 0.12156863 0.38039216 0.12156863
v -1.49684 0.89481 0.5148 0.12156863 0.38039216 0.12156863
v -1.46583 0.93361 0.50914 0.12156863 0.38039216 0.12156863
v -1.50544 0.89442 0.53394 0.12156863 0.38039216 0.12156863
v -1.50376 0.9029 0.52068 0.12156863 0.38039216 0.12156863
v -1.46583 0.93361 0.50914 0.12156863 0.38039216 0.12156863
v -1.50376 0.9029 0.52068 0.12156863 0.38039216 0.12156863
v -1.50544 0.89442 0.53394 0.12156863 0.38039216 0.12156863
v -1.46583 0.93361 0.50914 0.12156863 0.38039216 0.12156863
v -1.49853 0.88864 0.55214 0.12156863 0.38039216 0.12156863
v -1.50544 0.89442 0.53394 0.12156863 0.38039216 0.12156863
v -1.46583 0.93361 0.50914 0.12156863 0.38039216 0.12156863
v -1.50544 0.89442 0.53394 0.12156863 0.38039216 0.12156863
v -1.49853 0.88864 0.55214 0.12156863 0.38039216 0.12156863
v -1.46583 0.93361 0.50914 0.12156863 0.38039216 0.12156863
v -1.43774 0.89393 0.58357 0.12156863 0.38039216 0.12156863
v -1.49853 0.88864 0.55214 0.12156863 0.38039216 0.12156863
v -1.46583 0.93361 0.50914 0.12156863 0.38039216 0.12156863
v -1.49853 0.88864 0.55214 0.12156863 0.38039216 0.12156863
v -1.43774 0.89393 0.58357 0.12156863 0.38039216 0.12156863
v -1.46583 0.93361 0.50914 0.12156863 0.38039216 0.12156863
v -1.40723 0.88641 0.55151 0.12156863 0.38039216 0.12156863
v -1.43774 0.89393 0.58357 0.12156863 0.38039216 0.12156863
v -1.46583 0.93361 0.50914 0.12156863 0.38039216 0.12156863
v -1.43774 0.89393 0.58357 0.12156863 0.38039216 0.12156863
v -1.40723 0.88641 0.55151 0.12156863 0.38039216 0.12156863
v -1.46583 0.93361 0.50914 0.12156863 0.38039216 0.12156863
v -1.42411 0.92057 0.5194 0.12156863 0.38039216 0.12156863
v -1.40723 0.88641 0.55151 0.12156863 0.38039216 0.12156863
v -1.46583 0.93361 0.50914 0.12156863 0.38039216 0.12156863
v -1.40723 0.88641 0.55151 0.12156863 0.38039216 0.12156863
v -1.42411 0.92057 0.5194 0.12156863 0.38039216 0.12156863
v -1.42411 0.92057 0.5194 0.12156863 0.38039216 0.12156863
v -1.39383 0.85924 0.49182 0.12156863 0.38039216 0.12156863
v -1.40723 0.88641 0.55151 0.12156863 0.38039216 0.12156863
v -1.42411 0.92057 0.5194 0.12156863 0.38039216 0.12156863
v -1.40723 0.88641 0.55151 0.12156863 0.38039216 0.12156863
v -1.39383 0.85924 0.49182 0.12156863 0.38039216 0.12156863
v -1.57059 1.03718 0.53486 0.11372549 0.38039216 0.11372549
v -1.57057 1.02943 0.57145 0.11372549 0.38039216 0.11372549
v -1.59756 1.01763 0.54628 0.11372549 0.38039216 0.11372549
v -1.57059 1.03718 0.53486 0.11372549 0.38039216 0.11372549
v -1.59756 1.01763 0.54628 0.11372549 0.38039216 0.11372549
v -1.57057 1.02943 0.57145 0.11372549 0.38039216 0.11372549
v -1.57059 1.03718 0.53486 0.11372549 0.38039216 0.11372549
v -1.57057 1.02943 0.57145 0.11372549 0.38039216 0.11372549
v -1.53527 1.01944 0.52458 0.11372549 0.38039216 0.11372549
v -1.57059 1.03718 0.53486 0.11372549 0.38039216 0.11372549
v -1.53527 1.01944 0.52458 0.11372549 0.38039216 0.11372549
v -1.57057 1.02943 0.57145 0.11372549 0.38039216 0.11372549
v -1.53527 1.01944 0.52458 0.11372549 0.38039216 0.11372549
v -1.54365 1.02387 0.57807 0.11372549 0.38039216 0.11372549
v -1.57057 1.02943 0.57145 0.11372549 0.38039216 0.11372549
v -1.53527 1.01944 0.52458 0.11372549 0.38039216 0.11372549
v -1.57057 1.02943 0.57145 0.11372549 0.38039216 0.11372549
v -1.54365 1.02387 0.57807 0.11372549 0.38039216 0.11372549
v -1.53527 1.01944 0.52458 0.11372549 0.38039216 0.11372549
v -1.52222 1.00095 0.5605 0.11372549 0.38039216 0.11372549
v -1.54365 1.02387 0.57807 0.11372549 0.38039216 0.11372549
v -1.53527 1.01944 0.52458 0.11372549 0.38039216 0.11372549
v -1.54365 1.02387 0.57807 0.11372549 0.38039216 0.11372549
v -1.52222 1.00095 0.5605 0.11372549 0.38039216 0.11372549
v -1.53527 1.01944 0.52458 0.11372549 0.38039216 0.11372549
v -1.52455 0.99323 0.53291 0.11372549 0.38039216 0.11372549
v -1.52222 1.00095 0.5605 0.11372549 0.38039216 0.11372549
v -1.53527 1.01944 0.52458 0.11372549 0.38039216 0.11372549
v -1.52222 1.00095 0.5605 0.11372549 0.38039216 0.11372549
v -1.52455 0.99323 0.53291 0.11372549 0.38039216 0.11372549
v -1.53527 1.01944 0.52458 0.11372549 0.38039216 0.11372549
v -1.52487 0.9982 0.51914 0.11372549 0.38039216 0.11372549
v -1.52455 0.99323 0.53291 0.11372549 0.38039216 0.11372549
v -1.53527 1.01944 0.52458 0.11372549 0.38039216 0.11372549
v -1.52455 0.99323 0.53291 0.11372549 0.38039216 0.11372549
v -1.52487 0.9982 0.51914 0.11372549 0.38039216 0.11372549
v -1.53527 1.01944 0.52458 0.11372549 0.38039216 0.11372549
v -1.5443 0.99312 0.49758 0.11372549 0.38039216 0.11372549
v -1.52959 0.9975 0.50931 0.11372549 0.38039216 0.11372549
v -1.53527 1.01944 0.52458 0.11372549 0.38039216 0.11372549
v -1.52959 0.9975 0.50931 0.11372549 0.38039216 0.11372549
v -1.5443 0.99312 0.49758 0.11372549 0.38039216 0.11372549
v -1.53527 1.01944 0.52458 0.11372549 0.38039216 0.11372549
v -1.56163 1.00148 0.49009 0.11372549 0.38039216 0.11372549
v -1.5443 0.99312 0.49758 0.11372549 0.38039216 0.11372549
v -1.53527 1.01944 0.52458 0.11372549 0.38039216 0.11372549
v -1.5443 0.99312 0.49758 0.11372549 0.38039216 0.11372549
v -1.56163 1.00148 0.49009 0.11372549 0.38039216 0.11372549
v -1.53527 1.01944 0.52458 0.11372549 0.38039216 0.11372549
v -1.58653 1.02936 0.49102 0.11372549 0.38039216 0.11372549
v -1.56163 1.00148 0.49009 0.11372549 0.38039216 0.11372549
v -1.53527 1.01944 0.52458 0.11372549 0.38039216 0.11372549
v -1.56163 1.00148 0.49009 0.11372549 0.38039216 0.11372549
v -1.58653 1.02936 0.49102 0.11372549 0.38039216 0.11372549
v -1.53527 1.01944 0.52458 0.11372549 0.38039216 0.11372549
v -1.60061 1.03958 0.52841 0.11372549 0.38039216 0.11372549
v -1.58653 1.02936 0.49102 0.11372549 0.38039216 0.11372549
v -1.53527 1.01944 0.52458 0.11372549 0.38039216 0.11372549
v -1.58653 1.02936 0.49102 0.11372549 0.38039216 0.11372549
v -1.60061 1.03958 0.52841 0.11372549 0.38039216 0.11372549
v -1.53527 1.01944 0.52458 0.11372549 0.38039216 0.11372549
v -1.57059 1.03718 0.53486 0.11372549 0.38039216 0.11372549
v -1.60061 1.03958 0.52841 0.11372549 0.38039216 0.11372549
v -1.53527 1.01944 0.52458 0.11372549 0.38039216 0.11372549
v -1.60061 1.03958 0.52841 0.11372549 0.38039216 0.11372549
v -1.57059 1.03718 0.53486 0.11372549 0.38039216 0.11372549
v -1.57059 1.03718 0.53486 0.11372549 0.38039216 0.11372549
v -1.59756 1.01763 0.54628 0.11372549 0.38039216 0.11372549
v -1.60061 1.03958 0.52841 0.11372549 0.38039216 0.11372549
v -1.57059 1.03718 0.53486 0.11372549 0.38039216 0.11372549
v -1.60061 1.03958 0.52841 0.11372549 0.38039216 0.11372549
v -1.59756 1.01763 0.54628 0.11372549 0.38039216 0.11372549
v -1.51131 1.06803 0.4924 0.16470589 0.38039216 0.16470589
v -1.53158 1.07028 0.47865 0.16470589 0.38039216 0.16470589
v -1.50773 1.07106 0.46972 0.16470589 0.38039216 0.16470589
v -1.51131 1.06803 0.4924 0.16470589 0.38039216 0.16470589
v -1.50773 1.07106 0.46972 0.16470589 0.38039216 0.16470589
v -1.53158 1.07028 0.47865 0.16470589 0.38039216 0.16470589
v -1.51131 1.06803 0.4924 0.16470589 0.38039216 0.16470589
v -1.53158 1.07028 0.47865 0.16470589 0.38039216 0.16470589
v -1.51563 1.0434 0.50222 0.16470589 0.38039216 0.16470589
v -1.51131 1.06803 0.4924 0.16470589 0.38039216 0.16470589
v -1.51563 1.0434 0.50222 0.16470589 0.38039216 0.16470589
v -1.53158 1.07028 0.47865 0.16470589 0.38039216 0.16470589
v -1.51563 1.0434 0.50222 0.16470589 0.38039216 0.16470589
v -1.54365 1.05786 0.48542 0.16470589 0.38039216 0.16470589
v -1.53158 1.07028 0.47865 0.16470589 0.38039216 0.16470589
v -1.51563 1.0434 0.50222 0.16470589 0.38039216 0.16470589
v -1.53158 1.07028 0.47865 0.16470589 0.38039216 0.16470589
v -1.54365 1.05786 0.48542 0.16470589 0.38039216 0.16470589
v -1.51563 1.0434 0.50222 0.16470589 0.38039216 0.16470589
v -1.53898 1.03502 0.48941 0.16470589 0.38039216 0.16470589
v -1.54365 1.05786 0.48542 0.16470589 0.38039216 0.16470589
v -1.51563 1.0434 0.50222 0.16470589 0.38039216 0.16470589
v -1.54365 1.05786 0.48542 0.16470589 0.38039216 0.16470589
v -1.53898 1.03502 0.48941 0.16470589 0.38039216 0.16470589
v -1.51563 1.0434 0.50222 0.16470589 0.38039216 0.16470589
v -1.522 1.02754 0.49302 0.16470589 0.38039216 0.16470589
v -1.53898 1.03502 0.48941 0.16470589 0.38039216 0.16470589
v -1.51563 1.0434 0.50222 0.16470589 0.38039216 0.16470589
v -1.53898 1.03502 0.48941 0.16470589 0.38039216 0.16470589
v -1.522 1.02754 0.49302 0.16470589 0.38039216 0.16470589
v -1.51563 1.0434 0.50222 0.16470589 0.38039216 0.16470589
v -1.51441 1.02783 0.49895 0.16470589 0.38039216 0.16470589
v -1.522 1.02754 0.49302 0.16470589 0.38039216 0.16470589
v -1.51563 1.0434 0.50222 0.16470589 0.38039216 0.16470589
v -1.522 1.02754 0.49302 0.16470589 0.38039216 0.16470589
v -1.51441 1.02783 0.49895 0.16470589 0.38039216 0.16470589
v -1.51563 1.0434 0.50222 0.16470589 0.38039216 0.16470589
v -1.49552 1.02951 0.49496 0.16470589 0.38039216 0.16470589
v -1.50725 1.02774 0.49952 0.16470589 0.38039216 0.16470589
v -1.51563 1.0434 0.50222 0.16470589 0.38039216 0.16470589
v -1.50725 1.02774 0.49952 0.16470589 0.38039216 0.16470589
v -1.49552 1.02951 0.49496 0.16470589 0.38039216 0.16470589
v -1.51563 1.0434 0.50222 0.16470589 0.38039216 0.16470589
v -1.48625 1.03933 0.49357 0.16470589 0.38039216 0.16470589
v -1.49552 1.02951 0.49496 0.16470589 0.38039216 0.16470589
v -1.51563 1.0434 0.50222 0.16470589 0.38039216 0.16470589
v -1.49552 1.02951 0.49496 0.16470589 0.38039216 0.16470589
v -1.48625 1.03933 0.49357 0.16470589 0.38039216 0.16470589
v -1.51563 1.0434 0.50222 0.16470589 0.38039216 0.16470589
v -1.48069 1.06324 0.49503 0.16470589 0.38039216 0.16470589
v -1.48625 1.03933 0.49357 0.16470589 0.38039216 0.16470589
v -1.51563 1.0434 0.50222 0.16470589 0.38039216 0.16470589
v -1.48625 1.03933 0.49357 0.16470589 0.38039216 0.16470589
v -1.48069 1.06324 0.49503 0.16470589 0.38039216 0.16470589
v -1.51563 1.0434 0.50222 0.16470589 0.38039216 0.16470589
v -1.49812 1.08016 0.48296 0.16470589 0.38039216 0.16470589
v -1.48069 1.06324 0.49503 0.16470589 0.38039216 0.16470589
v -1.51563 1.0434 0.50222 0.16470589 0.38039216 0.16470589
v -1.48069 1.06324 0.49503 0.16470589 0.38039216 0.16470589
v -1.49812 1.08016 0.48296 0.16470589 0.38039216 0.16470589
v -1.51563 1.0434 0.50222 0.16470589 0.38039216 0.16470589
v -1.51131 1.06803 0.4924 0.16470589 0.38039216 0.16470589
v -1.49812 1.08016 0.48296 0.16470589 0.38039216 0.16470589
v -1.51563 1.0434 0.50222 0.16470589 0.38039216 0.16470589
v -1.49812 1.08016 0.48296 0.16470589 0.38039216 0.16470589
v -1.51131 1.06803 0.4924 0.16470589 0.38039216 0.16470589
v -1.51131 1.06803 0.4924 0.16470589 0.38039216 0.16470589
v -1.50773 1.07106 0.46972 0.16470589 0.38039216 0.16470589
v -1.49812 1.08016 0.48296 0.16470589 0.38039216 0.16470589
v -1.51131 1.06803 0.4924 0.16470589 0.38039216 0.16470589
v -1.49812 1.08016 0.48296 0.16470589 0.38039216 0.16470589
v -1.50773 1.07106 0.46972 0.16470589 0.38039216 0.16470589
v -1.51666 1.07333 0.51563 0.22745098 0.38039216 0.22745098
v -1.50143 1.0775 0.51839 0.22745098 0.38039216 0.22745098
v -1.51429 1.08145 0.52813 0.22745098 0.38039216 0.22745098
v -1.51666 1.07333 0.51563 0.22745098 0.38039216 0.22745098
v -1.51429 1.08145 0.52813 0.22745098 0.38039216 0.22745098
v -1.50143 1.0775 0.51839 0.22745098 0.38039216 0.22745098
v -1.51666 1.07333 0.51563 0.22745098 0.38039216 0.22745098
v -1.50143 1.0775 0.51839 0.22745098 0.38039216 0.22745098
v -1.51483 1.05592 0.51596 0.22745098 0.38039216 0.22745098
v -1.51666 1.07333 0.51563 0.22745098 0.38039216 0.22745098
v -1.51483 1.05592 0.51596 0.22745098 0.38039216 0.22745098
v -1.50143 1.0775 0.51839 0.22745098 0.38039216 0.22745098
v -1.51483 1.05592 0.51596 0.22745098 0.38039216 0.22745098
v -1.49479 1.06779 0.51547 0.22745098 0.38039216 0.22745098
v -1.50143 1.0775 0.51839 0.22745098 0.38039216 0.22745098
v -1.51483 1.05592 0.51596 0.22745098 0.38039216 0.22745098
v -1.50143 1.0775 0.51839 0.22745098 0.38039216 0.22745098
v -1.49479 1.06779 0.51547 0.22745098 0.38039216 0.22745098
v -1.51483 1.05592 0.51596 0.22745098 0.38039216 0.22745098
v -1.49736 1.05342 0.52044 0.22745098 0.38039216 0.22745098
v -1.49479 1.06779 0.51547 0.22745098 0.38039216 0.22745098
v -1.51483 1.05592 0.51596 0.22745098 0.38039216 0.22745098
v -1.49479 1.06779 0.51547 0.22745098 0.38039216 0.22745098
v -1.49736 1.05342 0.52044 0.22745098 0.38039216 0.22745098
v -1.51483 1.05592 0.51596 0.22745098 0.38039216 0.22745098
v -1.5082 1.04877 0.52402 0.22745098 0.38039216 0.22745098
v -1.49736 1.05342 0.52044 0.22745098 0.38039216 0.22745098
v -1.51483 1.05592 0.51596 0.22745098 0.38039216 0.22745098
v -1.49736 1.05342 0.52044 0.22745098 0.38039216 0.22745098
v -1.5082 1.04877 0.52402 0.22745098 0.38039216 0.22745098
v -1.51483 1.05592 0.51596 0.22745098 0.38039216 0.22745098
v -1.51412 1.04767 0.52225 0.22745098 0.38039216 0.22745098
v -1.5082 1.04877 0.52402 0.22745098 0.38039216 0.22745098
v -1.51483 1.05592 0.51596 0.22745098 0.38039216 0.22745098
v -1.5082 1.04877 0.52402 0.22745098 0.38039216 0.22745098
v -1.51412 1.04767 0.52225 0.22745098 0.38039216 0.22745098
v -1.51483 1.05592 0.51596 0.22745098 0.38039216 0.22745098
v -1.525 1.05058 0.52797 0.22745098 0.38039216 0.22745098
v -1.51864 1.04777 0.52346 0.22745098 0.38039216 0.22745098
v -1.51483 1.05592 0.51596 0.22745098 0.38039216 0.22745098
v -1.51864 1.04777 0.52346 0.22745098 0.38039216 0.22745098
v -1.525 1.05058 0.52797 0.22745098 0.38039216 0.22745098
v -1.51483 1.05592 0.51596 0.22745098 0.38039216 0.22745098
v -1.5309 1.05717 0.52802 0.22745098 0.38039216 0.22745098
v -1.525 1.05058 0.52797 0.22745098 0.38039216 0.22745098
v -1.51483 1.05592 0.51596 0.22745098 0.38039216 0.22745098
v -1.525 1.05058 0.52797 0.22745098 0.38039216 0.22745098
v -1.5309 1.05717 0.52802 0.22745098 0.38039216 0.22745098
v -1.51483 1.05592 0.51596 0.22745098 0.38039216 0.22745098
v -1.53583 1.07115 0.5219 0.22745098 0.38039216 0.22745098
v -1.5309 1.05717 0.52802 0.22745098 0.38039216 0.22745098
v -1.51483 1.05592 0.51596 0.22745098 0.38039216 0.22745098
v -1.5309 1.05717 0.52802 0.22745098 0.38039216 0.22745098
v -1.53583 1.07115 0.5219 0.22745098 0.38039216 0.22745098
v -1.51483 1.05592 0.51596 0.22745098 0.38039216 0.22745098
v -1.52342 1.08365 0.52035 0.22745098 0.38039216 0.22745098
v -1.53583 1.07115 0.5219 0.22745098 0.38039216 0.22745098
v -1.51483 1.05592 0.51596 0.22745098 0.38039216 0.22745098
v -1.53583 1.07115 0.5219 0.22745098 0.38039216 0.22745098
v -1.52342 1.08365 0.52035 0.22745098 0.38039216 0.22745098
v -1.51483 1.05592 0.51596 0.22745098 0.38039216 0.22745098
v -1.51666 1.07333 0.51563 0.22745098 0.38039216 0.22745098
v -1.52342 1.08365 0.52035 0.22745098 0.38039216 0.22745098
v -1.51483 1.05592 0.51596 0.22745098 0.38039216 0.22745098
v -1.52342 1.08365 0.52035 0.22745098 0.38039216 0.22745098
v -1.51666 1.07333 0.51563 0.22745098 0.38039216 0.22745098
v -1.51666 1.07333 0.51563 0.22745098 0.38039216 0.22745098
v -1.51429 1.08145 0.52813 0.22745098 0.38039216 0.22745098
v -1.52342 1.08365 0.52035 0.22745098 0.38039216 0.22745098
v -1.51666 1.07333 0.51563 0.22745098 0.38039216 0.22745098
v -1.52342 1.08365 0.52035 0.22745098 0.38039216 0.22745098
v -1.51429 1.08145 0.52813 0.22745098 0.38039216 0.22745098
v 0.05464 0.2384 0.42516 0.050980393 0.38039216 0.050980393
v 0.02789 0.22407 0.39273 0.050980393 0.38039216 0.050980393
v 0.068 0.20473 0.40429 0.050980393 0.38039216 0.050980393
v 0.05464 0.2384 0.42516 0.050980393 0.38039216 0.050980393
v 0.068 0.20473 0.40429 0.050980393 0.38039216 0.050980393
v 0.02789 0.22407 0.39273 0.050980393 0.38039216 0.050980393
v 0.05464 0.2384 0.42516 0.050980393 0.38039216 0.050980393
v 0.02789 0.22407 0.39273 0.050980393 0.38039216 0.050980393
v 0.02434 0.2334 0.46271 0.050980393 0.38039216 0.050980393
v 0.05464 0.2384 0.42516 0.050980393 0.38039216 0.050980393
v 0.02434 0.2334 0.46271 0.050980393 0.38039216 0.050980393
v 0.02789 0.22407 0.39273 0.050980393 0.38039216 0.050980393
v 0.02434 0.2334 0.46271 0.050980393 0.38039216 0.050980393
v -0.00332 0.22689 0.40479 0.050980393 0.38039216 0.050980393
v 0.02789 0.22407 0.39273 0.050980393 0.38039216 0.050980393
v 0.02434 0.2334 0.46271 0.050980393 0.38039216 0.050980393
v 0.02789 0.22407 0.39273 0.050980393 0.38039216 0.050980393
v -0.00332 0.22689 0.40479 0.050980393 0.38039216 0.050980393
v 0.02434 0.2334 0.46271 0.050980393 0.38039216 0.050980393
v -0.01664 0.21205 0.44256 0.050980393 0.38039216 0.050980393
v -0.00332 0.22689 0.40479 0.050980393 0.38039216 0.050980393
v 0.02434 0.2334 0.46271 0.050980393 0.38039216 0.050980393
v -0.00332 0.22689 0.40479 0.050980393 0.38039216 0.050980393
v -0.01664 0.21205 0.44256 0.050980393 0.38039216 0.050980393
v 0.02434 0.2334 0.46271 0.050980393 0.38039216 0.050980393
v 0.00271 0.20685 0.47019 0.050980393 0.38039216 0.050980393
v -0.01664 0.21205 0.44256 0.050980393 0.38039216 0.050980393
v 0.02434 0.2334 0.46271 0.050980393 0.38039216 0.050980393
v -0.01664 0.21205 0.44256 0.050980393 0.38039216 0.050980393
v 0.00271 0.20685 0.47019 0.050980393 0.38039216 0.050980393
v 0.02434 0.2334 0.46271 0.050980393 0.38039216 0.050980393
v 0.01353 0.21442 0.48151 0.050980393 0.38039216 0.050980393
v 0.00271 0.20685 0.47019 0.050980393 0.38039216 0.050980393
v 0.02434 0.2334 0.46271 0.050980393 0.38039216 0.050980393
v 0.00271 0.20685 0.47019 0.050980393 0.38039216 0.050980393
v 0.01353 0.21442 0.48151 0.050980393 0.38039216 0.050980393
v 0.02434 0.2334 0.46271 0.050980393 0.38039216 0.050980393
v 0.04551 0.20484 0.49197 0.050980393 0.38039216 0.050980393
v 0.02455 0.21341 0.48827 0.050980393 0.38039216 0.050980393
v 0.02434 0.2334 0.46271 0.050980393 0.38039216 0.050980393
v 0.02455 0.21341 0.48827 0.050980393 0.38039216 0.050980393
v 0.04551 0.20484 0.49197 0.050980393 0.38039216 0.050980393
v 0.02434 0.2334 0.46271 0.050980393 0.38039216 0.050980393
v 0.06887 0.20886 0.48568 0.050980393 0.38039216 0.050980393
v 0.04551 0.20484 0.49197 0.050980393 0.38039216 0.050980393
v 0.02434 0.2334 0.46271 0.050980393 0.38039216 0.050980393
v 0.04551 0.20484 0.49197 0.050980393 0.38039216 0.050980393
v 0.06887 0.20886 0.48568 0.050980393 0.38039216 0.050980393
v 0.02434 0.2334 0.46271 0.050980393 0.38039216 0.050980393
v 0.09795 0.23054 0.46006 0.050980393 0.38039216 0.050980393
v 0.06887 0.20886 0.48568 0.050980393 0.38039216 0.050980393
v 0.02434 0.2334 0.46271 0.050980393 0.38039216 0.050980393
v 0.06887 0.20886 0.48568 0.050980393 0.38039216 0.050980393
v 0.09795 0.23054 0.46006 0.050980393 0.38039216 0.050980393
v 0.02434 0.2334 0.46271 0.050980393 0.38039216 0.050980393
v 0.08796 0.23086 0.41211 0.050980393 0.38039216 0.050980393
v 0.09795 0.23054 0.46006 0.050980393 0.38039216 0.050980393
v 0.02434 0.2334 0.46271 0.050980393 0.38039216 0.050980393
v 0.09795 0.23054 0.46006 0.050980393 0.38039216 0.050980393
v 0.08796 0.23086 0.41211 0.050980393 0.38039216 0.050980393
v 0.02434 0.2334 0.46271 0.050980393 0.38039216 0.050980393
v 0.05464 0.2384 0.42516 0.050980393 0.38039216 0.050980393
v 0.08796 0.23086 0.41211 0.050980393 0.38039216 0.050980393
v 0.02434 0.2334 0.46271 0.050980393 0.38039216 0.050980393
v 0.08796 0.23086 0.41211 0.050980393 0.38039216 0.050980393
v 0.05464 0.2384 0.42516 0.050980393 0.38039216 0.050980393
v 0.05464 0.2384 0.42516 0.050980393 0.38039216 0.050980393
v 0.068 0.20473 0.40429 0.050980393 0.38039216 0.050980393
v 0.08796 0.23086 0.41211 0.050980393 0.38039216 0.050980393
v 0.05464 0.2384 0.42516 0.050980393 0.38039216 0.050980393
v 0.08796 0.23086 0.41211 0.050980393 0.38039216 0.050980393
v 0.068 0.20473 0.40429 0.050980393 0.38039216 0.050980393
v 0.05208 0.34528 0.6862 0.050980393 0.38039216 0.050980393
v 0.13837 0.29279 0.67128 0.050980393 0.38039216 0.050980393
v 0.09407 0.23329 0.67902 0.050980393 0.38039216 0.050980393
v 0.05208 0.34528 0.6862 0.050980393 0.38039216 0.050980393
v 0.09407 0.23329 0.67902 0.050980393 0.38039216 0.050980393
v 0.13837 0.29279 0.67128 0.050980393 0.38039216 0.050980393
v 0.05208 0.34528 0.6862 0.050980393 0.38039216 0.050980393
v 0.13837 0.29279 0.67128 0.050980393 0.38039216 0.050980393
v 0.05596 0.39226 0.63054 0.050980393 0.38039216 0.050980393
v 0.05208 0.34528 0.6862 0.050980393 0.38039216 0.050980393
v 0.05596 0.39226 0.63054 0.050980393 0.38039216 0.050980393
v 0.13837 0.29279 0.67128 0.050980393 0.38039216 0.050980393
v 0.05596 0.39226 0.63054 0.050980393 0.38039216 0.050980393
v 0.15956 0.29915 0.62644 0.050980393 0.38039216 0.050980393
v 0.13837 0.29279 0.67128 0.050980393 0.38039216 0.050980393
v 0.05596 0.39226 0.63054 0.050980393 0.38039216 0.050980393
v 0.13837 0.29279 0.67128 0.050980393 0.38039216 0.050980393
v 0.15956 0.29915 0.62644 0.050980393 0.38039216 0.050980393
v 0.05596 0.39226 0.63054 0.050980393 0.38039216 0.050980393
v 0.12721 0.32939 0.55201 0.050980393 0.38039216 0.050980393
v 0.15956 0.29915 0.62644 0.050980393 0.38039216 0.050980393
v 0.05596 0.39226 0.63054 0.050980393 0.38039216 0.050980393
v 0.15956 0.29915 0.62644 0.050980393 0.38039216 0.050980393
v 0.12721 0.32939 0.55201 0.050980393 0.38039216 0.050980393
v 0.05596 0.39226 0.63054 0.050980393 0.38039216 0.050980393
v 0.06914 0.33596 0.54349 0.050980393 0.38039216 0.050980393
v 0.12721 0.32939 0.55201 0.050980393 0.38039216 0.050980393
v 0.05596 0.39226 0.63054 0.050980393 0.38039216 0.050980393
v 0.12721 0.32939 0.55201 0.050980393 0.38039216 0.050980393
v 0.06914 0.33596 0.54349 0.050980393 0.38039216 0.050980393
v 0.05596 0.39226 0.63054 0.050980393 0.38039216 0.050980393
v 0.02833 0.35594 0.56336 0.050980393 0.38039216 0.050980393
v 0.06914 0.33596 0.54349 0.050980393 0.38039216 0.050980393
v 0.05596 0.39226 0.63054 0.050980393 0.38039216 0.050980393
v 0.06914 0.33596 0.54349 0.050980393 0.38039216 0.050980393
v 0.02833 0.35594 0.56336 0.050980393 0.38039216 0.050980393
v 0.05596 0.39226 0.63054 0.050980393 0.38039216 0.050980393
v -0.0049 0.3618 0.55853 0.050980393 0.38039216 0.050980393
v 0.01824 0.37276 0.56102 0.050980393 0.38039216 0.050980393
v 0.05596 0.39226 0.63054 0.050980393 0.38039216 0.050980393
v 0.01824 0.37276 0.56102 0.050980393 0.38039216 0.050980393
v -0.0049 0.3618 0.55853 0.050980393 0.38039216 0.050980393
v 0.05596 0.39226 0.63054 0.050980393 0.38039216 0.050980393
v -0.03222 0.34922 0.57212 0.050980393 0.38039216 0.050980393
v -0.0049 0.3618 0.55853 0.050980393 0.38039216 0.050980393
v 0.05596 0.39226 0.63054 0.050980393 0.38039216 0.050980393
v -0.0049 0.3618 0.55853 0.050980393 0.38039216 0.050980393
v -0.03222 0.34922 0.57212 0.050980393 0.38039216 0.050980393
v 0.05596 0.39226 0.63054 0.050980393 0.38039216 0.050980393
v -0.05896 0.31724 0.67554 0.050980393 0.38039216 0.050980393
v -0.03222 0.34922 0.57212 0.050980393 0.38039216 0.050980393
v 0.05596 0.39226 0.63054 0.050980393 0.38039216 0.050980393
v -0.03222 0.34922 0.57212 0.050980393 0.38039216 0.050980393
v -0.05896 0.31724 0.67554 0.050980393 0.38039216 0.050980393
v 0.05596 0.39226 0.63054 0.050980393 0.38039216 0.050980393
v 0.00081 0.28451 0.70148 0.050980393 0.38039216 0.050980393
v -0.05896 0.31724 0.67554 0.050980393 0.38039216 0.050980393
v 0.05596 0.39226 0.63054 0.050980393 0.38039216 0.050980393
v -0.05896 0.31724 0.67554 0.050980393 0.38039216 0.050980393
v 0.00081 0.28451 0.70148 0.050980393 0.38039216 0.050980393
v 0.05596 0.39226 0.63054 0.050980393 0.38039216 0.050980393
v 0.05208 0.34528 0.6862 0.050980393 0.38039216 0.050980393
v 0.00081 0.28451 0.70148 0.050980393 0.38039216 0.050980393
v 0.05596 0.39226 0.63054 0.050980393 0.38039216 0.050980393
v 0.00081 0.28451 0.70148 0.050980393 0.38039216 0.050980393
v 0.05208 0.34528 0.6862 0.050980393 0.38039216 0.050980393
v 0.05208 0.34528 0.6862 0.050980393 0.38039216 0.050980393
v 0.09407 0.23329 0.67902 0.050980393 0.38039216 0.050980393
v 0.00081 0.28451 0.70148 0.050980393 0.38039216 0.050980393
v 0.05208 0.34528 0.6862 0.050980393 0.38039216 0.050980393
v 0.00081 0.28451 0.70148 0.050980393 0.38039216 0.050980393
v 0.09407 0.23329 0.67902 0.050980393 0.38039216 0.050980393
v -0.17691 0.48128 0.60089 0.05490196 0.38039216 0.05490196
v -0.26503 0.46198 0.642 0.05490196 0.38039216 0.05490196
v -0.21286 0.32184 0.59919 0.05490196 0.38039216 0.05490196
v -0.17691 0.48128 0.60089 0.05490196 0.38039216 0.05490196
v -0.21286 0.32184 0.59919 0.05490196 0.38039216 0.05490196
v -0.26503 0.46198 0.642 0.05490196 0.38039216 0.05490196
v -0.17691 0.48128 0.60089 0.05490196 0.38039216 0.05490196
v -0.26503 0.46198 0.642 0.05490196 0.38039216 0.05490196
v -0.11898 0.5541 0.56918 0.05490196 0.38039216 0.05490196
v -0.17691 0.48128 0.60089 0.05490196 0.38039216 0.05490196
v -0.11898 0.5541 0.56918 0.05490196 0.38039216 0.05490196
v -0.26503 0.46198 0.642 0.05490196 0.38039216 0.05490196
v -0.11898 0.5541 0.56918 0.05490196 0.38039216 0.05490196
v -0.17269 0.40477 0.69016 0.05490196 0.38039216 0.05490196
v -0.26503 0.46198 0.642 0.05490196 0.38039216 0.05490196
v -0.11898 0.5541 0.56918 0.05490196 0.38039216 0.05490196
v -0.26503 0.46198 0.642 0.05490196 0.38039216 0.05490196
v -0.17269 0.40477 0.69016 0.05490196 0.38039216 0.05490196
v -0.11898 0.5541 0.56918 0.05490196 0.38039216 0.05490196
v -0.04373 0.44463 0.64095 0.05490196 0.38039216 0.05490196
v -0.17269 0.40477 0.69016 0.05490196 0.38039216 0.05490196
v -0.11898 0.5541 0.56918 0.05490196 0.38039216 0.05490196
v -0.17269 0.40477 0.69016 0.05490196 0.38039216 0.05490196
v -0.04373 0.44463 0.64095 0.05490196 0.38039216 0.05490196
v -0.11898 0.5541 0.56918 0.05490196 0.38039216 0.05490196
v -0.04153 0.47298 0.56599 0.05490196 0.38039216 0.05490196
v -0.04373 0.44463 0.64095 0.05490196 0.38039216 0.05490196
v -0.11898 0.5541 0.56918 0.05490196 0.38039216 0.05490196
v -0.04373 0.44463 0.64095 0.05490196 0.38039216 0.05490196
v -0.04153 0.47298 0.56599 0.05490196 0.38039216 0.05490196
v -0.11898 0.5541 0.56918 0.05490196 0.38039216 0.05490196
v -0.05292 0.53619 0.53721 0.05490196 0.38039216 0.05490196
v -0.04153 0.47298 0.56599 0.05490196 0.38039216 0.05490196
v -0.11898 0.5541 0.56918 0.05490196 0.38039216 0.05490196
v -0.04153 0.47298 0.56599 0.05490196 0.38039216 0.05490196
v -0.05292 0.53619 0.53721 0.05490196 0.38039216 0.05490196
v -0.11898 0.5541 0.56918 0.05490196 0.38039216 0.05490196
v -0.05703 0.49107 0.50222 0.05490196 0.38039216 0.05490196
v -0.04579 0.54539 0.53781 0.05490196 0.38039216 0.05490196
v -0.11898 0.5541 0.56918 0.05490196 0.38039216 0.05490196
v -0.04579 0.54539 0.53781 0.05490196 0.38039216 0.05490196
v -0.05703 0.49107 0.50222 0.05490196 0.38039216 0.05490196
v -0.11898 0.5541 0.56918 0.05490196 0.38039216 0.05490196
v -0.09194 0.47174 0.46077 0.05490196 0.38039216 0.05490196
v -0.05703 0.49107 0.50222 0.05490196 0.38039216 0.05490196
v -0.11898 0.5541 0.56918 0.05490196 0.38039216 0.05490196
v -0.05703 0.49107 0.50222 0.05490196 0.38039216 0.05490196
v -0.09194 0.47174 0.46077 0.05490196 0.38039216 0.05490196
v -0.11898 0.5541 0.56918 0.05490196 0.38039216 0.05490196
v -0.18607 0.42228 0.46005 0.05490196 0.38039216 0.05490196
v -0.09194 0.47174 0.46077 0.05490196 0.38039216 0.05490196
v -0.11898 0.5541 0.56918 0.05490196 0.38039216 0.05490196
v -0.09194 0.47174 0.46077 0.05490196 0.38039216 0.05490196
v -0.18607 0.42228 0.46005 0.05490196 0.38039216 0.05490196
v -0.11898 0.5541 0.56918 0.05490196 0.38039216 0.05490196
v -0.16678 0.39641 0.56418 0.05490196 0.38039216 0.05490196
v -0.18607 0.42228 0.46005 0.05490196 0.38039216 0.05490196
v -0.11898 0.5541 0.56918 0.05490196 0.38039216 0.05490196
v -0.18607 0.42228 0.46005 0.05490196 0.38039216 0.05490196
v -0.16678 0.39641 0.56418 0.05490196 0.38039216 0.05490196
v -0.11898 0.5541 0.56918 0.05490196 0.38039216 0.05490196
v -0.17691 0.48128 0.60089 0.05490196 0.38039216 0.05490196
v -0.16678 0.39641 0.56418 0.05490196 0.38039216 0.05490196
v -0.11898 0.5541 0.56918 0.05490196 0.38039216 0.05490196
v -0.16678 0.39641 0.56418 0.05490196 0.38039216 0.05490196
v -0.17691 0.48128 0.60089 0.05490196 0.38039216 0.05490196
v -0.17691 0.48128 0.60089 0.05490196 0.38039216 0.05490196
v -0.21286 0.32184 0.59919 0.05490196 0.38039216 0.05490196
v -0.16678 0.39641 0.56418 0.05490196 0.38039216 0.05490196
v -0.17691 0.48128 0.60089 0.05490196 0.38039216 0.05490196
v -0.16678 0.39641 0.56418 0.05490196 0.38039216 0.05490196
v -0.21286 0.32184 0.59919 0.05490196 0.38039216 0.05490196
v 0.08981 0.5929 0.35985 0.06666667 0.38039216 0.06666667
v 0.06599 0.54007 0.28966 0.06666667 0.38039216 0.06666667
v 0.15723 0.4327 0.34867 0.06666667 0.38039216 0.06666667
v 0.08981 0.5929 0.35985 0.06666667 0.38039216 0.06666667
v 0.15723 0.4327 0.34867 0.06666667 0.38039216 0.06666667
v 0.06599 0.54007 0.28966 0.06666667 0.38039216 0.06666667
v 0.08981 0.5929 0.35985 0.06666667 0.38039216 0.06666667
v 0.06599 0.54007 0.28966 0.06666667 0.38039216 0.06666667
v 0.07154 0.67442 0.41136 0.06666667 0.38039216 0.06666667
v 0.08981 0.5929 0.35985 0.06666667 0.38039216 0.06666667
v 0.07154 0.67442 0.41136 0.06666667 0.38039216 0.06666667
v 0.06599 0.54007 0.28966 0.06666667 0.38039216 0.06666667
v 0.07154 0.67442 0.41136 0.06666667 0.38039216 0.06666667
v -0.0141 0.55217 0.27989 0.06666667 0.38039216 0.06666667
v 0.06599 0.54007 0.28966 0.06666667 0.38039216 0.06666667
v 0.07154 0.67442 0.41136 0.06666667 0.38039216 0.06666667
v 0.06599 0.54007 0.28966 0.06666667 0.38039216 0.06666667
v -0.0141 0.55217 0.27989 0.06666667 0.38039216 0.06666667
v 0.07154 0.67442 0.41136 0.06666667 0.38039216 0.06666667
v -0.05081 0.58817 0.40269 0.06666667 0.38039216 0.06666667
v -0.0141 0.55217 0.27989 0.06666667 0.38039216 0.06666667
v 0.07154 0.67442 0.41136 0.06666667 0.38039216 0.06666667
v -0.0141 0.55217 0.27989 0.06666667 0.38039216 0.06666667
v -0.05081 0.58817 0.40269 0.06666667 0.38039216 0.06666667
v 0.07154 0.67442 0.41136 0.06666667 0.38039216 0.06666667
v -0.01925 0.63909 0.46813 0.06666667 0.38039216 0.06666667
v -0.05081 0.58817 0.40269 0.06666667 0.38039216 0.06666667
v 0.07154 0.67442 0.41136 0.06666667 0.38039216 0.06666667
v -0.05081 0.58817 0.40269 0.06666667 0.38039216 0.06666667
v -0.01925 0.63909 0.46813 0.06666667 0.38039216 0.06666667
v 0.07154 0.67442 0.41136 0.06666667 0.38039216 0.06666667
v 0.01201 0.67566 0.48031 0.06666667 0.38039216 0.06666667
v -0.01925 0.63909 0.46813 0.06666667 0.38039216 0.06666667
v 0.07154 0.67442 0.41136 0.06666667 0.38039216 0.06666667
v -0.01925 0.63909 0.46813 0.06666667 0.38039216 0.06666667
v 0.01201 0.67566 0.48031 0.06666667 0.38039216 0.06666667
v 0.07154 0.67442 0.41136 0.06666667 0.38039216 0.06666667
v 0.06118 0.64476 0.52814 0.06666667 0.38039216 0.06666667
v 0.04686 0.65766 0.49081 0.06666667 0.38039216 0.06666667
v 0.07154 0.67442 0.41136 0.06666667 0.38039216 0.06666667
v 0.04686 0.65766 0.49081 0.06666667 0.38039216 0.06666667
v 0.06118 0.64476 0.52814 0.06666667 0.38039216 0.06666667
v 0.07154 0.67442 0.41136 0.06666667 0.38039216 0.06666667
v 0.12977 0.58805 0.52271 0.06666667 0.38039216 0.06666667
v 0.06118 0.64476 0.52814 0.06666667 0.38039216 0.06666667
v 0.07154 0.67442 0.41136 0.06666667 0.38039216 0.06666667
v 0.06118 0.64476 0.52814 0.06666667 0.38039216 0.06666667
v 0.12977 0.58805 0.52271 0.06666667 0.38039216 0.06666667
v 0.07154 0.67442 0.41136 0.06666667 0.38039216 0.06666667
v 0.19629 0.53191 0.43223 0.06666667 0.38039216 0.06666667
v 0.12977 0.58805 0.52271 0.06666667 0.38039216 0.06666667
v 0.07154 0.67442 0.41136 0.06666667 0.38039216 0.06666667
v 0.12977 0.58805 0.52271 0.06666667 0.38039216 0.06666667
v 0.19629 0.53191 0.43223 0.06666667 0.38039216 0.06666667
v 0.07154 0.67442 0.41136 0.06666667 0.38039216 0.06666667
v 0.21478 0.58232 0.34994 0.06666667 0.38039216 0.06666667
v 0.19629 0.53191 0.43223 0.06666667 0.38039216 0.06666667
v 0.07154 0.67442 0.41136 0.06666667 0.38039216 0.06666667
v 0.19629 0.53191 0.43223 0.06666667 0.38039216 0.06666667
v 0.21478 0.58232 0.34994 0.06666667 0.38039216 0.06666667
v 0.07154 0.67442 0.41136 0.06666667 0.38039216 0.06666667
v 0.08981 0.5929 0.35985 0.06666667 0.38039216 0.06666667
v 0.21478 0.58232 0.34994 0.06666667 0.38039216 0.06666667
v 0.07154 0.67442 0.41136 0.06666667 0.38039216 0.06666667
v 0.21478 0.58232 0.34994 0.06666667 0.38039216 0.06666667
v 0.08981 0.5929 0.35985 0.06666667 0.38039216 0.06666667
v 0.08981 0.5929 0.35985 0.06666667 0.38039216 0.06666667
v 0.15723 0.4327 0.34867 0.06666667 0.38039216 0.06666667
v 0.21478 0.58232 0.34994 0.06666667 0.38039216 0.06666667
v 0.08981 0.5929 0.35985 0.06666667 0.38039216 0.06666667
v 0.21478 0.58232 0.34994 0.06666667 0.38039216 0.06666667
v 0.15723 0.4327 0.34867 0.06666667 0.38039216 0.06666667
v 0.06507 0.70216 0.65218 0.07058824 0.38039216 0.07058824
v 0.0951 0.68504 0.73465 0.07058824 0.38039216 0.07058824
v 0.06086 0.55845 0.6848 0.07058824 0.38039216 0.07058824
v 0.06507 0.70216 0.65218 0.07058824 0.38039216 0.07058824
v 0.06086 0.55845 0.6848 0.07058824 0.38039216 0.07058824
v 0.0951 0.68504 0.73465 0.07058824 0.38039216 0.07058824
v 0.06507 0.70216 0.65218 0.07058824 0.38039216 0.07058824
v 0.0951 0.68504 0.73465 0.07058824 0.38039216 0.07058824
v 0.04107 0.76766 0.59743 0.07058824 0.38039216 0.07058824
v 0.06507 0.70216 0.65218 0.07058824 0.38039216 0.07058824
v 0.04107 0.76766 0.59743 0.07058824 0.38039216 0.07058824
v 0.0951 0.68504 0.73465 0.07058824 0.38039216 0.07058824
v 0.04107 0.76766 0.59743 0.07058824 0.38039216 0.07058824
v 0.14568 0.63325 0.65562 0.07058824 0.38039216 0.07058824
v 0.0951 0.68504 0.73465 0.07058824 0.38039216 0.07058824
v 0.04107 0.76766 0.59743 0.07058824 0.38039216 0.07058824
v 0.0951 0.68504 0.73465 0.07058824 0.38039216 0.07058824
v 0.14568 0.63325 0.65562 0.07058824 0.38039216 0.07058824
v 0.04107 0.76766 0.59743 0.07058824 0.38039216 0.07058824
v 0.11157 0.66879 0.53576 0.07058824 0.38039216 0.07058824
v 0.14568 0.63325 0.65562 0.07058824 0.38039216 0.07058824
v 0.04107 0.76766 0.59743 0.07058824 0.38039216 0.07058824
v 0.14568 0.63325 0.65562 0.07058824 0.38039216 0.07058824
v 0.11157 0.66879 0.53576 0.07058824 0.38039216 0.07058824
v 0.04107 0.76766 0.59743 0.07058824 0.38039216 0.07058824
v 0.04436 0.69427 0.52781 0.07058824 0.38039216 0.07058824
v 0.11157 0.66879 0.53576 0.07058824 0.38039216 0.07058824
v 0.04107 0.76766 0.59743 0.07058824 0.38039216 0.07058824
v 0.11157 0.66879 0.53576 0.07058824 0.38039216 0.07058824
v 0.04436 0.69427 0.52781 0.07058824 0.38039216 0.07058824
v 0.04107 0.76766 0.59743 0.07058824 0.38039216 0.07058824
v 0.01756 0.75129 0.53561 0.07058824 0.38039216 0.07058824
v 0.04436 0.69427 0.52781 0.07058824 0.38039216 0.07058824
v 0.04107 0.76766 0.59743 0.07058824 0.38039216 0.07058824
v 0.04436 0.69427 0.52781 0.07058824 0.38039216 0.07058824
v 0.01756 0.75129 0.53561 0.07058824 0.38039216 0.07058824
v 0.04107 0.76766 0.59743 0.07058824 0.38039216 0.07058824
v -0.01417 0.71056 0.53668 0.07058824 0.38039216 0.07058824
v 0.01865 0.75956 0.52922 0.07058824 0.38039216 0.07058824
v 0.04107 0.76766 0.59743 0.07058824 0.38039216 0.07058824
v 0.01865 0.75956 0.52922 0.07058824 0.38039216 0.07058824
v -0.01417 0.71056 0.53668 0.07058824 0.38039216 0.07058824
v 0.04107 0.76766 0.59743 0.07058824 0.38039216 0.07058824
v -0.05414 0.69317 0.56485 0.07058824 0.38039216 0.07058824
v -0.01417 0.71056 0.53668 0.07058824 0.38039216 0.07058824
v 0.04107 0.76766 0.59743 0.07058824 0.38039216 0.07058824
v -0.01417 0.71056 0.53668 0.07058824 0.38039216 0.07058824
v -0.05414 0.69317 0.56485 0.07058824 0.38039216 0.07058824
v 0.04107 0.76766 0.59743 0.07058824 0.38039216 0.07058824
v -0.06215 0.64882 0.6495 0.07058824 0.38039216 0.07058824
v -0.05414 0.69317 0.56485 0.07058824 0.38039216 0.07058824
v 0.04107 0.76766 0.59743 0.07058824 0.38039216 0.07058824
v -0.05414 0.69317 0.56485 0.07058824 0.38039216 0.07058824
v -0.06215 0.64882 0.6495 0.07058824 0.38039216 0.07058824
v 0.04107 0.76766 0.59743 0.07058824 0.38039216 0.07058824
v 0.03295 0.62555 0.64043 0.07058824 0.38039216 0.07058824
v -0.06215 0.64882 0.6495 0.07058824 0.38039216 0.07058824
v 0.04107 0.76766 0.59743 0.07058824 0.38039216 0.07058824
v -0.06215 0.64882 0.6495 0.07058824 0.38039216 0.07058824
v 0.03295 0.62555 0.64043 0.07058824 0.38039216 0.07058824
v 0.04107 0.76766 0.59743 0.07058824 0.38039216 0.07058824
v 0.06507 0.70216 0.65218 0.07058824 0.38039216 0.07058824
v 0.03295 0.62555 0.64043 0.07058824 0.38039216 0.07058824
v 0.04107 0.76766 0.59743 0.07058824 0.38039216 0.07058824
v 0.03295 0.62555 0.64043 0.07058824 0.38039216 0.07058824
v 0.06507 0.70216 0.65218 0.07058824 0.38039216 0.07058824
v 0.06507 0.70216 0.65218 0.07058824 0.38039216 0.07058824
v 0.06086 0.55845 0.6848 0.07058824 0.38039216 0.07058824
v 0.03295 0.62555 0.64043 0.07058824 0.38039216 0.07058824
v 0.06507 0.70216 0.65218 0.07058824 0.38039216 0.07058824
v 0.03295 0.62555 0.64043 0.07058824 0.38039216 0.07058824
v 0.06086 0.55845 0.6848 0.07058824 0.38039216 0.07058824
v 0.0208 0.81589 0.40973 0.078431375 0.38039216 0.078431375
v -0.05562 0.7701 0.39704 0.078431375 0.38039216 0.078431375
v -0.01633 0.7175 0.40014 0.078431375 0.38039216 0.078431375
v 0.0208 0.81589 0.40973 0.078431375 0.38039216 0.078431375
v -0.01633 0.7175 0.40014 0.078431375 0.38039216 0.078431375
v -0.05562 0.7701 0.39704 0.078431375 0.38039216 0.078431375
v 0.0208 0.81589 0.40973 0.078431375 0.38039216 0.078431375
v -0.05562 0.7701 0.39704 0.078431375 0.38039216 0.078431375
v 0.00256 0.85524 0.45719 0.078431375 0.38039216 0.078431375
v 0.0208 0.81589 0.40973 0.078431375 0.38039216 0.078431375
v 0.00256 0.85524 0.45719 0.078431375 0.38039216 0.078431375
v -0.05562 0.7701 0.39704 0.078431375 0.38039216 0.078431375
v 0.00256 0.85524 0.45719 0.078431375 0.38039216 0.078431375
v -0.08545 0.77428 0.42921 0.078431375 0.38039216 0.078431375
v -0.05562 0.7701 0.39704 0.078431375 0.38039216 0.078431375
v 0.00256 0.85524 0.45719 0.078431375 0.38039216 0.078431375
v -0.05562 0.7701 0.39704 0.078431375 0.38039216 0.078431375
v -0.08545 0.77428 0.42921 0.078431375 0.38039216 0.078431375
v 0.00256 0.85524 0.45719 0.078431375 0.38039216 0.078431375
v -0.07832 0.79778 0.50147 0.078431375 0.38039216 0.078431375
v -0.08545 0.77428 0.42921 0.078431375 0.38039216 0.078431375
v 0.00256 0.85524 0.45719 0.078431375 0.38039216 0.078431375
v -0.08545 0.77428 0.42921 0.078431375 0.38039216 0.078431375
v -0.07832 0.79778 0.50147 0.078431375 0.38039216 0.078431375
v 0.00256 0.85524 0.45719 0.078431375 0.38039216 0.078431375
v -0.03187 0.8026 0.52446 0.078431375 0.38039216 0.078431375
v -0.07832 0.79778 0.50147 0.078431375 0.38039216 0.078431375
v 0.00256 0.85524 0.45719 0.078431375 0.38039216 0.078431375
v -0.07832 0.79778 0.50147 0.078431375 0.38039216 0.078431375
v -0.03187 0.8026 0.52446 0.078431375 0.38039216 0.078431375
v 0.00256 0.85524 0.45719 0.078431375 0.38039216 0.078431375
v 0.00771 0.82045 0.51953 0.078431375 0.38039216 0.078431375
v -0.03187 0.8026 0.52446 0.078431375 0.38039216 0.078431375
v 0.00256 0.85524 0.45719 0.078431375 0.38039216 0.078431375
v -0.03187 0.8026 0.52446 0.078431375 0.38039216 0.078431375
v 0.00771 0.82045 0.51953 0.078431375 0.38039216 0.078431375
v 0.00256 0.85524 0.45719 0.078431375 0.38039216 0.078431375
v 0.03431 0.82506 0.53273 0.078431375 0.38039216 0.078431375
v 0.01555 0.83506 0.52486 0.078431375 0.38039216 0.078431375
v 0.00256 0.85524 0.45719 0.078431375 0.38039216 0.078431375
v 0.01555 0.83506 0.52486 0.078431375 0.38039216 0.078431375
v 0.03431 0.82506 0.53273 0.078431375 0.38039216 0.078431375
v 0.00256 0.85524 0.45719 0.078431375 0.38039216 0.078431375
v 0.0609 0.81417 0.52819 0.078431375 0.38039216 0.078431375
v 0.03431 0.82506 0.53273 0.078431375 0.38039216 0.078431375
v 0.00256 0.85524 0.45719 0.078431375 0.38039216 0.078431375
v 0.03431 0.82506 0.53273 0.078431375 0.38039216 0.078431375
v 0.0609 0.81417 0.52819 0.078431375 0.38039216 0.078431375
v 0.00256 0.85524 0.45719 0.078431375 0.38039216 0.078431375
v 0.11115 0.78954 0.44741 0.078431375 0.38039216 0.078431375
v 0.0609 0.81417 0.52819 0.078431375 0.38039216 0.078431375
v 0.00256 0.85524 0.45719 0.078431375 0.38039216 0.078431375
v 0.0609 0.81417 0.52819 0.078431375 0.38039216 0.078431375
v 0.11115 0.78954 0.44741 0.078431375 0.38039216 0.078431375
v 0.00256 0.85524 0.45719 0.078431375 0.38039216 0.078431375
v 0.06797 0.76237 0.40833 0.078431375 0.38039216 0.078431375
v 0.11115 0.78954 0.44741 0.078431375 0.38039216 0.078431375
v 0.00256 0.85524 0.45719 0.078431375 0.38039216 0.078431375
v 0.11115 0.78954 0.44741 0.078431375 0.38039216 0.078431375
v 0.06797 0.76237 0.40833 0.078431375 0.38039216 0.078431375
v 0.00256 0.85524 0.45719 0.078431375 0.38039216 0.078431375
v 0.0208 0.81589 0.40973 0.078431375 0.38039216 0.078431375
v 0.06797 0.76237 0.40833 0.078431375 0.38039216 0.078431375
v 0.00256 0.85524 0.45719 0.078431375 0.38039216 0.078431375
v 0.06797 0.76237 0.40833 0.078431375 0.38039216 0.078431375
v 0.0208 0.81589 0.40973 0.078431375 0.38039216 0.078431375
v 0.0208 0.81589 0.40973 0.078431375 0.38039216 0.078431375
v -0.01633 0.7175 0.40014 0.078431375 0.38039216 0.078431375
v 0.06797 0.76237 0.40833 0.078431375 0.38039216 0.078431375
v 0.0208 0.81589 0.40973 0.078431375 0.38039216 0.078431375
v 0.06797 0.76237 0.40833 0.078431375 0.38039216 0.078431375
v -0.01633 0.7175 0.40014 0.078431375 0.38039216 0.078431375
v 0.08912 0.90944 0.53159 0.09803922 0.38039216 0.09803922
v 0.11856 0.88288 0.48283 0.09803922 0.38039216 0.09803922
v 0.12514 0.8481 0.51208 0.09803922 0.38039216 0.09803922
v 0.08912 0.90944 0.53159 0.09803922 0.38039216 0.09803922
v 0.12514 0.8481 0.51208 0.09803922 0.38039216 0.09803922
v 0.11856 0.88288 0.48283 0.09803922 0.38039216 0.09803922
v 0.08912 0.90944 0.53159 0.09803922 0.38039216 0.09803922
v 0.11856 0.88288 0.48283 0.09803922 0.38039216 0.09803922
v 0.05108 0.92248 0.51163 0.09803922 0.38039216 0.09803922
v 0.08912 0.90944 0.53159 0.09803922 0.38039216 0.09803922
v 0.05108 0.92248 0.51163 0.09803922 0.38039216 0.09803922
v 0.11856 0.88288 0.48283 0.09803922 0.38039216 0.09803922
v 0.05108 0.92248 0.51163 0.09803922 0.38039216 0.09803922
v 0.10074 0.87709 0.45841 0.09803922 0.38039216 0.09803922
v 0.11856 0.88288 0.48283 0.09803922 0.38039216 0.09803922
v 0.05108 0.92248 0.51163 0.09803922 0.38039216 0.09803922
v 0.11856 0.88288 0.48283 0.09803922 0.38039216 0.09803922
v 0.10074 0.87709 0.45841 0.09803922 0.38039216 0.09803922
v 0.05108 0.92248 0.51163 0.09803922 0.38039216 0.09803922
v 0.04775 0.87346 0.4538 0.09803922 0.38039216 0.09803922
v 0.10074 0.87709 0.45841 0.09803922 0.38039216 0.09803922
v 0.05108 0.92248 0.51163 0.09803922 0.38039216 0.09803922
v 0.10074 0.87709 0.45841 0.09803922 0.38039216 0.09803922
v 0.04775 0.87346 0.4538 0.09803922 0.38039216 0.09803922
v 0.05108 0.92248 0.51163 0.09803922 0.38039216 0.09803922
v 0.02603 0.87071 0.48282 0.09803922 0.38039216 0.09803922
v 0.04775 0.87346 0.4538 0.09803922 0.38039216 0.09803922
v 0.05108 0.92248 0.51163 0.09803922 0.38039216 0.09803922
v 0.04775 0.87346 0.4538 0.09803922 0.38039216 0.09803922
v 0.02603 0.87071 0.48282 0.09803922 0.38039216 0.09803922
v 0.05108 0.92248 0.51163 0.09803922 0.38039216 0.09803922
v 0.01961 0.88368 0.5097 0.09803922 0.38039216 0.09803922
v 0.02603 0.87071 0.48282 0.09803922 0.38039216 0.09803922
v 0.05108 0.92248 0.51163 0.09803922 0.38039216 0.09803922
v 0.02603 0.87071 0.48282 0.09803922 0.38039216 0.09803922
v 0.01961 0.88368 0.5097 0.09803922 0.38039216 0.09803922
v 0.05108 0.92248 0.51163 0.09803922 0.38039216 0.09803922
v 0.00668 0.88329 0.52622 0.09803922 0.38039216 0.09803922
v 0.01149 0.89177 0.51375 0.09803922 0.38039216 0.09803922
v 0.05108 0.92248 0.51163 0.09803922 0.38039216 0.09803922
v 0.01149 0.89177 0.51375 0.09803922 0.38039216 0.09803922
v 0.00668 0.88329 0.52622 0.09803922 0.38039216 0.09803922
v 0.05108 0.92248 0.51163 0.09803922 0.38039216 0.09803922
v 0.00903 0.8775 0.54555 0.09803922 0.38039216 0.09803922
v 0.00668 0.88329 0.52622 0.09803922 0.38039216 0.09803922
v 0.05108 0.92248 0.51163 0.09803922 0.38039216 0.09803922
v 0.00668 0.88329 0.52622 0.09803922 0.38039216 0.09803922
v 0.00903 0.8775 0.54555 0.09803922 0.38039216 0.09803922
v 0.05108 0.92248 0.51163 0.09803922 0.38039216 0.09803922
v 0.06052 0.8828 0.59063 0.09803922 0.38039216 0.09803922
v 0.00903 0.8775 0.54555 0.09803922 0.38039216 0.09803922
v 0.05108 0.92248 0.51163 0.09803922 0.38039216 0.09803922
v 0.00903 0.8775 0.54555 0.09803922 0.38039216 0.09803922
v 0.06052 0.8828 0.59063 0.09803922 0.38039216 0.09803922
v 0.05108 0.92248 0.51163 0.09803922 0.38039216 0.09803922
v 0.09782 0.87527 0.56682 0.09803922 0.38039216 0.09803922
v 0.06052 0.8828 0.59063 0.09803922 0.38039216 0.09803922
v 0.05108 0.92248 0.51163 0.09803922 0.38039216 0.09803922
v 0.06052 0.8828 0.59063 0.09803922 0.38039216 0.09803922
v 0.09782 0.87527 0.56682 0.09803922 0.38039216 0.09803922
v 0.05108 0.92248 0.51163 0.09803922 0.38039216 0.09803922
v 0.08912 0.90944 0.53159 0.09803922 0.38039216 0.09803922
v 0.09782 0.87527 0.56682 0.09803922 0.38039216 0.09803922
v 0.05108 0.92248 0.51163 0.09803922 0.38039216 0.09803922
v 0.09782 0.87527 0.56682 0.09803922 0.38039216 0.09803922
v 0.08912 0.90944 0.53159 0.09803922 0.38039216 0.09803922
v 0.08912 0.90944 0.53159 0.09803922 0.38039216 0.09803922
v 0.12514 0.8481 0.51208 0.09803922 0.38039216 0.09803922
v 0.09782 0.87527 0.56682 0.09803922 0.38039216 0.09803922
v 0.08912 0.90944 0.53159 0.09803922 0.38039216 0.09803922
v 0.09782 0.87527 0.56682 0.09803922 0.38039216 0.09803922
v 0.12514 0.8481 0.51208 0.09803922 0.38039216 0.09803922
v -0.04821 1.02615 0.54406 0.1254902 0.38039216 0.1254902
v -0.0425 1.0184 0.58019 0.1254902 0.38039216 0.1254902
v -0.07307 1.0066 0.55953 0.1254902 0.38039216 0.1254902
v -0.04821 1.02615 0.54406 0.1254902 0.38039216 0.1254902
v -0.07307 1.0066 0.55953 0.1254902 0.38039216 0.1254902
v -0.0425 1.0184 0.58019 0.1254902 0.38039216 0.1254902
v -0.04821 1.02615 0.54406 0.1254902 0.38039216 0.1254902
v -0.0425 1.0184 0.58019 0.1254902 0.38039216 0.1254902
v -0.01492 1.00841 0.5284 0.1254902 0.38039216 0.1254902
v -0.04821 1.02615 0.54406 0.1254902 0.38039216 0.1254902
v -0.01492 1.00841 0.5284 0.1254902 0.38039216 0.1254902
v -0.0425 1.0184 0.58019 0.1254902 0.38039216 0.1254902
v -0.01492 1.00841 0.5284 0.1254902 0.38039216 0.1254902
v -0.01488 1.01284 0.58255 0.1254902 0.38039216 0.1254902
v -0.0425 1.0184 0.58019 0.1254902 0.38039216 0.1254902
v -0.01492 1.00841 0.5284 0.1254902 0.38039216 0.1254902
v -0.0425 1.0184 0.58019 0.1254902 0.38039216 0.1254902
v -0.01488 1.01284 0.58255 0.1254902 0.38039216 0.1254902
v -0.01492 1.00841 0.5284 0.1254902 0.38039216 0.1254902
v 0.00356 0.98992 0.56185 0.1254902 0.38039216 0.1254902
v -0.01488 1.01284 0.58255 0.1254902 0.38039216 0.1254902
v -0.01492 1.00841 0.5284 0.1254902 0.38039216 0.1254902
v -0.01488 1.01284 0.58255 0.1254902 0.38039216 0.1254902
v 0.00356 0.98992 0.56185 0.1254902 0.38039216 0.1254902
v -0.01492 1.00841 0.5284 0.1254902 0.38039216 0.1254902
v -0.00303 0.9822 0.53497 0.1254902 0.38039216 0.1254902
v 0.00356 0.98992 0.56185 0.1254902 0.38039216 0.1254902
v -0.01492 1.00841 0.5284 0.1254902 0.38039216 0.1254902
v 0.00356 0.98992 0.56185 0.1254902 0.38039216 0.1254902
v -0.00303 0.9822 0.53497 0.1254902 0.38039216 0.1254902
v -0.01492 1.00841 0.5284 0.1254902 0.38039216 0.1254902
v -0.00549 0.98717 0.52141 0.1254902 0.38039216 0.1254902
v -0.00303 0.9822 0.53497 0.1254902 0.38039216 0.1254902
v -0.01492 1.00841 0.5284 0.1254902 0.38039216 0.1254902
v -0.00303 0.9822 0.53497 0.1254902 0.38039216 0.1254902
v -0.00549 0.98717 0.52141 0.1254902 0.38039216 0.1254902
v -0.01492 1.00841 0.5284 0.1254902 0.38039216 0.1254902
v -0.02804 0.98209 0.50313 0.1254902 0.38039216 0.1254902
v -0.01168 0.98647 0.51243 0.1254902 0.38039216 0.1254902
v -0.01492 1.00841 0.5284 0.1254902 0.38039216 0.1254902
v -0.01168 0.98647 0.51243 0.1254902 0.38039216 0.1254902
v -0.02804 0.98209 0.50313 0.1254902 0.38039216 0.1254902
v -0.01492 1.00841 0.5284 0.1254902 0.38039216 0.1254902
v -0.04632 0.99045 0.49844 0.1254902 0.38039216 0.1254902
v -0.02804 0.98209 0.50313 0.1254902 0.38039216 0.1254902
v -0.01492 1.00841 0.5284 0.1254902 0.38039216 0.1254902
v -0.02804 0.98209 0.50313 0.1254902 0.38039216 0.1254902
v -0.04632 0.99045 0.49844 0.1254902 0.38039216 0.1254902
v -0.01492 1.00841 0.5284 0.1254902 0.38039216 0.1254902
v -0.07078 1.01833 0.50322 0.1254902 0.38039216 0.1254902
v -0.04632 0.99045 0.49844 0.1254902 0.38039216 0.1254902
v -0.01492 1.00841 0.5284 0.1254902 0.38039216 0.1254902
v -0.04632 0.99045 0.49844 0.1254902 0.38039216 0.1254902
v -0.07078 1.01833 0.50322 0.1254902 0.38039216 0.1254902
v -0.01492 1.00841 0.5284 0.1254902 0.38039216 0.1254902
v -0.07887 1.02855 0.54236 0.1254902 0.38039216 0.1254902
v -0.07078 1.01833 0.50322 0.1254902 0.38039216 0.1254902
v -0.01492 1.00841 0.5284 0.1254902 0.38039216 0.1254902
v -0.07078 1.01833 0.50322 0.1254902 0.38039216 0.1254902
v -0.07887 1.02855 0.54236 0.1254902 0.38039216 0.1254902
v -0.01492 1.00841 0.5284 0.1254902 0.38039216 0.1254902
v -0.04821 1.02615 0.54406 0.1254902 0.38039216 0.1254902
v -0.07887 1.02855 0.54236 0.1254902 0.38039216 0.1254902
v -0.01492 1.00841 0.5284 0.1254902 0.38039216 0.1254902
v -0.07887 1.02855 0.54236 0.1254902 0.38039216 0.1254902
v -0.04821 1.02615 0.54406 0.1254902 0.38039216 0.1254902
v -0.04821 1.02615 0.54406 0.1254902 0.38039216 0.1254902
v -0.07307 1.0066 0.55953 0.1254902 0.38039216 0.1254902
v -0.07887 1.02855 0.54236 0.1254902 0.38039216 0.1254902
v -0.04821 1.02615 0.54406 0.1254902 0.38039216 0.1254902
v -0.07887 1.02855 0.54236 0.1254902 0.38039216 0.1254902
v -0.07307 1.0066 0.55953 0.1254902 0.38039216 0.1254902
v 0.01294 1.05789 0.50179 0.21568628 0.38039216 0.21568628
v 0.0049 1.06014 0.47865 0.21568628 0.38039216 0.21568628
v 0.02935 1.06092 0.48574 0.21568628 0.38039216 0.21568628
v 0.01294 1.05789 0.50179 0.21568628 0.38039216 0.21568628
v 0.02935 1.06092 0.48574 0.21568628 0.38039216 0.21568628
v 0.0049 1.06014 0.47865 0.21568628 0.38039216 0.21568628
v 0.01294 1.05789 0.50179 0.21568628 0.38039216 0.21568628
v 0.0049 1.06014 0.47865 0.21568628 0.38039216 0.21568628
v 0.00361 1.03327 0.50709 0.21568628 0.38039216 0.21568628
v 0.01294 1.05789 0.50179 0.21568628 0.38039216 0.21568628
v 0.00361 1.03327 0.50709 0.21568628 0.38039216 0.21568628
v 0.0049 1.06014 0.47865 0.21568628 0.38039216 0.21568628
v 0.00361 1.03327 0.50709 0.21568628 0.38039216 0.21568628
v -0.00883 1.04772 0.47687 0.21568628 0.38039216 0.21568628
v 0.0049 1.06014 0.47865 0.21568628 0.38039216 0.21568628
v 0.00361 1.03327 0.50709 0.21568628 0.38039216 0.21568628
v 0.0049 1.06014 0.47865 0.21568628 0.38039216 0.21568628
v -0.00883 1.04772 0.47687 0.21568628 0.38039216 0.21568628
v 0.00361 1.03327 0.50709 0.21568628 0.38039216 0.21568628
v -0.00746 1.02488 0.48286 0.21568628 0.38039216 0.21568628
v -0.00883 1.04772 0.47687 0.21568628 0.38039216 0.21568628
v 0.00361 1.03327 0.50709 0.21568628 0.38039216 0.21568628
v -0.00883 1.04772 0.47687 0.21568628 0.38039216 0.21568628
v -0.00746 1.02488 0.48286 0.21568628 0.38039216 0.21568628
v 0.00361 1.03327 0.50709 0.21568628 0.38039216 0.21568628
v 0.00399 1.01741 0.4959 0.21568628 0.38039216 0.21568628
v -0.00746 1.02488 0.48286 0.21568628 0.38039216 0.21568628
v 0.00361 1.03327 0.50709 0.21568628 0.38039216 0.21568628
v -0.00746 1.02488 0.48286 0.21568628 0.38039216 0.21568628
v 0.00399 1.01741 0.4959 0.21568628 0.38039216 0.21568628
v 0.00361 1.03327 0.50709 0.21568628 0.38039216 0.21568628
v 0.00654 1.0177 0.50519 0.21568628 0.38039216 0.21568628
v 0.00399 1.01741 0.4959 0.21568628 0.38039216 0.21568628
v 0.00361 1.03327 0.50709 0.21568628 0.38039216 0.21568628
v 0.00399 1.01741 0.4959 0.21568628 0.38039216 0.21568628
v 0.00654 1.0177 0.50519 0.21568628 0.38039216 0.21568628
v 0.00361 1.03327 0.50709 0.21568628 0.38039216 0.21568628
v 0.02407 1.01937 0.51328 0.21568628 0.38039216 0.21568628
v 0.01194 1.0176 0.50993 0.21568628 0.38039216 0.21568628
v 0.00361 1.03327 0.50709 0.21568628 0.38039216 0.21568628
v 0.01194 1.0176 0.50993 0.21568628 0.38039216 0.21568628
v 0.02407 1.01937 0.51328 0.21568628 0.38039216 0.21568628
v 0.00361 1.03327 0.50709 0.21568628 0.38039216 0.21568628
v 0.03233 1.02919 0.5177 0.21568628 0.38039216 0.21568628
v 0.02407 1.01937 0.51328 0.21568628 0.38039216 0.21568628
v 0.00361 1.03327 0.50709 0.21568628 0.38039216 0.21568628
v 0.02407 1.01937 0.51328 0.21568628 0.38039216 0.21568628
v 0.03233 1.02919 0.5177 0.21568628 0.38039216 0.21568628
v 0.00361 1.03327 0.50709 0.21568628 0.38039216 0.21568628
v 0.03592 1.0531 0.5222 0.21568628 0.38039216 0.21568628
v 0.03233 1.02919 0.5177 0.21568628 0.38039216 0.21568628
v 0.00361 1.03327 0.50709 0.21568628 0.38039216 0.21568628
v 0.03233 1.02919 0.5177 0.21568628 0.38039216 0.21568628
v 0.03592 1.0531 0.5222 0.21568628 0.38039216 0.21568628
v 0.00361 1.03327 0.50709 0.21568628 0.38039216 0.21568628
v 0.02916 1.07002 0.5021 0.21568628 0.38039216 0.21568628
v 0.03592 1.0531 0.5222 0.21568628 0.38039216 0.21568628
v 0.00361 1.03327 0.50709 0.21568628 0.38039216 0.21568628
v 0.03592 1.0531 0.5222 0.21568628 0.38039216 0.21568628
v 0.02916 1.07002 0.5021 0.21568628 0.38039216 0.21568628
v 0.00361 1.03327 0.50709 0.21568628 0.38039216 0.21568628
v 0.01294 1.05789 0.50179 0.21568628 0.38039216 0.21568628
v 0.02916 1.07002 0.5021 0.21568628 0.38039216 0.21568628
v 0.00361 1.03327 0.50709 0.21568628 0.38039216 0.21568628
v 0.02916 1.07002 0.5021 0.21568628 0.38039216 0.21568628
v 0.01294 1.05789 0.50179 0.21568628 0.38039216 0.21568628
v 0.01294 1.05789 0.50179 0.21568628 0.38039216 0.21568628
v 0.02935 1.06092 0.48574 0.21568628 0.38039216 0.21568628
v 0.02916 1.07002 0.5021 0.21568628 0.38039216 0.21568628
v 0.01294 1.05789 0.50179 0.21568628 0.38039216 0.21568628
v 0.02916 1.07002 0.5021 0.21568628 0.38039216 0.21568628
v 0.02935 1.06092 0.48574 0.21568628 0.38039216 0.21568628
v 0.00194 1.0622 0.52138 0.22745098 0.38039216 0.22745098
v 0.01742 1.06637 0.52173 0.22745098 0.38039216 0.22745098
v 0.00623 1.07032 0.53336 0.22745098 0.38039216 0.22745098
v 0.00194 1.0622 0.52138 0.22745098 0.38039216 0.22745098
v 0.00623 1.07032 0.53336 0.22745098 0.38039216 0.22745098
v 0.01742 1.06637 0.52173 0.22745098 0.38039216 0.22745098
v 0.00194 1.0622 0.52138 0.22745098 0.38039216 0.22745098
v 0.01742 1.06637 0.52173 0.22745098 0.38039216 0.22745098
v 0.0038 1.04479 0.52142 0.22745098 0.38039216 0.22745098
v 0.00194 1.0622 0.52138 0.22745098 0.38039216 0.22745098
v 0.0038 1.04479 0.52142 0.22745098 0.38039216 0.22745098
v 0.01742 1.06637 0.52173 0.22745098 0.38039216 0.22745098
v 0.0038 1.04479 0.52142 0.22745098 0.38039216 0.22745098
v 0.02352 1.05666 0.51782 0.22745098 0.38039216 0.22745098
v 0.01742 1.06637 0.52173 0.22745098 0.38039216 0.22745098
v 0.0038 1.04479 0.52142 0.22745098 0.38039216 0.22745098
v 0.01742 1.06637 0.52173 0.22745098 0.38039216 0.22745098
v 0.02352 1.05666 0.51782 0.22745098 0.38039216 0.22745098
v 0.0038 1.04479 0.52142 0.22745098 0.38039216 0.22745098
v 0.02175 1.04229 0.52312 0.22745098 0.38039216 0.22745098
v 0.02352 1.05666 0.51782 0.22745098 0.38039216 0.22745098
v 0.0038 1.04479 0.52142 0.22745098 0.38039216 0.22745098
v 0.02352 1.05666 0.51782 0.22745098 0.38039216 0.22745098
v 0.02175 1.04229 0.52312 0.22745098 0.38039216 0.22745098
v 0.0038 1.04479 0.52142 0.22745098 0.38039216 0.22745098
v 0.01161 1.03764 0.52835 0.22745098 0.38039216 0.22745098
v 0.02175 1.04229 0.52312 0.22745098 0.38039216 0.22745098
v 0.0038 1.04479 0.52142 0.22745098 0.38039216 0.22745098
v 0.02175 1.04229 0.52312 0.22745098 0.38039216 0.22745098
v 0.01161 1.03764 0.52835 0.22745098 0.38039216 0.22745098
v 0.0038 1.04479 0.52142 0.22745098 0.38039216 0.22745098
v 0.00548 1.03654 0.52752 0.22745098 0.38039216 0.22745098
v 0.01161 1.03764 0.52835 0.22745098 0.38039216 0.22745098
v 0.0038 1.04479 0.52142 0.22745098 0.38039216 0.22745098
v 0.01161 1.03764 0.52835 0.22745098 0.38039216 0.22745098
v 0.00548 1.03654 0.52752 0.22745098 0.38039216 0.22745098
v 0.0038 1.04479 0.52142 0.22745098 0.38039216 0.22745098
v -0.00438 1.03945 0.53487 0.22745098 0.38039216 0.22745098
v 0.0012 1.03664 0.52943 0.22745098 0.38039216 0.22745098
v 0.0038 1.04479 0.52142 0.22745098 0.38039216 0.22745098
v 0.0012 1.03664 0.52943 0.22745098 0.38039216 0.22745098
v -0.00438 1.03945 0.53487 0.22745098 0.38039216 0.22745098
v 0.0038 1.04479 0.52142 0.22745098 0.38039216 0.22745098
v -0.0102 1.04604 0.53584 0.22745098 0.38039216 0.22745098
v -0.00438 1.03945 0.53487 0.22745098 0.38039216 0.22745098
v 0.0038 1.04479 0.52142 0.22745098 0.38039216 0.22745098
v -0.00438 1.03945 0.53487 0.22745098 0.38039216 0.22745098
v -0.0102 1.04604 0.53584 0.22745098 0.38039216 0.22745098
v 0.0038 1.04479 0.52142 0.22745098 0.38039216 0.22745098
v -0.01602 1.06002 0.53055 0.22745098 0.38039216 0.22745098
v -0.0102 1.04604 0.53584 0.22745098 0.38039216 0.22745098
v 0.0038 1.04479 0.52142 0.22745098 0.38039216 0.22745098
v -0.0102 1.04604 0.53584 0.22745098 0.38039216 0.22745098
v -0.01602 1.06002 0.53055 0.22745098 0.38039216 0.22745098
v 0.0038 1.04479 0.52142 0.22745098 0.38039216 0.22745098
v -0.004 1.07252 0.52709 0.22745098 0.38039216 0.22745098
v -0.01602 1.06002 0.53055 0.22745098 0.38039216 0.22745098
v 0.0038 1.04479 0.52142 0.22745098 0.38039216 0.22745098
v -0.01602 1.06002 0.53055 0.22745098 0.38039216 0.22745098
v -0.004 1.07252 0.52709 0.22745098 0.38039216 0.22745098
v 0.0038 1.04479 0.52142 0.22745098 0.38039216 0.22745098
v 0.00194 1.0622 0.52138 0.22745098 0.38039216 0.22745098
v -0.004 1.07252 0.52709 0.22745098 0.38039216 0.22745098
v 0.0038 1.04479 0.52142 0.22745098 0.38039216 0.22745098
v -0.004 1.07252 0.52709 0.22745098 0.38039216 0.22745098
v 0.00194 1.0622 0.52138 0.22745098 0.38039216 0.22745098
v 0.00194 1.0622 0.52138 0.22745098 0.38039216 0.22745098
v 0.00623 1.07032 0.53336 0.22745098 0.38039216 0.22745098
v -0.004 1.07252 0.52709 0.22745098 0.38039216 0.22745098
v 0.00194 1.0622 0.52138 0.22745098 0.38039216 0.22745098
v -0.004 1.07252 0.52709 0.22745098 0.38039216 0.22745098
v 0.00623 1.07032 0.53336 0.22745098 0.38039216 0.22745098
v 1.55019 0.24201 0.42211 0.050980393 0.38039216 0.050980393
v 1.52161 0.22767 0.39129 0.050980393 0.38039216 0.050980393
v 1.56232 0.20834 0.4005 0.050980393 0.38039216 0.050980393
v 1.55019 0.24201 0.42211 0.050980393 0.38039216 0.050980393
v 1.56232 0.20834 0.4005 0.050980393 0.38039216 0.050980393
v 1.52161 0.22767 0.39129 0.050980393 0.38039216 0.050980393
v 1.55019 0.24201 0.42211 0.050980393 0.38039216 0.050980393
v 1.52161 0.22767 0.39129 0.050980393 0.38039216 0.050980393
v 1.52213 0.23701 0.46136 0.050980393 0.38039216 0.050980393
v 1.55019 0.24201 0.42211 0.050980393 0.38039216 0.050980393
v 1.52213 0.23701 0.46136 0.050980393 0.38039216 0.050980393
v 1.52161 0.22767 0.39129 0.050980393 0.38039216 0.050980393
v 1.52213 0.23701 0.46136 0.050980393 0.38039216 0.050980393
v 1.49115 0.2305 0.40514 0.050980393 0.38039216 0.050980393
v 1.52161 0.22767 0.39129 0.050980393 0.38039216 0.050980393
v 1.52213 0.23701 0.46136 0.050980393 0.38039216 0.050980393
v 1.52161 0.22767 0.39129 0.050980393 0.38039216 0.050980393
v 1.49115 0.2305 0.40514 0.050980393 0.38039216 0.050980393
v 1.52213 0.23701 0.46136 0.050980393 0.38039216 0.050980393
v 1.48005 0.21566 0.44362 0.050980393 0.38039216 0.050980393
v 1.49115 0.2305 0.40514 0.050980393 0.38039216 0.050980393
v 1.52213 0.23701 0.46136 0.050980393 0.38039216 0.050980393
v 1.49115 0.2305 0.40514 0.050980393 0.38039216 0.050980393
v 1.48005 0.21566 0.44362 0.050980393 0.38039216 0.050980393
v 1.52213 0.23701 0.46136 0.050980393 0.38039216 0.050980393
v 1.50097 0.21046 0.47008 0.050980393 0.38039216 0.050980393
v 1.48005 0.21566 0.44362 0.050980393 0.38039216 0.050980393
v 1.52213 0.23701 0.46136 0.050980393 0.38039216 0.050980393
v 1.48005 0.21566 0.44362 0.050980393 0.38039216 0.050980393
v 1.50097 0.21046 0.47008 0.050980393 0.38039216 0.050980393
v 1.52213 0.23701 0.46136 0.050980393 0.38039216 0.050980393
v 1.51243 0.21803 0.48075 0.050980393 0.38039216 0.050980393
v 1.50097 0.21046 0.47008 0.050980393 0.38039216 0.050980393
v 1.52213 0.23701 0.46136 0.050980393 0.38039216 0.050980393
v 1.50097 0.21046 0.47008 0.050980393 0.38039216 0.050980393
v 1.51243 0.21803 0.48075 0.050980393 0.38039216 0.050980393
v 1.52213 0.23701 0.46136 0.050980393 0.38039216 0.050980393
v 1.54497 0.20845 0.48934 0.050980393 0.38039216 0.050980393
v 1.52383 0.21702 0.48687 0.050980393 0.38039216 0.050980393
v 1.52213 0.23701 0.46136 0.050980393 0.38039216 0.050980393
v 1.52383 0.21702 0.48687 0.050980393 0.38039216 0.050980393
v 1.54497 0.20845 0.48934 0.050980393 0.38039216 0.050980393
v 1.52213 0.23701 0.46136 0.050980393 0.38039216 0.050980393
v 1.56792 0.21247 0.4817 0.050980393 0.38039216 0.050980393
v 1.54497 0.20845 0.48934 0.050980393 0.38039216 0.050980393
v 1.52213 0.23701 0.46136 0.050980393 0.38039216 0.050980393
v 1.54497 0.20845 0.48934 0.050980393 0.38039216 0.050980393
v 1.56792 0.21247 0.4817 0.050980393 0.38039216 0.050980393
v 1.52213 0.23701 0.46136 0.050980393 0.38039216 0.050980393
v 1.59546 0.23415 0.45443 0.050980393 0.38039216 0.050980393
v 1.56792 0.21247 0.4817 0.050980393 0.38039216 0.050980393
v 1.52213 0.23701 0.46136 0.050980393 0.38039216 0.050980393
v 1.56792 0.21247 0.4817 0.050980393 0.38039216 0.050980393
v 1.59546 0.23415 0.45443 0.050980393 0.38039216 0.050980393
v 1.52213 0.23701 0.46136 0.050980393 0.38039216 0.050980393
v 1.5827 0.23447 0.40714 0.050980393 0.38039216 0.050980393
v 1.59546 0.23415 0.45443 0.050980393 0.38039216 0.050980393
v 1.52213 0.23701 0.46136 0.050980393 0.38039216 0.050980393
v 1.59546 0.23415 0.45443 0.050980393 0.38039216 0.050980393
v 1.5827 0.23447 0.40714 0.050980393 0.38039216 0.050980393
v 1.52213 0.23701 0.46136 0.050980393 0.38039216 0.050980393
v 1.55019 0.24201 0.42211 0.050980393 0.38039216 0.050980393
v 1.5827 0.23447 0.40714 0.050980393 0.38039216 0.050980393
v 1.52213 0.23701 0.46136 0.050980393 0.38039216 0.050980393
v 1.5827 0.23447 0.40714 0.050980393 0.38039216 0.050980393
v 1.55019 0.24201 0.42211 0.050980393 0.38039216 0.050980393
v 1.55019 0.24201 0.42211 0.050980393 0.38039216 0.050980393
v 1.56232 0.20834 0.4005 0.050980393 0.38039216 0.050980393
v 1.5827 0.23447 0.40714 0.050980393 0.38039216 0.050980393
v 1.55019 0.24201 0.42211 0.050980393 0.38039216 0.050980393
v 1.5827 0.23447 0.40714 0.050980393 0.38039216 0.050980393
v 1.56232 0.20834 0.4005 0.050980393 0.38039216 0.050980393
v 1.50773 0.34559 0.68948 0.05490196 0.38039216 0.05490196
v 1.59501 0.29309 0.69665 0.05490196 0.38039216 0.05490196
v 1.55018 0.23359 0.69304 0.05490196 0.38039216 0.05490196
v 1.50773 0.34559 0.68948 0.05490196 0.38039216 0.05490196
v 1.55018 0.23359 0.69304 0.05490196 0.38039216 0.05490196
v 1.59501 0.29309 0.69665 0.05490196 0.38039216 0.05490196
v 1.50773 0.34559 0.68948 0.05490196 0.38039216 0.05490196
v 1.59501 0.29309 0.69665 0.05490196 0.38039216 0.05490196
v 1.52542 0.39256 0.63657 0.05490196 0.38039216 0.05490196
v 1.50773 0.34559 0.68948 0.05490196 0.38039216 0.05490196
v 1.52542 0.39256 0.63657 0.05490196 0.38039216 0.05490196
v 1.59501 0.29309 0.69665 0.05490196 0.38039216 0.05490196
v 1.52542 0.39256 0.63657 0.05490196 0.38039216 0.05490196
v 1.62674 0.29945 0.65853 0.05490196 0.38039216 0.05490196
v 1.59501 0.29309 0.69665 0.05490196 0.38039216 0.05490196
v 1.52542 0.39256 0.63657 0.05490196 0.38039216 0.05490196
v 1.59501 0.29309 0.69665 0.05490196 0.38039216 0.05490196
v 1.62674 0.29945 0.65853 0.05490196 0.38039216 0.05490196
v 1.52542 0.39256 0.63657 0.05490196 0.38039216 0.05490196
v 1.61407 0.32969 0.57838 0.05490196 0.38039216 0.05490196
v 1.62674 0.29945 0.65853 0.05490196 0.38039216 0.05490196
v 1.52542 0.39256 0.63657 0.05490196 0.38039216 0.05490196
v 1.62674 0.29945 0.65853 0.05490196 0.38039216 0.05490196
v 1.61407 0.32969 0.57838 0.05490196 0.38039216 0.05490196
v 1.52542 0.39256 0.63657 0.05490196 0.38039216 0.05490196
v 1.55998 0.33627 0.55559 0.05490196 0.38039216 0.05490196
v 1.61407 0.32969 0.57838 0.05490196 0.38039216 0.05490196
v 1.52542 0.39256 0.63657 0.05490196 0.38039216 0.05490196
v 1.61407 0.32969 0.57838 0.05490196 0.38039216 0.05490196
v 1.55998 0.33627 0.55559 0.05490196 0.38039216 0.05490196
v 1.52542 0.39256 0.63657 0.05490196 0.38039216 0.05490196
v 1.5155 0.35624 0.56461 0.05490196 0.38039216 0.05490196
v 1.55998 0.33627 0.55559 0.05490196 0.38039216 0.05490196
v 1.52542 0.39256 0.63657 0.05490196 0.38039216 0.05490196
v 1.55998 0.33627 0.55559 0.05490196 0.38039216 0.05490196
v 1.5155 0.35624 0.56461 0.05490196 0.38039216 0.05490196
v 1.52542 0.39256 0.63657 0.05490196 0.38039216 0.05490196
v 1.48453 0.36211 0.55161 0.05490196 0.38039216 0.05490196
v 1.50631 0.37306 0.55982 0.05490196 0.38039216 0.05490196
v 1.52542 0.39256 0.63657 0.05490196 0.38039216 0.05490196
v 1.50631 0.37306 0.55982 0.05490196 0.38039216 0.05490196
v 1.48453 0.36211 0.55161 0.05490196 0.38039216 0.05490196
v 1.52542 0.39256 0.63657 0.05490196 0.38039216 0.05490196
v 1.45468 0.34952 0.55793 0.05490196 0.38039216 0.05490196
v 1.48453 0.36211 0.55161 0.05490196 0.38039216 0.05490196
v 1.52542 0.39256 0.63657 0.05490196 0.38039216 0.05490196
v 1.48453 0.36211 0.55161 0.05490196 0.38039216 0.05490196
v 1.45468 0.34952 0.55793 0.05490196 0.38039216 0.05490196
v 1.52542 0.39256 0.63657 0.05490196 0.38039216 0.05490196
v 1.40289 0.31755 0.65135 0.05490196 0.38039216 0.05490196
v 1.45468 0.34952 0.55793 0.05490196 0.38039216 0.05490196
v 1.52542 0.39256 0.63657 0.05490196 0.38039216 0.05490196
v 1.45468 0.34952 0.55793 0.05490196 0.38039216 0.05490196
v 1.40289 0.31755 0.65135 0.05490196 0.38039216 0.05490196
v 1.52542 0.39256 0.63657 0.05490196 0.38039216 0.05490196
v 1.45427 0.28482 0.69144 0.05490196 0.38039216 0.05490196
v 1.40289 0.31755 0.65135 0.05490196 0.38039216 0.05490196
v 1.52542 0.39256 0.63657 0.05490196 0.38039216 0.05490196
v 1.40289 0.31755 0.65135 0.05490196 0.38039216 0.05490196
v 1.45427 0.28482 0.69144 0.05490196 0.38039216 0.05490196
v 1.52542 0.39256 0.63657 0.05490196 0.38039216 0.05490196
v 1.50773 0.34559 0.68948 0.05490196 0.38039216 0.05490196
v 1.45427 0.28482 0.69144 0.05490196 0.38039216 0.05490196
v 1.52542 0.39256 0.63657 0.05490196 0.38039216 0.05490196
v 1.45427 0.28482 0.69144 0.05490196 0.38039216 0.05490196
v 1.50773 0.34559 0.68948 0.05490196 0.38039216 0.05490196
v 1.50773 0.34559 0.68948 0.05490196 0.38039216 0.05490196
v 1.55018 0.23359 0.69304 0.05490196 0.38039216 0.05490196
v 1.45427 0.28482 0.69144 0.05490196 0.38039216 0.05490196
v 1.50773 0.34559 0.68948 0.05490196 0.38039216 0.05490196
v 1.45427 0.28482 0.69144 0.05490196 0.38039216 0.05490196
v 1.55018 0.23359 0.69304 0.05490196 0.38039216 0.05490196
v 1.31478 0.48634 0.579 0.05490196 0.38039216 0.05490196
v 1.22244 0.46704 0.60947 0.05490196 0.38039216 0.05490196
v 1.27929 0.3269 0.57309 0.05490196 0.38039216 0.05490196
v 1.31478 0.48634 0.579 0.05490196 0.38039216 0.05490196
v 1.27929 0.3269 0.57309 0.05490196 0.38039216 0.05490196
v 1.22244 0.46704 0.60947 0.05490196 0.38039216 0.05490196
v 1.31478 0.48634 0.579 0.05490196 0.38039216 0.05490196
v 1.22244 0.46704 0.60947 0.05490196 0.38039216 0.05490196
v 1.37604 0.55917 0.55432 0.05490196 0.38039216 0.05490196
v 1.31478 0.48634 0.579 0.05490196 0.38039216 0.05490196
v 1.37604 0.55917 0.55432 0.05490196 0.38039216 0.05490196
v 1.22244 0.46704 0.60947 0.05490196 0.38039216 0.05490196
v 1.37604 0.55917 0.55432 0.05490196 0.38039216 0.05490196
v 1.3085 0.40984 0.66814 0.05490196 0.38039216 0.05490196
v 1.22244 0.46704 0.60947 0.05490196 0.38039216 0.05490196
v 1.37604 0.55917 0.55432 0.05490196 0.38039216 0.05490196
v 1.22244 0.46704 0.60947 0.05490196 0.38039216 0.05490196
v 1.3085 0.40984 0.66814 0.05490196 0.38039216 0.05490196
v 1.37604 0.55917 0.55432 0.05490196 0.38039216 0.05490196
v 1.44234 0.44969 0.63443 0.05490196 0.38039216 0.05490196
v 1.3085 0.40984 0.66814 0.05490196 0.38039216 0.05490196
v 1.37604 0.55917 0.55432 0.05490196 0.38039216 0.05490196
v 1.3085 0.40984 0.66814 0.05490196 0.38039216 0.05490196
v 1.44234 0.44969 0.63443 0.05490196 0.38039216 0.05490196
v 1.37604 0.55917 0.55432 0.05490196 0.38039216 0.05490196
v 1.45333 0.47804 0.56024 0.05490196 0.38039216 0.05490196
v 1.44234 0.44969 0.63443 0.05490196 0.38039216 0.05490196
v 1.37604 0.55917 0.55432 0.05490196 0.38039216 0.05490196
v 1.44234 0.44969 0.63443 0.05490196 0.38039216 0.05490196
v 1.45333 0.47804 0.56024 0.05490196 0.38039216 0.05490196
v 1.37604 0.55917 0.55432 0.05490196 0.38039216 0.05490196
v 1.4454 0.54126 0.53033 0.05490196 0.38039216 0.05490196
v 1.45333 0.47804 0.56024 0.05490196 0.38039216 0.05490196
v 1.37604 0.55917 0.55432 0.05490196 0.38039216 0.05490196
v 1.45333 0.47804 0.56024 0.05490196 0.38039216 0.05490196
v 1.4454 0.54126 0.53033 0.05490196 0.38039216 0.05490196
v 1.37604 0.55917 0.55432 0.05490196 0.38039216 0.05490196
v 1.44543 0.49613 0.4951 0.05490196 0.38039216 0.05490196
v 1.45241 0.55045 0.53176 0.05490196 0.38039216 0.05490196
v 1.37604 0.55917 0.55432 0.05490196 0.38039216 0.05490196
v 1.45241 0.55045 0.53176 0.05490196 0.38039216 0.05490196
v 1.44543 0.49613 0.4951 0.05490196 0.38039216 0.05490196
v 1.37604 0.55917 0.55432 0.05490196 0.38039216 0.05490196
v 1.41563 0.4768 0.44983 0.05490196 0.38039216 0.05490196
v 1.44543 0.49613 0.4951 0.05490196 0.38039216 0.05490196
v 1.37604 0.55917 0.55432 0.05490196 0.38039216 0.05490196
v 1.44543 0.49613 0.4951 0.05490196 0.38039216 0.05490196
v 1.41563 0.4768 0.44983 0.05490196 0.38039216 0.05490196
v 1.37604 0.55917 0.55432 0.05490196 0.38039216 0.05490196
v 1.32224 0.42735 0.43806 0.05490196 0.38039216 0.05490196
v 1.41563 0.4768 0.44983 0.05490196 0.38039216 0.05490196
v 1.37604 0.55917 0.55432 0.05490196 0.38039216 0.05490196
v 1.41563 0.4768 0.44983 0.05490196 0.38039216 0.05490196
v 1.32224 0.42735 0.43806 0.05490196 0.38039216 0.05490196
v 1.37604 0.55917 0.55432 0.05490196 0.38039216 0.05490196
v 1.32916 0.40148 0.54373 0.05490196 0.38039216 0.05490196
v 1.32224 0.42735 0.43806 0.05490196 0.38039216 0.05490196
v 1.37604 0.55917 0.55432 0.05490196 0.38039216 0.05490196
v 1.32224 0.42735 0.43806 0.05490196 0.38039216 0.05490196
v 1.32916 0.40148 0.54373 0.05490196 0.38039216 0.05490196
v 1.37604 0.55917 0.55432 0.05490196 0.38039216 0.05490196
v 1.31478 0.48634 0.579 0.05490196 0.38039216 0.05490196
v 1.32916 0.40148 0.54373 0.05490196 0.38039216 0.05490196
v 1.37604 0.55917 0.55432 0.05490196 0.38039216 0.05490196
v 1.32916 0.40148 0.54373 0.05490196 0.38039216 0.05490196
v 1.31478 0.48634 0.579 0.05490196 0.38039216 0.05490196
v 1.31478 0.48634 0.579 0.05490196 0.38039216 0.05490196
v 1.27929 0.3269 0.57309 0.05490196 0.38039216 0.05490196
v 1.32916 0.40148 0.54373 0.05490196 0.38039216 0.05490196
v 1.31478 0.48634 0.579 0.05490196 0.38039216 0.05490196
v 1.32916 0.40148 0.54373 0.05490196 0.38039216 0.05490196
v 1.27929 0.3269 0.57309 0.05490196 0.38039216 0.05490196
v 1.62097 0.60799 0.39991 0.06666667 0.38039216 0.06666667
v 1.62278 0.55516 0.32581 0.06666667 0.38039216 0.06666667
v 1.68812 0.44779 0.41262 0.06666667 0.38039216 0.06666667
v 1.62097 0.60799 0.39991 0.06666667 0.38039216 0.06666667
v 1.68812 0.44779 0.41262 0.06666667 0.38039216 0.06666667
v 1.62278 0.55516 0.32581 0.06666667 0.38039216 0.06666667
v 1.62097 0.60799 0.39991 0.06666667 0.38039216 0.06666667
v 1.62278 0.55516 0.32581 0.06666667 0.38039216 0.06666667
v 1.58609 0.68951 0.44199 0.06666667 0.38039216 0.06666667
v 1.62097 0.60799 0.39991 0.06666667 0.38039216 0.06666667
v 1.58609 0.68951 0.44199 0.06666667 0.38039216 0.06666667
v 1.62278 0.55516 0.32581 0.06666667 0.38039216 0.06666667
v 1.58609 0.68951 0.44199 0.06666667 0.38039216 0.06666667
v 1.55094 0.56727 0.28907 0.06666667 0.38039216 0.06666667
v 1.62278 0.55516 0.32581 0.06666667 0.38039216 0.06666667
v 1.58609 0.68951 0.44199 0.06666667 0.38039216 0.06666667
v 1.62278 0.55516 0.32581 0.06666667 0.38039216 0.06666667
v 1.55094 0.56727 0.28907 0.06666667 0.38039216 0.06666667
v 1.58609 0.68951 0.44199 0.06666667 0.38039216 0.06666667
v 1.4742 0.60326 0.39172 0.06666667 0.38039216 0.06666667
v 1.55094 0.56727 0.28907 0.06666667 0.38039216 0.06666667
v 1.58609 0.68951 0.44199 0.06666667 0.38039216 0.06666667
v 1.55094 0.56727 0.28907 0.06666667 0.38039216 0.06666667
v 1.4742 0.60326 0.39172 0.06666667 0.38039216 0.06666667
v 1.58609 0.68951 0.44199 0.06666667 0.38039216 0.06666667
v 1.48131 0.65418 0.46403 0.06666667 0.38039216 0.06666667
v 1.4742 0.60326 0.39172 0.06666667 0.38039216 0.06666667
v 1.58609 0.68951 0.44199 0.06666667 0.38039216 0.06666667
v 1.4742 0.60326 0.39172 0.06666667 0.38039216 0.06666667
v 1.48131 0.65418 0.46403 0.06666667 0.38039216 0.06666667
v 1.58609 0.68951 0.44199 0.06666667 0.38039216 0.06666667
v 1.50646 0.69075 0.48622 0.06666667 0.38039216 0.06666667
v 1.48131 0.65418 0.46403 0.06666667 0.38039216 0.06666667
v 1.58609 0.68951 0.44199 0.06666667 0.38039216 0.06666667
v 1.48131 0.65418 0.46403 0.06666667 0.38039216 0.06666667
v 1.50646 0.69075 0.48622 0.06666667 0.38039216 0.06666667
v 1.58609 0.68951 0.44199 0.06666667 0.38039216 0.06666667
v 1.53617 0.65985 0.54806 0.06666667 0.38039216 0.06666667
v 1.53557 0.67276 0.50808 0.06666667 0.38039216 0.06666667
v 1.58609 0.68951 0.44199 0.06666667 0.38039216 0.06666667
v 1.53557 0.67276 0.50808 0.06666667 0.38039216 0.06666667
v 1.53617 0.65985 0.54806 0.06666667 0.38039216 0.06666667
v 1.58609 0.68951 0.44199 0.06666667 0.38039216 0.06666667
v 1.60243 0.60314 0.56657 0.06666667 0.38039216 0.06666667
v 1.53617 0.65985 0.54806 0.06666667 0.38039216 0.06666667
v 1.58609 0.68951 0.44199 0.06666667 0.38039216 0.06666667
v 1.53617 0.65985 0.54806 0.06666667 0.38039216 0.06666667
v 1.60243 0.60314 0.56657 0.06666667 0.38039216 0.06666667
v 1.58609 0.68951 0.44199 0.06666667 0.38039216 0.06666667
v 1.69603 0.547 0.50452 0.06666667 0.38039216 0.06666667
v 1.60243 0.60314 0.56657 0.06666667 0.38039216 0.06666667
v 1.58609 0.68951 0.44199 0.06666667 0.38039216 0.06666667
v 1.60243 0.60314 0.56657 0.06666667 0.38039216 0.06666667
v 1.69603 0.547 0.50452 0.06666667 0.38039216 0.06666667
v 1.58609 0.68951 0.44199 0.06666667 0.38039216 0.06666667
v 1.74172 0.59742 0.43362 0.06666667 0.38039216 0.06666667
v 1.69603 0.547 0.50452 0.06666667 0.38039216 0.06666667
v 1.58609 0.68951 0.44199 0.06666667 0.38039216 0.06666667
v 1.69603 0.547 0.50452 0.06666667 0.38039216 0.06666667
v 1.74172 0.59742 0.43362 0.06666667 0.38039216 0.06666667
v 1.58609 0.68951 0.44199 0.06666667 0.38039216 0.06666667
v 1.62097 0.60799 0.39991 0.06666667 0.38039216 0.06666667
v 1.74172 0.59742 0.43362 0.06666667 0.38039216 0.06666667
v 1.58609 0.68951 0.44199 0.06666667 0.38039216 0.06666667
v 1.74172 0.59742 0.43362 0.06666667 0.38039216 0.06666667
v 1.62097 0.60799 0.39991 0.06666667 0.38039216 0.06666667
v 1.62097 0.60799 0.39991 0.06666667 0.38039216 0.06666667
v 1.68812 0.44779 0.41262 0.06666667 0.38039216 0.06666667
v 1.74172 0.59742 0.43362 0.06666667 0.38039216 0.06666667
v 1.62097 0.60799 0.39991 0.06666667 0.38039216 0.06666667
v 1.74172 0.59742 0.43362 0.06666667 0.38039216 0.06666667
v 1.68812 0.44779 0.41262 0.06666667 0.38039216 0.06666667
v 1.53297 0.7162 0.66905 0.078431375 0.38039216 0.078431375
v 1.5531 0.69907 0.75447 0.078431375 0.38039216 0.078431375
v 1.52496 0.57249 0.70094 0.078431375 0.38039216 0.078431375
v 1.53297 0.7162 0.66905 0.078431375 0.38039216 0.078431375
v 1.52496 0.57249 0.70094 0.078431375 0.38039216 0.078431375
v 1.5531 0.69907 0.75447 0.078431375 0.38039216 0.078431375
v 1.53297 0.7162 0.66905 0.078431375 0.38039216 0.078431375
v 1.5531 0.69907 0.75447 0.078431375 0.38039216 0.078431375
v 1.51557 0.78169 0.61185 0.078431375 0.38039216 0.078431375
v 1.53297 0.7162 0.66905 0.078431375 0.38039216 0.078431375
v 1.51557 0.78169 0.61185 0.078431375 0.38039216 0.078431375
v 1.5531 0.69907 0.75447 0.078431375 0.38039216 0.078431375
v 1.51557 0.78169 0.61185 0.078431375 0.38039216 0.078431375
v 1.61262 0.64728 0.68193 0.078431375 0.38039216 0.078431375
v 1.5531 0.69907 0.75447 0.078431375 0.38039216 0.078431375
v 1.51557 0.78169 0.61185 0.078431375 0.38039216 0.078431375
v 1.5531 0.69907 0.75447 0.078431375 0.38039216 0.078431375
v 1.61262 0.64728 0.68193 0.078431375 0.38039216 0.078431375
v 1.51557 0.78169 0.61185 0.078431375 0.38039216 0.078431375
v 1.59283 0.68282 0.55889 0.078431375 0.38039216 0.078431375
v 1.61262 0.64728 0.68193 0.078431375 0.38039216 0.078431375
v 1.51557 0.78169 0.61185 0.078431375 0.38039216 0.078431375
v 1.61262 0.64728 0.68193 0.078431375 0.38039216 0.078431375
v 1.59283 0.68282 0.55889 0.078431375 0.38039216 0.078431375
v 1.51557 0.78169 0.61185 0.078431375 0.38039216 0.078431375
v 1.52702 0.7083 0.5431 0.078431375 0.38039216 0.078431375
v 1.59283 0.68282 0.55889 0.078431375 0.38039216 0.078431375
v 1.51557 0.78169 0.61185 0.078431375 0.38039216 0.078431375
v 1.59283 0.68282 0.55889 0.078431375 0.38039216 0.078431375
v 1.52702 0.7083 0.5431 0.078431375 0.38039216 0.078431375
v 1.51557 0.78169 0.61185 0.078431375 0.38039216 0.078431375
v 1.49948 0.76532 0.5477 0.078431375 0.38039216 0.078431375
v 1.52702 0.7083 0.5431 0.078431375 0.38039216 0.078431375
v 1.51557 0.78169 0.61185 0.078431375 0.38039216 0.078431375
v 1.52702 0.7083 0.5431 0.078431375 0.38039216 0.078431375
v 1.49948 0.76532 0.5477 0.078431375 0.38039216 0.078431375
v 1.51557 0.78169 0.61185 0.078431375 0.38039216 0.078431375
v 1.46785 0.7246 0.54503 0.078431375 0.38039216 0.078431375
v 1.50131 0.7736 0.54148 0.078431375 0.38039216 0.078431375
v 1.51557 0.78169 0.61185 0.078431375 0.38039216 0.078431375
v 1.50131 0.7736 0.54148 0.078431375 0.38039216 0.078431375
v 1.46785 0.7246 0.54503 0.078431375 0.38039216 0.078431375
v 1.51557 0.78169 0.61185 0.078431375 0.38039216 0.078431375
v 1.42484 0.70721 0.56831 0.078431375 0.38039216 0.078431375
v 1.46785 0.7246 0.54503 0.078431375 0.38039216 0.078431375
v 1.51557 0.78169 0.61185 0.078431375 0.38039216 0.078431375
v 1.46785 0.7246 0.54503 0.078431375 0.38039216 0.078431375
v 1.42484 0.70721 0.56831 0.078431375 0.38039216 0.078431375
v 1.51557 0.78169 0.61185 0.078431375 0.38039216 0.078431375
v 1.40694 0.66286 0.65144 0.078431375 0.38039216 0.078431375
v 1.42484 0.70721 0.56831 0.078431375 0.38039216 0.078431375
v 1.51557 0.78169 0.61185 0.078431375 0.38039216 0.078431375
v 1.42484 0.70721 0.56831 0.078431375 0.38039216 0.078431375
v 1.40694 0.66286 0.65144 0.078431375 0.38039216 0.078431375
v 1.51557 0.78169 0.61185 0.078431375 0.38039216 0.078431375
v 1.50246 0.63959 0.6536 0.078431375 0.38039216 0.078431375
v 1.40694 0.66286 0.65144 0.078431375 0.38039216 0.078431375
v 1.51557 0.78169 0.61185 0.078431375 0.38039216 0.078431375
v 1.40694 0.66286 0.65144 0.078431375 0.38039216 0.078431375
v 1.50246 0.63959 0.6536 0.078431375 0.38039216 0.078431375
v 1.51557 0.78169 0.61185 0.078431375 0.38039216 0.078431375
v 1.53297 0.7162 0.66905 0.078431375 0.38039216 0.078431375
v 1.50246 0.63959 0.6536 0.078431375 0.38039216 0.078431375
v 1.51557 0.78169 0.61185 0.078431375 0.38039216 0.078431375
v 1.50246 0.63959 0.6536 0.078431375 0.38039216 0.078431375
v 1.53297 0.7162 0.66905 0.078431375 0.38039216 0.078431375
v 1.53297 0.7162 0.66905 0.078431375 0.38039216 0.078431375
v 1.52496 0.57249 0.70094 0.078431375 0.38039216 0.078431375
v 1.50246 0.63959 0.6536 0.078431375 0.38039216 0.078431375
v 1.53297 0.7162 0.66905 0.078431375 0.38039216 0.078431375
v 1.50246 0.63959 0.6536 0.078431375 0.38039216 0.078431375
v 1.52496 0.57249 0.70094 0.078431375 0.38039216 0.078431375
v 1.47782 0.81308 0.41803 0.101960786 0.38039216 0.101960786
v 1.4013 0.76729 0.43007 0.101960786 0.38039216 0.101960786
v 1.43957 0.71468 0.42063 0.101960786 0.38039216 0.101960786
v 1.47782 0.81308 0.41803 0.101960786 0.38039216 0.101960786
v 1.43957 0.71468 0.42063 0.101960786 0.38039216 0.101960786
v 1.4013 0.76729 0.43007 0.101960786 0.38039216 0.101960786
v 1.47782 0.81308 0.41803 0.101960786 0.38039216 0.101960786
v 1.4013 0.76729 0.43007 0.101960786 0.38039216 0.101960786
v 1.47548 0.85242 0.46881 0.101960786 0.38039216 0.101960786
v 1.47782 0.81308 0.41803 0.101960786 0.38039216 0.101960786
v 1.47548 0.85242 0.46881 0.101960786 0.38039216 0.101960786
v 1.4013 0.76729 0.43007 0.101960786 0.38039216 0.101960786
v 1.47548 0.85242 0.46881 0.101960786 0.38039216 0.101960786
v 1.38313 0.77147 0.47001 0.101960786 0.38039216 0.101960786
v 1.4013 0.76729 0.43007 0.101960786 0.38039216 0.101960786
v 1.47548 0.85242 0.46881 0.101960786 0.38039216 0.101960786
v 1.4013 0.76729 0.43007 0.101960786 0.38039216 0.101960786
v 1.38313 0.77147 0.47001 0.101960786 0.38039216 0.101960786
v 1.47548 0.85242 0.46881 0.101960786 0.38039216 0.101960786
v 1.41269 0.79497 0.53634 0.101960786 0.38039216 0.101960786
v 1.38313 0.77147 0.47001 0.101960786 0.38039216 0.101960786
v 1.47548 0.85242 0.46881 0.101960786 0.38039216 0.101960786
v 1.38313 0.77147 0.47001 0.101960786 0.38039216 0.101960786
v 1.41269 0.79497 0.53634 0.101960786 0.38039216 0.101960786
v 1.47548 0.85242 0.46881 0.101960786 0.38039216 0.101960786
v 1.46401 0.79978 0.54351 0.101960786 0.38039216 0.101960786
v 1.41269 0.79497 0.53634 0.101960786 0.38039216 0.101960786
v 1.47548 0.85242 0.46881 0.101960786 0.38039216 0.101960786
v 1.41269 0.79497 0.53634 0.101960786 0.38039216 0.101960786
v 1.46401 0.79978 0.54351 0.101960786 0.38039216 0.101960786
v 1.47548 0.85242 0.46881 0.101960786 0.38039216 0.101960786
v 1.50003 0.81764 0.52635 0.101960786 0.38039216 0.101960786
v 1.46401 0.79978 0.54351 0.101960786 0.38039216 0.101960786
v 1.47548 0.85242 0.46881 0.101960786 0.38039216 0.101960786
v 1.46401 0.79978 0.54351 0.101960786 0.38039216 0.101960786
v 1.50003 0.81764 0.52635 0.101960786 0.38039216 0.101960786
v 1.47548 0.85242 0.46881 0.101960786 0.38039216 0.101960786
v 1.52943 0.82225 0.53049 0.101960786 0.38039216 0.101960786
v 1.50914 0.83225 0.52893 0.101960786 0.38039216 0.101960786
v 1.47548 0.85242 0.46881 0.101960786 0.38039216 0.101960786
v 1.50914 0.83225 0.52893 0.101960786 0.38039216 0.101960786
v 1.52943 0.82225 0.53049 0.101960786 0.38039216 0.101960786
v 1.47548 0.85242 0.46881 0.101960786 0.38039216 0.101960786
v 1.55322 0.81136 0.51779 0.101960786 0.38039216 0.101960786
v 1.52943 0.82225 0.53049 0.101960786 0.38039216 0.101960786
v 1.47548 0.85242 0.46881 0.101960786 0.38039216 0.101960786
v 1.52943 0.82225 0.53049 0.101960786 0.38039216 0.101960786
v 1.55322 0.81136 0.51779 0.101960786 0.38039216 0.101960786
v 1.47548 0.85242 0.46881 0.101960786 0.38039216 0.101960786
v 1.57545 0.78673 0.42529 0.101960786 0.38039216 0.101960786
v 1.55322 0.81136 0.51779 0.101960786 0.38039216 0.101960786
v 1.47548 0.85242 0.46881 0.101960786 0.38039216 0.101960786
v 1.55322 0.81136 0.51779 0.101960786 0.38039216 0.101960786
v 1.57545 0.78673 0.42529 0.101960786 0.38039216 0.101960786
v 1.47548 0.85242 0.46881 0.101960786 0.38039216 0.101960786
v 1.52214 0.75955 0.40182 0.101960786 0.38039216 0.101960786
v 1.57545 0.78673 0.42529 0.101960786 0.38039216 0.101960786
v 1.47548 0.85242 0.46881 0.101960786 0.38039216 0.101960786
v 1.57545 0.78673 0.42529 0.101960786 0.38039216 0.101960786
v 1.52214 0.75955 0.40182 0.101960786 0.38039216 0.101960786
v 1.47548 0.85242 0.46881 0.101960786 0.38039216 0.101960786
v 1.47782 0.81308 0.41803 0.101960786 0.38039216 0.101960786
v 1.52214 0.75955 0.40182 0.101960786 0.38039216 0.101960786
v 1.47548 0.85242 0.46881 0.101960786 0.38039216 0.101960786
v 1.52214 0.75955 0.40182 0.101960786 0.38039216 0.101960786
v 1.47782 0.81308 0.41803 0.101960786 0.38039216 0.101960786
v 1.47782 0.81308 0.41803 0.101960786 0.38039216 0.101960786
v 1.43957 0.71468 0.42063 0.101960786 0.38039216 0.101960786
v 1.52214 0.75955 0.40182 0.101960786 0.38039216 0.101960786
v 1.47782 0.81308 0.41803 0.101960786 0.38039216 0.101960786
v 1.52214 0.75955 0.40182 0.101960786 0.38039216 0.101960786
v 1.43957 0.71468 0.42063 0.101960786 0.38039216 0.101960786
v 1.55279 0.91662 0.58554 0.09803922 0.38039216 0.09803922
v 1.60781 0.89005 0.57085 0.09803922 0.38039216 0.09803922
v 1.59226 0.85528 0.59648 0.09803922 0.38039216 0.09803922
v 1.55279 0.91662 0.58554 0.09803922 0.38039216 0.09803922
v 1.59226 0.85528 0.59648 0.09803922 0.38039216 0.09803922
v 1.60781 0.89005 0.57085 0.09803922 0.38039216 0.09803922
v 1.55279 0.91662 0.58554 0.09803922 0.38039216 0.09803922
v 1.60781 0.89005 0.57085 0.09803922 0.38039216 0.09803922
v 1.53923 0.92965 0.54478 0.09803922 0.38039216 0.09803922
v 1.55279 0.91662 0.58554 0.09803922 0.38039216 0.09803922
v 1.53923 0.92965 0.54478 0.09803922 0.38039216 0.09803922
v 1.60781 0.89005 0.57085 0.09803922 0.38039216 0.09803922
v 1.53923 0.92965 0.54478 0.09803922 0.38039216 0.09803922
v 1.61192 0.88427 0.5409 0.09803922 0.38039216 0.09803922
v 1.60781 0.89005 0.57085 0.09803922 0.38039216 0.09803922
v 1.53923 0.92965 0.54478 0.09803922 0.38039216 0.09803922
v 1.60781 0.89005 0.57085 0.09803922 0.38039216 0.09803922
v 1.61192 0.88427 0.5409 0.09803922 0.38039216 0.09803922
v 1.53923 0.92965 0.54478 0.09803922 0.38039216 0.09803922
v 1.57695 0.88063 0.50082 0.09803922 0.38039216 0.09803922
v 1.61192 0.88427 0.5409 0.09803922 0.38039216 0.09803922
v 1.53923 0.92965 0.54478 0.09803922 0.38039216 0.09803922
v 1.61192 0.88427 0.5409 0.09803922 0.38039216 0.09803922
v 1.57695 0.88063 0.50082 0.09803922 0.38039216 0.09803922
v 1.53923 0.92965 0.54478 0.09803922 0.38039216 0.09803922
v 1.54118 0.87788 0.50665 0.09803922 0.38039216 0.09803922
v 1.57695 0.88063 0.50082 0.09803922 0.38039216 0.09803922
v 1.53923 0.92965 0.54478 0.09803922 0.38039216 0.09803922
v 1.57695 0.88063 0.50082 0.09803922 0.38039216 0.09803922
v 1.54118 0.87788 0.50665 0.09803922 0.38039216 0.09803922
v 1.53923 0.92965 0.54478 0.09803922 0.38039216 0.09803922
v 1.51791 0.89085 0.52156 0.09803922 0.38039216 0.09803922
v 1.54118 0.87788 0.50665 0.09803922 0.38039216 0.09803922
v 1.53923 0.92965 0.54478 0.09803922 0.38039216 0.09803922
v 1.54118 0.87788 0.50665 0.09803922 0.38039216 0.09803922
v 1.51791 0.89085 0.52156 0.09803922 0.38039216 0.09803922
v 1.53923 0.92965 0.54478 0.09803922 0.38039216 0.09803922
v 1.49714 0.89046 0.52448 0.09803922 0.38039216 0.09803922
v 1.50926 0.89895 0.51883 0.09803922 0.38039216 0.09803922
v 1.53923 0.92965 0.54478 0.09803922 0.38039216 0.09803922
v 1.50926 0.89895 0.51883 0.09803922 0.38039216 0.09803922
v 1.49714 0.89046 0.52448 0.09803922 0.38039216 0.09803922
v 1.53923 0.92965 0.54478 0.09803922 0.38039216 0.09803922
v 1.48542 0.88468 0.54003 0.09803922 0.38039216 0.09803922
v 1.49714 0.89046 0.52448 0.09803922 0.38039216 0.09803922
v 1.53923 0.92965 0.54478 0.09803922 0.38039216 0.09803922
v 1.49714 0.89046 0.52448 0.09803922 0.38039216 0.09803922
v 1.48542 0.88468 0.54003 0.09803922 0.38039216 0.09803922
v 1.53923 0.92965 0.54478 0.09803922 0.38039216 0.09803922
v 1.49123 0.88997 0.60822 0.09803922 0.38039216 0.09803922
v 1.48542 0.88468 0.54003 0.09803922 0.38039216 0.09803922
v 1.53923 0.92965 0.54478 0.09803922 0.38039216 0.09803922
v 1.48542 0.88468 0.54003 0.09803922 0.38039216 0.09803922
v 1.49123 0.88997 0.60822 0.09803922 0.38039216 0.09803922
v 1.53923 0.92965 0.54478 0.09803922 0.38039216 0.09803922
v 1.53461 0.88245 0.61695 0.09803922 0.38039216 0.09803922
v 1.49123 0.88997 0.60822 0.09803922 0.38039216 0.09803922
v 1.53923 0.92965 0.54478 0.09803922 0.38039216 0.09803922
v 1.49123 0.88997 0.60822 0.09803922 0.38039216 0.09803922
v 1.53461 0.88245 0.61695 0.09803922 0.38039216 0.09803922
v 1.53923 0.92965 0.54478 0.09803922 0.38039216 0.09803922
v 1.55279 0.91662 0.58554 0.09803922 0.38039216 0.09803922
v 1.53461 0.88245 0.61695 0.09803922 0.38039216 0.09803922
v 1.53923 0.92965 0.54478 0.09803922 0.38039216 0.09803922
v 1.53461 0.88245 0.61695 0.09803922 0.38039216 0.09803922
v 1.55279 0.91662 0.58554 0.09803922 0.38039216 0.09803922
v 1.55279 0.91662 0.58554 0.09803922 0.38039216 0.09803922
v 1.59226 0.85528 0.59648 0.09803922 0.38039216 0.09803922
v 1.53461 0.88245 0.61695 0.09803922 0.38039216 0.09803922
v 1.55279 0.91662 0.58554 0.09803922 0.38039216 0.09803922
v 1.53461 0.88245 0.61695 0.09803922 0.38039216 0.09803922
v 1.59226 0.85528 0.59648 0.09803922 0.38039216 0.09803922
v 1.45786 1.03414 0.56899 0.14117648 0.38039216 0.14117648
v 1.47335 1.02639 0.60213 0.14117648 0.38039216 0.14117648
v 1.43826 1.01459 0.59074 0.14117648 0.38039216 0.14117648
v 1.45786 1.03414 0.56899 0.14117648 0.38039216 0.14117648
v 1.43826 1.01459 0.59074 0.14117648 0.38039216 0.14117648
v 1.47335 1.02639 0.60213 0.14117648 0.38039216 0.14117648
v 1.45786 1.03414 0.56899 0.14117648 0.38039216 0.14117648
v 1.47335 1.02639 0.60213 0.14117648 0.38039216 0.14117648
v 1.48552 1.0164 0.54473 0.14117648 0.38039216 0.14117648
v 1.45786 1.03414 0.56899 0.14117648 0.38039216 0.14117648
v 1.48552 1.0164 0.54473 0.14117648 0.38039216 0.14117648
v 1.47335 1.02639 0.60213 0.14117648 0.38039216 0.14117648
v 1.48552 1.0164 0.54473 0.14117648 0.38039216 0.14117648
v 1.50055 1.02083 0.59675 0.14117648 0.38039216 0.14117648
v 1.47335 1.02639 0.60213 0.14117648 0.38039216 0.14117648
v 1.48552 1.0164 0.54473 0.14117648 0.38039216 0.14117648
v 1.47335 1.02639 0.60213 0.14117648 0.38039216 0.14117648
v 1.50055 1.02083 0.59675 0.14117648 0.38039216 0.14117648
v 1.48552 1.0164 0.54473 0.14117648 0.38039216 0.14117648
v 1.51253 0.99791 0.57176 0.14117648 0.38039216 0.14117648
v 1.50055 1.02083 0.59675 0.14117648 0.38039216 0.14117648
v 1.48552 1.0164 0.54473 0.14117648 0.38039216 0.14117648
v 1.50055 1.02083 0.59675 0.14117648 0.38039216 0.14117648
v 1.51253 0.99791 0.57176 0.14117648 0.38039216 0.14117648
v 1.48552 1.0164 0.54473 0.14117648 0.38039216 0.14117648
v 1.49876 0.99019 0.54775 0.14117648 0.38039216 0.14117648
v 1.51253 0.99791 0.57176 0.14117648 0.38039216 0.14117648
v 1.48552 1.0164 0.54473 0.14117648 0.38039216 0.14117648
v 1.51253 0.99791 0.57176 0.14117648 0.38039216 0.14117648
v 1.49876 0.99019 0.54775 0.14117648 0.38039216 0.14117648
v 1.48552 1.0164 0.54473 0.14117648 0.38039216 0.14117648
v 1.49264 0.99516 0.5354 0.14117648 0.38039216 0.14117648
v 1.49876 0.99019 0.54775 0.14117648 0.38039216 0.14117648
v 1.48552 1.0164 0.54473 0.14117648 0.38039216 0.14117648
v 1.49876 0.99019 0.54775 0.14117648 0.38039216 0.14117648
v 1.49264 0.99516 0.5354 0.14117648 0.38039216 0.14117648
v 1.48552 1.0164 0.54473 0.14117648 0.38039216 0.14117648
v 1.46592 0.99008 0.52408 0.14117648 0.38039216 0.14117648
v 1.48421 0.99446 0.52849 0.14117648 0.38039216 0.14117648
v 1.48552 1.0164 0.54473 0.14117648 0.38039216 0.14117648
v 1.48421 0.99446 0.52849 0.14117648 0.38039216 0.14117648
v 1.46592 0.99008 0.52408 0.14117648 0.38039216 0.14117648
v 1.48552 1.0164 0.54473 0.14117648 0.38039216 0.14117648
v 1.44705 0.99844 0.52463 0.14117648 0.38039216 0.14117648
v 1.46592 0.99008 0.52408 0.14117648 0.38039216 0.14117648
v 1.48552 1.0164 0.54473 0.14117648 0.38039216 0.14117648
v 1.46592 0.99008 0.52408 0.14117648 0.38039216 0.14117648
v 1.44705 0.99844 0.52463 0.14117648 0.38039216 0.14117648
v 1.48552 1.0164 0.54473 0.14117648 0.38039216 0.14117648
v 1.42487 1.02632 0.536 0.14117648 0.38039216 0.14117648
v 1.44705 0.99844 0.52463 0.14117648 0.38039216 0.14117648
v 1.48552 1.0164 0.54473 0.14117648 0.38039216 0.14117648
v 1.44705 0.99844 0.52463 0.14117648 0.38039216 0.14117648
v 1.42487 1.02632 0.536 0.14117648 0.38039216 0.14117648
v 1.48552 1.0164 0.54473 0.14117648 0.38039216 0.14117648
v 1.42793 1.03653 0.57584 0.14117648 0.38039216 0.14117648
v 1.42487 1.02632 0.536 0.14117648 0.38039216 0.14117648
v 1.48552 1.0164 0.54473 0.14117648 0.38039216 0.14117648
v 1.42487 1.02632 0.536 0.14117648 0.38039216 0.14117648
v 1.42793 1.03653 0.57584 0.14117648 0.38039216 0.14117648
v 1.48552 1.0164 0.54473 0.14117648 0.38039216 0.14117648
v 1.45786 1.03414 0.56899 0.14117648 0.38039216 0.14117648
v 1.42793 1.03653 0.57584 0.14117648 0.38039216 0.14117648
v 1.48552 1.0164 0.54473 0.14117648 0.38039216 0.14117648
v 1.42793 1.03653 0.57584 0.14117648 0.38039216 0.14117648
v 1.45786 1.03414 0.56899 0.14117648 0.38039216 0.14117648
v 1.45786 1.03414 0.56899 0.14117648 0.38039216 0.14117648
v 1.43826 1.01459 0.59074 0.14117648 0.38039216 0.14117648
v 1.42793 1.03653 0.57584 0.14117648 0.38039216 0.14117648
v 1.45786 1.03414 0.56899 0.14117648 0.38039216 0.14117648
v 1.42793 1.03653 0.57584 0.14117648 0.38039216 0.14117648
v 1.43826 1.01459 0.59074 0.14117648 0.38039216 0.14117648
v 1.50546 1.06503 0.50804 0.17254902 0.38039216 0.17254902
v 1.48467 1.06728 0.49508 0.17254902 0.38039216 0.17254902
v 1.50816 1.06806 0.48524 0.17254902 0.38039216 0.17254902
v 1.50546 1.06503 0.50804 0.17254902 0.38039216 0.17254902
v 1.50816 1.06806 0.48524 0.17254902 0.38039216 0.17254902
v 1.48467 1.06728 0.49508 0.17254902 0.38039216 0.17254902
v 1.50546 1.06503 0.50804 0.17254902 0.38039216 0.17254902
v 1.48467 1.06728 0.49508 0.17254902 0.38039216 0.17254902
v 1.50152 1.0404 0.51802 0.17254902 0.38039216 0.17254902
v 1.50546 1.06503 0.50804 0.17254902 0.38039216 0.17254902
v 1.50152 1.0404 0.51802 0.17254902 0.38039216 0.17254902
v 1.48467 1.06728 0.49508 0.17254902 0.38039216 0.17254902
v 1.50152 1.0404 0.51802 0.17254902 0.38039216 0.17254902
v 1.47287 1.05486 0.5023 0.17254902 0.38039216 0.17254902
v 1.48467 1.06728 0.49508 0.17254902 0.38039216 0.17254902
v 1.50152 1.0404 0.51802 0.17254902 0.38039216 0.17254902
v 1.48467 1.06728 0.49508 0.17254902 0.38039216 0.17254902
v 1.47287 1.05486 0.5023 0.17254902 0.38039216 0.17254902
v 1.50152 1.0404 0.51802 0.17254902 0.38039216 0.17254902
v 1.4777 1.03202 0.50611 0.17254902 0.38039216 0.17254902
v 1.47287 1.05486 0.5023 0.17254902 0.38039216 0.17254902
v 1.50152 1.0404 0.51802 0.17254902 0.38039216 0.17254902
v 1.47287 1.05486 0.5023 0.17254902 0.38039216 0.17254902
v 1.4777 1.03202 0.50611 0.17254902 0.38039216 0.17254902
v 1.50152 1.0404 0.51802 0.17254902 0.38039216 0.17254902
v 1.4948 1.02454 0.50907 0.17254902 0.38039216 0.17254902
v 1.4777 1.03202 0.50611 0.17254902 0.38039216 0.17254902
v 1.50152 1.0404 0.51802 0.17254902 0.38039216 0.17254902
v 1.4777 1.03202 0.50611 0.17254902 0.38039216 0.17254902
v 1.4948 1.02454 0.50907 0.17254902 0.38039216 0.17254902
v 1.50152 1.0404 0.51802 0.17254902 0.38039216 0.17254902
v 1.50261 1.02483 0.5147 0.17254902 0.38039216 0.17254902
v 1.4948 1.02454 0.50907 0.17254902 0.38039216 0.17254902
v 1.50152 1.0404 0.51802 0.17254902 0.38039216 0.17254902
v 1.4948 1.02454 0.50907 0.17254902 0.38039216 0.17254902
v 1.50261 1.02483 0.5147 0.17254902 0.38039216 0.17254902
v 1.50152 1.0404 0.51802 0.17254902 0.38039216 0.17254902
v 1.52133 1.02651 0.50999 0.17254902 0.38039216 0.17254902
v 1.50979 1.02474 0.51499 0.17254902 0.38039216 0.17254902
v 1.50152 1.0404 0.51802 0.17254902 0.38039216 0.17254902
v 1.50979 1.02474 0.51499 0.17254902 0.38039216 0.17254902
v 1.52133 1.02651 0.50999 0.17254902 0.38039216 0.17254902
v 1.50152 1.0404 0.51802 0.17254902 0.38039216 0.17254902
v 1.53054 1.03633 0.50824 0.17254902 0.38039216 0.17254902
v 1.52133 1.02651 0.50999 0.17254902 0.38039216 0.17254902
v 1.50152 1.0404 0.51802 0.17254902 0.38039216 0.17254902
v 1.52133 1.02651 0.50999 0.17254902 0.38039216 0.17254902
v 1.53054 1.03633 0.50824 0.17254902 0.38039216 0.17254902
v 1.50152 1.0404 0.51802 0.17254902 0.38039216 0.17254902
v 1.53616 1.06024 0.50949 0.17254902 0.38039216 0.17254902
v 1.53054 1.03633 0.50824 0.17254902 0.38039216 0.17254902
v 1.50152 1.0404 0.51802 0.17254902 0.38039216 0.17254902
v 1.53054 1.03633 0.50824 0.17254902 0.38039216 0.17254902
v 1.53616 1.06024 0.50949 0.17254902 0.38039216 0.17254902
v 1.50152 1.0404 0.51802 0.17254902 0.38039216 0.17254902
v 1.51828 1.07715 0.49809 0.17254902 0.38039216 0.17254902
v 1.53616 1.06024 0.50949 0.17254902 0.38039216 0.17254902
v 1.50152 1.0404 0.51802 0.17254902 0.38039216 0.17254902
v 1.53616 1.06024 0.50949 0.17254902 0.38039216 0.17254902
v 1.51828 1.07715 0.49809 0.17254902 0.38039216 0.17254902
v 1.50152 1.0404 0.51802 0.17254902 0.38039216 0.17254902
v 1.50546 1.06503 0.50804 0.17254902 0.38039216 0.17254902
v 1.51828 1.07715 0.49809 0.17254902 0.38039216 0.17254902
v 1.50152 1.0404 0.51802 0.17254902 0.38039216 0.17254902
v 1.51828 1.07715 0.49809 0.17254902 0.38039216 0.17254902
v 1.50546 1.06503 0.50804 0.17254902 0.38039216 0.17254902
v 1.50546 1.06503 0.50804 0.17254902 0.38039216 0.17254902
v 1.50816 1.06806 0.48524 0.17254902 0.38039216 0.17254902
v 1.51828 1.07715 0.49809 0.17254902 0.38039216 0.17254902
v 1.50546 1.06503 0.50804 0.17254902 0.38039216 0.17254902
v 1.51828 1.07715 0.49809 0.17254902 0.38039216 0.17254902
v 1.50816 1.06806 0.48524 0.17254902 0.38039216 0.17254902
v 1.50105 1.07026 0.53166 0.22745098 0.38039216 0.22745098
v 1.51638 1.07443 0.53383 0.22745098 0.38039216 0.22745098
v 1.50391 1.07838 0.54406 0.22745098 0.38039216 0.22745098
v 1.50105 1.07026 0.53166 0.22745098 0.38039216 0.22745098
v 1.50391 1.07838 0.54406 0.22745098 0.38039216 0.22745098
v 1.51638 1.07443 0.53383 0.22745098 0.38039216 0.22745098
v 1.50105 1.07026 0.53166 0.22745098 0.38039216 0.22745098
v 1.51638 1.07443 0.53383 0.22745098 0.38039216 0.22745098
v 1.5029 1.05285 0.53192 0.22745098 0.38039216 0.22745098
v 1.50105 1.07026 0.53166 0.22745098 0.38039216 0.22745098
v 1.5029 1.05285 0.53192 0.22745098 0.38039216 0.22745098
v 1.51638 1.07443 0.53383 0.22745098 0.38039216 0.22745098
v 1.5029 1.05285 0.53192 0.22745098 0.38039216 0.22745098
v 1.5229 1.06472 0.53066 0.22745098 0.38039216 0.22745098
v 1.51638 1.07443 0.53383 0.22745098 0.38039216 0.22745098
v 1.5029 1.05285 0.53192 0.22745098 0.38039216 0.22745098
v 1.51638 1.07443 0.53383 0.22745098 0.38039216 0.22745098
v 1.5229 1.06472 0.53066 0.22745098 0.38039216 0.22745098
v 1.5029 1.05285 0.53192 0.22745098 0.38039216 0.22745098
v 1.52052 1.05035 0.53572 0.22745098 0.38039216 0.22745098
v 1.5229 1.06472 0.53066 0.22745098 0.38039216 0.22745098
v 1.5029 1.05285 0.53192 0.22745098 0.38039216 0.22745098
v 1.5229 1.06472 0.53066 0.22745098 0.38039216 0.22745098
v 1.52052 1.05035 0.53572 0.22745098 0.38039216 0.22745098
v 1.5029 1.05285 0.53192 0.22745098 0.38039216 0.22745098
v 1.50983 1.0457 0.53973 0.22745098 0.38039216 0.22745098
v 1.52052 1.05035 0.53572 0.22745098 0.38039216 0.22745098
v 1.5029 1.05285 0.53192 0.22745098 0.38039216 0.22745098
v 1.52052 1.05035 0.53572 0.22745098 0.38039216 0.22745098
v 1.50983 1.0457 0.53973 0.22745098 0.38039216 0.22745098
v 1.5029 1.05285 0.53192 0.22745098 0.38039216 0.22745098
v 1.50385 1.04459 0.53818 0.22745098 0.38039216 0.22745098
v 1.50983 1.0457 0.53973 0.22745098 0.38039216 0.22745098
v 1.5029 1.05285 0.53192 0.22745098 0.38039216 0.22745098
v 1.50983 1.0457 0.53973 0.22745098 0.38039216 0.22745098
v 1.50385 1.04459 0.53818 0.22745098 0.38039216 0.22745098
v 1.5029 1.05285 0.53192 0.22745098 0.38039216 0.22745098
v 1.49319 1.04751 0.54432 0.22745098 0.38039216 0.22745098
v 1.49937 1.0447 0.53957 0.22745098 0.38039216 0.22745098
v 1.5029 1.05285 0.53192 0.22745098 0.38039216 0.22745098
v 1.49937 1.0447 0.53957 0.22745098 0.38039216 0.22745098
v 1.49319 1.04751 0.54432 0.22745098 0.38039216 0.22745098
v 1.5029 1.05285 0.53192 0.22745098 0.38039216 0.22745098
v 1.48729 1.0541 0.5446 0.22745098 0.38039216 0.22745098
v 1.49319 1.04751 0.54432 0.22745098 0.38039216 0.22745098
v 1.5029 1.05285 0.53192 0.22745098 0.38039216 0.22745098
v 1.49319 1.04751 0.54432 0.22745098 0.38039216 0.22745098
v 1.48729 1.0541 0.5446 0.22745098 0.38039216 0.22745098
v 1.5029 1.05285 0.53192 0.22745098 0.38039216 0.22745098
v 1.48214 1.06808 0.53866 0.22745098 0.38039216 0.22745098
v 1.48729 1.0541 0.5446 0.22745098 0.38039216 0.22745098
v 1.5029 1.05285 0.53192 0.22745098 0.38039216 0.22745098
v 1.48729 1.0541 0.5446 0.22745098 0.38039216 0.22745098
v 1.48214 1.06808 0.53866 0.22745098 0.38039216 0.22745098
v 1.5029 1.05285 0.53192 0.22745098 0.38039216 0.22745098
v 1.49448 1.08058 0.53663 0.22745098 0.38039216 0.22745098
v 1.48214 1.06808 0.53866 0.22745098 0.38039216 0.22745098
v 1.5029 1.05285 0.53192 0.22745098 0.38039216 0.22745098
v 1.48214 1.06808 0.53866 0.22745098 0.38039216 0.22745098
v 1.49448 1.08058 0.53663 0.22745098 0.38039216 0.22745098
v 1.5029 1.05285 0.53192 0.22745098 0.38039216 0.22745098
v 1.50105 1.07026 0.53166 0.22745098 0.38039216 0.22745098
v 1.49448 1.08058 0.53663 0.22745098 0.38039216 0.22745098
v 1.5029 1.05285 0.53192 0.22745098 0.38039216 0.22745098
v 1.49448 1.08058 0.53663 0.22745098 0.38039216 0.22745098
v 1.50105 1.07026 0.53166 0.22745098 0.38039216 0.22745098
v 1.50105 1.07026 0.53166 0.22745098 0.38039216 0.22745098
v 1.50391 1.07838 0.54406 0.22745098 0.38039216 0.22745098
v 1.49448 1.08058 0.53663 0.22745098 0.38039216 0.22745098
v 1.50105 1.07026 0.53166 0.22745098 0.38039216 0.22745098
v 1.49448 1.08058 0.53663 0.22745098 0.38039216 0.22745098
v 1.50391 1.07838 0.54406 0.22745098 0.38039216 0.22745098
v -1.53391 0.24201 -0.08623 0.05490196 0.38039216 0.05490196
v -1.57563 0.22767 -0.08102 0.05490196 0.38039216 0.05490196
v -1.54438 0.20834 -0.10869 0.05490196 0.38039216 0.05490196
v -1.53391 0.24201 -0.08623 0.05490196 0.38039216 0.05490196
v -1.54438 0.20834 -0.10869 0.05490196 0.38039216 0.05490196
v -1.57563 0.22767 -0.08102 0.05490196 0.38039216 0.05490196
v -1.53391 0.24201 -0.08623 0.05490196 0.38039216 0.05490196
v -1.57563 0.22767 -0.08102 0.05490196 0.38039216 0.05490196
v -1.51844 0.23701 -0.04053 0.05490196 0.38039216 0.05490196
v -1.53391 0.24201 -0.08623 0.05490196 0.38039216 0.05490196
v -1.51844 0.23701 -0.04053 0.05490196 0.38039216 0.05490196
v -1.57563 0.22767 -0.08102 0.05490196 0.38039216 0.05490196
v -1.51844 0.23701 -0.04053 0.05490196 0.38039216 0.05490196
v -1.58217 0.2305 -0.04821 0.05490196 0.38039216 0.05490196
v -1.57563 0.22767 -0.08102 0.05490196 0.38039216 0.05490196
v -1.51844 0.23701 -0.04053 0.05490196 0.38039216 0.05490196
v -1.57563 0.22767 -0.08102 0.05490196 0.38039216 0.05490196
v -1.58217 0.2305 -0.04821 0.05490196 0.38039216 0.05490196
v -1.51844 0.23701 -0.04053 0.05490196 0.38039216 0.05490196
v -1.55742 0.21566 -0.01673 0.05490196 0.38039216 0.05490196
v -1.58217 0.2305 -0.04821 0.05490196 0.38039216 0.05490196
v -1.51844 0.23701 -0.04053 0.05490196 0.38039216 0.05490196
v -1.58217 0.2305 -0.04821 0.05490196 0.38039216 0.05490196
v -1.55742 0.21566 -0.01673 0.05490196 0.38039216 0.05490196
v -1.51844 0.23701 -0.04053 0.05490196 0.38039216 0.05490196
v -1.52372 0.21046 -0.01826 0.05490196 0.38039216 0.05490196
v -1.55742 0.21566 -0.01673 0.05490196 0.38039216 0.05490196
v -1.51844 0.23701 -0.04053 0.05490196 0.38039216 0.05490196
v -1.55742 0.21566 -0.01673 0.05490196 0.38039216 0.05490196
v -1.52372 0.21046 -0.01826 0.05490196 0.38039216 0.05490196
v -1.51844 0.23701 -0.04053 0.05490196 0.38039216 0.05490196
v -1.50837 0.21803 -0.02133 0.05490196 0.38039216 0.05490196
v -1.52372 0.21046 -0.01826 0.05490196 0.38039216 0.05490196
v -1.51844 0.23701 -0.04053 0.05490196 0.38039216 0.05490196
v -1.52372 0.21046 -0.01826 0.05490196 0.38039216 0.05490196
v -1.50837 0.21803 -0.02133 0.05490196 0.38039216 0.05490196
v -1.51844 0.23701 -0.04053 0.05490196 0.38039216 0.05490196
v -1.48239 0.20845 -0.04273 0.05490196 0.38039216 0.05490196
v -1.49675 0.21702 -0.02701 0.05490196 0.38039216 0.05490196
v -1.51844 0.23701 -0.04053 0.05490196 0.38039216 0.05490196
v -1.49675 0.21702 -0.02701 0.05490196 0.38039216 0.05490196
v -1.48239 0.20845 -0.04273 0.05490196 0.38039216 0.05490196
v -1.51844 0.23701 -0.04053 0.05490196 0.38039216 0.05490196
v -1.47519 0.21247 -0.06582 0.05490196 0.38039216 0.05490196
v -1.48239 0.20845 -0.04273 0.05490196 0.38039216 0.05490196
v -1.51844 0.23701 -0.04053 0.05490196 0.38039216 0.05490196
v -1.48239 0.20845 -0.04273 0.05490196 0.38039216 0.05490196
v -1.47519 0.21247 -0.06582 0.05490196 0.38039216 0.05490196
v -1.51844 0.23701 -0.04053 0.05490196 0.38039216 0.05490196
v -1.48124 0.23415 -0.1041 0.05490196 0.38039216 0.05490196
v -1.47519 0.21247 -0.06582 0.05490196 0.38039216 0.05490196
v -1.51844 0.23701 -0.04053 0.05490196 0.38039216 0.05490196
v -1.47519 0.21247 -0.06582 0.05490196 0.38039216 0.05490196
v -1.48124 0.23415 -0.1041 0.05490196 0.38039216 0.05490196
v -1.51844 0.23701 -0.04053 0.05490196 0.38039216 0.05490196
v -1.52708 0.23447 -0.12136 0.05490196 0.38039216 0.05490196
v -1.48124 0.23415 -0.1041 0.05490196 0.38039216 0.05490196
v -1.51844 0.23701 -0.04053 0.05490196 0.38039216 0.05490196
v -1.48124 0.23415 -0.1041 0.05490196 0.38039216 0.05490196
v -1.52708 0.23447 -0.12136 0.05490196 0.38039216 0.05490196
v -1.51844 0.23701 -0.04053 0.05490196 0.38039216 0.05490196
v -1.53391 0.24201 -0.08623 0.05490196 0.38039216 0.05490196
v -1.52708 0.23447 -0.12136 0.05490196 0.38039216 0.05490196
v -1.51844 0.23701 -0.04053 0.05490196 0.38039216 0.05490196
v -1.52708 0.23447 -0.12136 0.05490196 0.38039216 0.05490196
v -1.53391 0.24201 -0.08623 0.05490196 0.38039216 0.05490196
v -1.53391 0.24201 -0.08623 0.05490196 0.38039216 0.05490196
v -1.54438 0.20834 -0.10869 0.05490196 0.38039216 0.05490196
v -1.52708 0.23447 -0.12136 0.05490196 0.38039216 0.05490196
v -1.53391 0.24201 -0.08623 0.05490196 0.38039216 0.05490196
v -1.52708 0.23447 -0.12136 0.05490196 0.38039216 0.05490196
v -1.54438 0.20834 -0.10869 0.05490196 0.38039216 0.05490196
v -1.34198 0.34627 0.10883 0.05882353 0.38039216 0.05882353
v -1.29774 0.29377 0.03326 0.05882353 0.38039216 0.05882353
v -1.32039 0.23427 0.07211 0.05882353 0.38039216 0.05882353
v -1.34198 0.34627 0.10883 0.05882353 0.38039216 0.05882353
v -1.32039 0.23427 0.07211 0.05882353 0.38039216 0.05882353
v -1.29774 0.29377 0.03326 0.05882353 0.38039216 0.05882353
v -1.34198 0.34627 0.10883 0.05882353 0.38039216 0.05882353
v -1.29774 0.29377 0.03326 0.05882353 0.38039216 0.05882353
v -1.38202 0.39324 0.06998 0.05882353 0.38039216 0.05882353
v -1.34198 0.34627 0.10883 0.05882353 0.38039216 0.05882353
v -1.38202 0.39324 0.06998 0.05882353 0.38039216 0.05882353
v -1.29774 0.29377 0.03326 0.05882353 0.38039216 0.05882353
v -1.38202 0.39324 0.06998 0.05882353 0.38039216 0.05882353
v -1.31836 0.30013 -0.01185 0.05882353 0.38039216 0.05882353
v -1.29774 0.29377 0.03326 0.05882353 0.38039216 0.05882353
v -1.38202 0.39324 0.06998 0.05882353 0.38039216 0.05882353
v -1.29774 0.29377 0.03326 0.05882353 0.38039216 0.05882353
v -1.31836 0.30013 -0.01185 0.05882353 0.38039216 0.05882353
v -1.38202 0.39324 0.06998 0.05882353 0.38039216 0.05882353
v -1.39611 0.33037 -0.03512 0.05882353 0.38039216 0.05882353
v -1.31836 0.30013 -0.01185 0.05882353 0.38039216 0.05882353
v -1.38202 0.39324 0.06998 0.05882353 0.38039216 0.05882353
v -1.31836 0.30013 -0.01185 0.05882353 0.38039216 0.05882353
v -1.39611 0.33037 -0.03512 0.05882353 0.38039216 0.05882353
v -1.38202 0.39324 0.06998 0.05882353 0.38039216 0.05882353
v -1.44006 0.33695 0.00377 0.05882353 0.38039216 0.05882353
v -1.39611 0.33037 -0.03512 0.05882353 0.38039216 0.05882353
v -1.38202 0.39324 0.06998 0.05882353 0.38039216 0.05882353
v -1.39611 0.33037 -0.03512 0.05882353 0.38039216 0.05882353
v -1.44006 0.33695 0.00377 0.05882353 0.38039216 0.05882353
v -1.38202 0.39324 0.06998 0.05882353 0.38039216 0.05882353
v -1.45119 0.35692 0.04777 0.05882353 0.38039216 0.05882353
v -1.44006 0.33695 0.00377 0.05882353 0.38039216 0.05882353
v -1.38202 0.39324 0.06998 0.05882353 0.38039216 0.05882353
v -1.44006 0.33695 0.00377 0.05882353 0.38039216 0.05882353
v -1.45119 0.35692 0.04777 0.05882353 0.38039216 0.05882353
v -1.38202 0.39324 0.06998 0.05882353 0.38039216 0.05882353
v -1.47631 0.36279 0.07006 0.05882353 0.38039216 0.05882353
v -1.45948 0.37374 0.05398 0.05882353 0.38039216 0.05882353
v -1.38202 0.39324 0.06998 0.05882353 0.38039216 0.05882353
v -1.45948 0.37374 0.05398 0.05882353 0.38039216 0.05882353
v -1.47631 0.36279 0.07006 0.05882353 0.38039216 0.05882353
v -1.38202 0.39324 0.06998 0.05882353 0.38039216 0.05882353
v -1.48354 0.3502 0.0997 0.05882353 0.38039216 0.05882353
v -1.47631 0.36279 0.07006 0.05882353 0.38039216 0.05882353
v -1.38202 0.39324 0.06998 0.05882353 0.38039216 0.05882353
v -1.47631 0.36279 0.07006 0.05882353 0.38039216 0.05882353
v -1.48354 0.3502 0.0997 0.05882353 0.38039216 0.05882353
v -1.38202 0.39324 0.06998 0.05882353 0.38039216 0.05882353
v -1.42174 0.31823 0.18683 0.05882353 0.38039216 0.05882353
v -1.48354 0.3502 0.0997 0.05882353 0.38039216 0.05882353
v -1.38202 0.39324 0.06998 0.05882353 0.38039216 0.05882353
v -1.48354 0.3502 0.0997 0.05882353 0.38039216 0.05882353
v -1.42174 0.31823 0.18683 0.05882353 0.38039216 0.05882353
v -1.38202 0.39324 0.06998 0.05882353 0.38039216 0.05882353
v -1.36336 0.2855 0.15787 0.05882353 0.38039216 0.05882353
v -1.42174 0.31823 0.18683 0.05882353 0.38039216 0.05882353
v -1.38202 0.39324 0.06998 0.05882353 0.38039216 0.05882353
v -1.42174 0.31823 0.18683 0.05882353 0.38039216 0.05882353
v -1.36336 0.2855 0.15787 0.05882353 0.38039216 0.05882353
v -1.38202 0.39324 0.06998 0.05882353 0.38039216 0.05882353
v -1.34198 0.34627 0.10883 0.05882353 0.38039216 0.05882353
v -1.36336 0.2855 0.15787 0.05882353 0.38039216 0.05882353
v -1.38202 0.39324 0.06998 0.05882353 0.38039216 0.05882353
v -1.36336 0.2855 0.15787 0.05882353 0.38039216 0.05882353
v -1.34198 0.34627 0.10883 0.05882353 0.38039216 0.05882353
v -1.34198 0.34627 0.10883 0.05882353 0.38039216 0.05882353
v -1.32039 0.23427 0.07211 0.05882353 0.38039216 0.05882353
v -1.36336 0.2855 0.15787 0.05882353 0.38039216 0.05882353
v -1.34198 0.34627 0.10883 0.05882353 0.38039216 0.05882353
v -1.36336 0.2855 0.15787 0.05882353 0.38039216 0.05882353
v -1.32039 0.23427 0.07211 0.05882353 0.38039216 0.05882353
v -1.69005 0.48047 0.08443 0.05882353 0.38039216 0.05882353
v -1.78094 0.46117 0.11898 0.05882353 0.38039216 0.05882353
v -1.72577 0.32103 0.08011 0.05882353 0.38039216 0.05882353
v -1.69005 0.48047 0.08443 0.05882353 0.38039216 0.05882353
v -1.72577 0.32103 0.08011 0.05882353 0.38039216 0.05882353
v -1.78094 0.46117 0.11898 0.05882353 0.38039216 0.05882353
v -1.69005 0.48047 0.08443 0.05882353 0.38039216 0.05882353
v -1.78094 0.46117 0.11898 0.05882353 0.38039216 0.05882353
v -1.62995 0.5533 0.05705 0.05882353 0.38039216 0.05882353
v -1.69005 0.48047 0.08443 0.05882353 0.38039216 0.05882353
v -1.62995 0.5533 0.05705 0.05882353 0.38039216 0.05882353
v -1.78094 0.46117 0.11898 0.05882353 0.38039216 0.05882353
v -1.62995 0.5533 0.05705 0.05882353 0.38039216 0.05882353
v -1.69237 0.40397 0.17377 0.05882353 0.38039216 0.05882353
v -1.78094 0.46117 0.11898 0.05882353 0.38039216 0.05882353
v -1.62995 0.5533 0.05705 0.05882353 0.38039216 0.05882353
v -1.78094 0.46117 0.11898 0.05882353 0.38039216 0.05882353
v -1.69237 0.40397 0.17377 0.05882353 0.38039216 0.05882353
v -1.62995 0.5533 0.05705 0.05882353 0.38039216 0.05882353
v -1.56015 0.44382 0.13414 0.05882353 0.38039216 0.05882353
v -1.69237 0.40397 0.17377 0.05882353 0.38039216 0.05882353
v -1.62995 0.5533 0.05705 0.05882353 0.38039216 0.05882353
v -1.69237 0.40397 0.17377 0.05882353 0.38039216 0.05882353
v -1.56015 0.44382 0.13414 0.05882353 0.38039216 0.05882353
v -1.62995 0.5533 0.05705 0.05882353 0.38039216 0.05882353
v -1.55247 0.47217 0.05954 0.05882353 0.38039216 0.05882353
v -1.56015 0.44382 0.13414 0.05882353 0.38039216 0.05882353
v -1.62995 0.5533 0.05705 0.05882353 0.38039216 0.05882353
v -1.56015 0.44382 0.13414 0.05882353 0.38039216 0.05882353
v -1.55247 0.47217 0.05954 0.05882353 0.38039216 0.05882353
v -1.62995 0.5533 0.05705 0.05882353 0.38039216 0.05882353
v -1.56172 0.53539 0.03001 0.05882353 0.38039216 0.05882353
v -1.55247 0.47217 0.05954 0.05882353 0.38039216 0.05882353
v -1.62995 0.5533 0.05705 0.05882353 0.38039216 0.05882353
v -1.55247 0.47217 0.05954 0.05882353 0.38039216 0.05882353
v -1.56172 0.53539 0.03001 0.05882353 0.38039216 0.05882353
v -1.62995 0.5533 0.05705 0.05882353 0.38039216 0.05882353
v -1.56326 0.49026 -0.00519 0.05882353 0.38039216 0.05882353
v -1.55466 0.54458 0.03112 0.05882353 0.38039216 0.05882353
v -1.62995 0.5533 0.05705 0.05882353 0.38039216 0.05882353
v -1.55466 0.54458 0.03112 0.05882353 0.38039216 0.05882353
v -1.56326 0.49026 -0.00519 0.05882353 0.38039216 0.05882353
v -1.62995 0.5533 0.05705 0.05882353 0.38039216 0.05882353
v -1.59505 0.47093 -0.04909 0.05882353 0.38039216 0.05882353
v -1.56326 0.49026 -0.00519 0.05882353 0.38039216 0.05882353
v -1.62995 0.5533 0.05705 0.05882353 0.38039216 0.05882353
v -1.56326 0.49026 -0.00519 0.05882353 0.38039216 0.05882353
v -1.59505 0.47093 -0.04909 0.05882353 0.38039216 0.05882353
v -1.62995 0.5533 0.05705 0.05882353 0.38039216 0.05882353
v -1.68887 0.42148 -0.0567 0.05882353 0.38039216 0.05882353
v -1.59505 0.47093 -0.04909 0.05882353 0.38039216 0.05882353
v -1.62995 0.5533 0.05705 0.05882353 0.38039216 0.05882353
v -1.59505 0.47093 -0.04909 0.05882353 0.38039216 0.05882353
v -1.68887 0.42148 -0.0567 0.05882353 0.38039216 0.05882353
v -1.62995 0.5533 0.05705 0.05882353 0.38039216 0.05882353
v -1.67726 0.39561 0.04856 0.05882353 0.38039216 0.05882353
v -1.68887 0.42148 -0.0567 0.05882353 0.38039216 0.05882353
v -1.62995 0.5533 0.05705 0.05882353 0.38039216 0.05882353
v -1.68887 0.42148 -0.0567 0.05882353 0.38039216 0.05882353
v -1.67726 0.39561 0.04856 0.05882353 0.38039216 0.05882353
v -1.62995 0.5533 0.05705 0.05882353 0.38039216 0.05882353
v -1.69005 0.48047 0.08443 0.05882353 0.38039216 0.05882353
v -1.67726 0.39561 0.04856 0.05882353 0.38039216 0.05882353
v -1.62995 0.5533 0.05705 0.05882353 0.38039216 0.05882353
v -1.67726 0.39561 0.04856 0.05882353 0.38039216 0.05882353
v -1.69005 0.48047 0.08443 0.05882353 0.38039216 0.05882353
v -1.69005 0.48047 0.08443 0.05882353 0.38039216 0.05882353
v -1.72577 0.32103 0.08011 0.05882353 0.38039216 0.05882353
v -1.67726 0.39561 0.04856 0.05882353 0.38039216 0.05882353
v -1.69005 0.48047 0.08443 0.05882353 0.38039216 0.05882353
v -1.67726 0.39561 0.04856 0.05882353 0.38039216 0.05882353
v -1.72577 0.32103 0.08011 0.05882353 0.38039216 0.05882353
v -1.39747 0.5988 -0.11125 0.07058824 0.38039216 0.07058824
v -1.40129 0.54597 -0.18526 0.07058824 0.38039216 0.07058824
v -1.32955 0.43859 -0.10366 0.07058824 0.38039216 0.07058824
v -1.39747 0.5988 -0.11125 0.07058824 0.38039216 0.07058824
v -1.32955 0.43859 -0.10366 0.07058824 0.38039216 0.07058824
v -1.40129 0.54597 -0.18526 0.07058824 0.38039216 0.07058824
v -1.39747 0.5988 -0.11125 0.07058824 0.38039216 0.07058824
v -1.40129 0.54597 -0.18526 0.07058824 0.38039216 0.07058824
v -1.42906 0.68032 -0.06664 0.07058824 0.38039216 0.07058824
v -1.39747 0.5988 -0.11125 0.07058824 0.38039216 0.07058824
v -1.42906 0.68032 -0.06664 0.07058824 0.38039216 0.07058824
v -1.40129 0.54597 -0.18526 0.07058824 0.38039216 0.07058824
v -1.42906 0.68032 -0.06664 0.07058824 0.38039216 0.07058824
v -1.4757 0.55807 -0.21646 0.07058824 0.38039216 0.07058824
v -1.40129 0.54597 -0.18526 0.07058824 0.38039216 0.07058824
v -1.42906 0.68032 -0.06664 0.07058824 0.38039216 0.07058824
v -1.40129 0.54597 -0.18526 0.07058824 0.38039216 0.07058824
v -1.4757 0.55807 -0.21646 0.07058824 0.38039216 0.07058824
v -1.42906 0.68032 -0.06664 0.07058824 0.38039216 0.07058824
v -1.54444 0.59407 -0.10828 0.07058824 0.38039216 0.07058824
v -1.4757 0.55807 -0.21646 0.07058824 0.38039216 0.07058824
v -1.42906 0.68032 -0.06664 0.07058824 0.38039216 0.07058824
v -1.4757 0.55807 -0.21646 0.07058824 0.38039216 0.07058824
v -1.54444 0.59407 -0.10828 0.07058824 0.38039216 0.07058824
v -1.42906 0.68032 -0.06664 0.07058824 0.38039216 0.07058824
v -1.53187 0.64499 -0.03672 0.07058824 0.38039216 0.07058824
v -1.54444 0.59407 -0.10828 0.07058824 0.38039216 0.07058824
v -1.42906 0.68032 -0.06664 0.07058824 0.38039216 0.07058824
v -1.54444 0.59407 -0.10828 0.07058824 0.38039216 0.07058824
v -1.53187 0.64499 -0.03672 0.07058824 0.38039216 0.07058824
v -1.42906 0.68032 -0.06664 0.07058824 0.38039216 0.07058824
v -1.5051 0.68156 -0.0165 0.07058824 0.38039216 0.07058824
v -1.53187 0.64499 -0.03672 0.07058824 0.38039216 0.07058824
v -1.42906 0.68032 -0.06664 0.07058824 0.38039216 0.07058824
v -1.53187 0.64499 -0.03672 0.07058824 0.38039216 0.07058824
v -1.5051 0.68156 -0.0165 0.07058824 0.38039216 0.07058824
v -1.42906 0.68032 -0.06664 0.07058824 0.38039216 0.07058824
v -1.4708 0.65065 0.04291 0.07058824 0.38039216 0.07058824
v -1.47443 0.66356 0.00309 0.07058824 0.38039216 0.07058824
v -1.42906 0.68032 -0.06664 0.07058824 0.38039216 0.07058824
v -1.47443 0.66356 0.00309 0.07058824 0.38039216 0.07058824
v -1.4708 0.65065 0.04291 0.07058824 0.38039216 0.07058824
v -1.42906 0.68032 -0.06664 0.07058824 0.38039216 0.07058824
v -1.40332 0.59394 0.05634 0.07058824 0.38039216 0.07058824
v -1.4708 0.65065 0.04291 0.07058824 0.38039216 0.07058824
v -1.42906 0.68032 -0.06664 0.07058824 0.38039216 0.07058824
v -1.4708 0.65065 0.04291 0.07058824 0.38039216 0.07058824
v -1.40332 0.59394 0.05634 0.07058824 0.38039216 0.07058824
v -1.42906 0.68032 -0.06664 0.07058824 0.38039216 0.07058824
v -1.31469 0.53781 -0.01262 0.07058824 0.38039216 0.07058824
v -1.40332 0.59394 0.05634 0.07058824 0.38039216 0.07058824
v -1.42906 0.68032 -0.06664 0.07058824 0.38039216 0.07058824
v -1.40332 0.59394 0.05634 0.07058824 0.38039216 0.07058824
v -1.31469 0.53781 -0.01262 0.07058824 0.38039216 0.07058824
v -1.42906 0.68032 -0.06664 0.07058824 0.38039216 0.07058824
v -1.27452 0.58822 -0.08678 0.07058824 0.38039216 0.07058824
v -1.31469 0.53781 -0.01262 0.07058824 0.38039216 0.07058824
v -1.42906 0.68032 -0.06664 0.07058824 0.38039216 0.07058824
v -1.31469 0.53781 -0.01262 0.07058824 0.38039216 0.07058824
v -1.27452 0.58822 -0.08678 0.07058824 0.38039216 0.07058824
v -1.42906 0.68032 -0.06664 0.07058824 0.38039216 0.07058824
v -1.39747 0.5988 -0.11125 0.07058824 0.38039216 0.07058824
v -1.27452 0.58822 -0.08678 0.07058824 0.38039216 0.07058824
v -1.42906 0.68032 -0.06664 0.07058824 0.38039216 0.07058824
v -1.27452 0.58822 -0.08678 0.07058824 0.38039216 0.07058824
v -1.39747 0.5988 -0.11125 0.07058824 0.38039216 0.07058824
v -1.39747 0.5988 -0.11125 0.07058824 0.38039216 0.07058824
v -1.32955 0.43859 -0.10366 0.07058824 0.38039216 0.07058824
v -1.27452 0.58822 -0.08678 0.07058824 0.38039216 0.07058824
v -1.39747 0.5988 -0.11125 0.07058824 0.38039216 0.07058824
v -1.27452 0.58822 -0.08678 0.07058824 0.38039216 0.07058824
v -1.32955 0.43859 -0.10366 0.07058824 0.38039216 0.07058824
v -1.46331 0.71254 0.15842 0.07450981 0.38039216 0.07450981
v -1.43676 0.69542 0.24207 0.07450981 0.38039216 0.07450981
v -1.46889 0.56883 0.19082 0.07450981 0.38039216 0.07450981
v -1.46331 0.71254 0.15842 0.07450981 0.38039216 0.07450981
v -1.46889 0.56883 0.19082 0.07450981 0.38039216 0.07450981
v -1.43676 0.69542 0.24207 0.07450981 0.38039216 0.07450981
v -1.46331 0.71254 0.15842 0.07450981 0.38039216 0.07450981
v -1.43676 0.69542 0.24207 0.07450981 0.38039216 0.07450981
v -1.485 0.77804 0.10271 0.07450981 0.38039216 0.07450981
v -1.46331 0.71254 0.15842 0.07450981 0.38039216 0.07450981
v -1.485 0.77804 0.10271 0.07450981 0.38039216 0.07450981
v -1.43676 0.69542 0.24207 0.07450981 0.38039216 0.07450981
v -1.485 0.77804 0.10271 0.07450981 0.38039216 0.07450981
v -1.38292 0.64363 0.16522 0.07450981 0.38039216 0.07450981
v -1.43676 0.69542 0.24207 0.07450981 0.38039216 0.07450981
v -1.485 0.77804 0.10271 0.07450981 0.38039216 0.07450981
v -1.43676 0.69542 0.24207 0.07450981 0.38039216 0.07450981
v -1.38292 0.64363 0.16522 0.07450981 0.38039216 0.07450981
v -1.485 0.77804 0.10271 0.07450981 0.38039216 0.07450981
v -1.41199 0.67917 0.04404 0.07450981 0.38039216 0.07450981
v -1.38292 0.64363 0.16522 0.07450981 0.38039216 0.07450981
v -1.485 0.77804 0.10271 0.07450981 0.38039216 0.07450981
v -1.38292 0.64363 0.16522 0.07450981 0.38039216 0.07450981
v -1.41199 0.67917 0.04404 0.07450981 0.38039216 0.07450981
v -1.485 0.77804 0.10271 0.07450981 0.38039216 0.07450981
v -1.4788 0.70465 0.03329 0.07450981 0.38039216 0.07450981
v -1.41199 0.67917 0.04404 0.07450981 0.38039216 0.07450981
v -1.485 0.77804 0.10271 0.07450981 0.38039216 0.07450981
v -1.41199 0.67917 0.04404 0.07450981 0.38039216 0.07450981
v -1.4788 0.70465 0.03329 0.07450981 0.38039216 0.07450981
v -1.485 0.77804 0.10271 0.07450981 0.38039216 0.07450981
v -1.50591 0.76167 0.03996 0.07450981 0.38039216 0.07450981
v -1.4788 0.70465 0.03329 0.07450981 0.38039216 0.07450981
v -1.485 0.77804 0.10271 0.07450981 0.38039216 0.07450981
v -1.4788 0.70465 0.03329 0.07450981 0.38039216 0.07450981
v -1.50591 0.76167 0.03996 0.07450981 0.38039216 0.07450981
v -1.485 0.77804 0.10271 0.07450981 0.38039216 0.07450981
v -1.53766 0.72095 0.0397 0.07450981 0.38039216 0.07450981
v -1.50456 0.76994 0.03362 0.07450981 0.38039216 0.07450981
v -1.485 0.77804 0.10271 0.07450981 0.38039216 0.07450981
v -1.50456 0.76994 0.03362 0.07450981 0.38039216 0.07450981
v -1.53766 0.72095 0.0397 0.07450981 0.38039216 0.07450981
v -1.485 0.77804 0.10271 0.07450981 0.38039216 0.07450981
v -1.57877 0.70356 0.06617 0.07450981 0.38039216 0.07450981
v -1.53766 0.72095 0.0397 0.07450981 0.38039216 0.07450981
v -1.485 0.77804 0.10271 0.07450981 0.38039216 0.07450981
v -1.53766 0.72095 0.0397 0.07450981 0.38039216 0.07450981
v -1.57877 0.70356 0.06617 0.07450981 0.38039216 0.07450981
v -1.485 0.77804 0.10271 0.07450981 0.38039216 0.07450981
v -1.59032 0.65921 0.15042 0.07450981 0.38039216 0.07450981
v -1.57877 0.70356 0.06617 0.07450981 0.38039216 0.07450981
v -1.485 0.77804 0.10271 0.07450981 0.38039216 0.07450981
v -1.57877 0.70356 0.06617 0.07450981 0.38039216 0.07450981
v -1.59032 0.65921 0.15042 0.07450981 0.38039216 0.07450981
v -1.485 0.77804 0.10271 0.07450981 0.38039216 0.07450981
v -1.49491 0.63593 0.14534 0.07450981 0.38039216 0.07450981
v -1.59032 0.65921 0.15042 0.07450981 0.38039216 0.07450981
v -1.485 0.77804 0.10271 0.07450981 0.38039216 0.07450981
v -1.59032 0.65921 0.15042 0.07450981 0.38039216 0.07450981
v -1.49491 0.63593 0.14534 0.07450981 0.38039216 0.07450981
v -1.485 0.77804 0.10271 0.07450981 0.38039216 0.07450981
v -1.46331 0.71254 0.15842 0.07450981 0.38039216 0.07450981
v -1.49491 0.63593 0.14534 0.07450981 0.38039216 0.07450981
v -1.485 0.77804 0.10271 0.07450981 0.38039216 0.07450981
v -1.49491 0.63593 0.14534 0.07450981 0.38039216 0.07450981
v -1.46331 0.71254 0.15842 0.07450981 0.38039216 0.07450981
v -1.46331 0.71254 0.15842 0.07450981 0.38039216 0.07450981
v -1.46889 0.56883 0.19082 0.07450981 0.38039216 0.07450981
v -1.49491 0.63593 0.14534 0.07450981 0.38039216 0.07450981
v -1.46331 0.71254 0.15842 0.07450981 0.38039216 0.07450981
v -1.49491 0.63593 0.14534 0.07450981 0.38039216 0.07450981
v -1.46889 0.56883 0.19082 0.07450981 0.38039216 0.07450981
v -1.56973 0.82754 -0.06909 0.09411765 0.38039216 0.09411765
v -1.63155 0.78175 -0.02241 0.09411765 0.38039216 0.09411765
v -1.60224 0.72914 -0.04877 0.09411765 0.38039216 0.09411765
v -1.56973 0.82754 -0.06909 0.09411765 0.38039216 0.09411765
v -1.60224 0.72914 -0.04877 0.09411765 0.38039216 0.09411765
v -1.63155 0.78175 -0.02241 0.09411765 0.38039216 0.09411765
v -1.56973 0.82754 -0.06909 0.09411765 0.38039216 0.09411765
v -1.63155 0.78175 -0.02241 0.09411765 0.38039216 0.09411765
v -1.54787 0.86688 -0.0232 0.09411765 0.38039216 0.09411765
v -1.56973 0.82754 -0.06909 0.09411765 0.38039216 0.09411765
v -1.54787 0.86688 -0.0232 0.09411765 0.38039216 0.09411765
v -1.63155 0.78175 -0.02241 0.09411765 0.38039216 0.09411765
v -1.54787 0.86688 -0.0232 0.09411765 0.38039216 0.09411765
v -1.62876 0.78593 0.02137 0.09411765 0.38039216 0.09411765
v -1.63155 0.78175 -0.02241 0.09411765 0.38039216 0.09411765
v -1.54787 0.86688 -0.0232 0.09411765 0.38039216 0.09411765
v -1.63155 0.78175 -0.02241 0.09411765 0.38039216 0.09411765
v -1.62876 0.78593 0.02137 0.09411765 0.38039216 0.09411765
v -1.54787 0.86688 -0.0232 0.09411765 0.38039216 0.09411765
v -1.57144 0.80943 0.06595 0.09411765 0.38039216 0.09411765
v -1.62876 0.78593 0.02137 0.09411765 0.38039216 0.09411765
v -1.54787 0.86688 -0.0232 0.09411765 0.38039216 0.09411765
v -1.62876 0.78593 0.02137 0.09411765 0.38039216 0.09411765
v -1.57144 0.80943 0.06595 0.09411765 0.38039216 0.09411765
v -1.54787 0.86688 -0.0232 0.09411765 0.38039216 0.09411765
v -1.52279 0.81424 0.04809 0.09411765 0.38039216 0.09411765
v -1.57144 0.80943 0.06595 0.09411765 0.38039216 0.09411765
v -1.54787 0.86688 -0.0232 0.09411765 0.38039216 0.09411765
v -1.57144 0.80943 0.06595 0.09411765 0.38039216 0.09411765
v -1.52279 0.81424 0.04809 0.09411765 0.38039216 0.09411765
v -1.54787 0.86688 -0.0232 0.09411765 0.38039216 0.09411765
v -1.4991 0.8321 0.01599 0.09411765 0.38039216 0.09411765
v -1.52279 0.81424 0.04809 0.09411765 0.38039216 0.09411765
v -1.54787 0.86688 -0.0232 0.09411765 0.38039216 0.09411765
v -1.52279 0.81424 0.04809 0.09411765 0.38039216 0.09411765
v -1.4991 0.8321 0.01599 0.09411765 0.38039216 0.09411765
v -1.54787 0.86688 -0.0232 0.09411765 0.38039216 0.09411765
v -1.47122 0.8367 0.00579 0.09411765 0.38039216 0.09411765
v -1.48985 0.84671 0.01397 0.09411765 0.38039216 0.09411765
v -1.54787 0.86688 -0.0232 0.09411765 0.38039216 0.09411765
v -1.48985 0.84671 0.01397 0.09411765 0.38039216 0.09411765
v -1.47122 0.8367 0.00579 0.09411765 0.38039216 0.09411765
v -1.54787 0.86688 -0.0232 0.09411765 0.38039216 0.09411765
v -1.45621 0.82582 -0.01662 0.09411765 0.38039216 0.09411765
v -1.47122 0.8367 0.00579 0.09411765 0.38039216 0.09411765
v -1.54787 0.86688 -0.0232 0.09411765 0.38039216 0.09411765
v -1.47122 0.8367 0.00579 0.09411765 0.38039216 0.09411765
v -1.45621 0.82582 -0.01662 0.09411765 0.38039216 0.09411765
v -1.54787 0.86688 -0.0232 0.09411765 0.38039216 0.09411765
v -1.4802 0.80119 -0.10869 0.09411765 0.38039216 0.09411765
v -1.45621 0.82582 -0.01662 0.09411765 0.38039216 0.09411765
v -1.54787 0.86688 -0.0232 0.09411765 0.38039216 0.09411765
v -1.45621 0.82582 -0.01662 0.09411765 0.38039216 0.09411765
v -1.4802 0.80119 -0.10869 0.09411765 0.38039216 0.09411765
v -1.54787 0.86688 -0.0232 0.09411765 0.38039216 0.09411765
v -1.53827 0.77401 -0.10427 0.09411765 0.38039216 0.09411765
v -1.4802 0.80119 -0.10869 0.09411765 0.38039216 0.09411765
v -1.54787 0.86688 -0.0232 0.09411765 0.38039216 0.09411765
v -1.4802 0.80119 -0.10869 0.09411765 0.38039216 0.09411765
v -1.53827 0.77401 -0.10427 0.09411765 0.38039216 0.09411765
v -1.54787 0.86688 -0.0232 0.09411765 0.38039216 0.09411765
v -1.56973 0.82754 -0.06909 0.09411765 0.38039216 0.09411765
v -1.53827 0.77401 -0.10427 0.09411765 0.38039216 0.09411765
v -1.54787 0.86688 -0.0232 0.09411765 0.38039216 0.09411765
v -1.53827 0.77401 -0.10427 0.09411765 0.38039216 0.09411765
v -1.56973 0.82754 -0.06909 0.09411765 0.38039216 0.09411765
v -1.56973 0.82754 -0.06909 0.09411765 0.38039216 0.09411765
v -1.60224 0.72914 -0.04877 0.09411765 0.38039216 0.09411765
v -1.53827 0.77401 -0.10427 0.09411765 0.38039216 0.09411765
v -1.56973 0.82754 -0.06909 0.09411765 0.38039216 0.09411765
v -1.53827 0.77401 -0.10427 0.09411765 0.38039216 0.09411765
v -1.60224 0.72914 -0.04877 0.09411765 0.38039216 0.09411765
v -1.42301 0.93212 0.04863 0.09411765 0.38039216 0.09411765
v -1.38967 0.90556 0.00245 0.09411765 0.38039216 0.09411765
v -1.38551 0.87079 0.03214 0.09411765 0.38039216 0.09411765
v -1.42301 0.93212 0.04863 0.09411765 0.38039216 0.09411765
v -1.38551 0.87079 0.03214 0.09411765 0.38039216 0.09411765
v -1.38967 0.90556 0.00245 0.09411765 0.38039216 0.09411765
v -1.42301 0.93212 0.04863 0.09411765 0.38039216 0.09411765
v -1.38967 0.90556 0.00245 0.09411765 0.38039216 0.09411765
v -1.45928 0.94516 0.02562 0.09411765 0.38039216 0.09411765
v -1.42301 0.93212 0.04863 0.09411765 0.38039216 0.09411765
v -1.45928 0.94516 0.02562 0.09411765 0.38039216 0.09411765
v -1.38967 0.90556 0.00245 0.09411765 0.38039216 0.09411765
v -1.45928 0.94516 0.02562 0.09411765 0.38039216 0.09411765
v -1.40543 0.89977 -0.02335 0.09411765 0.38039216 0.09411765
v -1.38967 0.90556 0.00245 0.09411765 0.38039216 0.09411765
v -1.45928 0.94516 0.02562 0.09411765 0.38039216 0.09411765
v -1.38967 0.90556 0.00245 0.09411765 0.38039216 0.09411765
v -1.40543 0.89977 -0.02335 0.09411765 0.38039216 0.09411765
v -1.45928 0.94516 0.02562 0.09411765 0.38039216 0.09411765
v -1.45786 0.89614 -0.03229 0.09411765 0.38039216 0.09411765
v -1.40543 0.89977 -0.02335 0.09411765 0.38039216 0.09411765
v -1.45928 0.94516 0.02562 0.09411765 0.38039216 0.09411765
v -1.40543 0.89977 -0.02335 0.09411765 0.38039216 0.09411765
v -1.45786 0.89614 -0.03229 0.09411765 0.38039216 0.09411765
v -1.45928 0.94516 0.02562 0.09411765 0.38039216 0.09411765
v -1.48189 0.89339 -0.00515 0.09411765 0.38039216 0.09411765
v -1.45786 0.89614 -0.03229 0.09411765 0.38039216 0.09411765
v -1.45928 0.94516 0.02562 0.09411765 0.38039216 0.09411765
v -1.45786 0.89614 -0.03229 0.09411765 0.38039216 0.09411765
v -1.48189 0.89339 -0.00515 0.09411765 0.38039216 0.09411765
v -1.45928 0.94516 0.02562 0.09411765 0.38039216 0.09411765
v -1.49048 0.90636 0.02111 0.09411765 0.38039216 0.09411765
v -1.48189 0.89339 -0.00515 0.09411765 0.38039216 0.09411765
v -1.45928 0.94516 0.02562 0.09411765 0.38039216 0.09411765
v -1.48189 0.89339 -0.00515 0.09411765 0.38039216 0.09411765
v -1.49048 0.90636 0.02111 0.09411765 0.38039216 0.09411765
v -1.45928 0.94516 0.02562 0.09411765 0.38039216 0.09411765
v -1.50473 0.90597 0.03651 0.09411765 0.38039216 0.09411765
v -1.49891 0.91445 0.02448 0.09411765 0.38039216 0.09411765
v -1.45928 0.94516 0.02562 0.09411765 0.38039216 0.09411765
v -1.49891 0.91445 0.02448 0.09411765 0.38039216 0.09411765
v -1.50473 0.90597 0.03651 0.09411765 0.38039216 0.09411765
v -1.45928 0.94516 0.02562 0.09411765 0.38039216 0.09411765
v -1.50397 0.90018 0.05597 0.09411765 0.38039216 0.09411765
v -1.50473 0.90597 0.03651 0.09411765 0.38039216 0.09411765
v -1.45928 0.94516 0.02562 0.09411765 0.38039216 0.09411765
v -1.50473 0.90597 0.03651 0.09411765 0.38039216 0.09411765
v -1.50397 0.90018 0.05597 0.09411765 0.38039216 0.09411765
v -1.45928 0.94516 0.02562 0.09411765 0.38039216 0.09411765
v -1.45636 0.90548 0.10512 0.09411765 0.38039216 0.09411765
v -1.50397 0.90018 0.05597 0.09411765 0.38039216 0.09411765
v -1.45928 0.94516 0.02562 0.09411765 0.38039216 0.09411765
v -1.50397 0.90018 0.05597 0.09411765 0.38039216 0.09411765
v -1.45636 0.90548 0.10512 0.09411765 0.38039216 0.09411765
v -1.45928 0.94516 0.02562 0.09411765 0.38039216 0.09411765
v -1.41723 0.89796 0.08445 0.09411765 0.38039216 0.09411765
v -1.45636 0.90548 0.10512 0.09411765 0.38039216 0.09411765
v -1.45928 0.94516 0.02562 0.09411765 0.38039216 0.09411765
v -1.45636 0.90548 0.10512 0.09411765 0.38039216 0.09411765
v -1.41723 0.89796 0.08445 0.09411765 0.38039216 0.09411765
v -1.45928 0.94516 0.02562 0.09411765 0.38039216 0.09411765
v -1.42301 0.93212 0.04863 0.09411765 0.38039216 0.09411765
v -1.41723 0.89796 0.08445 0.09411765 0.38039216 0.09411765
v -1.45928 0.94516 0.02562 0.09411765 0.38039216 0.09411765
v -1.41723 0.89796 0.08445 0.09411765 0.38039216 0.09411765
v -1.42301 0.93212 0.04863 0.09411765 0.38039216 0.09411765
v -1.42301 0.93212 0.04863 0.09411765 0.38039216 0.09411765
v -1.38551 0.87079 0.03214 0.09411765 0.38039216 0.09411765
v -1.41723 0.89796 0.08445 0.09411765 0.38039216 0.09411765
v -1.42301 0.93212 0.04863 0.09411765 0.38039216 0.09411765
v -1.41723 0.89796 0.08445 0.09411765 0.38039216 0.09411765
v -1.38551 0.87079 0.03214 0.09411765 0.38039216 0.09411765
v -1.56102 1.0496 0.04054 0.11764706 0.38039216 0.11764706
v -1.56598 1.04185 0.07679 0.11764706 0.38039216 0.11764706
v -1.58929 1.03006 0.04819 0.11764706 0.38039216 0.11764706
v -1.56102 1.0496 0.04054 0.11764706 0.38039216 0.11764706
v -1.58929 1.03006 0.04819 0.11764706 0.38039216 0.11764706
v -1.56598 1.04185 0.07679 0.11764706 0.38039216 0.11764706
v -1.56102 1.0496 0.04054 0.11764706 0.38039216 0.11764706
v -1.56598 1.04185 0.07679 0.11764706 0.38039216 0.11764706
v -1.52463 1.03186 0.03515 0.11764706 0.38039216 0.11764706
v -1.56102 1.0496 0.04054 0.11764706 0.38039216 0.11764706
v -1.52463 1.03186 0.03515 0.11764706 0.38039216 0.11764706
v -1.56598 1.04185 0.07679 0.11764706 0.38039216 0.11764706
v -1.52463 1.03186 0.03515 0.11764706 0.38039216 0.11764706
v -1.54021 1.03629 0.08701 0.11764706 0.38039216 0.11764706
v -1.56598 1.04185 0.07679 0.11764706 0.38039216 0.11764706
v -1.52463 1.03186 0.03515 0.11764706 0.38039216 0.11764706
v -1.56598 1.04185 0.07679 0.11764706 0.38039216 0.11764706
v -1.54021 1.03629 0.08701 0.11764706 0.38039216 0.11764706
v -1.52463 1.03186 0.03515 0.11764706 0.38039216 0.11764706
v -1.51659 1.01337 0.07251 0.11764706 0.38039216 0.11764706
v -1.54021 1.03629 0.08701 0.11764706 0.38039216 0.11764706
v -1.52463 1.03186 0.03515 0.11764706 0.38039216 0.11764706
v -1.54021 1.03629 0.08701 0.11764706 0.38039216 0.11764706
v -1.51659 1.01337 0.07251 0.11764706 0.38039216 0.11764706
v -1.52463 1.03186 0.03515 0.11764706 0.38039216 0.11764706
v -1.51515 1.00566 0.04486 0.11764706 0.38039216 0.11764706
v -1.51659 1.01337 0.07251 0.11764706 0.38039216 0.11764706
v -1.52463 1.03186 0.03515 0.11764706 0.38039216 0.11764706
v -1.51659 1.01337 0.07251 0.11764706 0.38039216 0.11764706
v -1.51515 1.00566 0.04486 0.11764706 0.38039216 0.11764706
v -1.52463 1.03186 0.03515 0.11764706 0.38039216 0.11764706
v -1.51359 1.01063 0.03118 0.11764706 0.38039216 0.11764706
v -1.51515 1.00566 0.04486 0.11764706 0.38039216 0.11764706
v -1.52463 1.03186 0.03515 0.11764706 0.38039216 0.11764706
v -1.51515 1.00566 0.04486 0.11764706 0.38039216 0.11764706
v -1.51359 1.01063 0.03118 0.11764706 0.38039216 0.11764706
v -1.52463 1.03186 0.03515 0.11764706 0.38039216 0.11764706
v -1.52991 1.00554 0.00717 0.11764706 0.38039216 0.11764706
v -1.51693 1.00993 0.0208 0.11764706 0.38039216 0.11764706
v -1.52463 1.03186 0.03515 0.11764706 0.38039216 0.11764706
v -1.51693 1.00993 0.0208 0.11764706 0.38039216 0.11764706
v -1.52991 1.00554 0.00717 0.11764706 0.38039216 0.11764706
v -1.52463 1.03186 0.03515 0.11764706 0.38039216 0.11764706
v -1.54606 1.01391 -0.0026 0.11764706 0.38039216 0.11764706
v -1.52991 1.00554 0.00717 0.11764706 0.38039216 0.11764706
v -1.52463 1.03186 0.03515 0.11764706 0.38039216 0.11764706
v -1.52991 1.00554 0.00717 0.11764706 0.38039216 0.11764706
v -1.54606 1.01391 -0.0026 0.11764706 0.38039216 0.11764706
v -1.52463 1.03186 0.03515 0.11764706 0.38039216 0.11764706
v -1.57086 1.04178 -0.00507 0.11764706 0.38039216 0.11764706
v -1.54606 1.01391 -0.0026 0.11764706 0.38039216 0.11764706
v -1.52463 1.03186 0.03515 0.11764706 0.38039216 0.11764706
v -1.54606 1.01391 -0.0026 0.11764706 0.38039216 0.11764706
v -1.57086 1.04178 -0.00507 0.11764706 0.38039216 0.11764706
v -1.52463 1.03186 0.03515 0.11764706 0.38039216 0.11764706
v -1.58989 1.052 0.03007 0.11764706 0.38039216 0.11764706
v -1.57086 1.04178 -0.00507 0.11764706 0.38039216 0.11764706
v -1.52463 1.03186 0.03515 0.11764706 0.38039216 0.11764706
v -1.57086 1.04178 -0.00507 0.11764706 0.38039216 0.11764706
v -1.58989 1.052 0.03007 0.11764706 0.38039216 0.11764706
v -1.52463 1.03186 0.03515 0.11764706 0.38039216 0.11764706
v -1.56102 1.0496 0.04054 0.11764706 0.38039216 0.11764706
v -1.58989 1.052 0.03007 0.11764706 0.38039216 0.11764706
v -1.52463 1.03186 0.03515 0.11764706 0.38039216 0.11764706
v -1.58989 1.052 0.03007 0.11764706 0.38039216 0.11764706
v -1.56102 1.0496 0.04054 0.11764706 0.38039216 0.11764706
v -1.56102 1.0496 0.04054 0.11764706 0.38039216 0.11764706
v -1.58929 1.03006 0.04819 0.11764706 0.38039216 0.11764706
v -1.58989 1.052 0.03007 0.11764706 0.38039216 0.11764706
v -1.56102 1.0496 0.04054 0.11764706 0.38039216 0.11764706
v -1.58989 1.052 0.03007 0.11764706 0.38039216 0.11764706
v -1.58929 1.03006 0.04819 0.11764706 0.38039216 0.11764706
v -1.50318 1.08022 0.00263 0.16862746 0.38039216 0.16862746
v -1.52488 1.08248 -0.00871 0.16862746 0.38039216 0.16862746
v -1.50221 1.08325 -0.0203 0.16862746 0.38039216 0.16862746
v -1.50318 1.08022 0.00263 0.16862746 0.38039216 0.16862746
v -1.50221 1.08325 -0.0203 0.16862746 0.38039216 0.16862746
v -1.52488 1.08248 -0.00871 0.16862746 0.38039216 0.16862746
v -1.50318 1.08022 0.00263 0.16862746 0.38039216 0.16862746
v -1.52488 1.08248 -0.00871 0.16862746 0.38039216 0.16862746
v -1.50635 1.0556 0.01288 0.16862746 0.38039216 0.16862746
v -1.50318 1.08022 0.00263 0.16862746 0.38039216 0.16862746
v -1.50635 1.0556 0.01288 0.16862746 0.38039216 0.16862746
v -1.52488 1.08248 -0.00871 0.16862746 0.38039216 0.16862746
v -1.50635 1.0556 0.01288 0.16862746 0.38039216 0.16862746
v -1.5361 1.07006 -0.00061 0.16862746 0.38039216 0.16862746
v -1.52488 1.08248 -0.00871 0.16862746 0.38039216 0.16862746
v -1.50635 1.0556 0.01288 0.16862746 0.38039216 0.16862746
v -1.52488 1.08248 -0.00871 0.16862746 0.38039216 0.16862746
v -1.5361 1.07006 -0.00061 0.16862746 0.38039216 0.16862746
v -1.50635 1.0556 0.01288 0.16862746 0.38039216 0.16862746
v -1.531 1.04722 0.00282 0.16862746 0.38039216 0.16862746
v -1.5361 1.07006 -0.00061 0.16862746 0.38039216 0.16862746
v -1.50635 1.0556 0.01288 0.16862746 0.38039216 0.16862746
v -1.5361 1.07006 -0.00061 0.16862746 0.38039216 0.16862746
v -1.531 1.04722 0.00282 0.16862746 0.38039216 0.16862746
v -1.50635 1.0556 0.01288 0.16862746 0.38039216 0.16862746
v -1.51372 1.03974 0.00447 0.16862746 0.38039216 0.16862746
v -1.531 1.04722 0.00282 0.16862746 0.38039216 0.16862746
v -1.50635 1.0556 0.01288 0.16862746 0.38039216 0.16862746
v -1.531 1.04722 0.00282 0.16862746 0.38039216 0.16862746
v -1.51372 1.03974 0.00447 0.16862746 0.38039216 0.16862746
v -1.50635 1.0556 0.01288 0.16862746 0.38039216 0.16862746
v -1.50551 1.04003 0.00949 0.16862746 0.38039216 0.16862746
v -1.51372 1.03974 0.00447 0.16862746 0.38039216 0.16862746
v -1.50635 1.0556 0.01288 0.16862746 0.38039216 0.16862746
v -1.51372 1.03974 0.00447 0.16862746 0.38039216 0.16862746
v -1.50551 1.04003 0.00949 0.16862746 0.38039216 0.16862746
v -1.50635 1.0556 0.01288 0.16862746 0.38039216 0.16862746
v -1.4872 1.0417 0.00338 0.16862746 0.38039216 0.16862746
v -1.49833 1.03993 0.00924 0.16862746 0.38039216 0.16862746
v -1.50635 1.0556 0.01288 0.16862746 0.38039216 0.16862746
v -1.49833 1.03993 0.00924 0.16862746 0.38039216 0.16862746
v -1.4872 1.0417 0.00338 0.16862746 0.38039216 0.16862746
v -1.50635 1.0556 0.01288 0.16862746 0.38039216 0.16862746
v -1.47815 1.05153 0.00094 0.16862746 0.38039216 0.16862746
v -1.4872 1.0417 0.00338 0.16862746 0.38039216 0.16862746
v -1.50635 1.0556 0.01288 0.16862746 0.38039216 0.16862746
v -1.4872 1.0417 0.00338 0.16862746 0.38039216 0.16862746
v -1.47815 1.05153 0.00094 0.16862746 0.38039216 0.16862746
v -1.50635 1.0556 0.01288 0.16862746 0.38039216 0.16862746
v -1.47245 1.07543 0.00175 0.16862746 0.38039216 0.16862746
v -1.47815 1.05153 0.00094 0.16862746 0.38039216 0.16862746
v -1.50635 1.0556 0.01288 0.16862746 0.38039216 0.16862746
v -1.47815 1.05153 0.00094 0.16862746 0.38039216 0.16862746
v -1.47245 1.07543 0.00175 0.16862746 0.38039216 0.16862746
v -1.50635 1.0556 0.01288 0.16862746 0.38039216 0.16862746
v -1.49115 1.09235 -0.00825 0.16862746 0.38039216 0.16862746
v -1.47245 1.07543 0.00175 0.16862746 0.38039216 0.16862746
v -1.50635 1.0556 0.01288 0.16862746 0.38039216 0.16862746
v -1.47245 1.07543 0.00175 0.16862746 0.38039216 0.16862746
v -1.49115 1.09235 -0.00825 0.16862746 0.38039216 0.16862746
v -1.50635 1.0556 0.01288 0.16862746 0.38039216 0.16862746
v -1.50318 1.08022 0.00263 0.16862746 0.38039216 0.16862746
v -1.49115 1.09235 -0.00825 0.16862746 0.38039216 0.16862746
v -1.50635 1.0556 0.01288 0.16862746 0.38039216 0.16862746
v -1.49115 1.09235 -0.00825 0.16862746 0.38039216 0.16862746
v -1.50318 1.08022 0.00263 0.16862746 0.38039216 0.16862746
v -1.50318 1.08022 0.00263 0.16862746 0.38039216 0.16862746
v -1.50221 1.08325 -0.0203 0.16862746 0.38039216 0.16862746
v -1.49115 1.09235 -0.00825 0.16862746 0.38039216 0.16862746
v -1.50318 1.08022 0.00263 0.16862746 0.38039216 0.16862746
v -1.49115 1.09235 -0.00825 0.16862746 0.38039216 0.16862746
v -1.50221 1.08325 -0.0203 0.16862746 0.38039216 0.16862746
v -1.50573 1.0854 0.0267 0.22745098 0.38039216 0.22745098
v -1.49028 1.08957 0.0277 0.22745098 0.38039216 0.22745098
v -1.50194 1.09352 0.03884 0.22745098 0.38039216 0.22745098
v -1.50573 1.0854 0.0267 0.22745098 0.38039216 0.22745098
v -1.50194 1.09352 0.03884 0.22745098 0.38039216 0.22745098
v -1.49028 1.08957 0.0277 0.22745098 0.38039216 0.22745098
v -1.50573 1.0854 0.0267 0.22745098 0.38039216 0.22745098
v -1.49028 1.08957 0.0277 0.22745098 0.38039216 0.22745098
v -1.50387 1.06799 0.02681 0.22745098 0.38039216 0.22745098
v -1.50573 1.0854 0.0267 0.22745098 0.38039216 0.22745098
v -1.50387 1.06799 0.02681 0.22745098 0.38039216 0.22745098
v -1.49028 1.08957 0.0277 0.22745098 0.38039216 0.22745098
v -1.50387 1.06799 0.02681 0.22745098 0.38039216 0.22745098
v -1.48401 1.07986 0.02404 0.22745098 0.38039216 0.22745098
v -1.49028 1.08957 0.0277 0.22745098 0.38039216 0.22745098
v -1.50387 1.06799 0.02681 0.22745098 0.38039216 0.22745098
v -1.49028 1.08957 0.0277 0.22745098 0.38039216 0.22745098
v -1.48401 1.07986 0.02404 0.22745098 0.38039216 0.22745098
v -1.50387 1.06799 0.02681 0.22745098 0.38039216 0.22745098
v -1.48601 1.06548 0.02927 0.22745098 0.38039216 0.22745098
v -1.48401 1.07986 0.02404 0.22745098 0.38039216 0.22745098
v -1.50387 1.06799 0.02681 0.22745098 0.38039216 0.22745098
v -1.48401 1.07986 0.02404 0.22745098 0.38039216 0.22745098
v -1.48601 1.06548 0.02927 0.22745098 0.38039216 0.22745098
v -1.50387 1.06799 0.02681 0.22745098 0.38039216 0.22745098
v -1.49636 1.06084 0.03407 0.22745098 0.38039216 0.22745098
v -1.48601 1.06548 0.02927 0.22745098 0.38039216 0.22745098
v -1.50387 1.06799 0.02681 0.22745098 0.38039216 0.22745098
v -1.48601 1.06548 0.02927 0.22745098 0.38039216 0.22745098
v -1.49636 1.06084 0.03407 0.22745098 0.38039216 0.22745098
v -1.50387 1.06799 0.02681 0.22745098 0.38039216 0.22745098
v -1.50244 1.05973 0.03298 0.22745098 0.38039216 0.22745098
v -1.49636 1.06084 0.03407 0.22745098 0.38039216 0.22745098
v -1.50387 1.06799 0.02681 0.22745098 0.38039216 0.22745098
v -1.49636 1.06084 0.03407 0.22745098 0.38039216 0.22745098
v -1.50244 1.05973 0.03298 0.22745098 0.38039216 0.22745098
v -1.50387 1.06799 0.02681 0.22745098 0.38039216 0.22745098
v -1.5126 1.06265 0.03991 0.22745098 0.38039216 0.22745098
v -1.5068 1.05984 0.0347 0.22745098 0.38039216 0.22745098
v -1.50387 1.06799 0.02681 0.22745098 0.38039216 0.22745098
v -1.5068 1.05984 0.0347 0.22745098 0.38039216 0.22745098
v -1.5126 1.06265 0.03991 0.22745098 0.38039216 0.22745098
v -1.50387 1.06799 0.02681 0.22745098 0.38039216 0.22745098
v -1.51846 1.06924 0.04063 0.22745098 0.38039216 0.22745098
v -1.5126 1.06265 0.03991 0.22745098 0.38039216 0.22745098
v -1.50387 1.06799 0.02681 0.22745098 0.38039216 0.22745098
v -1.5126 1.06265 0.03991 0.22745098 0.38039216 0.22745098
v -1.51846 1.06924 0.04063 0.22745098 0.38039216 0.22745098
v -1.50387 1.06799 0.02681 0.22745098 0.38039216 0.22745098
v -1.52405 1.08321 0.03511 0.22745098 0.38039216 0.22745098
v -1.51846 1.06924 0.04063 0.22745098 0.38039216 0.22745098
v -1.50387 1.06799 0.02681 0.22745098 0.38039216 0.22745098
v -1.51846 1.06924 0.04063 0.22745098 0.38039216 0.22745098
v -1.52405 1.08321 0.03511 0.22745098 0.38039216 0.22745098
v -1.50387 1.06799 0.02681 0.22745098 0.38039216 0.22745098
v -1.5119 1.09572 0.03215 0.22745098 0.38039216 0.22745098
v -1.52405 1.08321 0.03511 0.22745098 0.38039216 0.22745098
v -1.50387 1.06799 0.02681 0.22745098 0.38039216 0.22745098
v -1.52405 1.08321 0.03511 0.22745098 0.38039216 0.22745098
v -1.5119 1.09572 0.03215 0.22745098 0.38039216 0.22745098
v -1.50387 1.06799 0.02681 0.22745098 0.38039216 0.22745098
v -1.50573 1.0854 0.0267 0.22745098 0.38039216 0.22745098
v -1.5119 1.09572 0.03215 0.22745098 0.38039216 0.22745098
v -1.50387 1.06799 0.02681 0.22745098 0.38039216 0.22745098
v -1.5119 1.09572 0.03215 0.22745098 0.38039216 0.22745098
v -1.50573 1.0854 0.0267 0.22745098 0.38039216 0.22745098
v -1.50573 1.0854 0.0267 0.22745098 0.38039216 0.22745098
v -1.50194 1.09352 0.03884 0.22745098 0.38039216 0.22745098
v -1.5119 1.09572 0.03215 0.22745098 0.38039216 0.22745098
v -1.50573 1.0854 0.0267 0.22745098 0.38039216 0.22745098
v -1.5119 1.09572 0.03215 0.22745098 0.38039216 0.22745098
v -1.50194 1.09352 0.03884 0.22745098 0.38039216 0.22745098
v -0.04994 0.24201 -0.07805 0.050980393 0.38039216 0.050980393
v -0.08986 0.22767 -0.06488 0.050980393 0.38039216 0.050980393
v -0.06455 0.20834 -0.09807 0.050980393 0.38039216 0.050980393
v -0.04994 0.24201 -0.07805 0.050980393 0.38039216 0.050980393
v -0.06455 0.20834 -0.09807 0.050980393 0.38039216 0.050980393
v -0.08986 0.22767 -0.06488 0.050980393 0.38039216 0.050980393
v -0.04994 0.24201 -0.07805 0.050980393 0.38039216 0.050980393
v -0.08986 0.22767 -0.06488 0.050980393 0.38039216 0.050980393
v -0.02593 0.23701 -0.0362 0.050980393 0.38039216 0.050980393
v -0.04994 0.24201 -0.07805 0.050980393 0.38039216 0.050980393
v -0.02593 0.23701 -0.0362 0.050980393 0.38039216 0.050980393
v -0.08986 0.22767 -0.06488 0.050980393 0.38039216 0.050980393
v -0.02593 0.23701 -0.0362 0.050980393 0.38039216 0.050980393
v -0.08994 0.2305 -0.03142 0.050980393 0.38039216 0.050980393
v -0.08986 0.22767 -0.06488 0.050980393 0.38039216 0.050980393
v -0.02593 0.23701 -0.0362 0.050980393 0.38039216 0.050980393
v -0.08986 0.22767 -0.06488 0.050980393 0.38039216 0.050980393
v -0.08994 0.2305 -0.03142 0.050980393 0.38039216 0.050980393
v -0.02593 0.23701 -0.0362 0.050980393 0.38039216 0.050980393
v -0.05957 0.21566 -0.00531 0.050980393 0.38039216 0.050980393
v -0.08994 0.2305 -0.03142 0.050980393 0.38039216 0.050980393
v -0.02593 0.23701 -0.0362 0.050980393 0.38039216 0.050980393
v -0.08994 0.2305 -0.03142 0.050980393 0.38039216 0.050980393
v -0.05957 0.21566 -0.00531 0.050980393 0.38039216 0.050980393
v -0.02593 0.23701 -0.0362 0.050980393 0.38039216 0.050980393
v -0.0268 0.21046 -0.01333 0.050980393 0.38039216 0.050980393
v -0.05957 0.21566 -0.00531 0.050980393 0.38039216 0.050980393
v -0.02593 0.23701 -0.0362 0.050980393 0.38039216 0.050980393
v -0.05957 0.21566 -0.00531 0.050980393 0.38039216 0.050980393
v -0.0268 0.21046 -0.01333 0.050980393 0.38039216 0.050980393
v -0.02593 0.23701 -0.0362 0.050980393 0.38039216 0.050980393
v -0.01233 0.21803 -0.01931 0.050980393 0.38039216 0.050980393
v -0.0268 0.21046 -0.01333 0.050980393 0.38039216 0.050980393
v -0.02593 0.23701 -0.0362 0.050980393 0.38039216 0.050980393
v -0.0268 0.21046 -0.01333 0.050980393 0.38039216 0.050980393
v -0.01233 0.21803 -0.01931 0.050980393 0.38039216 0.050980393
v -0.02593 0.23701 -0.0362 0.050980393 0.38039216 0.050980393
v 0.00902 0.20845 -0.04533 0.050980393 0.38039216 0.050980393
v -0.00203 0.21702 -0.02713 0.050980393 0.38039216 0.050980393
v -0.02593 0.23701 -0.0362 0.050980393 0.38039216 0.050980393
v -0.00203 0.21702 -0.02713 0.050980393 0.38039216 0.050980393
v 0.00902 0.20845 -0.04533 0.050980393 0.38039216 0.050980393
v -0.02593 0.23701 -0.0362 0.050980393 0.38039216 0.050980393
v 0.01162 0.21247 -0.06937 0.050980393 0.38039216 0.050980393
v 0.00902 0.20845 -0.04533 0.050980393 0.38039216 0.050980393
v -0.02593 0.23701 -0.0362 0.050980393 0.38039216 0.050980393
v 0.00902 0.20845 -0.04533 0.050980393 0.38039216 0.050980393
v 0.01162 0.21247 -0.06937 0.050980393 0.38039216 0.050980393
v -0.02593 0.23701 -0.0362 0.050980393 0.38039216 0.050980393
v -0.00172 0.23415 -0.10577 0.050980393 0.38039216 0.050980393
v 0.01162 0.21247 -0.06937 0.050980393 0.38039216 0.050980393
v -0.02593 0.23701 -0.0362 0.050980393 0.38039216 0.050980393
v 0.01162 0.21247 -0.06937 0.050980393 0.38039216 0.050980393
v -0.00172 0.23415 -0.10577 0.050980393 0.38039216 0.050980393
v -0.02593 0.23701 -0.0362 0.050980393 0.38039216 0.050980393
v -0.05003 0.23447 -0.11384 0.050980393 0.38039216 0.050980393
v -0.00172 0.23415 -0.10577 0.050980393 0.38039216 0.050980393
v -0.02593 0.23701 -0.0362 0.050980393 0.38039216 0.050980393
v -0.00172 0.23415 -0.10577 0.050980393 0.38039216 0.050980393
v -0.05003 0.23447 -0.11384 0.050980393 0.38039216 0.050980393
v -0.02593 0.23701 -0.0362 0.050980393 0.38039216 0.050980393
v -0.04994 0.24201 -0.07805 0.050980393 0.38039216 0.050980393
v -0.05003 0.23447 -0.11384 0.050980393 0.38039216 0.050980393
v -0.02593 0.23701 -0.0362 0.050980393 0.38039216 0.050980393
v -0.05003 0.23447 -0.11384 0.050980393 0.38039216 0.050980393
v -0.04994 0.24201 -0.07805 0.050980393 0.38039216 0.050980393
v -0.04994 0.24201 -0.07805 0.050980393 0.38039216 0.050980393
v -0.06455 0.20834 -0.09807 0.050980393 0.38039216 0.050980393
v -0.05003 0.23447 -0.11384 0.050980393 0.38039216 0.050980393
v -0.04994 0.24201 -0.07805 0.050980393 0.38039216 0.050980393
v -0.05003 0.23447 -0.11384 0.050980393 0.38039216 0.050980393
v -0.06455 0.20834 -0.09807 0.050980393 0.38039216 0.050980393
v 0.17381 0.35107 0.0742 0.05490196 0.38039216 0.05490196
v 0.20261 0.29857 -0.0085 0.05490196 0.38039216 0.05490196
v 0.18789 0.23907 0.034 0.05490196 0.38039216 0.05490196
v 0.17381 0.35107 0.0742 0.05490196 0.38039216 0.05490196
v 0.18789 0.23907 0.034 0.05490196 0.38039216 0.05490196
v 0.20261 0.29857 -0.0085 0.05490196 0.38039216 0.05490196
v 0.17381 0.35107 0.0742 0.05490196 0.38039216 0.05490196
v 0.20261 0.29857 -0.0085 0.05490196 0.38039216 0.05490196
v 0.12701 0.39804 0.04382 0.05490196 0.38039216 0.05490196
v 0.17381 0.35107 0.0742 0.05490196 0.38039216 0.05490196
v 0.12701 0.39804 0.04382 0.05490196 0.38039216 0.05490196
v 0.20261 0.29857 -0.0085 0.05490196 0.38039216 0.05490196
v 0.12701 0.39804 0.04382 0.05490196 0.38039216 0.05490196
v 0.17366 0.30493 -0.04877 0.05490196 0.38039216 0.05490196
v 0.20261 0.29857 -0.0085 0.05490196 0.38039216 0.05490196
v 0.12701 0.39804 0.04382 0.05490196 0.38039216 0.05490196
v 0.20261 0.29857 -0.0085 0.05490196 0.38039216 0.05490196
v 0.17366 0.30493 -0.04877 0.05490196 0.38039216 0.05490196
v 0.12701 0.39804 0.04382 0.05490196 0.38039216 0.05490196
v 0.09288 0.33517 -0.05657 0.05490196 0.38039216 0.05490196
v 0.17366 0.30493 -0.04877 0.05490196 0.38039216 0.05490196
v 0.12701 0.39804 0.04382 0.05490196 0.38039216 0.05490196
v 0.17366 0.30493 -0.04877 0.05490196 0.38039216 0.05490196
v 0.09288 0.33517 -0.05657 0.05490196 0.38039216 0.05490196
v 0.12701 0.39804 0.04382 0.05490196 0.38039216 0.05490196
v 0.05727 0.34175 -0.00992 0.05490196 0.38039216 0.05490196
v 0.09288 0.33517 -0.05657 0.05490196 0.38039216 0.05490196
v 0.12701 0.39804 0.04382 0.05490196 0.38039216 0.05490196
v 0.09288 0.33517 -0.05657 0.05490196 0.38039216 0.05490196
v 0.05727 0.34175 -0.00992 0.05490196 0.38039216 0.05490196
v 0.12701 0.39804 0.04382 0.05490196 0.38039216 0.05490196
v 0.05486 0.36172 0.0354 0.05490196 0.38039216 0.05490196
v 0.05727 0.34175 -0.00992 0.05490196 0.38039216 0.05490196
v 0.12701 0.39804 0.04382 0.05490196 0.38039216 0.05490196
v 0.05727 0.34175 -0.00992 0.05490196 0.38039216 0.05490196
v 0.05486 0.36172 0.0354 0.05490196 0.38039216 0.05490196
v 0.12701 0.39804 0.04382 0.05490196 0.38039216 0.05490196
v 0.03452 0.36759 0.06213 0.05490196 0.38039216 0.05490196
v 0.04792 0.37854 0.0431 0.05490196 0.38039216 0.05490196
v 0.12701 0.39804 0.04382 0.05490196 0.38039216 0.05490196
v 0.04792 0.37854 0.0431 0.05490196 0.38039216 0.05490196
v 0.03452 0.36759 0.06213 0.05490196 0.38039216 0.05490196
v 0.12701 0.39804 0.04382 0.05490196 0.38039216 0.05490196
v 0.03316 0.355 0.09261 0.05490196 0.38039216 0.05490196
v 0.03452 0.36759 0.06213 0.05490196 0.38039216 0.05490196
v 0.12701 0.39804 0.04382 0.05490196 0.38039216 0.05490196
v 0.03452 0.36759 0.06213 0.05490196 0.38039216 0.05490196
v 0.03316 0.355 0.09261 0.05490196 0.38039216 0.05490196
v 0.12701 0.39804 0.04382 0.05490196 0.38039216 0.05490196
v 0.11063 0.32303 0.16615 0.05490196 0.38039216 0.05490196
v 0.03316 0.355 0.09261 0.05490196 0.38039216 0.05490196
v 0.12701 0.39804 0.04382 0.05490196 0.38039216 0.05490196
v 0.03316 0.355 0.09261 0.05490196 0.38039216 0.05490196
v 0.11063 0.32303 0.16615 0.05490196 0.38039216 0.05490196
v 0.12701 0.39804 0.04382 0.05490196 0.38039216 0.05490196
v 0.16231 0.29029 0.12645 0.05490196 0.38039216 0.05490196
v 0.11063 0.32303 0.16615 0.05490196 0.38039216 0.05490196
v 0.12701 0.39804 0.04382 0.05490196 0.38039216 0.05490196
v 0.11063 0.32303 0.16615 0.05490196 0.38039216 0.05490196
v 0.16231 0.29029 0.12645 0.05490196 0.38039216 0.05490196
v 0.12701 0.39804 0.04382 0.05490196 0.38039216 0.05490196
v 0.17381 0.35107 0.0742 0.05490196 0.38039216 0.05490196
v 0.16231 0.29029 0.12645 0.05490196 0.38039216 0.05490196
v 0.12701 0.39804 0.04382 0.05490196 0.38039216 0.05490196
v 0.16231 0.29029 0.12645 0.05490196 0.38039216 0.05490196
v 0.17381 0.35107 0.0742 0.05490196 0.38039216 0.05490196
v 0.17381 0.35107 0.0742 0.05490196 0.38039216 0.05490196
v 0.18789 0.23907 0.034 0.05490196 0.38039216 0.05490196
v 0.16231 0.29029 0.12645 0.05490196 0.38039216 0.05490196
v 0.17381 0.35107 0.0742 0.05490196 0.38039216 0.05490196
v 0.16231 0.29029 0.12645 0.05490196 0.38039216 0.05490196
v 0.18789 0.23907 0.034 0.05490196 0.38039216 0.05490196
v -0.18787 0.48241 0.10172 0.05882353 0.38039216 0.05882353
v -0.27506 0.46311 0.14478 0.05882353 0.38039216 0.05882353
v -0.22384 0.32298 0.10083 0.05882353 0.38039216 0.05882353
v -0.18787 0.48241 0.10172 0.05882353 0.38039216 0.05882353
v -0.22384 0.32298 0.10083 0.05882353 0.38039216 0.05882353
v -0.27506 0.46311 0.14478 0.05882353 0.38039216 0.05882353
v -0.18787 0.48241 0.10172 0.05882353 0.38039216 0.05882353
v -0.27506 0.46311 0.14478 0.05882353 0.38039216 0.05882353
v -0.13065 0.55524 0.06874 0.05882353 0.38039216 0.05882353
v -0.18787 0.48241 0.10172 0.05882353 0.38039216 0.05882353
v -0.13065 0.55524 0.06874 0.05882353 0.38039216 0.05882353
v -0.27506 0.46311 0.14478 0.05882353 0.38039216 0.05882353
v -0.13065 0.55524 0.06874 0.05882353 0.38039216 0.05882353
v -0.18166 0.40591 0.19087 0.05882353 0.38039216 0.05882353
v -0.27506 0.46311 0.14478 0.05882353 0.38039216 0.05882353
v -0.13065 0.55524 0.06874 0.05882353 0.38039216 0.05882353
v -0.27506 0.46311 0.14478 0.05882353 0.38039216 0.05882353
v -0.18166 0.40591 0.19087 0.05882353 0.38039216 0.05882353
v -0.13065 0.55524 0.06874 0.05882353 0.38039216 0.05882353
v -0.05383 0.44577 0.13881 0.05882353 0.38039216 0.05882353
v -0.18166 0.40591 0.19087 0.05882353 0.38039216 0.05882353
v -0.13065 0.55524 0.06874 0.05882353 0.38039216 0.05882353
v -0.18166 0.40591 0.19087 0.05882353 0.38039216 0.05882353
v -0.05383 0.44577 0.13881 0.05882353 0.38039216 0.05882353
v -0.13065 0.55524 0.06874 0.05882353 0.38039216 0.05882353
v -0.0533 0.47411 0.06382 0.05882353 0.38039216 0.05882353
v -0.05383 0.44577 0.13881 0.05882353 0.38039216 0.05882353
v -0.13065 0.55524 0.06874 0.05882353 0.38039216 0.05882353
v -0.05383 0.44577 0.13881 0.05882353 0.38039216 0.05882353
v -0.0533 0.47411 0.06382 0.05882353 0.38039216 0.05882353
v -0.13065 0.55524 0.06874 0.05882353 0.38039216 0.05882353
v -0.06532 0.53733 0.03531 0.05882353 0.38039216 0.05882353
v -0.0533 0.47411 0.06382 0.05882353 0.38039216 0.05882353
v -0.13065 0.55524 0.06874 0.05882353 0.38039216 0.05882353
v -0.0533 0.47411 0.06382 0.05882353 0.38039216 0.05882353
v -0.06532 0.53733 0.03531 0.05882353 0.38039216 0.05882353
v -0.13065 0.55524 0.06874 0.05882353 0.38039216 0.05882353
v -0.07021 0.49221 0.00041 0.05882353 0.38039216 0.05882353
v -0.05818 0.54652 0.03574 0.05882353 0.38039216 0.05882353
v -0.13065 0.55524 0.06874 0.05882353 0.38039216 0.05882353
v -0.05818 0.54652 0.03574 0.05882353 0.38039216 0.05882353
v -0.07021 0.49221 0.00041 0.05882353 0.38039216 0.05882353
v -0.13065 0.55524 0.06874 0.05882353 0.38039216 0.05882353
v -0.10604 0.47287 -0.04025 0.05882353 0.38039216 0.05882353
v -0.07021 0.49221 0.00041 0.05882353 0.38039216 0.05882353
v -0.13065 0.55524 0.06874 0.05882353 0.38039216 0.05882353
v -0.07021 0.49221 0.00041 0.05882353 0.38039216 0.05882353
v -0.10604 0.47287 -0.04025 0.05882353 0.38039216 0.05882353
v -0.13065 0.55524 0.06874 0.05882353 0.38039216 0.05882353
v -0.20016 0.42342 -0.03888 0.05882353 0.38039216 0.05882353
v -0.10604 0.47287 -0.04025 0.05882353 0.38039216 0.05882353
v -0.13065 0.55524 0.06874 0.05882353 0.38039216 0.05882353
v -0.10604 0.47287 -0.04025 0.05882353 0.38039216 0.05882353
v -0.20016 0.42342 -0.03888 0.05882353 0.38039216 0.05882353
v -0.13065 0.55524 0.06874 0.05882353 0.38039216 0.05882353
v -0.17856 0.39755 0.0648 0.05882353 0.38039216 0.05882353
v -0.20016 0.42342 -0.03888 0.05882353 0.38039216 0.05882353
v -0.13065 0.55524 0.06874 0.05882353 0.38039216 0.05882353
v -0.20016 0.42342 -0.03888 0.05882353 0.38039216 0.05882353
v -0.17856 0.39755 0.0648 0.05882353 0.38039216 0.05882353
v -0.13065 0.55524 0.06874 0.05882353 0.38039216 0.05882353
v -0.18787 0.48241 0.10172 0.05882353 0.38039216 0.05882353
v -0.17856 0.39755 0.0648 0.05882353 0.38039216 0.05882353
v -0.13065 0.55524 0.06874 0.05882353 0.38039216 0.05882353
v -0.17856 0.39755 0.0648 0.05882353 0.38039216 0.05882353
v -0.18787 0.48241 0.10172 0.05882353 0.38039216 0.05882353
v -0.18787 0.48241 0.10172 0.05882353 0.38039216 0.05882353
v -0.22384 0.32298 0.10083 0.05882353 0.38039216 0.05882353
v -0.17856 0.39755 0.0648 0.05882353 0.38039216 0.05882353
v -0.18787 0.48241 0.10172 0.05882353 0.38039216 0.05882353
v -0.17856 0.39755 0.0648 0.05882353 0.38039216 0.05882353
v -0.22384 0.32298 0.10083 0.05882353 0.38039216 0.05882353
v 0.04637 0.60044 -0.15223 0.06666667 0.38039216 0.06666667
v 0.01216 0.54761 -0.21798 0.06666667 0.38039216 0.06666667
v 0.11131 0.44024 -0.17353 0.06666667 0.38039216 0.06666667
v 0.04637 0.60044 -0.15223 0.06666667 0.38039216 0.06666667
v 0.11131 0.44024 -0.17353 0.06666667 0.38039216 0.06666667
v 0.01216 0.54761 -0.21798 0.06666667 0.38039216 0.06666667
v 0.04637 0.60044 -0.15223 0.06666667 0.38039216 0.06666667
v 0.01216 0.54761 -0.21798 0.06666667 0.38039216 0.06666667
v 0.03616 0.68197 -0.09854 0.06666667 0.38039216 0.06666667
v 0.04637 0.60044 -0.15223 0.06666667 0.38039216 0.06666667
v 0.03616 0.68197 -0.09854 0.06666667 0.38039216 0.06666667
v 0.01216 0.54761 -0.21798 0.06666667 0.38039216 0.06666667
v 0.03616 0.68197 -0.09854 0.06666667 0.38039216 0.06666667
v -0.06849 0.55972 -0.21545 0.06666667 0.38039216 0.06666667
v 0.01216 0.54761 -0.21798 0.06666667 0.38039216 0.06666667
v 0.03616 0.68197 -0.09854 0.06666667 0.38039216 0.06666667
v 0.01216 0.54761 -0.21798 0.06666667 0.38039216 0.06666667
v -0.06849 0.55972 -0.21545 0.06666667 0.38039216 0.06666667
v 0.03616 0.68197 -0.09854 0.06666667 0.38039216 0.06666667
v -0.0861 0.59572 -0.0885 0.06666667 0.38039216 0.06666667
v -0.06849 0.55972 -0.21545 0.06666667 0.38039216 0.06666667
v 0.03616 0.68197 -0.09854 0.06666667 0.38039216 0.06666667
v -0.06849 0.55972 -0.21545 0.06666667 0.38039216 0.06666667
v -0.0861 0.59572 -0.0885 0.06666667 0.38039216 0.06666667
v 0.03616 0.68197 -0.09854 0.06666667 0.38039216 0.06666667
v -0.04494 0.64664 -0.02862 0.06666667 0.38039216 0.06666667
v -0.0861 0.59572 -0.0885 0.06666667 0.38039216 0.06666667
v 0.03616 0.68197 -0.09854 0.06666667 0.38039216 0.06666667
v -0.0861 0.59572 -0.0885 0.06666667 0.38039216 0.06666667
v -0.04494 0.64664 -0.02862 0.06666667 0.38039216 0.06666667
v 0.03616 0.68197 -0.09854 0.06666667 0.38039216 0.06666667
v -0.0122 0.68321 -0.02134 0.06666667 0.38039216 0.06666667
v -0.04494 0.64664 -0.02862 0.06666667 0.38039216 0.06666667
v 0.03616 0.68197 -0.09854 0.06666667 0.38039216 0.06666667
v -0.04494 0.64664 -0.02862 0.06666667 0.38039216 0.06666667
v -0.0122 0.68321 -0.02134 0.06666667 0.38039216 0.06666667
v 0.03616 0.68197 -0.09854 0.06666667 0.38039216 0.06666667
v 0.04368 0.6523 0.01846 0.06666667 0.38039216 0.06666667
v 0.02384 0.66521 -0.01626 0.06666667 0.38039216 0.06666667
v 0.03616 0.68197 -0.09854 0.06666667 0.38039216 0.06666667
v 0.02384 0.66521 -0.01626 0.06666667 0.38039216 0.06666667
v 0.04368 0.6523 0.01846 0.06666667 0.38039216 0.06666667
v 0.03616 0.68197 -0.09854 0.06666667 0.38039216 0.06666667
v 0.11064 0.59559 0.00266 0.06666667 0.38039216 0.06666667
v 0.04368 0.6523 0.01846 0.06666667 0.38039216 0.06666667
v 0.03616 0.68197 -0.09854 0.06666667 0.38039216 0.06666667
v 0.04368 0.6523 0.01846 0.06666667 0.38039216 0.06666667
v 0.11064 0.59559 0.00266 0.06666667 0.38039216 0.06666667
v 0.03616 0.68197 -0.09854 0.06666667 0.38039216 0.06666667
v 0.16263 0.53946 -0.09688 0.06666667 0.38039216 0.06666667
v 0.11064 0.59559 0.00266 0.06666667 0.38039216 0.06666667
v 0.03616 0.68197 -0.09854 0.06666667 0.38039216 0.06666667
v 0.11064 0.59559 0.00266 0.06666667 0.38039216 0.06666667
v 0.16263 0.53946 -0.09688 0.06666667 0.38039216 0.06666667
v 0.03616 0.68197 -0.09854 0.06666667 0.38039216 0.06666667
v 0.16838 0.58987 -0.18103 0.06666667 0.38039216 0.06666667
v 0.16263 0.53946 -0.09688 0.06666667 0.38039216 0.06666667
v 0.03616 0.68197 -0.09854 0.06666667 0.38039216 0.06666667
v 0.16263 0.53946 -0.09688 0.06666667 0.38039216 0.06666667
v 0.16838 0.58987 -0.18103 0.06666667 0.38039216 0.06666667
v 0.03616 0.68197 -0.09854 0.06666667 0.38039216 0.06666667
v 0.04637 0.60044 -0.15223 0.06666667 0.38039216 0.06666667
v 0.16838 0.58987 -0.18103 0.06666667 0.38039216 0.06666667
v 0.03616 0.68197 -0.09854 0.06666667 0.38039216 0.06666667
v 0.16838 0.58987 -0.18103 0.06666667 0.38039216 0.06666667
v 0.04637 0.60044 -0.15223 0.06666667 0.38039216 0.06666667
v 0.04637 0.60044 -0.15223 0.06666667 0.38039216 0.06666667
v 0.11131 0.44024 -0.17353 0.06666667 0.38039216 0.06666667
v 0.16838 0.58987 -0.18103 0.06666667 0.38039216 0.06666667
v 0.04637 0.60044 -0.15223 0.06666667 0.38039216 0.06666667
v 0.16838 0.58987 -0.18103 0.06666667 0.38039216 0.06666667
v 0.11131 0.44024 -0.17353 0.06666667 0.38039216 0.06666667
v 0.03844 0.70651 0.15984 0.07058824 0.38039216 0.07058824
v 0.06169 0.68939 0.24447 0.07058824 0.38039216 0.07058824
v 0.0316 0.5628 0.192 0.07058824 0.38039216 0.07058824
v 0.03844 0.70651 0.15984 0.07058824 0.38039216 0.07058824
v 0.0316 0.5628 0.192 0.07058824 0.38039216 0.07058824
v 0.06169 0.68939 0.24447 0.07058824 0.38039216 0.07058824
v 0.03844 0.70651 0.15984 0.07058824 0.38039216 0.07058824
v 0.06169 0.68939 0.24447 0.07058824 0.38039216 0.07058824
v 0.01895 0.77201 0.10332 0.07058824 0.38039216 0.07058824
v 0.03844 0.70651 0.15984 0.07058824 0.38039216 0.07058824
v 0.01895 0.77201 0.10332 0.07058824 0.38039216 0.07058824
v 0.06169 0.68939 0.24447 0.07058824 0.38039216 0.07058824
v 0.01895 0.77201 0.10332 0.07058824 0.38039216 0.07058824
v 0.11851 0.6376 0.16979 0.07058824 0.38039216 0.07058824
v 0.06169 0.68939 0.24447 0.07058824 0.38039216 0.07058824
v 0.01895 0.77201 0.10332 0.07058824 0.38039216 0.07058824
v 0.06169 0.68939 0.24447 0.07058824 0.38039216 0.07058824
v 0.11851 0.6376 0.16979 0.07058824 0.38039216 0.07058824
v 0.01895 0.77201 0.10332 0.07058824 0.38039216 0.07058824
v 0.09421 0.67314 0.04756 0.07058824 0.38039216 0.07058824
v 0.11851 0.6376 0.16979 0.07058824 0.38039216 0.07058824
v 0.01895 0.77201 0.10332 0.07058824 0.38039216 0.07058824
v 0.11851 0.6376 0.16979 0.07058824 0.38039216 0.07058824
v 0.09421 0.67314 0.04756 0.07058824 0.38039216 0.07058824
v 0.01895 0.77201 0.10332 0.07058824 0.38039216 0.07058824
v 0.02787 0.69862 0.0342 0.07058824 0.38039216 0.07058824
v 0.09421 0.67314 0.04756 0.07058824 0.38039216 0.07058824
v 0.01895 0.77201 0.10332 0.07058824 0.38039216 0.07058824
v 0.09421 0.67314 0.04756 0.07058824 0.38039216 0.07058824
v 0.02787 0.69862 0.0342 0.07058824 0.38039216 0.07058824
v 0.01895 0.77201 0.10332 0.07058824 0.38039216 0.07058824
v 0.00052 0.75564 0.0398 0.07058824 0.38039216 0.07058824
v 0.02787 0.69862 0.0342 0.07058824 0.38039216 0.07058824
v 0.01895 0.77201 0.10332 0.07058824 0.38039216 0.07058824
v 0.02787 0.69862 0.0342 0.07058824 0.38039216 0.07058824
v 0.00052 0.75564 0.0398 0.07058824 0.38039216 0.07058824
v 0.01895 0.77201 0.10332 0.07058824 0.38039216 0.07058824
v -0.03119 0.71491 0.0383 0.07058824 0.38039216 0.07058824
v 0.00212 0.76391 0.03352 0.07058824 0.38039216 0.07058824
v 0.01895 0.77201 0.10332 0.07058824 0.38039216 0.07058824
v 0.00212 0.76391 0.03352 0.07058824 0.38039216 0.07058824
v -0.03119 0.71491 0.0383 0.07058824 0.38039216 0.07058824
v 0.01895 0.77201 0.10332 0.07058824 0.38039216 0.07058824
v -0.07331 0.69752 0.06314 0.07058824 0.38039216 0.07058824
v -0.03119 0.71491 0.0383 0.07058824 0.38039216 0.07058824
v 0.01895 0.77201 0.10332 0.07058824 0.38039216 0.07058824
v -0.03119 0.71491 0.0383 0.07058824 0.38039216 0.07058824
v -0.07331 0.69752 0.06314 0.07058824 0.38039216 0.07058824
v 0.01895 0.77201 0.10332 0.07058824 0.38039216 0.07058824
v -0.08815 0.65317 0.14687 0.07058824 0.38039216 0.07058824
v -0.07331 0.69752 0.06314 0.07058824 0.38039216 0.07058824
v 0.01895 0.77201 0.10332 0.07058824 0.38039216 0.07058824
v -0.07331 0.69752 0.06314 0.07058824 0.38039216 0.07058824
v -0.08815 0.65317 0.14687 0.07058824 0.38039216 0.07058824
v 0.01895 0.77201 0.10332 0.07058824 0.38039216 0.07058824
v 0.00738 0.6299 0.14553 0.07058824 0.38039216 0.07058824
v -0.08815 0.65317 0.14687 0.07058824 0.38039216 0.07058824
v 0.01895 0.77201 0.10332 0.07058824 0.38039216 0.07058824
v -0.08815 0.65317 0.14687 0.07058824 0.38039216 0.07058824
v 0.00738 0.6299 0.14553 0.07058824 0.38039216 0.07058824
v 0.01895 0.77201 0.10332 0.07058824 0.38039216 0.07058824
v 0.03844 0.70651 0.15984 0.07058824 0.38039216 0.07058824
v 0.00738 0.6299 0.14553 0.07058824 0.38039216 0.07058824
v 0.01895 0.77201 0.10332 0.07058824 0.38039216 0.07058824
v 0.00738 0.6299 0.14553 0.07058824 0.38039216 0.07058824
v 0.03844 0.70651 0.15984 0.07058824 0.38039216 0.07058824
v 0.03844 0.70651 0.15984 0.07058824 0.38039216 0.07058824
v 0.0316 0.5628 0.192 0.07058824 0.38039216 0.07058824
v 0.00738 0.6299 0.14553 0.07058824 0.38039216 0.07058824
v 0.03844 0.70651 0.15984 0.07058824 0.38039216 0.07058824
v 0.00738 0.6299 0.14553 0.07058824 0.38039216 0.07058824
v 0.0316 0.5628 0.192 0.07058824 0.38039216 0.07058824
v -0.05397 0.82495 -0.07424 0.08235294 0.38039216 0.08235294
v -0.12366 0.77916 -0.04042 0.08235294 0.38039216 0.08235294
v -0.08981 0.72656 -0.06061 0.08235294 0.38039216 0.08235294
v -0.05397 0.82495 -0.07424 0.08235294 0.38039216 0.08235294
v -0.08981 0.72656 -0.06061 0.08235294 0.38039216 0.08235294
v -0.12366 0.77916 -0.04042 0.08235294 0.38039216 0.08235294
v -0.05397 0.82495 -0.07424 0.08235294 0.38039216 0.08235294
v -0.12366 0.77916 -0.04042 0.08235294 0.38039216 0.08235294
v -0.04142 0.8643 -0.02498 0.08235294 0.38039216 0.08235294
v -0.05397 0.82495 -0.07424 0.08235294 0.38039216 0.08235294
v -0.04142 0.8643 -0.02498 0.08235294 0.38039216 0.08235294
v -0.12366 0.77916 -0.04042 0.08235294 0.38039216 0.08235294
v -0.04142 0.8643 -0.02498 0.08235294 0.38039216 0.08235294
v -0.12941 0.78334 0.00307 0.08235294 0.38039216 0.08235294
v -0.12366 0.77916 -0.04042 0.08235294 0.38039216 0.08235294
v -0.04142 0.8643 -0.02498 0.08235294 0.38039216 0.08235294
v -0.12366 0.77916 -0.04042 0.08235294 0.38039216 0.08235294
v -0.12941 0.78334 0.00307 0.08235294 0.38039216 0.08235294
v -0.04142 0.8643 -0.02498 0.08235294 0.38039216 0.08235294
v -0.08182 0.80684 0.05792 0.08235294 0.38039216 0.08235294
v -0.12941 0.78334 0.00307 0.08235294 0.38039216 0.08235294
v -0.04142 0.8643 -0.02498 0.08235294 0.38039216 0.08235294
v -0.12941 0.78334 0.00307 0.08235294 0.38039216 0.08235294
v -0.08182 0.80684 0.05792 0.08235294 0.38039216 0.08235294
v -0.04142 0.8643 -0.02498 0.08235294 0.38039216 0.08235294
v -0.03062 0.81166 0.04982 0.08235294 0.38039216 0.08235294
v -0.08182 0.80684 0.05792 0.08235294 0.38039216 0.08235294
v -0.04142 0.8643 -0.02498 0.08235294 0.38039216 0.08235294
v -0.08182 0.80684 0.05792 0.08235294 0.38039216 0.08235294
v -0.03062 0.81166 0.04982 0.08235294 0.38039216 0.08235294
v -0.04142 0.8643 -0.02498 0.08235294 0.38039216 0.08235294
v -0.00117 0.82951 0.02292 0.08235294 0.38039216 0.08235294
v -0.03062 0.81166 0.04982 0.08235294 0.38039216 0.08235294
v -0.04142 0.8643 -0.02498 0.08235294 0.38039216 0.08235294
v -0.03062 0.81166 0.04982 0.08235294 0.38039216 0.08235294
v -0.00117 0.82951 0.02292 0.08235294 0.38039216 0.08235294
v -0.04142 0.8643 -0.02498 0.08235294 0.38039216 0.08235294
v 0.02816 0.83412 0.01832 0.08235294 0.38039216 0.08235294
v 0.0083 0.84412 0.02273 0.08235294 0.38039216 0.08235294
v -0.04142 0.8643 -0.02498 0.08235294 0.38039216 0.08235294
v 0.0083 0.84412 0.02273 0.08235294 0.38039216 0.08235294
v 0.02816 0.83412 0.01832 0.08235294 0.38039216 0.08235294
v -0.04142 0.8643 -0.02498 0.08235294 0.38039216 0.08235294
v 0.04722 0.82323 -0.00076 0.08235294 0.38039216 0.08235294
v 0.02816 0.83412 0.01832 0.08235294 0.38039216 0.08235294
v -0.04142 0.8643 -0.02498 0.08235294 0.38039216 0.08235294
v 0.02816 0.83412 0.01832 0.08235294 0.38039216 0.08235294
v 0.04722 0.82323 -0.00076 0.08235294 0.38039216 0.08235294
v -0.04142 0.8643 -0.02498 0.08235294 0.38039216 0.08235294
v 0.04154 0.7986 -0.09573 0.08235294 0.38039216 0.08235294
v 0.04722 0.82323 -0.00076 0.08235294 0.38039216 0.08235294
v -0.04142 0.8643 -0.02498 0.08235294 0.38039216 0.08235294
v 0.04722 0.82323 -0.00076 0.08235294 0.38039216 0.08235294
v 0.04154 0.7986 -0.09573 0.08235294 0.38039216 0.08235294
v -0.04142 0.8643 -0.02498 0.08235294 0.38039216 0.08235294
v -0.01629 0.77143 -0.10265 0.08235294 0.38039216 0.08235294
v 0.04154 0.7986 -0.09573 0.08235294 0.38039216 0.08235294
v -0.04142 0.8643 -0.02498 0.08235294 0.38039216 0.08235294
v 0.04154 0.7986 -0.09573 0.08235294 0.38039216 0.08235294
v -0.01629 0.77143 -0.10265 0.08235294 0.38039216 0.08235294
v -0.04142 0.8643 -0.02498 0.08235294 0.38039216 0.08235294
v -0.05397 0.82495 -0.07424 0.08235294 0.38039216 0.08235294
v -0.01629 0.77143 -0.10265 0.08235294 0.38039216 0.08235294
v -0.04142 0.8643 -0.02498 0.08235294 0.38039216 0.08235294
v -0.01629 0.77143 -0.10265 0.08235294 0.38039216 0.08235294
v -0.05397 0.82495 -0.07424 0.08235294 0.38039216 0.08235294
v -0.05397 0.82495 -0.07424 0.08235294 0.38039216 0.08235294
v -0.08981 0.72656 -0.06061 0.08235294 0.38039216 0.08235294
v -0.01629 0.77143 -0.10265 0.08235294 0.38039216 0.08235294
v -0.05397 0.82495 -0.07424 0.08235294 0.38039216 0.08235294
v -0.01629 0.77143 -0.10265 0.08235294 0.38039216 0.08235294
v -0.08981 0.72656 -0.06061 0.08235294 0.38039216 0.08235294
v 0.08576 0.92932 0.0045 0.11372549 0.38039216 0.11372549
v 0.08532 0.90276 -0.05245 0.11372549 0.38039216 0.11372549
v 0.10623 0.86799 -0.03097 0.11372549 0.38039216 0.11372549
v 0.08576 0.92932 0.0045 0.11372549 0.38039216 0.11372549
v 0.10623 0.86799 -0.03097 0.11372549 0.38039216 0.11372549
v 0.08532 0.90276 -0.05245 0.11372549 0.38039216 0.11372549
v 0.08576 0.92932 0.0045 0.11372549 0.38039216 0.11372549
v 0.08532 0.90276 -0.05245 0.11372549 0.38039216 0.11372549
v 0.0429 0.94236 0.00741 0.11372549 0.38039216 0.11372549
v 0.08576 0.92932 0.0045 0.11372549 0.38039216 0.11372549
v 0.0429 0.94236 0.00741 0.11372549 0.38039216 0.11372549
v 0.08532 0.90276 -0.05245 0.11372549 0.38039216 0.11372549
v 0.0429 0.94236 0.00741 0.11372549 0.38039216 0.11372549
v 0.05735 0.89697 -0.06393 0.11372549 0.38039216 0.11372549
v 0.08532 0.90276 -0.05245 0.11372549 0.38039216 0.11372549
v 0.0429 0.94236 0.00741 0.11372549 0.38039216 0.11372549
v 0.08532 0.90276 -0.05245 0.11372549 0.38039216 0.11372549
v 0.05735 0.89697 -0.06393 0.11372549 0.38039216 0.11372549
v 0.0429 0.94236 0.00741 0.11372549 0.38039216 0.11372549
v 0.00979 0.89334 -0.04012 0.11372549 0.38039216 0.11372549
v 0.05735 0.89697 -0.06393 0.11372549 0.38039216 0.11372549
v 0.0429 0.94236 0.00741 0.11372549 0.38039216 0.11372549
v 0.05735 0.89697 -0.06393 0.11372549 0.38039216 0.11372549
v 0.00979 0.89334 -0.04012 0.11372549 0.38039216 0.11372549
v 0.0429 0.94236 0.00741 0.11372549 0.38039216 0.11372549
v 0.00647 0.89059 -0.00402 0.11372549 0.38039216 0.11372549
v 0.00979 0.89334 -0.04012 0.11372549 0.38039216 0.11372549
v 0.0429 0.94236 0.00741 0.11372549 0.38039216 0.11372549
v 0.00979 0.89334 -0.04012 0.11372549 0.38039216 0.11372549
v 0.00647 0.89059 -0.00402 0.11372549 0.38039216 0.11372549
v 0.0429 0.94236 0.00741 0.11372549 0.38039216 0.11372549
v 0.01508 0.90356 0.02224 0.11372549 0.38039216 0.11372549
v 0.00647 0.89059 -0.00402 0.11372549 0.38039216 0.11372549
v 0.0429 0.94236 0.00741 0.11372549 0.38039216 0.11372549
v 0.00647 0.89059 -0.00402 0.11372549 0.38039216 0.11372549
v 0.01508 0.90356 0.02224 0.11372549 0.38039216 0.11372549
v 0.0429 0.94236 0.00741 0.11372549 0.38039216 0.11372549
v 0.0127 0.90317 0.04308 0.11372549 0.38039216 0.11372549
v 0.01028 0.91165 0.02994 0.11372549 0.38039216 0.11372549
v 0.0429 0.94236 0.00741 0.11372549 0.38039216 0.11372549
v 0.01028 0.91165 0.02994 0.11372549 0.38039216 0.11372549
v 0.0127 0.90317 0.04308 0.11372549 0.38039216 0.11372549
v 0.0429 0.94236 0.00741 0.11372549 0.38039216 0.11372549
v 0.02483 0.89738 0.05832 0.11372549 0.38039216 0.11372549
v 0.0127 0.90317 0.04308 0.11372549 0.38039216 0.11372549
v 0.0429 0.94236 0.00741 0.11372549 0.38039216 0.11372549
v 0.0127 0.90317 0.04308 0.11372549 0.38039216 0.11372549
v 0.02483 0.89738 0.05832 0.11372549 0.38039216 0.11372549
v 0.0429 0.94236 0.00741 0.11372549 0.38039216 0.11372549
v 0.09229 0.90268 0.06978 0.11372549 0.38039216 0.11372549
v 0.02483 0.89738 0.05832 0.11372549 0.38039216 0.11372549
v 0.0429 0.94236 0.00741 0.11372549 0.38039216 0.11372549
v 0.02483 0.89738 0.05832 0.11372549 0.38039216 0.11372549
v 0.09229 0.90268 0.06978 0.11372549 0.38039216 0.11372549
v 0.0429 0.94236 0.00741 0.11372549 0.38039216 0.11372549
v 0.11161 0.89516 0.02997 0.11372549 0.38039216 0.11372549
v 0.09229 0.90268 0.06978 0.11372549 0.38039216 0.11372549
v 0.0429 0.94236 0.00741 0.11372549 0.38039216 0.11372549
v 0.09229 0.90268 0.06978 0.11372549 0.38039216 0.11372549
v 0.11161 0.89516 0.02997 0.11372549 0.38039216 0.11372549
v 0.0429 0.94236 0.00741 0.11372549 0.38039216 0.11372549
v 0.08576 0.92932 0.0045 0.11372549 0.38039216 0.11372549
v 0.11161 0.89516 0.02997 0.11372549 0.38039216 0.11372549
v 0.0429 0.94236 0.00741 0.11372549 0.38039216 0.11372549
v 0.11161 0.89516 0.02997 0.11372549 0.38039216 0.11372549
v 0.08576 0.92932 0.0045 0.11372549 0.38039216 0.11372549
v 0.08576 0.92932 0.0045 0.11372549 0.38039216 0.11372549
v 0.10623 0.86799 -0.03097 0.11372549 0.38039216 0.11372549
v 0.11161 0.89516 0.02997 0.11372549 0.38039216 0.11372549
v 0.08576 0.92932 0.0045 0.11372549 0.38039216 0.11372549
v 0.11161 0.89516 0.02997 0.11372549 0.38039216 0.11372549
v 0.10623 0.86799 -0.03097 0.11372549 0.38039216 0.11372549
v -0.06173 1.04419 0.04287 0.18039216 0.38039216 0.18039216
v -0.06951 1.03643 0.07862 0.18039216 0.38039216 0.18039216
v -0.09051 1.02464 0.04828 0.18039216 0.38039216 0.18039216
v -0.06173 1.04419 0.04287 0.18039216 0.38039216 0.18039216
v -0.09051 1.02464 0.04828 0.18039216 0.38039216 0.18039216
v -0.06951 1.03643 0.07862 0.18039216 0.38039216 0.18039216
v -0.06173 1.04419 0.04287 0.18039216 0.38039216 0.18039216
v -0.06951 1.03643 0.07862 0.18039216 0.38039216 0.18039216
v -0.02503 1.02645 0.04034 0.18039216 0.38039216 0.18039216
v -0.06173 1.04419 0.04287 0.18039216 0.38039216 0.18039216
v -0.02503 1.02645 0.04034 0.18039216 0.38039216 0.18039216
v -0.06951 1.03643 0.07862 0.18039216 0.38039216 0.18039216
v -0.02503 1.02645 0.04034 0.18039216 0.38039216 0.18039216
v -0.04462 1.03088 0.09083 0.18039216 0.38039216 0.18039216
v -0.06951 1.03643 0.07862 0.18039216 0.38039216 0.18039216
v -0.02503 1.02645 0.04034 0.18039216 0.38039216 0.18039216
v -0.06951 1.03643 0.07862 0.18039216 0.38039216 0.18039216
v -0.04462 1.03088 0.09083 0.18039216 0.38039216 0.18039216
v -0.02503 1.02645 0.04034 0.18039216 0.38039216 0.18039216
v -0.01994 1.00796 0.07822 0.18039216 0.38039216 0.18039216
v -0.04462 1.03088 0.09083 0.18039216 0.38039216 0.18039216
v -0.02503 1.02645 0.04034 0.18039216 0.38039216 0.18039216
v -0.04462 1.03088 0.09083 0.18039216 0.38039216 0.18039216
v -0.01994 1.00796 0.07822 0.18039216 0.38039216 0.18039216
v -0.02503 1.02645 0.04034 0.18039216 0.38039216 0.18039216
v -0.01633 1.00024 0.05077 0.18039216 0.38039216 0.18039216
v -0.01994 1.00796 0.07822 0.18039216 0.38039216 0.18039216
v -0.02503 1.02645 0.04034 0.18039216 0.38039216 0.18039216
v -0.01994 1.00796 0.07822 0.18039216 0.38039216 0.18039216
v -0.01633 1.00024 0.05077 0.18039216 0.38039216 0.18039216
v -0.02503 1.02645 0.04034 0.18039216 0.38039216 0.18039216
v -0.01371 1.00521 0.03725 0.18039216 0.38039216 0.18039216
v -0.01633 1.00024 0.05077 0.18039216 0.38039216 0.18039216
v -0.02503 1.02645 0.04034 0.18039216 0.38039216 0.18039216
v -0.01633 1.00024 0.05077 0.18039216 0.38039216 0.18039216
v -0.01371 1.00521 0.03725 0.18039216 0.38039216 0.18039216
v -0.02503 1.02645 0.04034 0.18039216 0.38039216 0.18039216
v -0.0281 1.00013 0.01204 0.18039216 0.38039216 0.18039216
v -0.01622 1.00451 0.02664 0.18039216 0.38039216 0.18039216
v -0.02503 1.02645 0.04034 0.18039216 0.38039216 0.18039216
v -0.01622 1.00451 0.02664 0.18039216 0.38039216 0.18039216
v -0.0281 1.00013 0.01204 0.18039216 0.38039216 0.18039216
v -0.02503 1.02645 0.04034 0.18039216 0.38039216 0.18039216
v -0.04343 1.00849 0.00103 0.18039216 0.38039216 0.18039216
v -0.0281 1.00013 0.01204 0.18039216 0.38039216 0.18039216
v -0.02503 1.02645 0.04034 0.18039216 0.38039216 0.18039216
v -0.0281 1.00013 0.01204 0.18039216 0.38039216 0.18039216
v -0.04343 1.00849 0.00103 0.18039216 0.38039216 0.18039216
v -0.02503 1.02645 0.04034 0.18039216 0.38039216 0.18039216
v -0.06796 1.03637 -0.00337 0.18039216 0.38039216 0.18039216
v -0.04343 1.00849 0.00103 0.18039216 0.38039216 0.18039216
v -0.02503 1.02645 0.04034 0.18039216 0.38039216 0.18039216
v -0.04343 1.00849 0.00103 0.18039216 0.38039216 0.18039216
v -0.06796 1.03637 -0.00337 0.18039216 0.38039216 0.18039216
v -0.02503 1.02645 0.04034 0.18039216 0.38039216 0.18039216
v -0.08969 1.04658 0.03017 0.18039216 0.38039216 0.18039216
v -0.06796 1.03637 -0.00337 0.18039216 0.38039216 0.18039216
v -0.02503 1.02645 0.04034 0.18039216 0.38039216 0.18039216
v -0.06796 1.03637 -0.00337 0.18039216 0.38039216 0.18039216
v -0.08969 1.04658 0.03017 0.18039216 0.38039216 0.18039216
v -0.02503 1.02645 0.04034 0.18039216 0.38039216 0.18039216
v -0.06173 1.04419 0.04287 0.18039216 0.38039216 0.18039216
v -0.08969 1.04658 0.03017 0.18039216 0.38039216 0.18039216
v -0.02503 1.02645 0.04034 0.18039216 0.38039216 0.18039216
v -0.08969 1.04658 0.03017 0.18039216 0.38039216 0.18039216
v -0.06173 1.04419 0.04287 0.18039216 0.38039216 0.18039216
v -0.06173 1.04419 0.04287 0.18039216 0.38039216 0.18039216
v -0.09051 1.02464 0.04828 0.18039216 0.38039216 0.18039216
v -0.08969 1.04658 0.03017 0.18039216 0.38039216 0.18039216
v -0.06173 1.04419 0.04287 0.18039216 0.38039216 0.18039216
v -0.08969 1.04658 0.03017 0.18039216 0.38039216 0.18039216
v -0.09051 1.02464 0.04828 0.18039216 0.38039216 0.18039216
v -0.01041 1.07638 0.01169 0.19607843 0.38039216 0.19607843
v -0.0339 1.07863 0.00475 0.19607843 0.38039216 0.19607843
v -0.01389 1.07941 -0.011 0.19607843 0.38039216 0.19607843
v -0.01041 1.07638 0.01169 0.19607843 0.38039216 0.19607843
v -0.01389 1.07941 -0.011 0.19607843 0.38039216 0.19607843
v -0.0339 1.07863 0.00475 0.19607843 0.38039216 0.19607843
v -0.01041 1.07638 0.01169 0.19607843 0.38039216 0.19607843
v -0.0339 1.07863 0.00475 0.19607843 0.38039216 0.19607843
v -0.01154 1.05175 0.02236 0.19607843 0.38039216 0.19607843
v -0.01041 1.07638 0.01169 0.19607843 0.38039216 0.19607843
v -0.01154 1.05175 0.02236 0.19607843 0.38039216 0.19607843
v -0.0339 1.07863 0.00475 0.19607843 0.38039216 0.19607843
v -0.01154 1.05175 0.02236 0.19607843 0.38039216 0.19607843
v -0.04334 1.06621 0.01487 0.19607843 0.38039216 0.19607843
v -0.0339 1.07863 0.00475 0.19607843 0.38039216 0.19607843
v -0.01154 1.05175 0.02236 0.19607843 0.38039216 0.19607843
v -0.0339 1.07863 0.00475 0.19607843 0.38039216 0.19607843
v -0.04334 1.06621 0.01487 0.19607843 0.38039216 0.19607843
v -0.01154 1.05175 0.02236 0.19607843 0.38039216 0.19607843
v -0.03767 1.04337 0.01725 0.19607843 0.38039216 0.19607843
v -0.04334 1.06621 0.01487 0.19607843 0.38039216 0.19607843
v -0.01154 1.05175 0.02236 0.19607843 0.38039216 0.19607843
v -0.04334 1.06621 0.01487 0.19607843 0.38039216 0.19607843
v -0.03767 1.04337 0.01725 0.19607843 0.38039216 0.19607843
v -0.01154 1.05175 0.02236 0.19607843 0.38039216 0.19607843
v -0.0204 1.03589 0.01553 0.19607843 0.38039216 0.19607843
v -0.03767 1.04337 0.01725 0.19607843 0.38039216 0.19607843
v -0.01154 1.05175 0.02236 0.19607843 0.38039216 0.19607843
v -0.03767 1.04337 0.01725 0.19607843 0.38039216 0.19607843
v -0.0204 1.03589 0.01553 0.19607843 0.38039216 0.19607843
v -0.01154 1.05175 0.02236 0.19607843 0.38039216 0.19607843
v -0.01137 1.03618 0.01887 0.19607843 0.38039216 0.19607843
v -0.0204 1.03589 0.01553 0.19607843 0.38039216 0.19607843
v -0.01154 1.05175 0.02236 0.19607843 0.38039216 0.19607843
v -0.0204 1.03589 0.01553 0.19607843 0.38039216 0.19607843
v -0.01137 1.03618 0.01887 0.19607843 0.38039216 0.19607843
v -0.01154 1.05175 0.02236 0.19607843 0.38039216 0.19607843
v 0.00541 1.03785 0.00933 0.19607843 0.38039216 0.19607843
v -0.00438 1.03609 0.01724 0.19607843 0.38039216 0.19607843
v -0.01154 1.05175 0.02236 0.19607843 0.38039216 0.19607843
v -0.00438 1.03609 0.01724 0.19607843 0.38039216 0.19607843
v 0.00541 1.03785 0.00933 0.19607843 0.38039216 0.19607843
v -0.01154 1.05175 0.02236 0.19607843 0.38039216 0.19607843
v 0.01382 1.04768 0.00519 0.19607843 0.38039216 0.19607843
v 0.00541 1.03785 0.00933 0.19607843 0.38039216 0.19607843
v -0.01154 1.05175 0.02236 0.19607843 0.38039216 0.19607843
v 0.00541 1.03785 0.00933 0.19607843 0.38039216 0.19607843
v 0.01382 1.04768 0.00519 0.19607843 0.38039216 0.19607843
v -0.01154 1.05175 0.02236 0.19607843 0.38039216 0.19607843
v 0.01957 1.07159 0.00489 0.19607843 0.38039216 0.19607843
v 0.01382 1.04768 0.00519 0.19607843 0.38039216 0.19607843
v -0.01154 1.05175 0.02236 0.19607843 0.38039216 0.19607843
v 0.01382 1.04768 0.00519 0.19607843 0.38039216 0.19607843
v 0.01957 1.07159 0.00489 0.19607843 0.38039216 0.19607843
v -0.01154 1.05175 0.02236 0.19607843 0.38039216 0.19607843
v -0.00071 1.0885 -0.00131 0.19607843 0.38039216 0.19607843
v 0.01957 1.07159 0.00489 0.19607843 0.38039216 0.19607843
v -0.01154 1.05175 0.02236 0.19607843 0.38039216 0.19607843
v 0.01957 1.07159 0.00489 0.19607843 0.38039216 0.19607843
v -0.00071 1.0885 -0.00131 0.19607843 0.38039216 0.19607843
v -0.01154 1.05175 0.02236 0.19607843 0.38039216 0.19607843
v -0.01041 1.07638 0.01169 0.19607843 0.38039216 0.19607843
v -0.00071 1.0885 -0.00131 0.19607843 0.38039216 0.19607843
v -0.01154 1.05175 0.02236 0.19607843 0.38039216 0.19607843
v -0.00071 1.0885 -0.00131 0.19607843 0.38039216 0.19607843
v -0.01041 1.07638 0.01169 0.19607843 0.38039216 0.19607843
v -0.01041 1.07638 0.01169 0.19607843 0.38039216 0.19607843
v -0.01389 1.07941 -0.011 0.19607843 0.38039216 0.19607843
v -0.00071 1.0885 -0.00131 0.19607843 0.38039216 0.19607843
v -0.01041 1.07638 0.01169 0.19607843 0.38039216 0.19607843
v -0.00071 1.0885 -0.00131 0.19607843 0.38039216 0.19607843
v -0.01389 1.07941 -0.011 0.19607843 0.38039216 0.19607843
v -0.00895 1.082 0.0345 0.22745098 0.38039216 0.22745098
v 0.0064 1.08617 0.03249 0.22745098 0.38039216 0.22745098
v -0.00289 1.09012 0.04568 0.22745098 0.38039216 0.22745098
v -0.00895 1.082 0.0345 0.22745098 0.38039216 0.22745098
v -0.00289 1.09012 0.04568 0.22745098 0.38039216 0.22745098
v 0.0064 1.08617 0.03249 0.22745098 0.38039216 0.22745098
v -0.00895 1.082 0.0345 0.22745098 0.38039216 0.22745098
v 0.0064 1.08617 0.03249 0.22745098 0.38039216 0.22745098
v -0.00711 1.06459 0.03425 0.22745098 0.38039216 0.22745098
v -0.00895 1.082 0.0345 0.22745098 0.38039216 0.22745098
v -0.00711 1.06459 0.03425 0.22745098 0.38039216 0.22745098
v 0.0064 1.08617 0.03249 0.22745098 0.38039216 0.22745098
v -0.00711 1.06459 0.03425 0.22745098 0.38039216 0.22745098
v 0.01184 1.07646 0.0277 0.22745098 0.38039216 0.22745098
v 0.0064 1.08617 0.03249 0.22745098 0.38039216 0.22745098
v -0.00711 1.06459 0.03425 0.22745098 0.38039216 0.22745098
v 0.0064 1.08617 0.03249 0.22745098 0.38039216 0.22745098
v 0.01184 1.07646 0.0277 0.22745098 0.38039216 0.22745098
v -0.00711 1.06459 0.03425 0.22745098 0.38039216 0.22745098
v 0.01089 1.06209 0.03321 0.22745098 0.38039216 0.22745098
v 0.01184 1.07646 0.0277 0.22745098 0.38039216 0.22745098
v -0.00711 1.06459 0.03425 0.22745098 0.38039216 0.22745098
v 0.01184 1.07646 0.0277 0.22745098 0.38039216 0.22745098
v 0.01089 1.06209 0.03321 0.22745098 0.38039216 0.22745098
v -0.00711 1.06459 0.03425 0.22745098 0.38039216 0.22745098
v 0.00166 1.05744 0.03992 0.22745098 0.38039216 0.22745098
v 0.01089 1.06209 0.03321 0.22745098 0.38039216 0.22745098
v -0.00711 1.06459 0.03425 0.22745098 0.38039216 0.22745098
v 0.01089 1.06209 0.03321 0.22745098 0.38039216 0.22745098
v 0.00166 1.05744 0.03992 0.22745098 0.38039216 0.22745098
v -0.00711 1.06459 0.03425 0.22745098 0.38039216 0.22745098
v -0.00452 1.05633 0.04003 0.22745098 0.38039216 0.22745098
v 0.00166 1.05744 0.03992 0.22745098 0.38039216 0.22745098
v -0.00711 1.06459 0.03425 0.22745098 0.38039216 0.22745098
v 0.00166 1.05744 0.03992 0.22745098 0.38039216 0.22745098
v -0.00452 1.05633 0.04003 0.22745098 0.38039216 0.22745098
v -0.00711 1.06459 0.03425 0.22745098 0.38039216 0.22745098
v -0.01314 1.05925 0.04879 0.22745098 0.38039216 0.22745098
v -0.00846 1.05644 0.04256 0.22745098 0.38039216 0.22745098
v -0.00711 1.06459 0.03425 0.22745098 0.38039216 0.22745098
v -0.00846 1.05644 0.04256 0.22745098 0.38039216 0.22745098
v -0.01314 1.05925 0.04879 0.22745098 0.38039216 0.22745098
v -0.00711 1.06459 0.03425 0.22745098 0.38039216 0.22745098
v -0.01875 1.06584 0.05063 0.22745098 0.38039216 0.22745098
v -0.01314 1.05925 0.04879 0.22745098 0.38039216 0.22745098
v -0.00711 1.06459 0.03425 0.22745098 0.38039216 0.22745098
v -0.01314 1.05925 0.04879 0.22745098 0.38039216 0.22745098
v -0.01875 1.06584 0.05063 0.22745098 0.38039216 0.22745098
v -0.00711 1.06459 0.03425 0.22745098 0.38039216 0.22745098
v -0.02531 1.07981 0.04629 0.22745098 0.38039216 0.22745098
v -0.01875 1.06584 0.05063 0.22745098 0.38039216 0.22745098
v -0.00711 1.06459 0.03425 0.22745098 0.38039216 0.22745098
v -0.01875 1.06584 0.05063 0.22745098 0.38039216 0.22745098
v -0.02531 1.07981 0.04629 0.22745098 0.38039216 0.22745098
v -0.00711 1.06459 0.03425 0.22745098 0.38039216 0.22745098
v -0.01396 1.09232 0.04104 0.22745098 0.38039216 0.22745098
v -0.02531 1.07981 0.04629 0.22745098 0.38039216 0.22745098
v -0.00711 1.06459 0.03425 0.22745098 0.38039216 0.22745098
v -0.02531 1.07981 0.04629 0.22745098 0.38039216 0.22745098
v -0.01396 1.09232 0.04104 0.22745098 0.38039216 0.22745098
v -0.00711 1.06459 0.03425 0.22745098 0.38039216 0.22745098
v -0.00895 1.082 0.0345 0.22745098 0.38039216 0.22745098
v -0.01396 1.09232 0.04104 0.22745098 0.38039216 0.22745098
v -0.00711 1.06459 0.03425 0.22745098 0.38039216 0.22745098
v -0.01396 1.09232 0.04104 0.22745098 0.38039216 0.22745098
v -0.00895 1.082 0.0345 0.22745098 0.38039216 0.22745098
v -0.00895 1.082 0.0345 0.22745098 0.38039216 0.22745098
v -0.00289 1.09012 0.04568 0.22745098 0.38039216 0.22745098
v -0.01396 1.09232 0.04104 0.22745098 0.38039216 0.22745098
v -0.00895 1.082 0.0345 0.22745098 0.38039216 0.22745098
v -0.01396 1.09232 0.04104 0.22745098 0.38039216 0.22745098
v -0.00289 1.09012 0.04568 0.22745098 0.38039216 0.22745098
v 1.47674 0.2384 -0.08969 0.050980393 0.38039216 0.050980393
v 1.4347 0.22407 -0.08956 0.050980393 0.38039216 0.050980393
v 1.46906 0.20473 -0.11325 0.050980393 0.38039216 0.050980393
v 1.47674 0.2384 -0.08969 0.050980393 0.38039216 0.050980393
v 1.46906 0.20473 -0.11325 0.050980393 0.38039216 0.050980393
v 1.4347 0.22407 -0.08956 0.050980393 0.38039216 0.050980393
v 1.47674 0.2384 -0.08969 0.050980393 0.38039216 0.050980393
v 1.4347 0.22407 -0.08956 0.050980393 0.38039216 0.050980393
v 1.48659 0.2334 -0.04246 0.050980393 0.38039216 0.050980393
v 1.47674 0.2384 -0.08969 0.050980393 0.38039216 0.050980393
v 1.48659 0.2334 -0.04246 0.050980393 0.38039216 0.050980393
v 1.4347 0.22407 -0.08956 0.050980393 0.38039216 0.050980393
v 1.48659 0.2334 -0.04246 0.050980393 0.38039216 0.050980393
v 1.42424 0.22689 -0.05777 0.050980393 0.38039216 0.050980393
v 1.4347 0.22407 -0.08956 0.050980393 0.38039216 0.050980393
v 1.48659 0.2334 -0.04246 0.050980393 0.38039216 0.050980393
v 1.4347 0.22407 -0.08956 0.050980393 0.38039216 0.050980393
v 1.42424 0.22689 -0.05777 0.050980393 0.38039216 0.050980393
v 1.48659 0.2334 -0.04246 0.050980393 0.38039216 0.050980393
v 1.44502 0.21205 -0.02353 0.050980393 0.38039216 0.050980393
v 1.42424 0.22689 -0.05777 0.050980393 0.38039216 0.050980393
v 1.48659 0.2334 -0.04246 0.050980393 0.38039216 0.050980393
v 1.42424 0.22689 -0.05777 0.050980393 0.38039216 0.050980393
v 1.44502 0.21205 -0.02353 0.050980393 0.38039216 0.050980393
v 1.48659 0.2334 -0.04246 0.050980393 0.38039216 0.050980393
v 1.47866 0.20685 -0.02099 0.050980393 0.38039216 0.050980393
v 1.44502 0.21205 -0.02353 0.050980393 0.38039216 0.050980393
v 1.48659 0.2334 -0.04246 0.050980393 0.38039216 0.050980393
v 1.44502 0.21205 -0.02353 0.050980393 0.38039216 0.050980393
v 1.47866 0.20685 -0.02099 0.050980393 0.38039216 0.050980393
v 1.48659 0.2334 -0.04246 0.050980393 0.38039216 0.050980393
v 1.49427 0.21442 -0.02218 0.050980393 0.38039216 0.050980393
v 1.47866 0.20685 -0.02099 0.050980393 0.38039216 0.050980393
v 1.48659 0.2334 -0.04246 0.050980393 0.38039216 0.050980393
v 1.47866 0.20685 -0.02099 0.050980393 0.38039216 0.050980393
v 1.49427 0.21442 -0.02218 0.050980393 0.38039216 0.050980393
v 1.48659 0.2334 -0.04246 0.050980393 0.38039216 0.050980393
v 1.52264 0.20484 -0.04029 0.050980393 0.38039216 0.050980393
v 1.50649 0.21341 -0.02642 0.050980393 0.38039216 0.050980393
v 1.48659 0.2334 -0.04246 0.050980393 0.38039216 0.050980393
v 1.50649 0.21341 -0.02642 0.050980393 0.38039216 0.050980393
v 1.52264 0.20484 -0.04029 0.050980393 0.38039216 0.050980393
v 1.48659 0.2334 -0.04246 0.050980393 0.38039216 0.050980393
v 1.53257 0.20886 -0.06234 0.050980393 0.38039216 0.050980393
v 1.52264 0.20484 -0.04029 0.050980393 0.38039216 0.050980393
v 1.48659 0.2334 -0.04246 0.050980393 0.38039216 0.050980393
v 1.52264 0.20484 -0.04029 0.050980393 0.38039216 0.050980393
v 1.53257 0.20886 -0.06234 0.050980393 0.38039216 0.050980393
v 1.48659 0.2334 -0.04246 0.050980393 0.38039216 0.050980393
v 1.53118 0.23054 -0.10108 0.050980393 0.38039216 0.050980393
v 1.53257 0.20886 -0.06234 0.050980393 0.38039216 0.050980393
v 1.48659 0.2334 -0.04246 0.050980393 0.38039216 0.050980393
v 1.53257 0.20886 -0.06234 0.050980393 0.38039216 0.050980393
v 1.53118 0.23054 -0.10108 0.050980393 0.38039216 0.050980393
v 1.48659 0.2334 -0.04246 0.050980393 0.38039216 0.050980393
v 1.48776 0.23086 -0.12374 0.050980393 0.38039216 0.050980393
v 1.53118 0.23054 -0.10108 0.050980393 0.38039216 0.050980393
v 1.48659 0.2334 -0.04246 0.050980393 0.38039216 0.050980393
v 1.53118 0.23054 -0.10108 0.050980393 0.38039216 0.050980393
v 1.48776 0.23086 -0.12374 0.050980393 0.38039216 0.050980393
v 1.48659 0.2334 -0.04246 0.050980393 0.38039216 0.050980393
v 1.47674 0.2384 -0.08969 0.050980393 0.38039216 0.050980393
v 1.48776 0.23086 -0.12374 0.050980393 0.38039216 0.050980393
v 1.48659 0.2334 -0.04246 0.050980393 0.38039216 0.050980393
v 1.48776 0.23086 -0.12374 0.050980393 0.38039216 0.050980393
v 1.47674 0.2384 -0.08969 0.050980393 0.38039216 0.050980393
v 1.47674 0.2384 -0.08969 0.050980393 0.38039216 0.050980393
v 1.46906 0.20473 -0.11325 0.050980393 0.38039216 0.050980393
v 1.48776 0.23086 -0.12374 0.050980393 0.38039216 0.050980393
v 1.47674 0.2384 -0.08969 0.050980393 0.38039216 0.050980393
v 1.48776 0.23086 -0.12374 0.050980393 0.38039216 0.050980393
v 1.46906 0.20473 -0.11325 0.050980393 0.38039216 0.050980393
v 1.68234 0.34712 0.05346 0.05490196 0.38039216 0.05490196
v 1.70102 0.29462 -0.0321 0.05490196 0.38039216 0.05490196
v 1.6915 0.23512 0.01186 0.05490196 0.38039216 0.05490196
v 1.68234 0.34712 0.05346 0.05490196 0.38039216 0.05490196
v 1.6915 0.23512 0.01186 0.05490196 0.38039216 0.05490196
v 1.70102 0.29462 -0.0321 0.05490196 0.38039216 0.05490196
v 1.68234 0.34712 0.05346 0.05490196 0.38039216 0.05490196
v 1.70102 0.29462 -0.0321 0.05490196 0.38039216 0.05490196
v 1.63224 0.39409 0.0289 0.05490196 0.38039216 0.05490196
v 1.68234 0.34712 0.05346 0.05490196 0.38039216 0.05490196
v 1.63224 0.39409 0.0289 0.05490196 0.38039216 0.05490196
v 1.70102 0.29462 -0.0321 0.05490196 0.38039216 0.05490196
v 1.63224 0.39409 0.0289 0.05490196 0.38039216 0.05490196
v 1.66745 0.30098 -0.06861 0.05490196 0.38039216 0.05490196
v 1.70102 0.29462 -0.0321 0.05490196 0.38039216 0.05490196
v 1.63224 0.39409 0.0289 0.05490196 0.38039216 0.05490196
v 1.70102 0.29462 -0.0321 0.05490196 0.38039216 0.05490196
v 1.66745 0.30098 -0.06861 0.05490196 0.38039216 0.05490196
v 1.63224 0.39409 0.0289 0.05490196 0.38039216 0.05490196
v 1.58632 0.33122 -0.06667 0.05490196 0.38039216 0.05490196
v 1.66745 0.30098 -0.06861 0.05490196 0.38039216 0.05490196
v 1.63224 0.39409 0.0289 0.05490196 0.38039216 0.05490196
v 1.66745 0.30098 -0.06861 0.05490196 0.38039216 0.05490196
v 1.58632 0.33122 -0.06667 0.05490196 0.38039216 0.05490196
v 1.63224 0.39409 0.0289 0.05490196 0.38039216 0.05490196
v 1.55656 0.3378 -0.01609 0.05490196 0.38039216 0.05490196
v 1.58632 0.33122 -0.06667 0.05490196 0.38039216 0.05490196
v 1.63224 0.39409 0.0289 0.05490196 0.38039216 0.05490196
v 1.58632 0.33122 -0.06667 0.05490196 0.38039216 0.05490196
v 1.55656 0.3378 -0.01609 0.05490196 0.38039216 0.05490196
v 1.63224 0.39409 0.0289 0.05490196 0.38039216 0.05490196
v 1.5596 0.35777 0.0292 0.05490196 0.38039216 0.05490196
v 1.55656 0.3378 -0.01609 0.05490196 0.38039216 0.05490196
v 1.63224 0.39409 0.0289 0.05490196 0.38039216 0.05490196
v 1.55656 0.3378 -0.01609 0.05490196 0.38039216 0.05490196
v 1.5596 0.35777 0.0292 0.05490196 0.38039216 0.05490196
v 1.63224 0.39409 0.0289 0.05490196 0.38039216 0.05490196
v 1.54261 0.36364 0.05817 0.05490196 0.38039216 0.05490196
v 1.55364 0.37459 0.03767 0.05490196 0.38039216 0.05490196
v 1.63224 0.39409 0.0289 0.05490196 0.38039216 0.05490196
v 1.55364 0.37459 0.03767 0.05490196 0.38039216 0.05490196
v 1.54261 0.36364 0.05817 0.05490196 0.38039216 0.05490196
v 1.63224 0.39409 0.0289 0.05490196 0.38039216 0.05490196
v 1.54491 0.35105 0.08859 0.05490196 0.38039216 0.05490196
v 1.54261 0.36364 0.05817 0.05490196 0.38039216 0.05490196
v 1.63224 0.39409 0.0289 0.05490196 0.38039216 0.05490196
v 1.54261 0.36364 0.05817 0.05490196 0.38039216 0.05490196
v 1.54491 0.35105 0.08859 0.05490196 0.38039216 0.05490196
v 1.63224 0.39409 0.0289 0.05490196 0.38039216 0.05490196
v 1.63065 0.31908 0.15231 0.05490196 0.38039216 0.05490196
v 1.54491 0.35105 0.08859 0.05490196 0.38039216 0.05490196
v 1.63224 0.39409 0.0289 0.05490196 0.38039216 0.05490196
v 1.54491 0.35105 0.08859 0.05490196 0.38039216 0.05490196
v 1.63065 0.31908 0.15231 0.05490196 0.38039216 0.05490196
v 1.63224 0.39409 0.0289 0.05490196 0.38039216 0.05490196
v 1.67719 0.28634 0.10671 0.05490196 0.38039216 0.05490196
v 1.63065 0.31908 0.15231 0.05490196 0.38039216 0.05490196
v 1.63224 0.39409 0.0289 0.05490196 0.38039216 0.05490196
v 1.63065 0.31908 0.15231 0.05490196 0.38039216 0.05490196
v 1.67719 0.28634 0.10671 0.05490196 0.38039216 0.05490196
v 1.63224 0.39409 0.0289 0.05490196 0.38039216 0.05490196
v 1.68234 0.34712 0.05346 0.05490196 0.38039216 0.05490196
v 1.67719 0.28634 0.10671 0.05490196 0.38039216 0.05490196
v 1.63224 0.39409 0.0289 0.05490196 0.38039216 0.05490196
v 1.67719 0.28634 0.10671 0.05490196 0.38039216 0.05490196
v 1.68234 0.34712 0.05346 0.05490196 0.38039216 0.05490196
v 1.68234 0.34712 0.05346 0.05490196 0.38039216 0.05490196
v 1.6915 0.23512 0.01186 0.05490196 0.38039216 0.05490196
v 1.67719 0.28634 0.10671 0.05490196 0.38039216 0.05490196
v 1.68234 0.34712 0.05346 0.05490196 0.38039216 0.05490196
v 1.67719 0.28634 0.10671 0.05490196 0.38039216 0.05490196
v 1.6915 0.23512 0.01186 0.05490196 0.38039216 0.05490196
v 1.34214 0.47914 0.14314 0.05882353 0.38039216 0.05882353
v 1.26836 0.45984 0.20647 0.05882353 0.38039216 0.05882353
v 1.30707 0.31971 0.15119 0.05882353 0.38039216 0.05882353
v 1.34214 0.47914 0.14314 0.05882353 0.38039216 0.05882353
v 1.30707 0.31971 0.15119 0.05882353 0.38039216 0.05882353
v 1.26836 0.45984 0.20647 0.05882353 0.38039216 0.05882353
v 1.34214 0.47914 0.14314 0.05882353 0.38039216 0.05882353
v 1.26836 0.45984 0.20647 0.05882353 0.38039216 0.05882353
v 1.38939 0.55197 0.09699 0.05882353 0.38039216 0.05882353
v 1.34214 0.47914 0.14314 0.05882353 0.38039216 0.05882353
v 1.38939 0.55197 0.09699 0.05882353 0.38039216 0.05882353
v 1.26836 0.45984 0.20647 0.05882353 0.38039216 0.05882353
v 1.38939 0.55197 0.09699 0.05882353 0.38039216 0.05882353
v 1.37027 0.40264 0.22797 0.05882353 0.38039216 0.05882353
v 1.26836 0.45984 0.20647 0.05882353 0.38039216 0.05882353
v 1.38939 0.55197 0.09699 0.05882353 0.38039216 0.05882353
v 1.26836 0.45984 0.20647 0.05882353 0.38039216 0.05882353
v 1.37027 0.40264 0.22797 0.05882353 0.38039216 0.05882353
v 1.38939 0.55197 0.09699 0.05882353 0.38039216 0.05882353
v 1.4812 0.44249 0.14583 0.05882353 0.38039216 0.05882353
v 1.37027 0.40264 0.22797 0.05882353 0.38039216 0.05882353
v 1.38939 0.55197 0.09699 0.05882353 0.38039216 0.05882353
v 1.37027 0.40264 0.22797 0.05882353 0.38039216 0.05882353
v 1.4812 0.44249 0.14583 0.05882353 0.38039216 0.05882353
v 1.38939 0.55197 0.09699 0.05882353 0.38039216 0.05882353
v 1.46312 0.47084 0.07305 0.05882353 0.38039216 0.05882353
v 1.4812 0.44249 0.14583 0.05882353 0.38039216 0.05882353
v 1.38939 0.55197 0.09699 0.05882353 0.38039216 0.05882353
v 1.4812 0.44249 0.14583 0.05882353 0.38039216 0.05882353
v 1.46312 0.47084 0.07305 0.05882353 0.38039216 0.05882353
v 1.38939 0.55197 0.09699 0.05882353 0.38039216 0.05882353
v 1.4444 0.53406 0.04841 0.05882353 0.38039216 0.05882353
v 1.46312 0.47084 0.07305 0.05882353 0.38039216 0.05882353
v 1.38939 0.55197 0.09699 0.05882353 0.38039216 0.05882353
v 1.46312 0.47084 0.07305 0.05882353 0.38039216 0.05882353
v 1.4444 0.53406 0.04841 0.05882353 0.38039216 0.05882353
v 1.38939 0.55197 0.09699 0.05882353 0.38039216 0.05882353
v 1.43101 0.48894 0.01582 0.05882353 0.38039216 0.05882353
v 1.45142 0.54325 0.04706 0.05882353 0.38039216 0.05882353
v 1.38939 0.55197 0.09699 0.05882353 0.38039216 0.05882353
v 1.45142 0.54325 0.04706 0.05882353 0.38039216 0.05882353
v 1.43101 0.48894 0.01582 0.05882353 0.38039216 0.05882353
v 1.38939 0.55197 0.09699 0.05882353 0.38039216 0.05882353
v 1.38621 0.4696 -0.01469 0.05882353 0.38039216 0.05882353
v 1.43101 0.48894 0.01582 0.05882353 0.38039216 0.05882353
v 1.38939 0.55197 0.09699 0.05882353 0.38039216 0.05882353
v 1.43101 0.48894 0.01582 0.05882353 0.38039216 0.05882353
v 1.38621 0.4696 -0.01469 0.05882353 0.38039216 0.05882353
v 1.38939 0.55197 0.09699 0.05882353 0.38039216 0.05882353
v 1.29538 0.42015 0.00997 0.05882353 0.38039216 0.05882353
v 1.38621 0.4696 -0.01469 0.05882353 0.38039216 0.05882353
v 1.38939 0.55197 0.09699 0.05882353 0.38039216 0.05882353
v 1.38621 0.4696 -0.01469 0.05882353 0.38039216 0.05882353
v 1.29538 0.42015 0.00997 0.05882353 0.38039216 0.05882353
v 1.38939 0.55197 0.09699 0.05882353 0.38039216 0.05882353
v 1.34201 0.39428 0.10506 0.05882353 0.38039216 0.05882353
v 1.29538 0.42015 0.00997 0.05882353 0.38039216 0.05882353
v 1.38939 0.55197 0.09699 0.05882353 0.38039216 0.05882353
v 1.29538 0.42015 0.00997 0.05882353 0.38039216 0.05882353
v 1.34201 0.39428 0.10506 0.05882353 0.38039216 0.05882353
v 1.38939 0.55197 0.09699 0.05882353 0.38039216 0.05882353
v 1.34214 0.47914 0.14314 0.05882353 0.38039216 0.05882353
v 1.34201 0.39428 0.10506 0.05882353 0.38039216 0.05882353
v 1.38939 0.55197 0.09699 0.05882353 0.38039216 0.05882353
v 1.34201 0.39428 0.10506 0.05882353 0.38039216 0.05882353
v 1.34214 0.47914 0.14314 0.05882353 0.38039216 0.05882353
v 1.34214 0.47914 0.14314 0.05882353 0.38039216 0.05882353
v 1.30707 0.31971 0.15119 0.05882353 0.38039216 0.05882353
v 1.34201 0.39428 0.10506 0.05882353 0.38039216 0.05882353
v 1.34214 0.47914 0.14314 0.05882353 0.38039216 0.05882353
v 1.34201 0.39428 0.10506 0.05882353 0.38039216 0.05882353
v 1.30707 0.31971 0.15119 0.05882353 0.38039216 0.05882353
v 1.53363 0.59106 -0.16036 0.07450981 0.38039216 0.07450981
v 1.49178 0.53823 -0.22153 0.07450981 0.38039216 0.07450981
v 1.59554 0.43086 -0.18929 0.07450981 0.38039216 0.07450981
v 1.53363 0.59106 -0.16036 0.07450981 0.38039216 0.07450981
v 1.59554 0.43086 -0.18929 0.07450981 0.38039216 0.07450981
v 1.49178 0.53823 -0.22153 0.07450981 0.38039216 0.07450981
v 1.53363 0.59106 -0.16036 0.07450981 0.38039216 0.07450981
v 1.49178 0.53823 -0.22153 0.07450981 0.38039216 0.07450981
v 1.52992 0.67259 -0.10582 0.07450981 0.38039216 0.07450981
v 1.53363 0.59106 -0.16036 0.07450981 0.38039216 0.07450981
v 1.52992 0.67259 -0.10582 0.07450981 0.38039216 0.07450981
v 1.49178 0.53823 -0.22153 0.07450981 0.38039216 0.07450981
v 1.52992 0.67259 -0.10582 0.07450981 0.38039216 0.07450981
v 1.41202 0.55034 -0.20936 0.07450981 0.38039216 0.07450981
v 1.49178 0.53823 -0.22153 0.07450981 0.38039216 0.07450981
v 1.52992 0.67259 -0.10582 0.07450981 0.38039216 0.07450981
v 1.49178 0.53823 -0.22153 0.07450981 0.38039216 0.07450981
v 1.41202 0.55034 -0.20936 0.07450981 0.38039216 0.07450981
v 1.52992 0.67259 -0.10582 0.07450981 0.38039216 0.07450981
v 1.40975 0.58634 -0.08121 0.07450981 0.38039216 0.07450981
v 1.41202 0.55034 -0.20936 0.07450981 0.38039216 0.07450981
v 1.52992 0.67259 -0.10582 0.07450981 0.38039216 0.07450981
v 1.41202 0.55034 -0.20936 0.07450981 0.38039216 0.07450981
v 1.40975 0.58634 -0.08121 0.07450981 0.38039216 0.07450981
v 1.52992 0.67259 -0.10582 0.07450981 0.38039216 0.07450981
v 1.45779 0.63726 -0.02669 0.07450981 0.38039216 0.07450981
v 1.40975 0.58634 -0.08121 0.07450981 0.38039216 0.07450981
v 1.52992 0.67259 -0.10582 0.07450981 0.38039216 0.07450981
v 1.40975 0.58634 -0.08121 0.07450981 0.38039216 0.07450981
v 1.45779 0.63726 -0.02669 0.07450981 0.38039216 0.07450981
v 1.52992 0.67259 -0.10582 0.07450981 0.38039216 0.07450981
v 1.49117 0.67382 -0.02339 0.07450981 0.38039216 0.07450981
v 1.45779 0.63726 -0.02669 0.07450981 0.38039216 0.07450981
v 1.52992 0.67259 -0.10582 0.07450981 0.38039216 0.07450981
v 1.45779 0.63726 -0.02669 0.07450981 0.38039216 0.07450981
v 1.49117 0.67382 -0.02339 0.07450981 0.38039216 0.07450981
v 1.52992 0.67259 -0.10582 0.07450981 0.38039216 0.07450981
v 1.55141 0.64292 0.00942 0.07450981 0.38039216 0.07450981
v 1.52756 0.65583 -0.02267 0.07450981 0.38039216 0.07450981
v 1.52992 0.67259 -0.10582 0.07450981 0.38039216 0.07450981
v 1.52756 0.65583 -0.02267 0.07450981 0.38039216 0.07450981
v 1.55141 0.64292 0.00942 0.07450981 0.38039216 0.07450981
v 1.52992 0.67259 -0.10582 0.07450981 0.38039216 0.07450981
v 1.616 0.58621 -0.01429 0.07450981 0.38039216 0.07450981
v 1.55141 0.64292 0.00942 0.07450981 0.38039216 0.07450981
v 1.52992 0.67259 -0.10582 0.07450981 0.38039216 0.07450981
v 1.55141 0.64292 0.00942 0.07450981 0.38039216 0.07450981
v 1.616 0.58621 -0.01429 0.07450981 0.38039216 0.07450981
v 1.52992 0.67259 -0.10582 0.07450981 0.38039216 0.07450981
v 1.65568 0.53007 -0.11935 0.07450981 0.38039216 0.07450981
v 1.616 0.58621 -0.01429 0.07450981 0.38039216 0.07450981
v 1.52992 0.67259 -0.10582 0.07450981 0.38039216 0.07450981
v 1.616 0.58621 -0.01429 0.07450981 0.38039216 0.07450981
v 1.65568 0.53007 -0.11935 0.07450981 0.38039216 0.07450981
v 1.52992 0.67259 -0.10582 0.07450981 0.38039216 0.07450981
v 1.65131 0.58049 -0.20358 0.07450981 0.38039216 0.07450981
v 1.65568 0.53007 -0.11935 0.07450981 0.38039216 0.07450981
v 1.52992 0.67259 -0.10582 0.07450981 0.38039216 0.07450981
v 1.65568 0.53007 -0.11935 0.07450981 0.38039216 0.07450981
v 1.65131 0.58049 -0.20358 0.07450981 0.38039216 0.07450981
v 1.52992 0.67259 -0.10582 0.07450981 0.38039216 0.07450981
v 1.53363 0.59106 -0.16036 0.07450981 0.38039216 0.07450981
v 1.65131 0.58049 -0.20358 0.07450981 0.38039216 0.07450981
v 1.52992 0.67259 -0.10582 0.07450981 0.38039216 0.07450981
v 1.65131 0.58049 -0.20358 0.07450981 0.38039216 0.07450981
v 1.53363 0.59106 -0.16036 0.07450981 0.38039216 0.07450981
v 1.53363 0.59106 -0.16036 0.07450981 0.38039216 0.07450981
v 1.59554 0.43086 -0.18929 0.07450981 0.38039216 0.07450981
v 1.65131 0.58049 -0.20358 0.07450981 0.38039216 0.07450981
v 1.53363 0.59106 -0.16036 0.07450981 0.38039216 0.07450981
v 1.65131 0.58049 -0.20358 0.07450981 0.38039216 0.07450981
v 1.59554 0.43086 -0.18929 0.07450981 0.38039216 0.07450981
v 1.49124 0.69722 0.15737 0.07058824 0.38039216 0.07058824
v 1.47454 0.6801 0.24353 0.07058824 0.38039216 0.07058824
v 1.47084 0.55351 0.18316 0.07058824 0.38039216 0.07058824
v 1.49124 0.69722 0.15737 0.07058824 0.38039216 0.07058824
v 1.47084 0.55351 0.18316 0.07058824 0.38039216 0.07058824
v 1.47454 0.6801 0.24353 0.07058824 0.38039216 0.07058824
v 1.49124 0.69722 0.15737 0.07058824 0.38039216 0.07058824
v 1.47454 0.6801 0.24353 0.07058824 0.38039216 0.07058824
v 1.49885 0.76272 0.09808 0.07058824 0.38039216 0.07058824
v 1.49124 0.69722 0.15737 0.07058824 0.38039216 0.07058824
v 1.49885 0.76272 0.09808 0.07058824 0.38039216 0.07058824
v 1.47454 0.6801 0.24353 0.07058824 0.38039216 0.07058824
v 1.49885 0.76272 0.09808 0.07058824 0.38039216 0.07058824
v 1.55858 0.62831 0.20181 0.07058824 0.38039216 0.07058824
v 1.47454 0.6801 0.24353 0.07058824 0.38039216 0.07058824
v 1.49885 0.76272 0.09808 0.07058824 0.38039216 0.07058824
v 1.47454 0.6801 0.24353 0.07058824 0.38039216 0.07058824
v 1.55858 0.62831 0.20181 0.07058824 0.38039216 0.07058824
v 1.49885 0.76272 0.09808 0.07058824 0.38039216 0.07058824
v 1.59103 0.66385 0.08149 0.07058824 0.38039216 0.07058824
v 1.55858 0.62831 0.20181 0.07058824 0.38039216 0.07058824
v 1.49885 0.76272 0.09808 0.07058824 0.38039216 0.07058824
v 1.55858 0.62831 0.20181 0.07058824 0.38039216 0.07058824
v 1.59103 0.66385 0.08149 0.07058824 0.38039216 0.07058824
v 1.49885 0.76272 0.09808 0.07058824 0.38039216 0.07058824
v 1.5375 0.68933 0.04008 0.07058824 0.38039216 0.07058824
v 1.59103 0.66385 0.08149 0.07058824 0.38039216 0.07058824
v 1.49885 0.76272 0.09808 0.07058824 0.38039216 0.07058824
v 1.59103 0.66385 0.08149 0.07058824 0.38039216 0.07058824
v 1.5375 0.68933 0.04008 0.07058824 0.38039216 0.07058824
v 1.49885 0.76272 0.09808 0.07058824 0.38039216 0.07058824
v 1.51051 0.74635 0.03297 0.07058824 0.38039216 0.07058824
v 1.5375 0.68933 0.04008 0.07058824 0.38039216 0.07058824
v 1.49885 0.76272 0.09808 0.07058824 0.38039216 0.07058824
v 1.5375 0.68933 0.04008 0.07058824 0.38039216 0.07058824
v 1.51051 0.74635 0.03297 0.07058824 0.38039216 0.07058824
v 1.49885 0.76272 0.09808 0.07058824 0.38039216 0.07058824
v 1.48275 0.70563 0.01756 0.07058824 0.38039216 0.07058824
v 1.51473 0.75462 0.02806 0.07058824 0.38039216 0.07058824
v 1.49885 0.76272 0.09808 0.07058824 0.38039216 0.07058824
v 1.51473 0.75462 0.02806 0.07058824 0.38039216 0.07058824
v 1.48275 0.70563 0.01756 0.07058824 0.38039216 0.07058824
v 1.49885 0.76272 0.09808 0.07058824 0.38039216 0.07058824
v 1.43398 0.68824 0.02113 0.07058824 0.38039216 0.07058824
v 1.48275 0.70563 0.01756 0.07058824 0.38039216 0.07058824
v 1.49885 0.76272 0.09808 0.07058824 0.38039216 0.07058824
v 1.48275 0.70563 0.01756 0.07058824 0.38039216 0.07058824
v 1.43398 0.68824 0.02113 0.07058824 0.38039216 0.07058824
v 1.49885 0.76272 0.09808 0.07058824 0.38039216 0.07058824
v 1.38354 0.64389 0.08959 0.07058824 0.38039216 0.07058824
v 1.43398 0.68824 0.02113 0.07058824 0.38039216 0.07058824
v 1.49885 0.76272 0.09808 0.07058824 0.38039216 0.07058824
v 1.43398 0.68824 0.02113 0.07058824 0.38039216 0.07058824
v 1.38354 0.64389 0.08959 0.07058824 0.38039216 0.07058824
v 1.49885 0.76272 0.09808 0.07058824 0.38039216 0.07058824
v 1.46975 0.62061 0.13077 0.07058824 0.38039216 0.07058824
v 1.38354 0.64389 0.08959 0.07058824 0.38039216 0.07058824
v 1.49885 0.76272 0.09808 0.07058824 0.38039216 0.07058824
v 1.38354 0.64389 0.08959 0.07058824 0.38039216 0.07058824
v 1.46975 0.62061 0.13077 0.07058824 0.38039216 0.07058824
v 1.49885 0.76272 0.09808 0.07058824 0.38039216 0.07058824
v 1.49124 0.69722 0.15737 0.07058824 0.38039216 0.07058824
v 1.46975 0.62061 0.13077 0.07058824 0.38039216 0.07058824
v 1.49885 0.76272 0.09808 0.07058824 0.38039216 0.07058824
v 1.46975 0.62061 0.13077 0.07058824 0.38039216 0.07058824
v 1.49124 0.69722 0.15737 0.07058824 0.38039216 0.07058824
v 1.49124 0.69722 0.15737 0.07058824 0.38039216 0.07058824
v 1.47084 0.55351 0.18316 0.07058824 0.38039216 0.07058824
v 1.46975 0.62061 0.13077 0.07058824 0.38039216 0.07058824
v 1.49124 0.69722 0.15737 0.07058824 0.38039216 0.07058824
v 1.46975 0.62061 0.13077 0.07058824 0.38039216 0.07058824
v 1.47084 0.55351 0.18316 0.07058824 0.38039216 0.07058824
v 1.41951 0.81219 -0.0504 0.078431375 0.38039216 0.078431375
v 1.37269 0.7664 0.01131 0.078431375 0.38039216 0.078431375
v 1.39373 0.71379 -0.02201 0.078431375 0.38039216 0.078431375
v 1.41951 0.81219 -0.0504 0.078431375 0.38039216 0.078431375
v 1.39373 0.71379 -0.02201 0.078431375 0.38039216 0.078431375
v 1.37269 0.7664 0.01131 0.078431375 0.38039216 0.078431375
v 1.41951 0.81219 -0.0504 0.078431375 0.38039216 0.078431375
v 1.37269 0.7664 0.01131 0.078431375 0.38039216 0.078431375
v 1.45301 0.85153 -0.01216 0.078431375 0.38039216 0.078431375
v 1.41951 0.81219 -0.0504 0.078431375 0.38039216 0.078431375
v 1.45301 0.85153 -0.01216 0.078431375 0.38039216 0.078431375
v 1.37269 0.7664 0.01131 0.078431375 0.38039216 0.078431375
v 1.45301 0.85153 -0.01216 0.078431375 0.38039216 0.078431375
v 1.38725 0.77058 0.05269 0.078431375 0.38039216 0.078431375
v 1.37269 0.7664 0.01131 0.078431375 0.38039216 0.078431375
v 1.45301 0.85153 -0.01216 0.078431375 0.38039216 0.078431375
v 1.37269 0.7664 0.01131 0.078431375 0.38039216 0.078431375
v 1.38725 0.77058 0.05269 0.078431375 0.38039216 0.078431375
v 1.45301 0.85153 -0.01216 0.078431375 0.38039216 0.078431375
v 1.45453 0.79408 0.08004 0.078431375 0.38039216 0.078431375
v 1.38725 0.77058 0.05269 0.078431375 0.38039216 0.078431375
v 1.45301 0.85153 -0.01216 0.078431375 0.38039216 0.078431375
v 1.38725 0.77058 0.05269 0.078431375 0.38039216 0.078431375
v 1.45453 0.79408 0.08004 0.078431375 0.38039216 0.078431375
v 1.45301 0.85153 -0.01216 0.078431375 0.38039216 0.078431375
v 1.49651 0.79889 0.04964 0.078431375 0.38039216 0.078431375
v 1.45453 0.79408 0.08004 0.078431375 0.38039216 0.078431375
v 1.45301 0.85153 -0.01216 0.078431375 0.38039216 0.078431375
v 1.45453 0.79408 0.08004 0.078431375 0.38039216 0.078431375
v 1.49651 0.79889 0.04964 0.078431375 0.38039216 0.078431375
v 1.45301 0.85153 -0.01216 0.078431375 0.38039216 0.078431375
v 1.51058 0.81675 0.01232 0.078431375 0.38039216 0.078431375
v 1.49651 0.79889 0.04964 0.078431375 0.38039216 0.078431375
v 1.45301 0.85153 -0.01216 0.078431375 0.38039216 0.078431375
v 1.49651 0.79889 0.04964 0.078431375 0.38039216 0.078431375
v 1.51058 0.81675 0.01232 0.078431375 0.38039216 0.078431375
v 1.45301 0.85153 -0.01216 0.078431375 0.38039216 0.078431375
v 1.53465 0.82135 -0.00507 0.078431375 0.38039216 0.078431375
v 1.51894 0.83136 0.00786 0.078431375 0.38039216 0.078431375
v 1.45301 0.85153 -0.01216 0.078431375 0.38039216 0.078431375
v 1.51894 0.83136 0.00786 0.078431375 0.38039216 0.078431375
v 1.53465 0.82135 -0.00507 0.078431375 0.38039216 0.078431375
v 1.45301 0.85153 -0.01216 0.078431375 0.38039216 0.078431375
v 1.54301 0.81047 -0.03072 0.078431375 0.38039216 0.078431375
v 1.53465 0.82135 -0.00507 0.078431375 0.38039216 0.078431375
v 1.45301 0.85153 -0.01216 0.078431375 0.38039216 0.078431375
v 1.53465 0.82135 -0.00507 0.078431375 0.38039216 0.078431375
v 1.54301 0.81047 -0.03072 0.078431375 0.38039216 0.078431375
v 1.45301 0.85153 -0.01216 0.078431375 0.38039216 0.078431375
v 1.49493 0.78584 -0.11281 0.078431375 0.38039216 0.078431375
v 1.54301 0.81047 -0.03072 0.078431375 0.38039216 0.078431375
v 1.45301 0.85153 -0.01216 0.078431375 0.38039216 0.078431375
v 1.54301 0.81047 -0.03072 0.078431375 0.38039216 0.078431375
v 1.49493 0.78584 -0.11281 0.078431375 0.38039216 0.078431375
v 1.45301 0.85153 -0.01216 0.078431375 0.38039216 0.078431375
v 1.44024 0.75866 -0.09279 0.078431375 0.38039216 0.078431375
v 1.49493 0.78584 -0.11281 0.078431375 0.38039216 0.078431375
v 1.45301 0.85153 -0.01216 0.078431375 0.38039216 0.078431375
v 1.49493 0.78584 -0.11281 0.078431375 0.38039216 0.078431375
v 1.44024 0.75866 -0.09279 0.078431375 0.38039216 0.078431375
v 1.45301 0.85153 -0.01216 0.078431375 0.38039216 0.078431375
v 1.41951 0.81219 -0.0504 0.078431375 0.38039216 0.078431375
v 1.44024 0.75866 -0.09279 0.078431375 0.38039216 0.078431375
v 1.45301 0.85153 -0.01216 0.078431375 0.38039216 0.078431375
v 1.44024 0.75866 -0.09279 0.078431375 0.38039216 0.078431375
v 1.41951 0.81219 -0.0504 0.078431375 0.38039216 0.078431375
v 1.41951 0.81219 -0.0504 0.078431375 0.38039216 0.078431375
v 1.39373 0.71379 -0.02201 0.078431375 0.38039216 0.078431375
v 1.44024 0.75866 -0.09279 0.078431375 0.38039216 0.078431375
v 1.41951 0.81219 -0.0504 0.078431375 0.38039216 0.078431375
v 1.44024 0.75866 -0.09279 0.078431375 0.38039216 0.078431375
v 1.39373 0.71379 -0.02201 0.078431375 0.38039216 0.078431375
v 1.57751 0.9064 -0.01006 0.09411765 0.38039216 0.09411765
v 1.57024 0.87983 -0.06655 0.09411765 0.38039216 0.09411765
v 1.59358 0.84506 -0.04774 0.09411765 0.38039216 0.09411765
v 1.57751 0.9064 -0.01006 0.09411765 0.38039216 0.09411765
v 1.59358 0.84506 -0.04774 0.09411765 0.38039216 0.09411765
v 1.57024 0.87983 -0.06655 0.09411765 0.38039216 0.09411765
v 1.57751 0.9064 -0.01006 0.09411765 0.38039216 0.09411765
v 1.57024 0.87983 -0.06655 0.09411765 0.38039216 0.09411765
v 1.5353 0.91944 -0.00204 0.09411765 0.38039216 0.09411765
v 1.57751 0.9064 -0.01006 0.09411765 0.38039216 0.09411765
v 1.5353 0.91944 -0.00204 0.09411765 0.38039216 0.09411765
v 1.57024 0.87983 -0.06655 0.09411765 0.38039216 0.09411765
v 1.5353 0.91944 -0.00204 0.09411765 0.38039216 0.09411765
v 1.5411 0.87405 -0.07459 0.09411765 0.38039216 0.09411765
v 1.57024 0.87983 -0.06655 0.09411765 0.38039216 0.09411765
v 1.5353 0.91944 -0.00204 0.09411765 0.38039216 0.09411765
v 1.57024 0.87983 -0.06655 0.09411765 0.38039216 0.09411765
v 1.5411 0.87405 -0.07459 0.09411765 0.38039216 0.09411765
v 1.5353 0.91944 -0.00204 0.09411765 0.38039216 0.09411765
v 1.49674 0.87042 -0.04526 0.09411765 0.38039216 0.09411765
v 1.5411 0.87405 -0.07459 0.09411765 0.38039216 0.09411765
v 1.5353 0.91944 -0.00204 0.09411765 0.38039216 0.09411765
v 1.5411 0.87405 -0.07459 0.09411765 0.38039216 0.09411765
v 1.49674 0.87042 -0.04526 0.09411765 0.38039216 0.09411765
v 1.5353 0.91944 -0.00204 0.09411765 0.38039216 0.09411765
v 1.49777 0.86767 -0.00902 0.09411765 0.38039216 0.09411765
v 1.49674 0.87042 -0.04526 0.09411765 0.38039216 0.09411765
v 1.5353 0.91944 -0.00204 0.09411765 0.38039216 0.09411765
v 1.49674 0.87042 -0.04526 0.09411765 0.38039216 0.09411765
v 1.49777 0.86767 -0.00902 0.09411765 0.38039216 0.09411765
v 1.5353 0.91944 -0.00204 0.09411765 0.38039216 0.09411765
v 1.50946 0.88063 0.01601 0.09411765 0.38039216 0.09411765
v 1.49777 0.86767 -0.00902 0.09411765 0.38039216 0.09411765
v 1.5353 0.91944 -0.00204 0.09411765 0.38039216 0.09411765
v 1.49777 0.86767 -0.00902 0.09411765 0.38039216 0.09411765
v 1.50946 0.88063 0.01601 0.09411765 0.38039216 0.09411765
v 1.5353 0.91944 -0.00204 0.09411765 0.38039216 0.09411765
v 1.5096 0.88025 0.03699 0.09411765 0.38039216 0.09411765
v 1.50562 0.88873 0.02423 0.09411765 0.38039216 0.09411765
v 1.5353 0.91944 -0.00204 0.09411765 0.38039216 0.09411765
v 1.50562 0.88873 0.02423 0.09411765 0.38039216 0.09411765
v 1.5096 0.88025 0.03699 0.09411765 0.38039216 0.09411765
v 1.5353 0.91944 -0.00204 0.09411765 0.38039216 0.09411765
v 1.52346 0.87446 0.05067 0.09411765 0.38039216 0.09411765
v 1.5096 0.88025 0.03699 0.09411765 0.38039216 0.09411765
v 1.5353 0.91944 -0.00204 0.09411765 0.38039216 0.09411765
v 1.5096 0.88025 0.03699 0.09411765 0.38039216 0.09411765
v 1.52346 0.87446 0.05067 0.09411765 0.38039216 0.09411765
v 1.5353 0.91944 -0.00204 0.09411765 0.38039216 0.09411765
v 1.59182 0.87976 0.05396 0.09411765 0.38039216 0.09411765
v 1.52346 0.87446 0.05067 0.09411765 0.38039216 0.09411765
v 1.5353 0.91944 -0.00204 0.09411765 0.38039216 0.09411765
v 1.52346 0.87446 0.05067 0.09411765 0.38039216 0.09411765
v 1.59182 0.87976 0.05396 0.09411765 0.38039216 0.09411765
v 1.5353 0.91944 -0.00204 0.09411765 0.38039216 0.09411765
v 1.60623 0.87223 0.01212 0.09411765 0.38039216 0.09411765
v 1.59182 0.87976 0.05396 0.09411765 0.38039216 0.09411765
v 1.5353 0.91944 -0.00204 0.09411765 0.38039216 0.09411765
v 1.59182 0.87976 0.05396 0.09411765 0.38039216 0.09411765
v 1.60623 0.87223 0.01212 0.09411765 0.38039216 0.09411765
v 1.5353 0.91944 -0.00204 0.09411765 0.38039216 0.09411765
v 1.57751 0.9064 -0.01006 0.09411765 0.38039216 0.09411765
v 1.60623 0.87223 0.01212 0.09411765 0.38039216 0.09411765
v 1.5353 0.91944 -0.00204 0.09411765 0.38039216 0.09411765
v 1.60623 0.87223 0.01212 0.09411765 0.38039216 0.09411765
v 1.57751 0.9064 -0.01006 0.09411765 0.38039216 0.09411765
v 1.57751 0.9064 -0.01006 0.09411765 0.38039216 0.09411765
v 1.59358 0.84506 -0.04774 0.09411765 0.38039216 0.09411765
v 1.60623 0.87223 0.01212 0.09411765 0.38039216 0.09411765
v 1.57751 0.9064 -0.01006 0.09411765 0.38039216 0.09411765
v 1.60623 0.87223 0.01212 0.09411765 0.38039216 0.09411765
v 1.59358 0.84506 -0.04774 0.09411765 0.38039216 0.09411765
v 1.46379 1.02531 0.07276 0.11764706 0.38039216 0.11764706
v 1.48829 1.01756 0.09993 0.11764706 0.38039216 0.11764706
v 1.4514 1.00576 0.0993 0.11764706 0.38039216 0.11764706
v 1.46379 1.02531 0.07276 0.11764706 0.38039216 0.11764706
v 1.4514 1.00576 0.0993 0.11764706 0.38039216 0.11764706
v 1.48829 1.01756 0.09993 0.11764706 0.38039216 0.11764706
v 1.46379 1.02531 0.07276 0.11764706 0.38039216 0.11764706
v 1.48829 1.01756 0.09993 0.11764706 0.38039216 0.11764706
v 1.48315 1.00757 0.04148 0.11764706 0.38039216 0.11764706
v 1.46379 1.02531 0.07276 0.11764706 0.38039216 0.11764706
v 1.48315 1.00757 0.04148 0.11764706 0.38039216 0.11764706
v 1.48829 1.01756 0.09993 0.11764706 0.38039216 0.11764706
v 1.48315 1.00757 0.04148 0.11764706 0.38039216 0.11764706
v 1.51273 1.012 0.08683 0.11764706 0.38039216 0.11764706
v 1.48829 1.01756 0.09993 0.11764706 0.38039216 0.11764706
v 1.48315 1.00757 0.04148 0.11764706 0.38039216 0.11764706
v 1.48829 1.01756 0.09993 0.11764706 0.38039216 0.11764706
v 1.51273 1.012 0.08683 0.11764706 0.38039216 0.11764706
v 1.48315 1.00757 0.04148 0.11764706 0.38039216 0.11764706
v 1.51688 0.98908 0.05943 0.11764706 0.38039216 0.11764706
v 1.51273 1.012 0.08683 0.11764706 0.38039216 0.11764706
v 1.48315 1.00757 0.04148 0.11764706 0.38039216 0.11764706
v 1.51273 1.012 0.08683 0.11764706 0.38039216 0.11764706
v 1.51688 0.98908 0.05943 0.11764706 0.38039216 0.11764706
v 1.48315 1.00757 0.04148 0.11764706 0.38039216 0.11764706
v 1.49669 0.98136 0.0405 0.11764706 0.38039216 0.11764706
v 1.51688 0.98908 0.05943 0.11764706 0.38039216 0.11764706
v 1.48315 1.00757 0.04148 0.11764706 0.38039216 0.11764706
v 1.51688 0.98908 0.05943 0.11764706 0.38039216 0.11764706
v 1.49669 0.98136 0.0405 0.11764706 0.38039216 0.11764706
v 1.48315 1.00757 0.04148 0.11764706 0.38039216 0.11764706
v 1.48723 0.98633 0.03048 0.11764706 0.38039216 0.11764706
v 1.49669 0.98136 0.0405 0.11764706 0.38039216 0.11764706
v 1.48315 1.00757 0.04148 0.11764706 0.38039216 0.11764706
v 1.49669 0.98136 0.0405 0.11764706 0.38039216 0.11764706
v 1.48723 0.98633 0.03048 0.11764706 0.38039216 0.11764706
v 1.48315 1.00757 0.04148 0.11764706 0.38039216 0.11764706
v 1.45836 0.98125 0.02747 0.11764706 0.38039216 0.11764706
v 1.47715 0.98563 0.02633 0.11764706 0.38039216 0.11764706
v 1.48315 1.00757 0.04148 0.11764706 0.38039216 0.11764706
v 1.47715 0.98563 0.02633 0.11764706 0.38039216 0.11764706
v 1.45836 0.98125 0.02747 0.11764706 0.38039216 0.11764706
v 1.48315 1.00757 0.04148 0.11764706 0.38039216 0.11764706
v 1.44048 0.98961 0.0335 0.11764706 0.38039216 0.11764706
v 1.45836 0.98125 0.02747 0.11764706 0.38039216 0.11764706
v 1.48315 1.00757 0.04148 0.11764706 0.38039216 0.11764706
v 1.45836 0.98125 0.02747 0.11764706 0.38039216 0.11764706
v 1.44048 0.98961 0.0335 0.11764706 0.38039216 0.11764706
v 1.48315 1.00757 0.04148 0.11764706 0.38039216 0.11764706
v 1.4226 1.01749 0.05086 0.11764706 0.38039216 0.11764706
v 1.44048 0.98961 0.0335 0.11764706 0.38039216 0.11764706
v 1.48315 1.00757 0.04148 0.11764706 0.38039216 0.11764706
v 1.44048 0.98961 0.0335 0.11764706 0.38039216 0.11764706
v 1.4226 1.01749 0.05086 0.11764706 0.38039216 0.11764706
v 1.48315 1.00757 0.04148 0.11764706 0.38039216 0.11764706
v 1.43717 1.02771 0.08807 0.11764706 0.38039216 0.11764706
v 1.4226 1.01749 0.05086 0.11764706 0.38039216 0.11764706
v 1.48315 1.00757 0.04148 0.11764706 0.38039216 0.11764706
v 1.4226 1.01749 0.05086 0.11764706 0.38039216 0.11764706
v 1.43717 1.02771 0.08807 0.11764706 0.38039216 0.11764706
v 1.48315 1.00757 0.04148 0.11764706 0.38039216 0.11764706
v 1.46379 1.02531 0.07276 0.11764706 0.38039216 0.11764706
v 1.43717 1.02771 0.08807 0.11764706 0.38039216 0.11764706
v 1.48315 1.00757 0.04148 0.11764706 0.38039216 0.11764706
v 1.43717 1.02771 0.08807 0.11764706 0.38039216 0.11764706
v 1.46379 1.02531 0.07276 0.11764706 0.38039216 0.11764706
v 1.46379 1.02531 0.07276 0.11764706 0.38039216 0.11764706
v 1.4514 1.00576 0.0993 0.11764706 0.38039216 0.11764706
v 1.43717 1.02771 0.08807 0.11764706 0.38039216 0.11764706
v 1.46379 1.02531 0.07276 0.11764706 0.38039216 0.11764706
v 1.43717 1.02771 0.08807 0.11764706 0.38039216 0.11764706
v 1.4514 1.00576 0.0993 0.11764706 0.38039216 0.11764706
v 1.48892 1.05522 -0.00188 0.19215687 0.38039216 0.19215687
v 1.46476 1.05748 -0.00595 0.19215687 0.38039216 0.19215687
v 1.48274 1.05826 -0.02399 0.19215687 0.38039216 0.19215687
v 1.48892 1.05522 -0.00188 0.19215687 0.38039216 0.19215687
v 1.48274 1.05826 -0.02399 0.19215687 0.38039216 0.19215687
v 1.46476 1.05748 -0.00595 0.19215687 0.38039216 0.19215687
v 1.48892 1.05522 -0.00188 0.19215687 0.38039216 0.19215687
v 1.46476 1.05748 -0.00595 0.19215687 0.38039216 0.19215687
v 1.48907 1.0306 0.00885 0.19215687 0.38039216 0.19215687
v 1.48892 1.05522 -0.00188 0.19215687 0.38039216 0.19215687
v 1.48907 1.0306 0.00885 0.19215687 0.38039216 0.19215687
v 1.46476 1.05748 -0.00595 0.19215687 0.38039216 0.19215687
v 1.48907 1.0306 0.00885 0.19215687 0.38039216 0.19215687
v 1.4566 1.04506 0.00522 0.19215687 0.38039216 0.19215687
v 1.46476 1.05748 -0.00595 0.19215687 0.38039216 0.19215687
v 1.48907 1.0306 0.00885 0.19215687 0.38039216 0.19215687
v 1.46476 1.05748 -0.00595 0.19215687 0.38039216 0.19215687
v 1.4566 1.04506 0.00522 0.19215687 0.38039216 0.19215687
v 1.48907 1.0306 0.00885 0.19215687 0.38039216 0.19215687
v 1.46251 1.02222 0.00691 0.19215687 0.38039216 0.19215687
v 1.4566 1.04506 0.00522 0.19215687 0.38039216 0.19215687
v 1.48907 1.0306 0.00885 0.19215687 0.38039216 0.19215687
v 1.4566 1.04506 0.00522 0.19215687 0.38039216 0.19215687
v 1.46251 1.02222 0.00691 0.19215687 0.38039216 0.19215687
v 1.48907 1.0306 0.00885 0.19215687 0.38039216 0.19215687
v 1.47946 1.01474 0.00313 0.19215687 0.38039216 0.19215687
v 1.46251 1.02222 0.00691 0.19215687 0.38039216 0.19215687
v 1.48907 1.0306 0.00885 0.19215687 0.38039216 0.19215687
v 1.46251 1.02222 0.00691 0.19215687 0.38039216 0.19215687
v 1.47946 1.01474 0.00313 0.19215687 0.38039216 0.19215687
v 1.48907 1.0306 0.00885 0.19215687 0.38039216 0.19215687
v 1.48882 1.01503 0.00537 0.19215687 0.38039216 0.19215687
v 1.47946 1.01474 0.00313 0.19215687 0.38039216 0.19215687
v 1.48907 1.0306 0.00885 0.19215687 0.38039216 0.19215687
v 1.47946 1.01474 0.00313 0.19215687 0.38039216 0.19215687
v 1.48882 1.01503 0.00537 0.19215687 0.38039216 0.19215687
v 1.48907 1.0306 0.00885 0.19215687 0.38039216 0.19215687
v 1.50434 1.0167 -0.00612 0.19215687 0.38039216 0.19215687
v 1.49557 1.01494 0.00291 0.19215687 0.38039216 0.19215687
v 1.48907 1.0306 0.00885 0.19215687 0.38039216 0.19215687
v 1.49557 1.01494 0.00291 0.19215687 0.38039216 0.19215687
v 1.50434 1.0167 -0.00612 0.19215687 0.38039216 0.19215687
v 1.48907 1.0306 0.00885 0.19215687 0.38039216 0.19215687
v 1.51219 1.02653 -0.01124 0.19215687 0.38039216 0.19215687
v 1.50434 1.0167 -0.00612 0.19215687 0.38039216 0.19215687
v 1.48907 1.0306 0.00885 0.19215687 0.38039216 0.19215687
v 1.50434 1.0167 -0.00612 0.19215687 0.38039216 0.19215687
v 1.51219 1.02653 -0.01124 0.19215687 0.38039216 0.19215687
v 1.48907 1.0306 0.00885 0.19215687 0.38039216 0.19215687
v 1.51786 1.05044 -0.01223 0.19215687 0.38039216 0.19215687
v 1.51219 1.02653 -0.01124 0.19215687 0.38039216 0.19215687
v 1.48907 1.0306 0.00885 0.19215687 0.38039216 0.19215687
v 1.51219 1.02653 -0.01124 0.19215687 0.38039216 0.19215687
v 1.51786 1.05044 -0.01223 0.19215687 0.38039216 0.19215687
v 1.48907 1.0306 0.00885 0.19215687 0.38039216 0.19215687
v 1.49699 1.06735 -0.01595 0.19215687 0.38039216 0.19215687
v 1.51786 1.05044 -0.01223 0.19215687 0.38039216 0.19215687
v 1.48907 1.0306 0.00885 0.19215687 0.38039216 0.19215687
v 1.51786 1.05044 -0.01223 0.19215687 0.38039216 0.19215687
v 1.49699 1.06735 -0.01595 0.19215687 0.38039216 0.19215687
v 1.48907 1.0306 0.00885 0.19215687 0.38039216 0.19215687
v 1.48892 1.05522 -0.00188 0.19215687 0.38039216 0.19215687
v 1.49699 1.06735 -0.01595 0.19215687 0.38039216 0.19215687
v 1.48907 1.0306 0.00885 0.19215687 0.38039216 0.19215687
v 1.49699 1.06735 -0.01595 0.19215687 0.38039216 0.19215687
v 1.48892 1.05522 -0.00188 0.19215687 0.38039216 0.19215687
v 1.48892 1.05522 -0.00188 0.19215687 0.38039216 0.19215687
v 1.48274 1.05826 -0.02399 0.19215687 0.38039216 0.19215687
v 1.49699 1.06735 -0.01595 0.19215687 0.38039216 0.19215687
v 1.48892 1.05522 -0.00188 0.19215687 0.38039216 0.19215687
v 1.49699 1.06735 -0.01595 0.19215687 0.38039216 0.19215687
v 1.48274 1.05826 -0.02399 0.19215687 0.38039216 0.19215687
v 1.4945 1.06004 0.0226 0.22745098 0.38039216 0.22745098
v 1.5095 1.06421 0.01877 0.22745098 0.38039216 0.22745098
v 1.50186 1.06816 0.03298 0.22745098 0.38039216 0.22745098
v 1.4945 1.06004 0.0226 0.22745098 0.38039216 0.22745098
v 1.50186 1.06816 0.03298 0.22745098 0.38039216 0.22745098
v 1.5095 1.06421 0.01877 0.22745098 0.38039216 0.22745098
v 1.4945 1.06004 0.0226 0.22745098 0.38039216 0.22745098
v 1.5095 1.06421 0.01877 0.22745098 0.38039216 0.22745098
v 1.49631 1.04263 0.02213 0.22745098 0.38039216 0.22745098
v 1.4945 1.06004 0.0226 0.22745098 0.38039216 0.22745098
v 1.49631 1.04263 0.02213 0.22745098 0.38039216 0.22745098
v 1.5095 1.06421 0.01877 0.22745098 0.38039216 0.22745098
v 1.49631 1.04263 0.02213 0.22745098 0.38039216 0.22745098
v 1.51433 1.0545 0.01335 0.22745098 0.38039216 0.22745098
v 1.5095 1.06421 0.01877 0.22745098 0.38039216 0.22745098
v 1.49631 1.04263 0.02213 0.22745098 0.38039216 0.22745098
v 1.5095 1.06421 0.01877 0.22745098 0.38039216 0.22745098
v 1.51433 1.0545 0.01335 0.22745098 0.38039216 0.22745098
v 1.49631 1.04263 0.02213 0.22745098 0.38039216 0.22745098
v 1.51405 1.04012 0.01894 0.22745098 0.38039216 0.22745098
v 1.51433 1.0545 0.01335 0.22745098 0.38039216 0.22745098
v 1.49631 1.04263 0.02213 0.22745098 0.38039216 0.22745098
v 1.51433 1.0545 0.01335 0.22745098 0.38039216 0.22745098
v 1.51405 1.04012 0.01894 0.22745098 0.38039216 0.22745098
v 1.49631 1.04263 0.02213 0.22745098 0.38039216 0.22745098
v 1.50569 1.03548 0.02671 0.22745098 0.38039216 0.22745098
v 1.51405 1.04012 0.01894 0.22745098 0.38039216 0.22745098
v 1.49631 1.04263 0.02213 0.22745098 0.38039216 0.22745098
v 1.51405 1.04012 0.01894 0.22745098 0.38039216 0.22745098
v 1.50569 1.03548 0.02671 0.22745098 0.38039216 0.22745098
v 1.49631 1.04263 0.02213 0.22745098 0.38039216 0.22745098
v 1.49957 1.03437 0.02756 0.22745098 0.38039216 0.22745098
v 1.50569 1.03548 0.02671 0.22745098 0.38039216 0.22745098
v 1.49631 1.04263 0.02213 0.22745098 0.38039216 0.22745098
v 1.50569 1.03548 0.02671 0.22745098 0.38039216 0.22745098
v 1.49957 1.03437 0.02756 0.22745098 0.38039216 0.22745098
v 1.49631 1.04263 0.02213 0.22745098 0.38039216 0.22745098
v 1.49206 1.03729 0.03729 0.22745098 0.38039216 0.22745098
v 1.49596 1.03448 0.03054 0.22745098 0.38039216 0.22745098
v 1.49631 1.04263 0.02213 0.22745098 0.38039216 0.22745098
v 1.49596 1.03448 0.03054 0.22745098 0.38039216 0.22745098
v 1.49206 1.03729 0.03729 0.22745098 0.38039216 0.22745098
v 1.49631 1.04263 0.02213 0.22745098 0.38039216 0.22745098
v 1.48671 1.04388 0.03979 0.22745098 0.38039216 0.22745098
v 1.49206 1.03729 0.03729 0.22745098 0.38039216 0.22745098
v 1.49631 1.04263 0.02213 0.22745098 0.38039216 0.22745098
v 1.49206 1.03729 0.03729 0.22745098 0.38039216 0.22745098
v 1.48671 1.04388 0.03979 0.22745098 0.38039216 0.22745098
v 1.49631 1.04263 0.02213 0.22745098 0.38039216 0.22745098
v 1.47968 1.05785 0.03627 0.22745098 0.38039216 0.22745098
v 1.48671 1.04388 0.03979 0.22745098 0.38039216 0.22745098
v 1.49631 1.04263 0.02213 0.22745098 0.38039216 0.22745098
v 1.48671 1.04388 0.03979 0.22745098 0.38039216 0.22745098
v 1.47968 1.05785 0.03627 0.22745098 0.38039216 0.22745098
v 1.49631 1.04263 0.02213 0.22745098 0.38039216 0.22745098
v 1.49032 1.07036 0.0297 0.22745098 0.38039216 0.22745098
v 1.47968 1.05785 0.03627 0.22745098 0.38039216 0.22745098
v 1.49631 1.04263 0.02213 0.22745098 0.38039216 0.22745098
v 1.47968 1.05785 0.03627 0.22745098 0.38039216 0.22745098
v 1.49032 1.07036 0.0297 0.22745098 0.38039216 0.22745098
v 1.49631 1.04263 0.02213 0.22745098 0.38039216 0.22745098
v 1.4945 1.06004 0.0226 0.22745098 0.38039216 0.22745098
v 1.49032 1.07036 0.0297 0.22745098 0.38039216 0.22745098
v 1.49631 1.04263 0.02213 0.22745098 0.38039216 0.22745098
v 1.49032 1.07036 0.0297 0.22745098 0.38039216 0.22745098
v 1.4945 1.06004 0.0226 0.22745098 0.38039216 0.22745098
v 1.4945 1.06004 0.0226 0.22745098 0.38039216 0.22745098
v 1.50186 1.06816 0.03298 0.22745098 0.38039216 0.22745098
v 1.49032 1.07036 0.0297 0.22745098 0.38039216 0.22745098
v 1.4945 1.06004 0.0226 0.22745098 0.38039216 0.22745098
v 1.49032 1.07036 0.0297 0.22745098 0.38039216 0.22745098
v 1.50186 1.06816 0.03298 0.22745098 0.38039216 0.22745098
v -1.52673 0.2384 -0.58872 0.05490196 0.38039216 0.05490196
v -1.56873 0.22407 -0.58695 0.05490196 0.38039216 0.05490196
v -1.53531 0.20473 -0.61197 0.05490196 0.38039216 0.05490196
v -1.52673 0.2384 -0.58872 0.05490196 0.38039216 0.05490196
v -1.53531 0.20473 -0.61197 0.05490196 0.38039216 0.05490196
v -1.56873 0.22407 -0.58695 0.05490196 0.38039216 0.05490196
v -1.52673 0.2384 -0.58872 0.05490196 0.38039216 0.05490196
v -1.56873 0.22407 -0.58695 0.05490196 0.38039216 0.05490196
v -1.51505 0.2334 -0.54191 0.05490196 0.38039216 0.05490196
v -1.52673 0.2384 -0.58872 0.05490196 0.38039216 0.05490196
v -1.51505 0.2334 -0.54191 0.05490196 0.38039216 0.05490196
v -1.56873 0.22407 -0.58695 0.05490196 0.38039216 0.05490196
v -1.51505 0.2334 -0.54191 0.05490196 0.38039216 0.05490196
v -1.57794 0.22689 -0.55478 0.05490196 0.38039216 0.05490196
v -1.56873 0.22407 -0.58695 0.05490196 0.38039216 0.05490196
v -1.51505 0.2334 -0.54191 0.05490196 0.38039216 0.05490196
v -1.56873 0.22407 -0.58695 0.05490196 0.38039216 0.05490196
v -1.57794 0.22689 -0.55478 0.05490196 0.38039216 0.05490196
v -1.51505 0.2334 -0.54191 0.05490196 0.38039216 0.05490196
v -1.55585 0.21205 -0.52138 0.05490196 0.38039216 0.05490196
v -1.57794 0.22689 -0.55478 0.05490196 0.38039216 0.05490196
v -1.51505 0.2334 -0.54191 0.05490196 0.38039216 0.05490196
v -1.57794 0.22689 -0.55478 0.05490196 0.38039216 0.05490196
v -1.55585 0.21205 -0.52138 0.05490196 0.38039216 0.05490196
v -1.51505 0.2334 -0.54191 0.05490196 0.38039216 0.05490196
v -1.52214 0.20685 -0.52015 0.05490196 0.38039216 0.05490196
v -1.55585 0.21205 -0.52138 0.05490196 0.38039216 0.05490196
v -1.51505 0.2334 -0.54191 0.05490196 0.38039216 0.05490196
v -1.55585 0.21205 -0.52138 0.05490196 0.38039216 0.05490196
v -1.52214 0.20685 -0.52015 0.05490196 0.38039216 0.05490196
v -1.51505 0.2334 -0.54191 0.05490196 0.38039216 0.05490196
v -1.50659 0.21442 -0.52194 0.05490196 0.38039216 0.05490196
v -1.52214 0.20685 -0.52015 0.05490196 0.38039216 0.05490196
v -1.51505 0.2334 -0.54191 0.05490196 0.38039216 0.05490196
v -1.52214 0.20685 -0.52015 0.05490196 0.38039216 0.05490196
v -1.50659 0.21442 -0.52194 0.05490196 0.38039216 0.05490196
v -1.51505 0.2334 -0.54191 0.05490196 0.38039216 0.05490196
v -1.47895 0.20484 -0.54114 0.05490196 0.38039216 0.05490196
v -1.49454 0.21341 -0.52666 0.05490196 0.38039216 0.05490196
v -1.51505 0.2334 -0.54191 0.05490196 0.38039216 0.05490196
v -1.49454 0.21341 -0.52666 0.05490196 0.38039216 0.05490196
v -1.47895 0.20484 -0.54114 0.05490196 0.38039216 0.05490196
v -1.51505 0.2334 -0.54191 0.05490196 0.38039216 0.05490196
v -1.46988 0.20886 -0.56356 0.05490196 0.38039216 0.05490196
v -1.47895 0.20484 -0.54114 0.05490196 0.38039216 0.05490196
v -1.51505 0.2334 -0.54191 0.05490196 0.38039216 0.05490196
v -1.47895 0.20484 -0.54114 0.05490196 0.38039216 0.05490196
v -1.46988 0.20886 -0.56356 0.05490196 0.38039216 0.05490196
v -1.51505 0.2334 -0.54191 0.05490196 0.38039216 0.05490196
v -1.47277 0.23054 -0.60221 0.05490196 0.38039216 0.05490196
v -1.46988 0.20886 -0.56356 0.05490196 0.38039216 0.05490196
v -1.51505 0.2334 -0.54191 0.05490196 0.38039216 0.05490196
v -1.46988 0.20886 -0.56356 0.05490196 0.38039216 0.05490196
v -1.47277 0.23054 -0.60221 0.05490196 0.38039216 0.05490196
v -1.51505 0.2334 -0.54191 0.05490196 0.38039216 0.05490196
v -1.51704 0.23086 -0.62318 0.05490196 0.38039216 0.05490196
v -1.47277 0.23054 -0.60221 0.05490196 0.38039216 0.05490196
v -1.51505 0.2334 -0.54191 0.05490196 0.38039216 0.05490196
v -1.47277 0.23054 -0.60221 0.05490196 0.38039216 0.05490196
v -1.51704 0.23086 -0.62318 0.05490196 0.38039216 0.05490196
v -1.51505 0.2334 -0.54191 0.05490196 0.38039216 0.05490196
v -1.52673 0.2384 -0.58872 0.05490196 0.38039216 0.05490196
v -1.51704 0.23086 -0.62318 0.05490196 0.38039216 0.05490196
v -1.51505 0.2334 -0.54191 0.05490196 0.38039216 0.05490196
v -1.51704 0.23086 -0.62318 0.05490196 0.38039216 0.05490196
v -1.52673 0.2384 -0.58872 0.05490196 0.38039216 0.05490196
v -1.52673 0.2384 -0.58872 0.05490196 0.38039216 0.05490196
v -1.53531 0.20473 -0.61197 0.05490196 0.38039216 0.05490196
v -1.51704 0.23086 -0.62318 0.05490196 0.38039216 0.05490196
v -1.52673 0.2384 -0.58872 0.05490196 0.38039216 0.05490196
v -1.51704 0.23086 -0.62318 0.05490196 0.38039216 0.05490196
v -1.53531 0.20473 -0.61197 0.05490196 0.38039216 0.05490196
v -1.40333 0.34349 -0.32274 0.05882353 0.38039216 0.05882353
v -1.32572 0.291 -0.36329 0.05882353 0.38039216 0.05882353
v -1.36555 0.2315 -0.3424 0.05882353 0.38039216 0.05882353
v -1.40333 0.34349 -0.32274 0.05882353 0.38039216 0.05882353
v -1.36555 0.2315 -0.3424 0.05882353 0.38039216 0.05882353
v -1.32572 0.291 -0.36329 0.05882353 0.38039216 0.05882353
v -1.40333 0.34349 -0.32274 0.05882353 0.38039216 0.05882353
v -1.32572 0.291 -0.36329 0.05882353 0.38039216 0.05882353
v -1.41664 0.39047 -0.37692 0.05882353 0.38039216 0.05882353
v -1.40333 0.34349 -0.32274 0.05882353 0.38039216 0.05882353
v -1.41664 0.39047 -0.37692 0.05882353 0.38039216 0.05882353
v -1.32572 0.291 -0.36329 0.05882353 0.38039216 0.05882353
v -1.41664 0.39047 -0.37692 0.05882353 0.38039216 0.05882353
v -1.31925 0.29736 -0.41246 0.05882353 0.38039216 0.05882353
v -1.32572 0.291 -0.36329 0.05882353 0.38039216 0.05882353
v -1.41664 0.39047 -0.37692 0.05882353 0.38039216 0.05882353
v -1.32572 0.291 -0.36329 0.05882353 0.38039216 0.05882353
v -1.31925 0.29736 -0.41246 0.05882353 0.38039216 0.05882353
v -1.41664 0.39047 -0.37692 0.05882353 0.38039216 0.05882353
v -1.37278 0.3276 -0.47346 0.05882353 0.38039216 0.05882353
v -1.31925 0.29736 -0.41246 0.05882353 0.38039216 0.05882353
v -1.41664 0.39047 -0.37692 0.05882353 0.38039216 0.05882353
v -1.31925 0.29736 -0.41246 0.05882353 0.38039216 0.05882353
v -1.37278 0.3276 -0.47346 0.05882353 0.38039216 0.05882353
v -1.41664 0.39047 -0.37692 0.05882353 0.38039216 0.05882353
v -1.43067 0.33418 -0.46384 0.05882353 0.38039216 0.05882353
v -1.37278 0.3276 -0.47346 0.05882353 0.38039216 0.05882353
v -1.41664 0.39047 -0.37692 0.05882353 0.38039216 0.05882353
v -1.37278 0.3276 -0.47346 0.05882353 0.38039216 0.05882353
v -1.43067 0.33418 -0.46384 0.05882353 0.38039216 0.05882353
v -1.41664 0.39047 -0.37692 0.05882353 0.38039216 0.05882353
v -1.46346 0.35415 -0.43246 0.05882353 0.38039216 0.05882353
v -1.43067 0.33418 -0.46384 0.05882353 0.38039216 0.05882353
v -1.41664 0.39047 -0.37692 0.05882353 0.38039216 0.05882353
v -1.43067 0.33418 -0.46384 0.05882353 0.38039216 0.05882353
v -1.46346 0.35415 -0.43246 0.05882353 0.38039216 0.05882353
v -1.41664 0.39047 -0.37692 0.05882353 0.38039216 0.05882353
v -1.49658 0.36001 -0.42691 0.05882353 0.38039216 0.05882353
v -1.47379 0.37097 -0.4316 0.05882353 0.38039216 0.05882353
v -1.41664 0.39047 -0.37692 0.05882353 0.38039216 0.05882353
v -1.47379 0.37097 -0.4316 0.05882353 0.38039216 0.05882353
v -1.49658 0.36001 -0.42691 0.05882353 0.38039216 0.05882353
v -1.41664 0.39047 -0.37692 0.05882353 0.38039216 0.05882353
v -1.51845 0.34743 -0.40562 0.05882353 0.38039216 0.05882353
v -1.49658 0.36001 -0.42691 0.05882353 0.38039216 0.05882353
v -1.41664 0.39047 -0.37692 0.05882353 0.38039216 0.05882353
v -1.49658 0.36001 -0.42691 0.05882353 0.38039216 0.05882353
v -1.51845 0.34743 -0.40562 0.05882353 0.38039216 0.05882353
v -1.41664 0.39047 -0.37692 0.05882353 0.38039216 0.05882353
v -1.51233 0.31546 -0.29898 0.05882353 0.38039216 0.05882353
v -1.51845 0.34743 -0.40562 0.05882353 0.38039216 0.05882353
v -1.41664 0.39047 -0.37692 0.05882353 0.38039216 0.05882353
v -1.51845 0.34743 -0.40562 0.05882353 0.38039216 0.05882353
v -1.51233 0.31546 -0.29898 0.05882353 0.38039216 0.05882353
v -1.41664 0.39047 -0.37692 0.05882353 0.38039216 0.05882353
v -1.44749 0.28272 -0.29253 0.05882353 0.38039216 0.05882353
v -1.51233 0.31546 -0.29898 0.05882353 0.38039216 0.05882353
v -1.41664 0.39047 -0.37692 0.05882353 0.38039216 0.05882353
v -1.51233 0.31546 -0.29898 0.05882353 0.38039216 0.05882353
v -1.44749 0.28272 -0.29253 0.05882353 0.38039216 0.05882353
v -1.41664 0.39047 -0.37692 0.05882353 0.38039216 0.05882353
v -1.40333 0.34349 -0.32274 0.05882353 0.38039216 0.05882353
v -1.44749 0.28272 -0.29253 0.05882353 0.38039216 0.05882353
v -1.41664 0.39047 -0.37692 0.05882353 0.38039216 0.05882353
v -1.44749 0.28272 -0.29253 0.05882353 0.38039216 0.05882353
v -1.40333 0.34349 -0.32274 0.05882353 0.38039216 0.05882353
v -1.40333 0.34349 -0.32274 0.05882353 0.38039216 0.05882353
v -1.36555 0.2315 -0.3424 0.05882353 0.38039216 0.05882353
v -1.44749 0.28272 -0.29253 0.05882353 0.38039216 0.05882353
v -1.40333 0.34349 -0.32274 0.05882353 0.38039216 0.05882353
v -1.44749 0.28272 -0.29253 0.05882353 0.38039216 0.05882353
v -1.36555 0.2315 -0.3424 0.05882353 0.38039216 0.05882353
v -1.68852 0.4778 -0.5327 0.0627451 0.38039216 0.0627451
v -1.78084 0.4585 -0.56323 0.0627451 0.38039216 0.0627451
v -1.71351 0.31837 -0.55859 0.0627451 0.38039216 0.0627451
v -1.68852 0.4778 -0.5327 0.0627451 0.38039216 0.0627451
v -1.71351 0.31837 -0.55859 0.0627451 0.38039216 0.0627451
v -1.78084 0.4585 -0.56323 0.0627451 0.38039216 0.0627451
v -1.68852 0.4778 -0.5327 0.0627451 0.38039216 0.0627451
v -1.78084 0.4585 -0.56323 0.0627451 0.38039216 0.0627451
v -1.62461 0.55063 -0.51603 0.0627451 0.38039216 0.0627451
v -1.68852 0.4778 -0.5327 0.0627451 0.38039216 0.0627451
v -1.62461 0.55063 -0.51603 0.0627451 0.38039216 0.0627451
v -1.78084 0.4585 -0.56323 0.0627451 0.38039216 0.0627451
v -1.62461 0.55063 -0.51603 0.0627451 0.38039216 0.0627451
v -1.74667 0.4013 -0.46484 0.0627451 0.38039216 0.0627451
v -1.78084 0.4585 -0.56323 0.0627451 0.38039216 0.0627451
v -1.62461 0.55063 -0.51603 0.0627451 0.38039216 0.0627451
v -1.78084 0.4585 -0.56323 0.0627451 0.38039216 0.0627451
v -1.74667 0.4013 -0.46484 0.0627451 0.38039216 0.0627451
v -1.62461 0.55063 -0.51603 0.0627451 0.38039216 0.0627451
v -1.61908 0.44115 -0.41219 0.0627451 0.38039216 0.0627451
v -1.74667 0.4013 -0.46484 0.0627451 0.38039216 0.0627451
v -1.62461 0.55063 -0.51603 0.0627451 0.38039216 0.0627451
v -1.74667 0.4013 -0.46484 0.0627451 0.38039216 0.0627451
v -1.61908 0.44115 -0.41219 0.0627451 0.38039216 0.0627451
v -1.62461 0.55063 -0.51603 0.0627451 0.38039216 0.0627451
v -1.56606 0.4695 -0.46523 0.0627451 0.38039216 0.0627451
v -1.61908 0.44115 -0.41219 0.0627451 0.38039216 0.0627451
v -1.62461 0.55063 -0.51603 0.0627451 0.38039216 0.0627451
v -1.61908 0.44115 -0.41219 0.0627451 0.38039216 0.0627451
v -1.56606 0.4695 -0.46523 0.0627451 0.38039216 0.0627451
v -1.62461 0.55063 -0.51603 0.0627451 0.38039216 0.0627451
v -1.55461 0.53272 -0.49398 0.0627451 0.38039216 0.0627451
v -1.56606 0.4695 -0.46523 0.0627451 0.38039216 0.0627451
v -1.62461 0.55063 -0.51603 0.0627451 0.38039216 0.0627451
v -1.56606 0.4695 -0.46523 0.0627451 0.38039216 0.0627451
v -1.55461 0.53272 -0.49398 0.0627451 0.38039216 0.0627451
v -1.62461 0.55063 -0.51603 0.0627451 0.38039216 0.0627451
v -1.5336 0.4876 -0.52226 0.0627451 0.38039216 0.0627451
v -1.54984 0.54191 -0.48866 0.0627451 0.38039216 0.0627451
v -1.62461 0.55063 -0.51603 0.0627451 0.38039216 0.0627451
v -1.54984 0.54191 -0.48866 0.0627451 0.38039216 0.0627451
v -1.5336 0.4876 -0.52226 0.0627451 0.38039216 0.0627451
v -1.62461 0.55063 -0.51603 0.0627451 0.38039216 0.0627451
v -1.53058 0.46826 -0.57638 0.0627451 0.38039216 0.0627451
v -1.5336 0.4876 -0.52226 0.0627451 0.38039216 0.0627451
v -1.62461 0.55063 -0.51603 0.0627451 0.38039216 0.0627451
v -1.5336 0.4876 -0.52226 0.0627451 0.38039216 0.0627451
v -1.53058 0.46826 -0.57638 0.0627451 0.38039216 0.0627451
v -1.62461 0.55063 -0.51603 0.0627451 0.38039216 0.0627451
v -1.59857 0.41881 -0.64146 0.0627451 0.38039216 0.0627451
v -1.53058 0.46826 -0.57638 0.0627451 0.38039216 0.0627451
v -1.62461 0.55063 -0.51603 0.0627451 0.38039216 0.0627451
v -1.53058 0.46826 -0.57638 0.0627451 0.38039216 0.0627451
v -1.59857 0.41881 -0.64146 0.0627451 0.38039216 0.0627451
v -1.62461 0.55063 -0.51603 0.0627451 0.38039216 0.0627451
v -1.65596 0.39294 -0.55246 0.0627451 0.38039216 0.0627451
v -1.59857 0.41881 -0.64146 0.0627451 0.38039216 0.0627451
v -1.62461 0.55063 -0.51603 0.0627451 0.38039216 0.0627451
v -1.59857 0.41881 -0.64146 0.0627451 0.38039216 0.0627451
v -1.65596 0.39294 -0.55246 0.0627451 0.38039216 0.0627451
v -1.62461 0.55063 -0.51603 0.0627451 0.38039216 0.0627451
v -1.68852 0.4778 -0.5327 0.0627451 0.38039216 0.0627451
v -1.65596 0.39294 -0.55246 0.0627451 0.38039216 0.0627451
v -1.62461 0.55063 -0.51603 0.0627451 0.38039216 0.0627451
v -1.65596 0.39294 -0.55246 0.0627451 0.38039216 0.0627451
v -1.68852 0.4778 -0.5327 0.0627451 0.38039216 0.0627451
v -1.68852 0.4778 -0.5327 0.0627451 0.38039216 0.0627451
v -1.71351 0.31837 -0.55859 0.0627451 0.38039216 0.0627451
v -1.65596 0.39294 -0.55246 0.0627451 0.38039216 0.0627451
v -1.68852 0.4778 -0.5327 0.0627451 0.38039216 0.0627451
v -1.65596 0.39294 -0.55246 0.0627451 0.38039216 0.0627451
v -1.71351 0.31837 -0.55859 0.0627451 0.38039216 0.0627451
v -1.40289 0.59276 -0.62178 0.07058824 0.38039216 0.07058824
v -1.41784 0.53993 -0.69437 0.07058824 0.38039216 0.07058824
v -1.3346 0.43256 -0.62454 0.07058824 0.38039216 0.07058824
v -1.40289 0.59276 -0.62178 0.07058824 0.38039216 0.07058824
v -1.3346 0.43256 -0.62454 0.07058824 0.38039216 0.07058824
v -1.41784 0.53993 -0.69437 0.07058824 0.38039216 0.07058824
v -1.40289 0.59276 -0.62178 0.07058824 0.38039216 0.07058824
v -1.41784 0.53993 -0.69437 0.07058824 0.38039216 0.07058824
v -1.42738 0.67428 -0.57292 0.07058824 0.38039216 0.07058824
v -1.40289 0.59276 -0.62178 0.07058824 0.38039216 0.07058824
v -1.42738 0.67428 -0.57292 0.07058824 0.38039216 0.07058824
v -1.41784 0.53993 -0.69437 0.07058824 0.38039216 0.07058824
v -1.42738 0.67428 -0.57292 0.07058824 0.38039216 0.07058824
v -1.49611 0.55203 -0.71397 0.07058824 0.38039216 0.07058824
v -1.41784 0.53993 -0.69437 0.07058824 0.38039216 0.07058824
v -1.42738 0.67428 -0.57292 0.07058824 0.38039216 0.07058824
v -1.41784 0.53993 -0.69437 0.07058824 0.38039216 0.07058824
v -1.49611 0.55203 -0.71397 0.07058824 0.38039216 0.07058824
v -1.42738 0.67428 -0.57292 0.07058824 0.38039216 0.07058824
v -1.54772 0.58803 -0.59665 0.07058824 0.38039216 0.07058824
v -1.49611 0.55203 -0.71397 0.07058824 0.38039216 0.07058824
v -1.42738 0.67428 -0.57292 0.07058824 0.38039216 0.07058824
v -1.49611 0.55203 -0.71397 0.07058824 0.38039216 0.07058824
v -1.54772 0.58803 -0.59665 0.07058824 0.38039216 0.07058824
v -1.42738 0.67428 -0.57292 0.07058824 0.38039216 0.07058824
v -1.52449 0.63895 -0.52781 0.07058824 0.38039216 0.07058824
v -1.54772 0.58803 -0.59665 0.07058824 0.38039216 0.07058824
v -1.42738 0.67428 -0.57292 0.07058824 0.38039216 0.07058824
v -1.54772 0.58803 -0.59665 0.07058824 0.38039216 0.07058824
v -1.52449 0.63895 -0.52781 0.07058824 0.38039216 0.07058824
v -1.42738 0.67428 -0.57292 0.07058824 0.38039216 0.07058824
v -1.49498 0.67552 -0.51186 0.07058824 0.38039216 0.07058824
v -1.52449 0.63895 -0.52781 0.07058824 0.38039216 0.07058824
v -1.42738 0.67428 -0.57292 0.07058824 0.38039216 0.07058824
v -1.52449 0.63895 -0.52781 0.07058824 0.38039216 0.07058824
v -1.49498 0.67552 -0.51186 0.07058824 0.38039216 0.07058824
v -1.42738 0.67428 -0.57292 0.07058824 0.38039216 0.07058824
v -1.45209 0.64461 -0.45832 0.07058824 0.38039216 0.07058824
v -1.46169 0.65752 -0.49713 0.07058824 0.38039216 0.07058824
v -1.42738 0.67428 -0.57292 0.07058824 0.38039216 0.07058824
v -1.46169 0.65752 -0.49713 0.07058824 0.38039216 0.07058824
v -1.45209 0.64461 -0.45832 0.07058824 0.38039216 0.07058824
v -1.42738 0.67428 -0.57292 0.07058824 0.38039216 0.07058824
v -1.38336 0.5879 -0.45523 0.07058824 0.38039216 0.07058824
v -1.45209 0.64461 -0.45832 0.07058824 0.38039216 0.07058824
v -1.42738 0.67428 -0.57292 0.07058824 0.38039216 0.07058824
v -1.45209 0.64461 -0.45832 0.07058824 0.38039216 0.07058824
v -1.38336 0.5879 -0.45523 0.07058824 0.38039216 0.07058824
v -1.42738 0.67428 -0.57292 0.07058824 0.38039216 0.07058824
v -1.30617 0.53177 -0.53679 0.07058824 0.38039216 0.07058824
v -1.38336 0.5879 -0.45523 0.07058824 0.38039216 0.07058824
v -1.42738 0.67428 -0.57292 0.07058824 0.38039216 0.07058824
v -1.38336 0.5879 -0.45523 0.07058824 0.38039216 0.07058824
v -1.30617 0.53177 -0.53679 0.07058824 0.38039216 0.07058824
v -1.42738 0.67428 -0.57292 0.07058824 0.38039216 0.07058824
v -1.27765 0.58218 -0.61617 0.07058824 0.38039216 0.07058824
v -1.30617 0.53177 -0.53679 0.07058824 0.38039216 0.07058824
v -1.42738 0.67428 -0.57292 0.07058824 0.38039216 0.07058824
v -1.30617 0.53177 -0.53679 0.07058824 0.38039216 0.07058824
v -1.27765 0.58218 -0.61617 0.07058824 0.38039216 0.07058824
v -1.42738 0.67428 -0.57292 0.07058824 0.38039216 0.07058824
v -1.40289 0.59276 -0.62178 0.07058824 0.38039216 0.07058824
v -1.27765 0.58218 -0.61617 0.07058824 0.38039216 0.07058824
v -1.42738 0.67428 -0.57292 0.07058824 0.38039216 0.07058824
v -1.27765 0.58218 -0.61617 0.07058824 0.38039216 0.07058824
v -1.40289 0.59276 -0.62178 0.07058824 0.38039216 0.07058824
v -1.40289 0.59276 -0.62178 0.07058824 0.38039216 0.07058824
v -1.3346 0.43256 -0.62454 0.07058824 0.38039216 0.07058824
v -1.27765 0.58218 -0.61617 0.07058824 0.38039216 0.07058824
v -1.40289 0.59276 -0.62178 0.07058824 0.38039216 0.07058824
v -1.27765 0.58218 -0.61617 0.07058824 0.38039216 0.07058824
v -1.3346 0.43256 -0.62454 0.07058824 0.38039216 0.07058824
v -1.58289 0.70706 -0.37597 0.07450981 0.38039216 0.07450981
v -1.64717 0.68993 -0.31622 0.07450981 0.38039216 0.07450981
v -1.61457 0.56335 -0.36716 0.07450981 0.38039216 0.07450981
v -1.58289 0.70706 -0.37597 0.07450981 0.38039216 0.07450981
v -1.61457 0.56335 -0.36716 0.07450981 0.38039216 0.07450981
v -1.64717 0.68993 -0.31622 0.07450981 0.38039216 0.07450981
v -1.58289 0.70706 -0.37597 0.07450981 0.38039216 0.07450981
v -1.64717 0.68993 -0.31622 0.07450981 0.38039216 0.07450981
v -1.54179 0.77255 -0.41938 0.07450981 0.38039216 0.07450981
v -1.58289 0.70706 -0.37597 0.07450981 0.38039216 0.07450981
v -1.54179 0.77255 -0.41938 0.07450981 0.38039216 0.07450981
v -1.64717 0.68993 -0.31622 0.07450981 0.38039216 0.07450981
v -1.54179 0.77255 -0.41938 0.07450981 0.38039216 0.07450981
v -1.55469 0.63814 -0.30037 0.07450981 0.38039216 0.07450981
v -1.64717 0.68993 -0.31622 0.07450981 0.38039216 0.07450981
v -1.54179 0.77255 -0.41938 0.07450981 0.38039216 0.07450981
v -1.64717 0.68993 -0.31622 0.07450981 0.38039216 0.07450981
v -1.55469 0.63814 -0.30037 0.07450981 0.38039216 0.07450981
v -1.54179 0.77255 -0.41938 0.07450981 0.38039216 0.07450981
v -1.45755 0.67368 -0.37843 0.07450981 0.38039216 0.07450981
v -1.55469 0.63814 -0.30037 0.07450981 0.38039216 0.07450981
v -1.54179 0.77255 -0.41938 0.07450981 0.38039216 0.07450981
v -1.55469 0.63814 -0.30037 0.07450981 0.38039216 0.07450981
v -1.45755 0.67368 -0.37843 0.07450981 0.38039216 0.07450981
v -1.54179 0.77255 -0.41938 0.07450981 0.38039216 0.07450981
v -1.47638 0.69916 -0.44344 0.07450981 0.38039216 0.07450981
v -1.45755 0.67368 -0.37843 0.07450981 0.38039216 0.07450981
v -1.54179 0.77255 -0.41938 0.07450981 0.38039216 0.07450981
v -1.45755 0.67368 -0.37843 0.07450981 0.38039216 0.07450981
v -1.47638 0.69916 -0.44344 0.07450981 0.38039216 0.07450981
v -1.54179 0.77255 -0.41938 0.07450981 0.38039216 0.07450981
v -1.49399 0.75618 -0.4651 0.07450981 0.38039216 0.07450981
v -1.47638 0.69916 -0.44344 0.07450981 0.38039216 0.07450981
v -1.54179 0.77255 -0.41938 0.07450981 0.38039216 0.07450981
v -1.47638 0.69916 -0.44344 0.07450981 0.38039216 0.07450981
v -1.49399 0.75618 -0.4651 0.07450981 0.38039216 0.07450981
v -1.54179 0.77255 -0.41938 0.07450981 0.38039216 0.07450981
v -1.50732 0.71546 -0.49391 0.07450981 0.38039216 0.07450981
v -1.48768 0.76446 -0.46658 0.07450981 0.38039216 0.07450981
v -1.54179 0.77255 -0.41938 0.07450981 0.38039216 0.07450981
v -1.48768 0.76446 -0.46658 0.07450981 0.38039216 0.07450981
v -1.50732 0.71546 -0.49391 0.07450981 0.38039216 0.07450981
v -1.54179 0.77255 -0.41938 0.07450981 0.38039216 0.07450981
v -1.54882 0.69807 -0.51977 0.07450981 0.38039216 0.07450981
v -1.50732 0.71546 -0.49391 0.07450981 0.38039216 0.07450981
v -1.54179 0.77255 -0.41938 0.07450981 0.38039216 0.07450981
v -1.50732 0.71546 -0.49391 0.07450981 0.38039216 0.07450981
v -1.54882 0.69807 -0.51977 0.07450981 0.38039216 0.07450981
v -1.54179 0.77255 -0.41938 0.07450981 0.38039216 0.07450981
v -1.62993 0.65372 -0.49421 0.07450981 0.38039216 0.07450981
v -1.54882 0.69807 -0.51977 0.07450981 0.38039216 0.07450981
v -1.54179 0.77255 -0.41938 0.07450981 0.38039216 0.07450981
v -1.54882 0.69807 -0.51977 0.07450981 0.38039216 0.07450981
v -1.62993 0.65372 -0.49421 0.07450981 0.38039216 0.07450981
v -1.54179 0.77255 -0.41938 0.07450981 0.38039216 0.07450981
v -1.58456 0.63045 -0.41013 0.07450981 0.38039216 0.07450981
v -1.62993 0.65372 -0.49421 0.07450981 0.38039216 0.07450981
v -1.54179 0.77255 -0.41938 0.07450981 0.38039216 0.07450981
v -1.62993 0.65372 -0.49421 0.07450981 0.38039216 0.07450981
v -1.58456 0.63045 -0.41013 0.07450981 0.38039216 0.07450981
v -1.54179 0.77255 -0.41938 0.07450981 0.38039216 0.07450981
v -1.58289 0.70706 -0.37597 0.07450981 0.38039216 0.07450981
v -1.58456 0.63045 -0.41013 0.07450981 0.38039216 0.07450981
v -1.54179 0.77255 -0.41938 0.07450981 0.38039216 0.07450981
v -1.58456 0.63045 -0.41013 0.07450981 0.38039216 0.07450981
v -1.58289 0.70706 -0.37597 0.07450981 0.38039216 0.07450981
v -1.58289 0.70706 -0.37597 0.07450981 0.38039216 0.07450981
v -1.61457 0.56335 -0.36716 0.07450981 0.38039216 0.07450981
v -1.58456 0.63045 -0.41013 0.07450981 0.38039216 0.07450981
v -1.58289 0.70706 -0.37597 0.07450981 0.38039216 0.07450981
v -1.58456 0.63045 -0.41013 0.07450981 0.38039216 0.07450981
v -1.61457 0.56335 -0.36716 0.07450981 0.38039216 0.07450981
v -1.51143 0.82689 -0.5821 0.08235294 0.38039216 0.08235294
v -1.58812 0.7811 -0.5712 0.08235294 0.38039216 0.08235294
v -1.54971 0.7285 -0.58007 0.08235294 0.38039216 0.08235294
v -1.51143 0.82689 -0.5821 0.08235294 0.38039216 0.08235294
v -1.54971 0.7285 -0.58007 0.08235294 0.38039216 0.08235294
v -1.58812 0.7811 -0.5712 0.08235294 0.38039216 0.08235294
v -1.51143 0.82689 -0.5821 0.08235294 0.38039216 0.08235294
v -1.58812 0.7811 -0.5712 0.08235294 0.38039216 0.08235294
v -1.51453 0.86624 -0.53136 0.08235294 0.38039216 0.08235294
v -1.51143 0.82689 -0.5821 0.08235294 0.38039216 0.08235294
v -1.51453 0.86624 -0.53136 0.08235294 0.38039216 0.08235294
v -1.58812 0.7811 -0.5712 0.08235294 0.38039216 0.08235294
v -1.51453 0.86624 -0.53136 0.08235294 0.38039216 0.08235294
v -1.60689 0.78528 -0.53155 0.08235294 0.38039216 0.08235294
v -1.58812 0.7811 -0.5712 0.08235294 0.38039216 0.08235294
v -1.51453 0.86624 -0.53136 0.08235294 0.38039216 0.08235294
v -1.58812 0.7811 -0.5712 0.08235294 0.38039216 0.08235294
v -1.60689 0.78528 -0.53155 0.08235294 0.38039216 0.08235294
v -1.51453 0.86624 -0.53136 0.08235294 0.38039216 0.08235294
v -1.57833 0.80878 -0.46478 0.08235294 0.38039216 0.08235294
v -1.60689 0.78528 -0.53155 0.08235294 0.38039216 0.08235294
v -1.51453 0.86624 -0.53136 0.08235294 0.38039216 0.08235294
v -1.60689 0.78528 -0.53155 0.08235294 0.38039216 0.08235294
v -1.57833 0.80878 -0.46478 0.08235294 0.38039216 0.08235294
v -1.51453 0.86624 -0.53136 0.08235294 0.38039216 0.08235294
v -1.52711 0.8136 -0.45684 0.08235294 0.38039216 0.08235294
v -1.57833 0.80878 -0.46478 0.08235294 0.38039216 0.08235294
v -1.51453 0.86624 -0.53136 0.08235294 0.38039216 0.08235294
v -1.57833 0.80878 -0.46478 0.08235294 0.38039216 0.08235294
v -1.52711 0.8136 -0.45684 0.08235294 0.38039216 0.08235294
v -1.51453 0.86624 -0.53136 0.08235294 0.38039216 0.08235294
v -1.49085 0.83145 -0.47345 0.08235294 0.38039216 0.08235294
v -1.52711 0.8136 -0.45684 0.08235294 0.38039216 0.08235294
v -1.51453 0.86624 -0.53136 0.08235294 0.38039216 0.08235294
v -1.52711 0.8136 -0.45684 0.08235294 0.38039216 0.08235294
v -1.49085 0.83145 -0.47345 0.08235294 0.38039216 0.08235294
v -1.51453 0.86624 -0.53136 0.08235294 0.38039216 0.08235294
v -1.46151 0.83606 -0.46887 0.08235294 0.38039216 0.08235294
v -1.48177 0.84606 -0.47074 0.08235294 0.38039216 0.08235294
v -1.51453 0.86624 -0.53136 0.08235294 0.38039216 0.08235294
v -1.48177 0.84606 -0.47074 0.08235294 0.38039216 0.08235294
v -1.46151 0.83606 -0.46887 0.08235294 0.38039216 0.08235294
v -1.51453 0.86624 -0.53136 0.08235294 0.38039216 0.08235294
v -1.43753 0.82517 -0.48121 0.08235294 0.38039216 0.08235294
v -1.46151 0.83606 -0.46887 0.08235294 0.38039216 0.08235294
v -1.51453 0.86624 -0.53136 0.08235294 0.38039216 0.08235294
v -1.46151 0.83606 -0.46887 0.08235294 0.38039216 0.08235294
v -1.43753 0.82517 -0.48121 0.08235294 0.38039216 0.08235294
v -1.51453 0.86624 -0.53136 0.08235294 0.38039216 0.08235294
v -1.41392 0.80054 -0.57337 0.08235294 0.38039216 0.08235294
v -1.43753 0.82517 -0.48121 0.08235294 0.38039216 0.08235294
v -1.51453 0.86624 -0.53136 0.08235294 0.38039216 0.08235294
v -1.43753 0.82517 -0.48121 0.08235294 0.38039216 0.08235294
v -1.41392 0.80054 -0.57337 0.08235294 0.38039216 0.08235294
v -1.51453 0.86624 -0.53136 0.08235294 0.38039216 0.08235294
v -1.46687 0.77337 -0.59764 0.08235294 0.38039216 0.08235294
v -1.41392 0.80054 -0.57337 0.08235294 0.38039216 0.08235294
v -1.51453 0.86624 -0.53136 0.08235294 0.38039216 0.08235294
v -1.41392 0.80054 -0.57337 0.08235294 0.38039216 0.08235294
v -1.46687 0.77337 -0.59764 0.08235294 0.38039216 0.08235294
v -1.51453 0.86624 -0.53136 0.08235294 0.38039216 0.08235294
v -1.51143 0.82689 -0.5821 0.08235294 0.38039216 0.08235294
v -1.46687 0.77337 -0.59764 0.08235294 0.38039216 0.08235294
v -1.51453 0.86624 -0.53136 0.08235294 0.38039216 0.08235294
v -1.46687 0.77337 -0.59764 0.08235294 0.38039216 0.08235294
v -1.51143 0.82689 -0.5821 0.08235294 0.38039216 0.08235294
v -1.51143 0.82689 -0.5821 0.08235294 0.38039216 0.08235294
v -1.54971 0.7285 -0.58007 0.08235294 0.38039216 0.08235294
v -1.46687 0.77337 -0.59764 0.08235294 0.38039216 0.08235294
v -1.51143 0.82689 -0.5821 0.08235294 0.38039216 0.08235294
v -1.46687 0.77337 -0.59764 0.08235294 0.38039216 0.08235294
v -1.54971 0.7285 -0.58007 0.08235294 0.38039216 0.08235294
v -1.40293 0.93519 -0.46847 0.09019608 0.38039216 0.09019608
v -1.3878 0.90862 -0.52338 0.09019608 0.38039216 0.09019608
v -1.37355 0.87385 -0.49701 0.09019608 0.38039216 0.09019608
v -1.40293 0.93519 -0.46847 0.09019608 0.38039216 0.09019608
v -1.37355 0.87385 -0.49701 0.09019608 0.38039216 0.09019608
v -1.3878 0.90862 -0.52338 0.09019608 0.38039216 0.09019608
v -1.40293 0.93519 -0.46847 0.09019608 0.38039216 0.09019608
v -1.3878 0.90862 -0.52338 0.09019608 0.38039216 0.09019608
v -1.44496 0.94823 -0.47738 0.09019608 0.38039216 0.09019608
v -1.40293 0.93519 -0.46847 0.09019608 0.38039216 0.09019608
v -1.44496 0.94823 -0.47738 0.09019608 0.38039216 0.09019608
v -1.3878 0.90862 -0.52338 0.09019608 0.38039216 0.09019608
v -1.44496 0.94823 -0.47738 0.09019608 0.38039216 0.09019608
v -1.41158 0.90284 -0.54206 0.09019608 0.38039216 0.09019608
v -1.3878 0.90862 -0.52338 0.09019608 0.38039216 0.09019608
v -1.44496 0.94823 -0.47738 0.09019608 0.38039216 0.09019608
v -1.3878 0.90862 -0.52338 0.09019608 0.38039216 0.09019608
v -1.41158 0.90284 -0.54206 0.09019608 0.38039216 0.09019608
v -1.44496 0.94823 -0.47738 0.09019608 0.38039216 0.09019608
v -1.46383 0.89921 -0.53215 0.09019608 0.38039216 0.09019608
v -1.41158 0.90284 -0.54206 0.09019608 0.38039216 0.09019608
v -1.44496 0.94823 -0.47738 0.09019608 0.38039216 0.09019608
v -1.41158 0.90284 -0.54206 0.09019608 0.38039216 0.09019608
v -1.46383 0.89921 -0.53215 0.09019608 0.38039216 0.09019608
v -1.44496 0.94823 -0.47738 0.09019608 0.38039216 0.09019608
v -1.47688 0.89646 -0.49833 0.09019608 0.38039216 0.09019608
v -1.46383 0.89921 -0.53215 0.09019608 0.38039216 0.09019608
v -1.44496 0.94823 -0.47738 0.09019608 0.38039216 0.09019608
v -1.46383 0.89921 -0.53215 0.09019608 0.38039216 0.09019608
v -1.47688 0.89646 -0.49833 0.09019608 0.38039216 0.09019608
v -1.44496 0.94823 -0.47738 0.09019608 0.38039216 0.09019608
v -1.47577 0.90943 -0.47072 0.09019608 0.38039216 0.09019608
v -1.47688 0.89646 -0.49833 0.09019608 0.38039216 0.09019608
v -1.44496 0.94823 -0.47738 0.09019608 0.38039216 0.09019608
v -1.47688 0.89646 -0.49833 0.09019608 0.38039216 0.09019608
v -1.47577 0.90943 -0.47072 0.09019608 0.38039216 0.09019608
v -1.44496 0.94823 -0.47738 0.09019608 0.38039216 0.09019608
v -1.48375 0.90904 -0.45131 0.09019608 0.38039216 0.09019608
v -1.48249 0.91752 -0.46462 0.09019608 0.38039216 0.09019608
v -1.44496 0.94823 -0.47738 0.09019608 0.38039216 0.09019608
v -1.48249 0.91752 -0.46462 0.09019608 0.38039216 0.09019608
v -1.48375 0.90904 -0.45131 0.09019608 0.38039216 0.09019608
v -1.44496 0.94823 -0.47738 0.09019608 0.38039216 0.09019608
v -1.47625 0.90325 -0.43334 0.09019608 0.38039216 0.09019608
v -1.48375 0.90904 -0.45131 0.09019608 0.38039216 0.09019608
v -1.44496 0.94823 -0.47738 0.09019608 0.38039216 0.09019608
v -1.48375 0.90904 -0.45131 0.09019608 0.38039216 0.09019608
v -1.47625 0.90325 -0.43334 0.09019608 0.38039216 0.09019608
v -1.44496 0.94823 -0.47738 0.09019608 0.38039216 0.09019608
v -1.41448 0.90855 -0.4039 0.09019608 0.38039216 0.09019608
v -1.47625 0.90325 -0.43334 0.09019608 0.38039216 0.09019608
v -1.44496 0.94823 -0.47738 0.09019608 0.38039216 0.09019608
v -1.47625 0.90325 -0.43334 0.09019608 0.38039216 0.09019608
v -1.41448 0.90855 -0.4039 0.09019608 0.38039216 0.09019608
v -1.44496 0.94823 -0.47738 0.09019608 0.38039216 0.09019608
v -1.38502 0.90102 -0.43692 0.09019608 0.38039216 0.09019608
v -1.41448 0.90855 -0.4039 0.09019608 0.38039216 0.09019608
v -1.44496 0.94823 -0.47738 0.09019608 0.38039216 0.09019608
v -1.41448 0.90855 -0.4039 0.09019608 0.38039216 0.09019608
v -1.38502 0.90102 -0.43692 0.09019608 0.38039216 0.09019608
v -1.44496 0.94823 -0.47738 0.09019608 0.38039216 0.09019608
v -1.40293 0.93519 -0.46847 0.09019608 0.38039216 0.09019608
v -1.38502 0.90102 -0.43692 0.09019608 0.38039216 0.09019608
v -1.44496 0.94823 -0.47738 0.09019608 0.38039216 0.09019608
v -1.38502 0.90102 -0.43692 0.09019608 0.38039216 0.09019608
v -1.40293 0.93519 -0.46847 0.09019608 0.38039216 0.09019608
v -1.40293 0.93519 -0.46847 0.09019608 0.38039216 0.09019608
v -1.37355 0.87385 -0.49701 0.09019608 0.38039216 0.09019608
v -1.38502 0.90102 -0.43692 0.09019608 0.38039216 0.09019608
v -1.40293 0.93519 -0.46847 0.09019608 0.38039216 0.09019608
v -1.38502 0.90102 -0.43692 0.09019608 0.38039216 0.09019608
v -1.37355 0.87385 -0.49701 0.09019608 0.38039216 0.09019608
v -1.53635 1.03961 -0.43271 0.13725491 0.38039216 0.13725491
v -1.52106 1.03186 -0.39947 0.13725491 0.38039216 0.13725491
v -1.55609 1.02007 -0.41108 0.13725491 0.38039216 0.13725491
v -1.53635 1.03961 -0.43271 0.13725491 0.38039216 0.13725491
v -1.55609 1.02007 -0.41108 0.13725491 0.38039216 0.13725491
v -1.52106 1.03186 -0.39947 0.13725491 0.38039216 0.13725491
v -1.53635 1.03961 -0.43271 0.13725491 0.38039216 0.13725491
v -1.52106 1.03186 -0.39947 0.13725491 0.38039216 0.13725491
v -1.50854 1.02187 -0.4568 0.13725491 0.38039216 0.13725491
v -1.53635 1.03961 -0.43271 0.13725491 0.38039216 0.13725491
v -1.50854 1.02187 -0.4568 0.13725491 0.38039216 0.13725491
v -1.52106 1.03186 -0.39947 0.13725491 0.38039216 0.13725491
v -1.50854 1.02187 -0.4568 0.13725491 0.38039216 0.13725491
v -1.49383 1.0263 -0.40469 0.13725491 0.38039216 0.13725491
v -1.52106 1.03186 -0.39947 0.13725491 0.38039216 0.13725491
v -1.50854 1.02187 -0.4568 0.13725491 0.38039216 0.13725491
v -1.52106 1.03186 -0.39947 0.13725491 0.38039216 0.13725491
v -1.49383 1.0263 -0.40469 0.13725491 0.38039216 0.13725491
v -1.50854 1.02187 -0.4568 0.13725491 0.38039216 0.13725491
v -1.4817 1.00338 -0.4296 0.13725491 0.38039216 0.13725491
v -1.49383 1.0263 -0.40469 0.13725491 0.38039216 0.13725491
v -1.50854 1.02187 -0.4568 0.13725491 0.38039216 0.13725491
v -1.49383 1.0263 -0.40469 0.13725491 0.38039216 0.13725491
v -1.4817 1.00338 -0.4296 0.13725491 0.38039216 0.13725491
v -1.50854 1.02187 -0.4568 0.13725491 0.38039216 0.13725491
v -1.49532 0.99567 -0.4537 0.13725491 0.38039216 0.13725491
v -1.4817 1.00338 -0.4296 0.13725491 0.38039216 0.13725491
v -1.50854 1.02187 -0.4568 0.13725491 0.38039216 0.13725491
v -1.4817 1.00338 -0.4296 0.13725491 0.38039216 0.13725491
v -1.49532 0.99567 -0.4537 0.13725491 0.38039216 0.13725491
v -1.50854 1.02187 -0.4568 0.13725491 0.38039216 0.13725491
v -1.50136 1.00064 -0.46608 0.13725491 0.38039216 0.13725491
v -1.49532 0.99567 -0.4537 0.13725491 0.38039216 0.13725491
v -1.50854 1.02187 -0.4568 0.13725491 0.38039216 0.13725491
v -1.49532 0.99567 -0.4537 0.13725491 0.38039216 0.13725491
v -1.50136 1.00064 -0.46608 0.13725491 0.38039216 0.13725491
v -1.50854 1.02187 -0.4568 0.13725491 0.38039216 0.13725491
v -1.52802 0.99555 -0.47757 0.13725491 0.38039216 0.13725491
v -1.50975 0.99994 -0.47305 0.13725491 0.38039216 0.13725491
v -1.50854 1.02187 -0.4568 0.13725491 0.38039216 0.13725491
v -1.50975 0.99994 -0.47305 0.13725491 0.38039216 0.13725491
v -1.52802 0.99555 -0.47757 0.13725491 0.38039216 0.13725491
v -1.50854 1.02187 -0.4568 0.13725491 0.38039216 0.13725491
v -1.54689 1.00392 -0.47714 0.13725491 0.38039216 0.13725491
v -1.52802 0.99555 -0.47757 0.13725491 0.38039216 0.13725491
v -1.50854 1.02187 -0.4568 0.13725491 0.38039216 0.13725491
v -1.52802 0.99555 -0.47757 0.13725491 0.38039216 0.13725491
v -1.54689 1.00392 -0.47714 0.13725491 0.38039216 0.13725491
v -1.50854 1.02187 -0.4568 0.13725491 0.38039216 0.13725491
v -1.56913 1.03179 -0.46591 0.13725491 0.38039216 0.13725491
v -1.54689 1.00392 -0.47714 0.13725491 0.38039216 0.13725491
v -1.50854 1.02187 -0.4568 0.13725491 0.38039216 0.13725491
v -1.54689 1.00392 -0.47714 0.13725491 0.38039216 0.13725491
v -1.56913 1.03179 -0.46591 0.13725491 0.38039216 0.13725491
v -1.50854 1.02187 -0.4568 0.13725491 0.38039216 0.13725491
v -1.56632 1.04201 -0.42604 0.13725491 0.38039216 0.13725491
v -1.56913 1.03179 -0.46591 0.13725491 0.38039216 0.13725491
v -1.50854 1.02187 -0.4568 0.13725491 0.38039216 0.13725491
v -1.56913 1.03179 -0.46591 0.13725491 0.38039216 0.13725491
v -1.56632 1.04201 -0.42604 0.13725491 0.38039216 0.13725491
v -1.50854 1.02187 -0.4568 0.13725491 0.38039216 0.13725491
v -1.53635 1.03961 -0.43271 0.13725491 0.38039216 0.13725491
v -1.56632 1.04201 -0.42604 0.13725491 0.38039216 0.13725491
v -1.50854 1.02187 -0.4568 0.13725491 0.38039216 0.13725491
v -1.56632 1.04201 -0.42604 0.13725491 0.38039216 0.13725491
v -1.53635 1.03961 -0.43271 0.13725491 0.38039216 0.13725491
v -1.53635 1.03961 -0.43271 0.13725491 0.38039216 0.13725491
v -1.55609 1.02007 -0.41108 0.13725491 0.38039216 0.13725491
v -1.56632 1.04201 -0.42604 0.13725491 0.38039216 0.13725491
v -1.53635 1.03961 -0.43271 0.13725491 0.38039216 0.13725491
v -1.56632 1.04201 -0.42604 0.13725491 0.38039216 0.13725491
v -1.55609 1.02007 -0.41108 0.13725491 0.38039216 0.13725491
v -1.48085 1.07169 -0.48255 0.21568628 0.38039216 0.21568628
v -1.48597 1.07394 -0.5065 0.21568628 0.38039216 0.21568628
v -1.46258 1.07472 -0.49644 0.21568628 0.38039216 0.21568628
v -1.48085 1.07169 -0.48255 0.21568628 0.38039216 0.21568628
v -1.46258 1.07472 -0.49644 0.21568628 0.38039216 0.21568628
v -1.48597 1.07394 -0.5065 0.21568628 0.38039216 0.21568628
v -1.48085 1.07169 -0.48255 0.21568628 0.38039216 0.21568628
v -1.48597 1.07394 -0.5065 0.21568628 0.38039216 0.21568628
v -1.49076 1.04707 -0.47844 0.21568628 0.38039216 0.21568628
v -1.48085 1.07169 -0.48255 0.21568628 0.38039216 0.21568628
v -1.49076 1.04707 -0.47844 0.21568628 0.38039216 0.21568628
v -1.48597 1.07394 -0.5065 0.21568628 0.38039216 0.21568628
v -1.49076 1.04707 -0.47844 0.21568628 0.38039216 0.21568628
v -1.49937 1.06152 -0.50997 0.21568628 0.38039216 0.21568628
v -1.48597 1.07394 -0.5065 0.21568628 0.38039216 0.21568628
v -1.49076 1.04707 -0.47844 0.21568628 0.38039216 0.21568628
v -1.48597 1.07394 -0.5065 0.21568628 0.38039216 0.21568628
v -1.49937 1.06152 -0.50997 0.21568628 0.38039216 0.21568628
v -1.49076 1.04707 -0.47844 0.21568628 0.38039216 0.21568628
v -1.49875 1.03868 -0.50385 0.21568628 0.38039216 0.21568628
v -1.49937 1.06152 -0.50997 0.21568628 0.38039216 0.21568628
v -1.49076 1.04707 -0.47844 0.21568628 0.38039216 0.21568628
v -1.49937 1.06152 -0.50997 0.21568628 0.38039216 0.21568628
v -1.49875 1.03868 -0.50385 0.21568628 0.38039216 0.21568628
v -1.49076 1.04707 -0.47844 0.21568628 0.38039216 0.21568628
v -1.489 1.0312 -0.48949 0.21568628 0.38039216 0.21568628
v -1.49875 1.03868 -0.50385 0.21568628 0.38039216 0.21568628
v -1.49076 1.04707 -0.47844 0.21568628 0.38039216 0.21568628
v -1.49875 1.03868 -0.50385 0.21568628 0.38039216 0.21568628
v -1.489 1.0312 -0.48949 0.21568628 0.38039216 0.21568628
v -1.49076 1.04707 -0.47844 0.21568628 0.38039216 0.21568628
v -1.48762 1.0315 -0.47996 0.21568628 0.38039216 0.21568628
v -1.489 1.0312 -0.48949 0.21568628 0.38039216 0.21568628
v -1.49076 1.04707 -0.47844 0.21568628 0.38039216 0.21568628
v -1.489 1.0312 -0.48949 0.21568628 0.38039216 0.21568628
v -1.48762 1.0315 -0.47996 0.21568628 0.38039216 0.21568628
v -1.49076 1.04707 -0.47844 0.21568628 0.38039216 0.21568628
v -1.47122 1.03317 -0.46977 0.21568628 0.38039216 0.21568628
v -1.48284 1.0314 -0.4746 0.21568628 0.38039216 0.21568628
v -1.49076 1.04707 -0.47844 0.21568628 0.38039216 0.21568628
v -1.48284 1.0314 -0.4746 0.21568628 0.38039216 0.21568628
v -1.47122 1.03317 -0.46977 0.21568628 0.38039216 0.21568628
v -1.49076 1.04707 -0.47844 0.21568628 0.38039216 0.21568628
v -1.46357 1.04299 -0.46436 0.21568628 0.38039216 0.21568628
v -1.47122 1.03317 -0.46977 0.21568628 0.38039216 0.21568628
v -1.49076 1.04707 -0.47844 0.21568628 0.38039216 0.21568628
v -1.47122 1.03317 -0.46977 0.21568628 0.38039216 0.21568628
v -1.46357 1.04299 -0.46436 0.21568628 0.38039216 0.21568628
v -1.49076 1.04707 -0.47844 0.21568628 0.38039216 0.21568628
v -1.46056 1.0669 -0.45946 0.21568628 0.38039216 0.21568628
v -1.46357 1.04299 -0.46436 0.21568628 0.38039216 0.21568628
v -1.49076 1.04707 -0.47844 0.21568628 0.38039216 0.21568628
v -1.46357 1.04299 -0.46436 0.21568628 0.38039216 0.21568628
v -1.46056 1.0669 -0.45946 0.21568628 0.38039216 0.21568628
v -1.49076 1.04707 -0.47844 0.21568628 0.38039216 0.21568628
v -1.46479 1.08382 -0.48023 0.21568628 0.38039216 0.21568628
v -1.46056 1.0669 -0.45946 0.21568628 0.38039216 0.21568628
v -1.49076 1.04707 -0.47844 0.21568628 0.38039216 0.21568628
v -1.46056 1.0669 -0.45946 0.21568628 0.38039216 0.21568628
v -1.46479 1.08382 -0.48023 0.21568628 0.38039216 0.21568628
v -1.49076 1.04707 -0.47844 0.21568628 0.38039216 0.21568628
v -1.48085 1.07169 -0.48255 0.21568628 0.38039216 0.21568628
v -1.46479 1.08382 -0.48023 0.21568628 0.38039216 0.21568628
v -1.49076 1.04707 -0.47844 0.21568628 0.38039216 0.21568628
v -1.46479 1.08382 -0.48023 0.21568628 0.38039216 0.21568628
v -1.48085 1.07169 -0.48255 0.21568628 0.38039216 0.21568628
v -1.48085 1.07169 -0.48255 0.21568628 0.38039216 0.21568628
v -1.46258 1.07472 -0.49644 0.21568628 0.38039216 0.21568628
v -1.46479 1.08382 -0.48023 0.21568628 0.38039216 0.21568628
v -1.48085 1.07169 -0.48255 0.21568628 0.38039216 0.21568628
v -1.46479 1.08382 -0.48023 0.21568628 0.38039216 0.21568628
v -1.46258 1.07472 -0.49644 0.21568628 0.38039216 0.21568628
v -1.49459 1.07677 -0.46633 0.22745098 0.38039216 0.22745098
v -1.47927 1.08094 -0.46406 0.22745098 0.38039216 0.22745098
v -1.49181 1.08489 -0.45391 0.22745098 0.38039216 0.22745098
v -1.49459 1.07677 -0.46633 0.22745098 0.38039216 0.22745098
v -1.49181 1.08489 -0.45391 0.22745098 0.38039216 0.22745098
v -1.47927 1.08094 -0.46406 0.22745098 0.38039216 0.22745098
v -1.49459 1.07677 -0.46633 0.22745098 0.38039216 0.22745098
v -1.47927 1.08094 -0.46406 0.22745098 0.38039216 0.22745098
v -1.49274 1.05936 -0.46606 0.22745098 0.38039216 0.22745098
v -1.49459 1.07677 -0.46633 0.22745098 0.38039216 0.22745098
v -1.49274 1.05936 -0.46606 0.22745098 0.38039216 0.22745098
v -1.47927 1.08094 -0.46406 0.22745098 0.38039216 0.22745098
v -1.49274 1.05936 -0.46606 0.22745098 0.38039216 0.22745098
v -1.47273 1.07123 -0.46719 0.22745098 0.38039216 0.22745098
v -1.47927 1.08094 -0.46406 0.22745098 0.38039216 0.22745098
v -1.49274 1.05936 -0.46606 0.22745098 0.38039216 0.22745098
v -1.47927 1.08094 -0.46406 0.22745098 0.38039216 0.22745098
v -1.47273 1.07123 -0.46719 0.22745098 0.38039216 0.22745098
v -1.49274 1.05936 -0.46606 0.22745098 0.38039216 0.22745098
v -1.47514 1.05686 -0.46215 0.22745098 0.38039216 0.22745098
v -1.47273 1.07123 -0.46719 0.22745098 0.38039216 0.22745098
v -1.49274 1.05936 -0.46606 0.22745098 0.38039216 0.22745098
v -1.47273 1.07123 -0.46719 0.22745098 0.38039216 0.22745098
v -1.47514 1.05686 -0.46215 0.22745098 0.38039216 0.22745098
v -1.49274 1.05936 -0.46606 0.22745098 0.38039216 0.22745098
v -1.48586 1.05221 -0.45821 0.22745098 0.38039216 0.22745098
v -1.47514 1.05686 -0.46215 0.22745098 0.38039216 0.22745098
v -1.49274 1.05936 -0.46606 0.22745098 0.38039216 0.22745098
v -1.47514 1.05686 -0.46215 0.22745098 0.38039216 0.22745098
v -1.48586 1.05221 -0.45821 0.22745098 0.38039216 0.22745098
v -1.49274 1.05936 -0.46606 0.22745098 0.38039216 0.22745098
v -1.49183 1.05111 -0.45979 0.22745098 0.38039216 0.22745098
v -1.48586 1.05221 -0.45821 0.22745098 0.38039216 0.22745098
v -1.49274 1.05936 -0.46606 0.22745098 0.38039216 0.22745098
v -1.48586 1.05221 -0.45821 0.22745098 0.38039216 0.22745098
v -1.49183 1.05111 -0.45979 0.22745098 0.38039216 0.22745098
v -1.49274 1.05936 -0.46606 0.22745098 0.38039216 0.22745098
v -1.50252 1.05402 -0.45372 0.22745098 0.38039216 0.22745098
v -1.49631 1.05121 -0.45844 0.22745098 0.38039216 0.22745098
v -1.49274 1.05936 -0.46606 0.22745098 0.38039216 0.22745098
v -1.49631 1.05121 -0.45844 0.22745098 0.38039216 0.22745098
v -1.50252 1.05402 -0.45372 0.22745098 0.38039216 0.22745098
v -1.49274 1.05936 -0.46606 0.22745098 0.38039216 0.22745098
v -1.50842 1.06061 -0.45348 0.22745098 0.38039216 0.22745098
v -1.50252 1.05402 -0.45372 0.22745098 0.38039216 0.22745098
v -1.49274 1.05936 -0.46606 0.22745098 0.38039216 0.22745098
v -1.50252 1.05402 -0.45372 0.22745098 0.38039216 0.22745098
v -1.50842 1.06061 -0.45348 0.22745098 0.38039216 0.22745098
v -1.49274 1.05936 -0.46606 0.22745098 0.38039216 0.22745098
v -1.51354 1.07459 -0.45944 0.22745098 0.38039216 0.22745098
v -1.50842 1.06061 -0.45348 0.22745098 0.38039216 0.22745098
v -1.49274 1.05936 -0.46606 0.22745098 0.38039216 0.22745098
v -1.50842 1.06061 -0.45348 0.22745098 0.38039216 0.22745098
v -1.51354 1.07459 -0.45944 0.22745098 0.38039216 0.22745098
v -1.49274 1.05936 -0.46606 0.22745098 0.38039216 0.22745098
v -1.50119 1.08709 -0.4614 0.22745098 0.38039216 0.22745098
v -1.51354 1.07459 -0.45944 0.22745098 0.38039216 0.22745098
v -1.49274 1.05936 -0.46606 0.22745098 0.38039216 0.22745098
v -1.51354 1.07459 -0.45944 0.22745098 0.38039216 0.22745098
v -1.50119 1.08709 -0.4614 0.22745098 0.38039216 0.22745098
v -1.49274 1.05936 -0.46606 0.22745098 0.38039216 0.22745098
v -1.49459 1.07677 -0.46633 0.22745098 0.38039216 0.22745098
v -1.50119 1.08709 -0.4614 0.22745098 0.38039216 0.22745098
v -1.49274 1.05936 -0.46606 0.22745098 0.38039216 0.22745098
v -1.50119 1.08709 -0.4614 0.22745098 0.38039216 0.22745098
v -1.49459 1.07677 -0.46633 0.22745098 0.38039216 0.22745098
v -1.49459 1.07677 -0.46633 0.22745098 0.38039216 0.22745098
v -1.49181 1.08489 -0.45391 0.22745098 0.38039216 0.22745098
v -1.50119 1.08709 -0.4614 0.22745098 0.38039216 0.22745098
v -1.49459 1.07677 -0.46633 0.22745098 0.38039216 0.22745098
v -1.50119 1.08709 -0.4614 0.22745098 0.38039216 0.22745098
v -1.49181 1.08489 -0.45391 0.22745098 0.38039216 0.22745098
v 0.04994 0.2384 -0.57805 0.050980393 0.38039216 0.050980393
v 0.02126 0.22407 -0.60878 0.050980393 0.38039216 0.050980393
v 0.062 0.20473 -0.5997 0.050980393 0.38039216 0.050980393
v 0.04994 0.2384 -0.57805 0.050980393 0.38039216 0.050980393
v 0.062 0.20473 -0.5997 0.050980393 0.38039216 0.050980393
v 0.02126 0.22407 -0.60878 0.050980393 0.38039216 0.050980393
v 0.04994 0.2384 -0.57805 0.050980393 0.38039216 0.050980393
v 0.02126 0.22407 -0.60878 0.050980393 0.38039216 0.050980393
v 0.02201 0.2334 -0.53871 0.050980393 0.38039216 0.050980393
v 0.04994 0.2384 -0.57805 0.050980393 0.38039216 0.050980393
v 0.02201 0.2334 -0.53871 0.050980393 0.38039216 0.050980393
v 0.02126 0.22407 -0.60878 0.050980393 0.38039216 0.050980393
v 0.02201 0.2334 -0.53871 0.050980393 0.38039216 0.050980393
v -0.00916 0.22689 -0.59483 0.050980393 0.38039216 0.050980393
v 0.02126 0.22407 -0.60878 0.050980393 0.38039216 0.050980393
v 0.02201 0.2334 -0.53871 0.050980393 0.38039216 0.050980393
v 0.02126 0.22407 -0.60878 0.050980393 0.38039216 0.050980393
v -0.00916 0.22689 -0.59483 0.050980393 0.38039216 0.050980393
v 0.02201 0.2334 -0.53871 0.050980393 0.38039216 0.050980393
v -0.02013 0.21205 -0.55632 0.050980393 0.38039216 0.050980393
v -0.00916 0.22689 -0.59483 0.050980393 0.38039216 0.050980393
v 0.02201 0.2334 -0.53871 0.050980393 0.38039216 0.050980393
v -0.00916 0.22689 -0.59483 0.050980393 0.38039216 0.050980393
v -0.02013 0.21205 -0.55632 0.050980393 0.38039216 0.050980393
v 0.02201 0.2334 -0.53871 0.050980393 0.38039216 0.050980393
v 0.00088 0.20685 -0.52992 0.050980393 0.38039216 0.050980393
v -0.02013 0.21205 -0.55632 0.050980393 0.38039216 0.050980393
v 0.02201 0.2334 -0.53871 0.050980393 0.38039216 0.050980393
v -0.02013 0.21205 -0.55632 0.050980393 0.38039216 0.050980393
v 0.00088 0.20685 -0.52992 0.050980393 0.38039216 0.050980393
v 0.02201 0.2334 -0.53871 0.050980393 0.38039216 0.050980393
v 0.01237 0.21442 -0.51929 0.050980393 0.38039216 0.050980393
v 0.00088 0.20685 -0.52992 0.050980393 0.38039216 0.050980393
v 0.02201 0.2334 -0.53871 0.050980393 0.38039216 0.050980393
v 0.00088 0.20685 -0.52992 0.050980393 0.38039216 0.050980393
v 0.01237 0.21442 -0.51929 0.050980393 0.38039216 0.050980393
v 0.02201 0.2334 -0.53871 0.050980393 0.38039216 0.050980393
v 0.04494 0.20484 -0.5108 0.050980393 0.38039216 0.050980393
v 0.02379 0.21341 -0.51321 0.050980393 0.38039216 0.050980393
v 0.02201 0.2334 -0.53871 0.050980393 0.38039216 0.050980393
v 0.02379 0.21341 -0.51321 0.050980393 0.38039216 0.050980393
v 0.04494 0.20484 -0.5108 0.050980393 0.38039216 0.050980393
v 0.02201 0.2334 -0.53871 0.050980393 0.38039216 0.050980393
v 0.06786 0.20886 -0.51852 0.050980393 0.38039216 0.050980393
v 0.04494 0.20484 -0.5108 0.050980393 0.38039216 0.050980393
v 0.02201 0.2334 -0.53871 0.050980393 0.38039216 0.050980393
v 0.04494 0.20484 -0.5108 0.050980393 0.38039216 0.050980393
v 0.06786 0.20886 -0.51852 0.050980393 0.38039216 0.050980393
v 0.02201 0.2334 -0.53871 0.050980393 0.38039216 0.050980393
v 0.09532 0.23054 -0.54587 0.050980393 0.38039216 0.050980393
v 0.06786 0.20886 -0.51852 0.050980393 0.38039216 0.050980393
v 0.02201 0.2334 -0.53871 0.050980393 0.38039216 0.050980393
v 0.06786 0.20886 -0.51852 0.050980393 0.38039216 0.050980393
v 0.09532 0.23054 -0.54587 0.050980393 0.38039216 0.050980393
v 0.02201 0.2334 -0.53871 0.050980393 0.38039216 0.050980393
v 0.08241 0.23086 -0.59312 0.050980393 0.38039216 0.050980393
v 0.09532 0.23054 -0.54587 0.050980393 0.38039216 0.050980393
v 0.02201 0.2334 -0.53871 0.050980393 0.38039216 0.050980393
v 0.09532 0.23054 -0.54587 0.050980393 0.38039216 0.050980393
v 0.08241 0.23086 -0.59312 0.050980393 0.38039216 0.050980393
v 0.02201 0.2334 -0.53871 0.050980393 0.38039216 0.050980393
v 0.04994 0.2384 -0.57805 0.050980393 0.38039216 0.050980393
v 0.08241 0.23086 -0.59312 0.050980393 0.38039216 0.050980393
v 0.02201 0.2334 -0.53871 0.050980393 0.38039216 0.050980393
v 0.08241 0.23086 -0.59312 0.050980393 0.38039216 0.050980393
v 0.04994 0.2384 -0.57805 0.050980393 0.38039216 0.050980393
v 0.04994 0.2384 -0.57805 0.050980393 0.38039216 0.050980393
v 0.062 0.20473 -0.5997 0.050980393 0.38039216 0.050980393
v 0.08241 0.23086 -0.59312 0.050980393 0.38039216 0.050980393
v 0.04994 0.2384 -0.57805 0.050980393 0.38039216 0.050980393
v 0.08241 0.23086 -0.59312 0.050980393 0.38039216 0.050980393
v 0.062 0.20473 -0.5997 0.050980393 0.38039216 0.050980393
v 0.04697 0.3425 -0.30889 0.05490196 0.38039216 0.05490196
v 0.13413 0.29001 -0.31739 0.05490196 0.38039216 0.05490196
v 0.08937 0.23051 -0.31295 0.05490196 0.38039216 0.05490196
v 0.04697 0.3425 -0.30889 0.05490196 0.38039216 0.05490196
v 0.08937 0.23051 -0.31295 0.05490196 0.38039216 0.05490196
v 0.13413 0.29001 -0.31739 0.05490196 0.38039216 0.05490196
v 0.04697 0.3425 -0.30889 0.05490196 0.38039216 0.05490196
v 0.13413 0.29001 -0.31739 0.05490196 0.38039216 0.05490196
v 0.05495 0.38948 -0.36411 0.05490196 0.38039216 0.05490196
v 0.04697 0.3425 -0.30889 0.05490196 0.38039216 0.05490196
v 0.05495 0.38948 -0.36411 0.05490196 0.38039216 0.05490196
v 0.13413 0.29001 -0.31739 0.05490196 0.38039216 0.05490196
v 0.05495 0.38948 -0.36411 0.05490196 0.38039216 0.05490196
v 0.15856 0.29637 -0.36055 0.05490196 0.38039216 0.05490196
v 0.13413 0.29001 -0.31739 0.05490196 0.38039216 0.05490196
v 0.05495 0.38948 -0.36411 0.05490196 0.38039216 0.05490196
v 0.13413 0.29001 -0.31739 0.05490196 0.38039216 0.05490196
v 0.15856 0.29637 -0.36055 0.05490196 0.38039216 0.05490196
v 0.05495 0.38948 -0.36411 0.05490196 0.38039216 0.05490196
v 0.13181 0.32661 -0.43716 0.05490196 0.38039216 0.05490196
v 0.15856 0.29637 -0.36055 0.05490196 0.38039216 0.05490196
v 0.05495 0.38948 -0.36411 0.05490196 0.38039216 0.05490196
v 0.15856 0.29637 -0.36055 0.05490196 0.38039216 0.05490196
v 0.13181 0.32661 -0.43716 0.05490196 0.38039216 0.05490196
v 0.05495 0.38948 -0.36411 0.05490196 0.38039216 0.05490196
v 0.07453 0.33319 -0.44995 0.05490196 0.38039216 0.05490196
v 0.13181 0.32661 -0.43716 0.05490196 0.38039216 0.05490196
v 0.05495 0.38948 -0.36411 0.05490196 0.38039216 0.05490196
v 0.13181 0.32661 -0.43716 0.05490196 0.38039216 0.05490196
v 0.07453 0.33319 -0.44995 0.05490196 0.38039216 0.05490196
v 0.05495 0.38948 -0.36411 0.05490196 0.38039216 0.05490196
v 0.03236 0.35316 -0.43315 0.05490196 0.38039216 0.05490196
v 0.07453 0.33319 -0.44995 0.05490196 0.38039216 0.05490196
v 0.05495 0.38948 -0.36411 0.05490196 0.38039216 0.05490196
v 0.07453 0.33319 -0.44995 0.05490196 0.38039216 0.05490196
v 0.03236 0.35316 -0.43315 0.05490196 0.38039216 0.05490196
v 0.05495 0.38948 -0.36411 0.05490196 0.38039216 0.05490196
v -0.00042 0.35902 -0.44042 0.05490196 0.38039216 0.05490196
v 0.02247 0.36998 -0.43622 0.05490196 0.38039216 0.05490196
v 0.05495 0.38948 -0.36411 0.05490196 0.38039216 0.05490196
v 0.02247 0.36998 -0.43622 0.05490196 0.38039216 0.05490196
v -0.00042 0.35902 -0.44042 0.05490196 0.38039216 0.05490196
v 0.05495 0.38948 -0.36411 0.05490196 0.38039216 0.05490196
v -0.02867 0.34644 -0.42889 0.05490196 0.38039216 0.05490196
v -0.00042 0.35902 -0.44042 0.05490196 0.38039216 0.05490196
v 0.05495 0.38948 -0.36411 0.05490196 0.38039216 0.05490196
v -0.00042 0.35902 -0.44042 0.05490196 0.38039216 0.05490196
v -0.02867 0.34644 -0.42889 0.05490196 0.38039216 0.05490196
v 0.05495 0.38948 -0.36411 0.05490196 0.38039216 0.05490196
v -0.06299 0.31447 -0.32773 0.05490196 0.38039216 0.05490196
v -0.02867 0.34644 -0.42889 0.05490196 0.38039216 0.05490196
v 0.05495 0.38948 -0.36411 0.05490196 0.38039216 0.05490196
v -0.02867 0.34644 -0.42889 0.05490196 0.38039216 0.05490196
v -0.06299 0.31447 -0.32773 0.05490196 0.38039216 0.05490196
v 0.05495 0.38948 -0.36411 0.05490196 0.38039216 0.05490196
v -0.00529 0.28173 -0.29744 0.05490196 0.38039216 0.05490196
v -0.06299 0.31447 -0.32773 0.05490196 0.38039216 0.05490196
v 0.05495 0.38948 -0.36411 0.05490196 0.38039216 0.05490196
v -0.06299 0.31447 -0.32773 0.05490196 0.38039216 0.05490196
v -0.00529 0.28173 -0.29744 0.05490196 0.38039216 0.05490196
v 0.05495 0.38948 -0.36411 0.05490196 0.38039216 0.05490196
v 0.04697 0.3425 -0.30889 0.05490196 0.38039216 0.05490196
v -0.00529 0.28173 -0.29744 0.05490196 0.38039216 0.05490196
v 0.05495 0.38948 -0.36411 0.05490196 0.38039216 0.05490196
v -0.00529 0.28173 -0.29744 0.05490196 0.38039216 0.05490196
v 0.04697 0.3425 -0.30889 0.05490196 0.38039216 0.05490196
v 0.04697 0.3425 -0.30889 0.05490196 0.38039216 0.05490196
v 0.08937 0.23051 -0.31295 0.05490196 0.38039216 0.05490196
v -0.00529 0.28173 -0.29744 0.05490196 0.38039216 0.05490196
v 0.04697 0.3425 -0.30889 0.05490196 0.38039216 0.05490196
v -0.00529 0.28173 -0.29744 0.05490196 0.38039216 0.05490196
v 0.08937 0.23051 -0.31295 0.05490196 0.38039216 0.05490196
v -0.17119 0.47658 -0.38393 0.05882353 0.38039216 0.05882353
v -0.25662 0.45728 -0.33749 0.05882353 0.38039216 0.05882353
v -0.20717 0.31714 -0.38342 0.05882353 0.38039216 0.05882353
v -0.17119 0.47658 -0.38393 0.05882353 0.38039216 0.05882353
v -0.20717 0.31714 -0.38342 0.05882353 0.38039216 0.05882353
v -0.25662 0.45728 -0.33749 0.05882353 0.38039216 0.05882353
v -0.17119 0.47658 -0.38393 0.05882353 0.38039216 0.05882353
v -0.25662 0.45728 -0.33749 0.05882353 0.38039216 0.05882353
v -0.11531 0.5494 -0.41913 0.05882353 0.38039216 0.05882353
v -0.17119 0.47658 -0.38393 0.05882353 0.38039216 0.05882353
v -0.11531 0.5494 -0.41913 0.05882353 0.38039216 0.05882353
v -0.25662 0.45728 -0.33749 0.05882353 0.38039216 0.05882353
v -0.11531 0.5494 -0.41913 0.05882353 0.38039216 0.05882353
v -0.1615 0.40007 -0.29509 0.05882353 0.38039216 0.05882353
v -0.25662 0.45728 -0.33749 0.05882353 0.38039216 0.05882353
v -0.11531 0.5494 -0.41913 0.05882353 0.38039216 0.05882353
v -0.25662 0.45728 -0.33749 0.05882353 0.38039216 0.05882353
v -0.1615 0.40007 -0.29509 0.05882353 0.38039216 0.05882353
v -0.11531 0.5494 -0.41913 0.05882353 0.38039216 0.05882353
v -0.0358 0.43993 -0.35211 0.05882353 0.38039216 0.05882353
v -0.1615 0.40007 -0.29509 0.05882353 0.38039216 0.05882353
v -0.11531 0.5494 -0.41913 0.05882353 0.38039216 0.05882353
v -0.1615 0.40007 -0.29509 0.05882353 0.38039216 0.05882353
v -0.0358 0.43993 -0.35211 0.05882353 0.38039216 0.05882353
v -0.11531 0.5494 -0.41913 0.05882353 0.38039216 0.05882353
v -0.0382 0.46828 -0.42707 0.05882353 0.38039216 0.05882353
v -0.0358 0.43993 -0.35211 0.05882353 0.38039216 0.05882353
v -0.11531 0.5494 -0.41913 0.05882353 0.38039216 0.05882353
v -0.0358 0.43993 -0.35211 0.05882353 0.38039216 0.05882353
v -0.0382 0.46828 -0.42707 0.05882353 0.38039216 0.05882353
v -0.11531 0.5494 -0.41913 0.05882353 0.38039216 0.05882353
v -0.05133 0.53149 -0.45509 0.05882353 0.38039216 0.05882353
v -0.0382 0.46828 -0.42707 0.05882353 0.38039216 0.05882353
v -0.11531 0.5494 -0.41913 0.05882353 0.38039216 0.05882353
v -0.0382 0.46828 -0.42707 0.05882353 0.38039216 0.05882353
v -0.05133 0.53149 -0.45509 0.05882353 0.38039216 0.05882353
v -0.11531 0.5494 -0.41913 0.05882353 0.38039216 0.05882353
v -0.05758 0.48637 -0.48976 0.05882353 0.38039216 0.05882353
v -0.04418 0.54069 -0.45493 0.05882353 0.38039216 0.05882353
v -0.11531 0.5494 -0.41913 0.05882353 0.38039216 0.05882353
v -0.04418 0.54069 -0.45493 0.05882353 0.38039216 0.05882353
v -0.05758 0.48637 -0.48976 0.05882353 0.38039216 0.05882353
v -0.11531 0.5494 -0.41913 0.05882353 0.38039216 0.05882353
v -0.09497 0.46704 -0.52899 0.05882353 0.38039216 0.05882353
v -0.05758 0.48637 -0.48976 0.05882353 0.38039216 0.05882353
v -0.11531 0.5494 -0.41913 0.05882353 0.38039216 0.05882353
v -0.05758 0.48637 -0.48976 0.05882353 0.38039216 0.05882353
v -0.09497 0.46704 -0.52899 0.05882353 0.38039216 0.05882353
v -0.11531 0.5494 -0.41913 0.05882353 0.38039216 0.05882353
v -0.18897 0.41758 -0.52394 0.05882353 0.38039216 0.05882353
v -0.09497 0.46704 -0.52899 0.05882353 0.38039216 0.05882353
v -0.11531 0.5494 -0.41913 0.05882353 0.38039216 0.05882353
v -0.09497 0.46704 -0.52899 0.05882353 0.38039216 0.05882353
v -0.18897 0.41758 -0.52394 0.05882353 0.38039216 0.05882353
v -0.11531 0.5494 -0.41913 0.05882353 0.38039216 0.05882353
v -0.16333 0.39171 -0.42119 0.05882353 0.38039216 0.05882353
v -0.18897 0.41758 -0.52394 0.05882353 0.38039216 0.05882353
v -0.11531 0.5494 -0.41913 0.05882353 0.38039216 0.05882353
v -0.18897 0.41758 -0.52394 0.05882353 0.38039216 0.05882353
v -0.16333 0.39171 -0.42119 0.05882353 0.38039216 0.05882353
v -0.11531 0.5494 -0.41913 0.05882353 0.38039216 0.05882353
v -0.17119 0.47658 -0.38393 0.05882353 0.38039216 0.05882353
v -0.16333 0.39171 -0.42119 0.05882353 0.38039216 0.05882353
v -0.11531 0.5494 -0.41913 0.05882353 0.38039216 0.05882353
v -0.16333 0.39171 -0.42119 0.05882353 0.38039216 0.05882353
v -0.17119 0.47658 -0.38393 0.05882353 0.38039216 0.05882353
v -0.17119 0.47658 -0.38393 0.05882353 0.38039216 0.05882353
v -0.20717 0.31714 -0.38342 0.05882353 0.38039216 0.05882353
v -0.16333 0.39171 -0.42119 0.05882353 0.38039216 0.05882353
v -0.17119 0.47658 -0.38393 0.05882353 0.38039216 0.05882353
v -0.16333 0.39171 -0.42119 0.05882353 0.38039216 0.05882353
v -0.20717 0.31714 -0.38342 0.05882353 0.38039216 0.05882353
v 0.06817 0.594 -0.63149 0.07450981 0.38039216 0.07450981
v 0.0401 0.54117 -0.70008 0.07450981 0.38039216 0.07450981
v 0.13478 0.4338 -0.64678 0.07450981 0.38039216 0.07450981
v 0.06817 0.594 -0.63149 0.07450981 0.38039216 0.07450981
v 0.13478 0.4338 -0.64678 0.07450981 0.38039216 0.07450981
v 0.0401 0.54117 -0.70008 0.07450981 0.38039216 0.07450981
v 0.06817 0.594 -0.63149 0.07450981 0.38039216 0.07450981
v 0.0401 0.54117 -0.70008 0.07450981 0.38039216 0.07450981
v 0.05311 0.67552 -0.57895 0.07450981 0.38039216 0.07450981
v 0.06817 0.594 -0.63149 0.07450981 0.38039216 0.07450981
v 0.05311 0.67552 -0.57895 0.07450981 0.38039216 0.07450981
v 0.0401 0.54117 -0.70008 0.07450981 0.38039216 0.07450981
v 0.05311 0.67552 -0.57895 0.07450981 0.38039216 0.07450981
v -0.04044 0.55328 -0.70492 0.07450981 0.38039216 0.07450981
v 0.0401 0.54117 -0.70008 0.07450981 0.38039216 0.07450981
v 0.05311 0.67552 -0.57895 0.07450981 0.38039216 0.07450981
v 0.0401 0.54117 -0.70008 0.07450981 0.38039216 0.07450981
v -0.04044 0.55328 -0.70492 0.07450981 0.38039216 0.07450981
v 0.05311 0.67552 -0.57895 0.07450981 0.38039216 0.07450981
v -0.06955 0.58927 -0.5801 0.07450981 0.38039216 0.07450981
v -0.04044 0.55328 -0.70492 0.07450981 0.38039216 0.07450981
v 0.05311 0.67552 -0.57895 0.07450981 0.38039216 0.07450981
v -0.04044 0.55328 -0.70492 0.07450981 0.38039216 0.07450981
v -0.06955 0.58927 -0.5801 0.07450981 0.38039216 0.07450981
v 0.05311 0.67552 -0.57895 0.07450981 0.38039216 0.07450981
v -0.03403 0.6402 -0.51672 0.07450981 0.38039216 0.07450981
v -0.06955 0.58927 -0.5801 0.07450981 0.38039216 0.07450981
v 0.05311 0.67552 -0.57895 0.07450981 0.38039216 0.07450981
v -0.06955 0.58927 -0.5801 0.07450981 0.38039216 0.07450981
v -0.03403 0.6402 -0.51672 0.07450981 0.38039216 0.07450981
v 0.05311 0.67552 -0.57895 0.07450981 0.38039216 0.07450981
v -0.00209 0.67676 -0.50648 0.07450981 0.38039216 0.07450981
v -0.03403 0.6402 -0.51672 0.07450981 0.38039216 0.07450981
v 0.05311 0.67552 -0.57895 0.07450981 0.38039216 0.07450981
v -0.03403 0.6402 -0.51672 0.07450981 0.38039216 0.07450981
v -0.00209 0.67676 -0.50648 0.07450981 0.38039216 0.07450981
v 0.05311 0.67552 -0.57895 0.07450981 0.38039216 0.07450981
v 0.04993 0.64586 -0.46175 0.07450981 0.38039216 0.07450981
v 0.03334 0.65877 -0.49814 0.07450981 0.38039216 0.07450981
v 0.05311 0.67552 -0.57895 0.07450981 0.38039216 0.07450981
v 0.03334 0.65877 -0.49814 0.07450981 0.38039216 0.07450981
v 0.04993 0.64586 -0.46175 0.07450981 0.38039216 0.07450981
v 0.05311 0.67552 -0.57895 0.07450981 0.38039216 0.07450981
v 0.11805 0.58915 -0.47138 0.07450981 0.38039216 0.07450981
v 0.04993 0.64586 -0.46175 0.07450981 0.38039216 0.07450981
v 0.05311 0.67552 -0.57895 0.07450981 0.38039216 0.07450981
v 0.04993 0.64586 -0.46175 0.07450981 0.38039216 0.07450981
v 0.11805 0.58915 -0.47138 0.07450981 0.38039216 0.07450981
v 0.05311 0.67552 -0.57895 0.07450981 0.38039216 0.07450981
v 0.1789 0.53301 -0.56577 0.07450981 0.38039216 0.07450981
v 0.11805 0.58915 -0.47138 0.07450981 0.38039216 0.07450981
v 0.05311 0.67552 -0.57895 0.07450981 0.38039216 0.07450981
v 0.11805 0.58915 -0.47138 0.07450981 0.38039216 0.07450981
v 0.1789 0.53301 -0.56577 0.07450981 0.38039216 0.07450981
v 0.05311 0.67552 -0.57895 0.07450981 0.38039216 0.07450981
v 0.1923 0.58343 -0.64904 0.07450981 0.38039216 0.07450981
v 0.1789 0.53301 -0.56577 0.07450981 0.38039216 0.07450981
v 0.05311 0.67552 -0.57895 0.07450981 0.38039216 0.07450981
v 0.1789 0.53301 -0.56577 0.07450981 0.38039216 0.07450981
v 0.1923 0.58343 -0.64904 0.07450981 0.38039216 0.07450981
v 0.05311 0.67552 -0.57895 0.07450981 0.38039216 0.07450981
v 0.06817 0.594 -0.63149 0.07450981 0.38039216 0.07450981
v 0.1923 0.58343 -0.64904 0.07450981 0.38039216 0.07450981
v 0.05311 0.67552 -0.57895 0.07450981 0.38039216 0.07450981
v 0.1923 0.58343 -0.64904 0.07450981 0.38039216 0.07450981
v 0.06817 0.594 -0.63149 0.07450981 0.38039216 0.07450981
v 0.06817 0.594 -0.63149 0.07450981 0.38039216 0.07450981
v 0.13478 0.4338 -0.64678 0.07450981 0.38039216 0.07450981
v 0.1923 0.58343 -0.64904 0.07450981 0.38039216 0.07450981
v 0.06817 0.594 -0.63149 0.07450981 0.38039216 0.07450981
v 0.1923 0.58343 -0.64904 0.07450981 0.38039216 0.07450981
v 0.13478 0.4338 -0.64678 0.07450981 0.38039216 0.07450981
v 0.06165 0.70374 -0.33959 0.07058824 0.38039216 0.07058824
v 0.09668 0.68662 -0.25912 0.07058824 0.38039216 0.07058824
v 0.05945 0.56003 -0.30678 0.07058824 0.38039216 0.07058824
v 0.06165 0.70374 -0.33959 0.07058824 0.38039216 0.07058824
v 0.05945 0.56003 -0.30678 0.07058824 0.38039216 0.07058824
v 0.09668 0.68662 -0.25912 0.07058824 0.38039216 0.07058824
v 0.06165 0.70374 -0.33959 0.07058824 0.38039216 0.07058824
v 0.09668 0.68662 -0.25912 0.07058824 0.38039216 0.07058824
v 0.03434 0.76924 -0.39277 0.07058824 0.38039216 0.07058824
v 0.06165 0.70374 -0.33959 0.07058824 0.38039216 0.07058824
v 0.03434 0.76924 -0.39277 0.07058824 0.38039216 0.07058824
v 0.09668 0.68662 -0.25912 0.07058824 0.38039216 0.07058824
v 0.03434 0.76924 -0.39277 0.07058824 0.38039216 0.07058824
v 0.14232 0.63482 -0.34111 0.07058824 0.38039216 0.07058824
v 0.09668 0.68662 -0.25912 0.07058824 0.38039216 0.07058824
v 0.03434 0.76924 -0.39277 0.07058824 0.38039216 0.07058824
v 0.09668 0.68662 -0.25912 0.07058824 0.38039216 0.07058824
v 0.14232 0.63482 -0.34111 0.07058824 0.38039216 0.07058824
v 0.03434 0.76924 -0.39277 0.07058824 0.38039216 0.07058824
v 0.10093 0.67037 -0.45865 0.07058824 0.38039216 0.07058824
v 0.14232 0.63482 -0.34111 0.07058824 0.38039216 0.07058824
v 0.03434 0.76924 -0.39277 0.07058824 0.38039216 0.07058824
v 0.14232 0.63482 -0.34111 0.07058824 0.38039216 0.07058824
v 0.10093 0.67037 -0.45865 0.07058824 0.38039216 0.07058824
v 0.03434 0.76924 -0.39277 0.07058824 0.38039216 0.07058824
v 0.03336 0.69585 -0.46246 0.07058824 0.38039216 0.07058824
v 0.10093 0.67037 -0.45865 0.07058824 0.38039216 0.07058824
v 0.03434 0.76924 -0.39277 0.07058824 0.38039216 0.07058824
v 0.10093 0.67037 -0.45865 0.07058824 0.38039216 0.07058824
v 0.03336 0.69585 -0.46246 0.07058824 0.38039216 0.07058824
v 0.03434 0.76924 -0.39277 0.07058824 0.38039216 0.07058824
v 0.00708 0.75287 -0.45303 0.07058824 0.38039216 0.07058824
v 0.03336 0.69585 -0.46246 0.07058824 0.38039216 0.07058824
v 0.03434 0.76924 -0.39277 0.07058824 0.38039216 0.07058824
v 0.03336 0.69585 -0.46246 0.07058824 0.38039216 0.07058824
v 0.00708 0.75287 -0.45303 0.07058824 0.38039216 0.07058824
v 0.03434 0.76924 -0.39277 0.07058824 0.38039216 0.07058824
v -0.02452 0.71214 -0.45002 0.07058824 0.38039216 0.07058824
v 0.00778 0.76114 -0.45947 0.07058824 0.38039216 0.07058824
v 0.03434 0.76924 -0.39277 0.07058824 0.38039216 0.07058824
v 0.00778 0.76114 -0.45947 0.07058824 0.38039216 0.07058824
v -0.02452 0.71214 -0.45002 0.07058824 0.38039216 0.07058824
v 0.03434 0.76924 -0.39277 0.07058824 0.38039216 0.07058824
v -0.06269 0.69475 -0.41945 0.07058824 0.38039216 0.07058824
v -0.02452 0.71214 -0.45002 0.07058824 0.38039216 0.07058824
v 0.03434 0.76924 -0.39277 0.07058824 0.38039216 0.07058824
v -0.02452 0.71214 -0.45002 0.07058824 0.38039216 0.07058824
v -0.06269 0.69475 -0.41945 0.07058824 0.38039216 0.07058824
v 0.03434 0.76924 -0.39277 0.07058824 0.38039216 0.07058824
v -0.06549 0.6504 -0.33446 0.07058824 0.38039216 0.07058824
v -0.06269 0.69475 -0.41945 0.07058824 0.38039216 0.07058824
v 0.03434 0.76924 -0.39277 0.07058824 0.38039216 0.07058824
v -0.06269 0.69475 -0.41945 0.07058824 0.38039216 0.07058824
v -0.06549 0.6504 -0.33446 0.07058824 0.38039216 0.07058824
v 0.03434 0.76924 -0.39277 0.07058824 0.38039216 0.07058824
v 0.02887 0.62713 -0.34935 0.07058824 0.38039216 0.07058824
v -0.06549 0.6504 -0.33446 0.07058824 0.38039216 0.07058824
v 0.03434 0.76924 -0.39277 0.07058824 0.38039216 0.07058824
v -0.06549 0.6504 -0.33446 0.07058824 0.38039216 0.07058824
v 0.02887 0.62713 -0.34935 0.07058824 0.38039216 0.07058824
v 0.03434 0.76924 -0.39277 0.07058824 0.38039216 0.07058824
v 0.06165 0.70374 -0.33959 0.07058824 0.38039216 0.07058824
v 0.02887 0.62713 -0.34935 0.07058824 0.38039216 0.07058824
v 0.03434 0.76924 -0.39277 0.07058824 0.38039216 0.07058824
v 0.02887 0.62713 -0.34935 0.07058824 0.38039216 0.07058824
v 0.06165 0.70374 -0.33959 0.07058824 0.38039216 0.07058824
v 0.06165 0.70374 -0.33959 0.07058824 0.38039216 0.07058824
v 0.05945 0.56003 -0.30678 0.07058824 0.38039216 0.07058824
v 0.02887 0.62713 -0.34935 0.07058824 0.38039216 0.07058824
v 0.06165 0.70374 -0.33959 0.07058824 0.38039216 0.07058824
v 0.02887 0.62713 -0.34935 0.07058824 0.38039216 0.07058824
v 0.05945 0.56003 -0.30678 0.07058824 0.38039216 0.07058824
v -0.07925 0.81907 -0.54135 0.08627451 0.38039216 0.08627451
v -0.12469 0.77328 -0.47862 0.08627451 0.38039216 0.08627451
v -0.10439 0.72068 -0.5124 0.08627451 0.38039216 0.08627451
v -0.07925 0.81907 -0.54135 0.08627451 0.38039216 0.08627451
v -0.10439 0.72068 -0.5124 0.08627451 0.38039216 0.08627451
v -0.12469 0.77328 -0.47862 0.08627451 0.38039216 0.08627451
v -0.07925 0.81907 -0.54135 0.08627451 0.38039216 0.08627451
v -0.12469 0.77328 -0.47862 0.08627451 0.38039216 0.08627451
v -0.04491 0.85842 -0.50387 0.08627451 0.38039216 0.08627451
v -0.07925 0.81907 -0.54135 0.08627451 0.38039216 0.08627451
v -0.04491 0.85842 -0.50387 0.08627451 0.38039216 0.08627451
v -0.12469 0.77328 -0.47862 0.08627451 0.38039216 0.08627451
v -0.04491 0.85842 -0.50387 0.08627451 0.38039216 0.08627451
v -0.10921 0.77746 -0.43757 0.08627451 0.38039216 0.08627451
v -0.12469 0.77328 -0.47862 0.08627451 0.38039216 0.08627451
v -0.04491 0.85842 -0.50387 0.08627451 0.38039216 0.08627451
v -0.12469 0.77328 -0.47862 0.08627451 0.38039216 0.08627451
v -0.10921 0.77746 -0.43757 0.08627451 0.38039216 0.08627451
v -0.04491 0.85842 -0.50387 0.08627451 0.38039216 0.08627451
v -0.04134 0.80096 -0.41173 0.08627451 0.38039216 0.08627451
v -0.10921 0.77746 -0.43757 0.08627451 0.38039216 0.08627451
v -0.04491 0.85842 -0.50387 0.08627451 0.38039216 0.08627451
v -0.10921 0.77746 -0.43757 0.08627451 0.38039216 0.08627451
v -0.04134 0.80096 -0.41173 0.08627451 0.38039216 0.08627451
v -0.04491 0.85842 -0.50387 0.08627451 0.38039216 0.08627451
v -5e-05 0.80578 -0.44305 0.08627451 0.38039216 0.08627451
v -0.04134 0.80096 -0.41173 0.08627451 0.38039216 0.08627451
v -0.04491 0.85842 -0.50387 0.08627451 0.38039216 0.08627451
v -0.04134 0.80096 -0.41173 0.08627451 0.38039216 0.08627451
v -5e-05 0.80578 -0.44305 0.08627451 0.38039216 0.08627451
v -0.04491 0.85842 -0.50387 0.08627451 0.38039216 0.08627451
v 0.01319 0.82363 -0.48068 0.08627451 0.38039216 0.08627451
v -5e-05 0.80578 -0.44305 0.08627451 0.38039216 0.08627451
v -0.04491 0.85842 -0.50387 0.08627451 0.38039216 0.08627451
v -5e-05 0.80578 -0.44305 0.08627451 0.38039216 0.08627451
v 0.01319 0.82363 -0.48068 0.08627451 0.38039216 0.08627451
v -0.04491 0.85842 -0.50387 0.08627451 0.38039216 0.08627451
v 0.03686 0.82824 -0.4986 0.08627451 0.38039216 0.08627451
v 0.02145 0.83824 -0.48532 0.08627451 0.38039216 0.08627451
v -0.04491 0.85842 -0.50387 0.08627451 0.38039216 0.08627451
v 0.02145 0.83824 -0.48532 0.08627451 0.38039216 0.08627451
v 0.03686 0.82824 -0.4986 0.08627451 0.38039216 0.08627451
v -0.04491 0.85842 -0.50387 0.08627451 0.38039216 0.08627451
v 0.04465 0.81735 -0.52442 0.08627451 0.38039216 0.08627451
v 0.03686 0.82824 -0.4986 0.08627451 0.38039216 0.08627451
v -0.04491 0.85842 -0.50387 0.08627451 0.38039216 0.08627451
v 0.03686 0.82824 -0.4986 0.08627451 0.38039216 0.08627451
v 0.04465 0.81735 -0.52442 0.08627451 0.38039216 0.08627451
v -0.04491 0.85842 -0.50387 0.08627451 0.38039216 0.08627451
v -0.00524 0.79273 -0.60543 0.08627451 0.38039216 0.08627451
v 0.04465 0.81735 -0.52442 0.08627451 0.38039216 0.08627451
v -0.04491 0.85842 -0.50387 0.08627451 0.38039216 0.08627451
v 0.04465 0.81735 -0.52442 0.08627451 0.38039216 0.08627451
v -0.00524 0.79273 -0.60543 0.08627451 0.38039216 0.08627451
v -0.04491 0.85842 -0.50387 0.08627451 0.38039216 0.08627451
v -0.05948 0.76555 -0.5842 0.08627451 0.38039216 0.08627451
v -0.00524 0.79273 -0.60543 0.08627451 0.38039216 0.08627451
v -0.04491 0.85842 -0.50387 0.08627451 0.38039216 0.08627451
v -0.00524 0.79273 -0.60543 0.08627451 0.38039216 0.08627451
v -0.05948 0.76555 -0.5842 0.08627451 0.38039216 0.08627451
v -0.04491 0.85842 -0.50387 0.08627451 0.38039216 0.08627451
v -0.07925 0.81907 -0.54135 0.08627451 0.38039216 0.08627451
v -0.05948 0.76555 -0.5842 0.08627451 0.38039216 0.08627451
v -0.04491 0.85842 -0.50387 0.08627451 0.38039216 0.08627451
v -0.05948 0.76555 -0.5842 0.08627451 0.38039216 0.08627451
v -0.07925 0.81907 -0.54135 0.08627451 0.38039216 0.08627451
v -0.07925 0.81907 -0.54135 0.08627451 0.38039216 0.08627451
v -0.10439 0.72068 -0.5124 0.08627451 0.38039216 0.08627451
v -0.05948 0.76555 -0.5842 0.08627451 0.38039216 0.08627451
v -0.07925 0.81907 -0.54135 0.08627451 0.38039216 0.08627451
v -0.05948 0.76555 -0.5842 0.08627451 0.38039216 0.08627451
v -0.10439 0.72068 -0.5124 0.08627451 0.38039216 0.08627451
v 0.09079 0.92522 -0.48136 0.10980392 0.38039216 0.10980392
v 0.09554 0.89865 -0.53812 0.10980392 0.38039216 0.10980392
v 0.11441 0.86388 -0.51482 0.10980392 0.38039216 0.10980392
v 0.09079 0.92522 -0.48136 0.10980392 0.38039216 0.10980392
v 0.11441 0.86388 -0.51482 0.10980392 0.38039216 0.10980392
v 0.09554 0.89865 -0.53812 0.10980392 0.38039216 0.10980392
v 0.09079 0.92522 -0.48136 0.10980392 0.38039216 0.10980392
v 0.09554 0.89865 -0.53812 0.10980392 0.38039216 0.10980392
v 0.04784 0.93826 -0.48237 0.10980392 0.38039216 0.10980392
v 0.09079 0.92522 -0.48136 0.10980392 0.38039216 0.10980392
v 0.04784 0.93826 -0.48237 0.10980392 0.38039216 0.10980392
v 0.09554 0.89865 -0.53812 0.10980392 0.38039216 0.10980392
v 0.04784 0.93826 -0.48237 0.10980392 0.38039216 0.10980392
v 0.06874 0.89287 -0.5521 0.10980392 0.38039216 0.10980392
v 0.09554 0.89865 -0.53812 0.10980392 0.38039216 0.10980392
v 0.04784 0.93826 -0.48237 0.10980392 0.38039216 0.10980392
v 0.09554 0.89865 -0.53812 0.10980392 0.38039216 0.10980392
v 0.06874 0.89287 -0.5521 0.10980392 0.38039216 0.10980392
v 0.04784 0.93826 -0.48237 0.10980392 0.38039216 0.10980392
v 0.01921 0.88924 -0.53272 0.10980392 0.38039216 0.10980392
v 0.06874 0.89287 -0.5521 0.10980392 0.38039216 0.10980392
v 0.04784 0.93826 -0.48237 0.10980392 0.38039216 0.10980392
v 0.06874 0.89287 -0.5521 0.10980392 0.38039216 0.10980392
v 0.01921 0.88924 -0.53272 0.10980392 0.38039216 0.10980392
v 0.04784 0.93826 -0.48237 0.10980392 0.38039216 0.10980392
v 0.01261 0.88649 -0.49708 0.10980392 0.38039216 0.10980392
v 0.01921 0.88924 -0.53272 0.10980392 0.38039216 0.10980392
v 0.04784 0.93826 -0.48237 0.10980392 0.38039216 0.10980392
v 0.01921 0.88924 -0.53272 0.10980392 0.38039216 0.10980392
v 0.01261 0.88649 -0.49708 0.10980392 0.38039216 0.10980392
v 0.04784 0.93826 -0.48237 0.10980392 0.38039216 0.10980392
v 0.01879 0.89946 -0.47015 0.10980392 0.38039216 0.10980392
v 0.01261 0.88649 -0.49708 0.10980392 0.38039216 0.10980392
v 0.04784 0.93826 -0.48237 0.10980392 0.38039216 0.10980392
v 0.01261 0.88649 -0.49708 0.10980392 0.38039216 0.10980392
v 0.01879 0.89946 -0.47015 0.10980392 0.38039216 0.10980392
v 0.04784 0.93826 -0.48237 0.10980392 0.38039216 0.10980392
v 0.01452 0.89907 -0.4496 0.10980392 0.38039216 0.10980392
v 0.0133 0.90755 -0.46292 0.10980392 0.38039216 0.10980392
v 0.04784 0.93826 -0.48237 0.10980392 0.38039216 0.10980392
v 0.0133 0.90755 -0.46292 0.10980392 0.38039216 0.10980392
v 0.01452 0.89907 -0.4496 0.10980392 0.38039216 0.10980392
v 0.04784 0.93826 -0.48237 0.10980392 0.38039216 0.10980392
v 0.0252 0.89328 -0.43332 0.10980392 0.38039216 0.10980392
v 0.01452 0.89907 -0.4496 0.10980392 0.38039216 0.10980392
v 0.04784 0.93826 -0.48237 0.10980392 0.38039216 0.10980392
v 0.01452 0.89907 -0.4496 0.10980392 0.38039216 0.10980392
v 0.0252 0.89328 -0.43332 0.10980392 0.38039216 0.10980392
v 0.04784 0.93826 -0.48237 0.10980392 0.38039216 0.10980392
v 0.09134 0.89858 -0.41576 0.10980392 0.38039216 0.10980392
v 0.0252 0.89328 -0.43332 0.10980392 0.38039216 0.10980392
v 0.04784 0.93826 -0.48237 0.10980392 0.38039216 0.10980392
v 0.0252 0.89328 -0.43332 0.10980392 0.38039216 0.10980392
v 0.09134 0.89858 -0.41576 0.10980392 0.38039216 0.10980392
v 0.04784 0.93826 -0.48237 0.10980392 0.38039216 0.10980392
v 0.11421 0.89105 -0.45365 0.10980392 0.38039216 0.10980392
v 0.09134 0.89858 -0.41576 0.10980392 0.38039216 0.10980392
v 0.04784 0.93826 -0.48237 0.10980392 0.38039216 0.10980392
v 0.09134 0.89858 -0.41576 0.10980392 0.38039216 0.10980392
v 0.11421 0.89105 -0.45365 0.10980392 0.38039216 0.10980392
v 0.04784 0.93826 -0.48237 0.10980392 0.38039216 0.10980392
v 0.09079 0.92522 -0.48136 0.10980392 0.38039216 0.10980392
v 0.11421 0.89105 -0.45365 0.10980392 0.38039216 0.10980392
v 0.04784 0.93826 -0.48237 0.10980392 0.38039216 0.10980392
v 0.11421 0.89105 -0.45365 0.10980392 0.38039216 0.10980392
v 0.09079 0.92522 -0.48136 0.10980392 0.38039216 0.10980392
v 0.09079 0.92522 -0.48136 0.10980392 0.38039216 0.10980392
v 0.11441 0.86388 -0.51482 0.10980392 0.38039216 0.10980392
v 0.11421 0.89105 -0.45365 0.10980392 0.38039216 0.10980392
v 0.09079 0.92522 -0.48136 0.10980392 0.38039216 0.10980392
v 0.11421 0.89105 -0.45365 0.10980392 0.38039216 0.10980392
v 0.11441 0.86388 -0.51482 0.10980392 0.38039216 0.10980392
v -0.03714 1.02968 -0.42458 0.1254902 0.38039216 0.1254902
v -0.01889 1.02193 -0.39287 0.1254902 0.38039216 0.1254902
v -0.05483 1.01014 -0.40124 0.1254902 0.38039216 0.1254902
v -0.03714 1.02968 -0.42458 0.1254902 0.38039216 0.1254902
v -0.05483 1.01014 -0.40124 0.1254902 0.38039216 0.1254902
v -0.01889 1.02193 -0.39287 0.1254902 0.38039216 0.1254902
v -0.03714 1.02968 -0.42458 0.1254902 0.38039216 0.1254902
v -0.01889 1.02193 -0.39287 0.1254902 0.38039216 0.1254902
v -0.01165 1.01195 -0.45111 0.1254902 0.38039216 0.1254902
v -0.03714 1.02968 -0.42458 0.1254902 0.38039216 0.1254902
v -0.01165 1.01195 -0.45111 0.1254902 0.38039216 0.1254902
v -0.01889 1.02193 -0.39287 0.1254902 0.38039216 0.1254902
v -0.01165 1.01195 -0.45111 0.1254902 0.38039216 0.1254902
v 0.00775 1.01637 -0.40055 0.1254902 0.38039216 0.1254902
v -0.01889 1.02193 -0.39287 0.1254902 0.38039216 0.1254902
v -0.01165 1.01195 -0.45111 0.1254902 0.38039216 0.1254902
v -0.01889 1.02193 -0.39287 0.1254902 0.38039216 0.1254902
v 0.00775 1.01637 -0.40055 0.1254902 0.38039216 0.1254902
v -0.01165 1.01195 -0.45111 0.1254902 0.38039216 0.1254902
v 0.01757 0.99346 -0.42647 0.1254902 0.38039216 0.1254902
v 0.00775 1.01637 -0.40055 0.1254902 0.38039216 0.1254902
v -0.01165 1.01195 -0.45111 0.1254902 0.38039216 0.1254902
v 0.00775 1.01637 -0.40055 0.1254902 0.38039216 0.1254902
v 0.01757 0.99346 -0.42647 0.1254902 0.38039216 0.1254902
v -0.01165 1.01195 -0.45111 0.1254902 0.38039216 0.1254902
v 0.00179 0.98574 -0.44923 0.1254902 0.38039216 0.1254902
v 0.01757 0.99346 -0.42647 0.1254902 0.38039216 0.1254902
v -0.01165 1.01195 -0.45111 0.1254902 0.38039216 0.1254902
v 0.01757 0.99346 -0.42647 0.1254902 0.38039216 0.1254902
v 0.00179 0.98574 -0.44923 0.1254902 0.38039216 0.1254902
v -0.01165 1.01195 -0.45111 0.1254902 0.38039216 0.1254902
v -0.00535 0.99071 -0.461 0.1254902 0.38039216 0.1254902
v 0.00179 0.98574 -0.44923 0.1254902 0.38039216 0.1254902
v -0.01165 1.01195 -0.45111 0.1254902 0.38039216 0.1254902
v 0.00179 0.98574 -0.44923 0.1254902 0.38039216 0.1254902
v -0.00535 0.99071 -0.461 0.1254902 0.38039216 0.1254902
v -0.01165 1.01195 -0.45111 0.1254902 0.38039216 0.1254902
v -0.03294 0.98563 -0.47001 0.1254902 0.38039216 0.1254902
v -0.01434 0.99001 -0.46718 0.1254902 0.38039216 0.1254902
v -0.01165 1.01195 -0.45111 0.1254902 0.38039216 0.1254902
v -0.01434 0.99001 -0.46718 0.1254902 0.38039216 0.1254902
v -0.03294 0.98563 -0.47001 0.1254902 0.38039216 0.1254902
v -0.01165 1.01195 -0.45111 0.1254902 0.38039216 0.1254902
v -0.05169 0.99399 -0.46786 0.1254902 0.38039216 0.1254902
v -0.03294 0.98563 -0.47001 0.1254902 0.38039216 0.1254902
v -0.01165 1.01195 -0.45111 0.1254902 0.38039216 0.1254902
v -0.03294 0.98563 -0.47001 0.1254902 0.38039216 0.1254902
v -0.05169 0.99399 -0.46786 0.1254902 0.38039216 0.1254902
v -0.01165 1.01195 -0.45111 0.1254902 0.38039216 0.1254902
v -0.07282 1.02187 -0.45464 0.1254902 0.38039216 0.1254902
v -0.05169 0.99399 -0.46786 0.1254902 0.38039216 0.1254902
v -0.01165 1.01195 -0.45111 0.1254902 0.38039216 0.1254902
v -0.05169 0.99399 -0.46786 0.1254902 0.38039216 0.1254902
v -0.07282 1.02187 -0.45464 0.1254902 0.38039216 0.1254902
v -0.01165 1.01195 -0.45111 0.1254902 0.38039216 0.1254902
v -0.06638 1.03208 -0.4152 0.1254902 0.38039216 0.1254902
v -0.07282 1.02187 -0.45464 0.1254902 0.38039216 0.1254902
v -0.01165 1.01195 -0.45111 0.1254902 0.38039216 0.1254902
v -0.07282 1.02187 -0.45464 0.1254902 0.38039216 0.1254902
v -0.06638 1.03208 -0.4152 0.1254902 0.38039216 0.1254902
v -0.01165 1.01195 -0.45111 0.1254902 0.38039216 0.1254902
v -0.03714 1.02968 -0.42458 0.1254902 0.38039216 0.1254902
v -0.06638 1.03208 -0.4152 0.1254902 0.38039216 0.1254902
v -0.01165 1.01195 -0.45111 0.1254902 0.38039216 0.1254902
v -0.06638 1.03208 -0.4152 0.1254902 0.38039216 0.1254902
v -0.03714 1.02968 -0.42458 0.1254902 0.38039216 0.1254902
v -0.03714 1.02968 -0.42458 0.1254902 0.38039216 0.1254902
v -0.05483 1.01014 -0.40124 0.1254902 0.38039216 0.1254902
v -0.06638 1.03208 -0.4152 0.1254902 0.38039216 0.1254902
v -0.03714 1.02968 -0.42458 0.1254902 0.38039216 0.1254902
v -0.06638 1.03208 -0.4152 0.1254902 0.38039216 0.1254902
v -0.05483 1.01014 -0.40124 0.1254902 0.38039216 0.1254902
v 0.00101 1.06189 -0.48644 0.16862746 0.38039216 0.16862746
v -0.02175 1.06414 -0.49549 0.16862746 0.38039216 0.16862746
v -0.00039 1.06492 -0.50936 0.16862746 0.38039216 0.16862746
v 0.00101 1.06189 -0.48644 0.16862746 0.38039216 0.16862746
v -0.00039 1.06492 -0.50936 0.16862746 0.38039216 0.16862746
v -0.02175 1.06414 -0.49549 0.16862746 0.38039216 0.16862746
v 0.00101 1.06189 -0.48644 0.16862746 0.38039216 0.16862746
v -0.02175 1.06414 -0.49549 0.16862746 0.38039216 0.16862746
v -0.00109 1.03726 -0.47592 0.16862746 0.38039216 0.16862746
v 0.00101 1.06189 -0.48644 0.16862746 0.38039216 0.16862746
v -0.00109 1.03726 -0.47592 0.16862746 0.38039216 0.16862746
v -0.02175 1.06414 -0.49549 0.16862746 0.38039216 0.16862746
v -0.00109 1.03726 -0.47592 0.16862746 0.38039216 0.16862746
v -0.03208 1.05172 -0.48628 0.16862746 0.38039216 0.16862746
v -0.02175 1.06414 -0.49549 0.16862746 0.38039216 0.16862746
v -0.00109 1.03726 -0.47592 0.16862746 0.38039216 0.16862746
v -0.02175 1.06414 -0.49549 0.16862746 0.38039216 0.16862746
v -0.03208 1.05172 -0.48628 0.16862746 0.38039216 0.16862746
v -0.00109 1.03726 -0.47592 0.16862746 0.38039216 0.16862746
v -0.02665 1.02888 -0.48339 0.16862746 0.38039216 0.16862746
v -0.03208 1.05172 -0.48628 0.16862746 0.38039216 0.16862746
v -0.00109 1.03726 -0.47592 0.16862746 0.38039216 0.16862746
v -0.03208 1.05172 -0.48628 0.16862746 0.38039216 0.16862746
v -0.02665 1.02888 -0.48339 0.16862746 0.38039216 0.16862746
v -0.00109 1.03726 -0.47592 0.16862746 0.38039216 0.16862746
v -0.00929 1.0214 -0.48353 0.16862746 0.38039216 0.16862746
v -0.02665 1.02888 -0.48339 0.16862746 0.38039216 0.16862746
v -0.00109 1.03726 -0.47592 0.16862746 0.38039216 0.16862746
v -0.02665 1.02888 -0.48339 0.16862746 0.38039216 0.16862746
v -0.00929 1.0214 -0.48353 0.16862746 0.38039216 0.16862746
v -0.00109 1.03726 -0.47592 0.16862746 0.38039216 0.16862746
v -0.00061 1.02169 -0.47938 0.16862746 0.38039216 0.16862746
v -0.00929 1.0214 -0.48353 0.16862746 0.38039216 0.16862746
v -0.00109 1.03726 -0.47592 0.16862746 0.38039216 0.16862746
v -0.00929 1.0214 -0.48353 0.16862746 0.38039216 0.16862746
v -0.00061 1.02169 -0.47938 0.16862746 0.38039216 0.16862746
v -0.00109 1.03726 -0.47592 0.16862746 0.38039216 0.16862746
v 0.01698 1.02337 -0.48735 0.16862746 0.38039216 0.16862746
v 0.00651 1.0216 -0.48037 0.16862746 0.38039216 0.16862746
v -0.00109 1.03726 -0.47592 0.16862746 0.38039216 0.16862746
v 0.00651 1.0216 -0.48037 0.16862746 0.38039216 0.16862746
v 0.01698 1.02337 -0.48735 0.16862746 0.38039216 0.16862746
v -0.00109 1.03726 -0.47592 0.16862746 0.38039216 0.16862746
v 0.02573 1.03319 -0.49071 0.16862746 0.38039216 0.16862746
v 0.01698 1.02337 -0.48735 0.16862746 0.38039216 0.16862746
v -0.00109 1.03726 -0.47592 0.16862746 0.38039216 0.16862746
v 0.01698 1.02337 -0.48735 0.16862746 0.38039216 0.16862746
v 0.02573 1.03319 -0.49071 0.16862746 0.38039216 0.16862746
v -0.00109 1.03726 -0.47592 0.16862746 0.38039216 0.16862746
v 0.03148 1.0571 -0.49049 0.16862746 0.38039216 0.16862746
v 0.02573 1.03319 -0.49071 0.16862746 0.38039216 0.16862746
v -0.00109 1.03726 -0.47592 0.16862746 0.38039216 0.16862746
v 0.02573 1.03319 -0.49071 0.16862746 0.38039216 0.16862746
v 0.03148 1.0571 -0.49049 0.16862746 0.38039216 0.16862746
v -0.00109 1.03726 -0.47592 0.16862746 0.38039216 0.16862746
v 0.01185 1.07402 -0.49851 0.16862746 0.38039216 0.16862746
v 0.03148 1.0571 -0.49049 0.16862746 0.38039216 0.16862746
v -0.00109 1.03726 -0.47592 0.16862746 0.38039216 0.16862746
v 0.03148 1.0571 -0.49049 0.16862746 0.38039216 0.16862746
v 0.01185 1.07402 -0.49851 0.16862746 0.38039216 0.16862746
v -0.00109 1.03726 -0.47592 0.16862746 0.38039216 0.16862746
v 0.00101 1.06189 -0.48644 0.16862746 0.38039216 0.16862746
v 0.01185 1.07402 -0.49851 0.16862746 0.38039216 0.16862746
v -0.00109 1.03726 -0.47592 0.16862746 0.38039216 0.16862746
v 0.01185 1.07402 -0.49851 0.16862746 0.38039216 0.16862746
v 0.00101 1.06189 -0.48644 0.16862746 0.38039216 0.16862746
v 0.00101 1.06189 -0.48644 0.16862746 0.38039216 0.16862746
v -0.00039 1.06492 -0.50936 0.16862746 0.38039216 0.16862746
v 0.01185 1.07402 -0.49851 0.16862746 0.38039216 0.16862746
v 0.00101 1.06189 -0.48644 0.16862746 0.38039216 0.16862746
v 0.01185 1.07402 -0.49851 0.16862746 0.38039216 0.16862746
v -0.00039 1.06492 -0.50936 0.16862746 0.38039216 0.16862746
v 0.00131 1.06673 -0.4614 0.22745098 0.38039216 0.22745098
v 0.01678 1.0709 -0.46199 0.22745098 0.38039216 0.22745098
v 0.00633 1.07485 -0.4497 0.22745098 0.38039216 0.22745098
v 0.00131 1.06673 -0.4614 0.22745098 0.38039216 0.22745098
v 0.00633 1.07485 -0.4497 0.22745098 0.38039216 0.22745098
v 0.01678 1.0709 -0.46199 0.22745098 0.38039216 0.22745098
v 0.00131 1.06673 -0.4614 0.22745098 0.38039216 0.22745098
v 0.01678 1.0709 -0.46199 0.22745098 0.38039216 0.22745098
v 0.00317 1.04932 -0.46147 0.22745098 0.38039216 0.22745098
v 0.00131 1.06673 -0.4614 0.22745098 0.38039216 0.22745098
v 0.00317 1.04932 -0.46147 0.22745098 0.38039216 0.22745098
v 0.01678 1.0709 -0.46199 0.22745098 0.38039216 0.22745098
v 0.00317 1.04932 -0.46147 0.22745098 0.38039216 0.22745098
v 0.02263 1.06118 -0.46627 0.22745098 0.38039216 0.22745098
v 0.01678 1.0709 -0.46199 0.22745098 0.38039216 0.22745098
v 0.00317 1.04932 -0.46147 0.22745098 0.38039216 0.22745098
v 0.01678 1.0709 -0.46199 0.22745098 0.38039216 0.22745098
v 0.02263 1.06118 -0.46627 0.22745098 0.38039216 0.22745098
v 0.00317 1.04932 -0.46147 0.22745098 0.38039216 0.22745098
v 0.02119 1.04681 -0.46087 0.22745098 0.38039216 0.22745098
v 0.02263 1.06118 -0.46627 0.22745098 0.38039216 0.22745098
v 0.00317 1.04932 -0.46147 0.22745098 0.38039216 0.22745098
v 0.02263 1.06118 -0.46627 0.22745098 0.38039216 0.22745098
v 0.02119 1.04681 -0.46087 0.22745098 0.38039216 0.22745098
v 0.00317 1.04932 -0.46147 0.22745098 0.38039216 0.22745098
v 0.01138 1.04217 -0.45503 0.22745098 0.38039216 0.22745098
v 0.02119 1.04681 -0.46087 0.22745098 0.38039216 0.22745098
v 0.00317 1.04932 -0.46147 0.22745098 0.38039216 0.22745098
v 0.02119 1.04681 -0.46087 0.22745098 0.38039216 0.22745098
v 0.01138 1.04217 -0.45503 0.22745098 0.38039216 0.22745098
v 0.00317 1.04932 -0.46147 0.22745098 0.38039216 0.22745098
v 0.00522 1.04106 -0.45548 0.22745098 0.38039216 0.22745098
v 0.01138 1.04217 -0.45503 0.22745098 0.38039216 0.22745098
v 0.00317 1.04932 -0.46147 0.22745098 0.38039216 0.22745098
v 0.01138 1.04217 -0.45503 0.22745098 0.38039216 0.22745098
v 0.00522 1.04106 -0.45548 0.22745098 0.38039216 0.22745098
v 0.00317 1.04932 -0.46147 0.22745098 0.38039216 0.22745098
v -0.00417 1.04398 -0.44755 0.22745098 0.38039216 0.22745098
v 0.00106 1.04117 -0.45332 0.22745098 0.38039216 0.22745098
v 0.00317 1.04932 -0.46147 0.22745098 0.38039216 0.22745098
v 0.00106 1.04117 -0.45332 0.22745098 0.38039216 0.22745098
v -0.00417 1.04398 -0.44755 0.22745098 0.38039216 0.22745098
v 0.00317 1.04932 -0.46147 0.22745098 0.38039216 0.22745098
v -0.00993 1.05057 -0.44622 0.22745098 0.38039216 0.22745098
v -0.00417 1.04398 -0.44755 0.22745098 0.38039216 0.22745098
v 0.00317 1.04932 -0.46147 0.22745098 0.38039216 0.22745098
v -0.00417 1.04398 -0.44755 0.22745098 0.38039216 0.22745098
v -0.00993 1.05057 -0.44622 0.22745098 0.38039216 0.22745098
v 0.00317 1.04932 -0.46147 0.22745098 0.38039216 0.22745098
v -0.01605 1.06454 -0.45114 0.22745098 0.38039216 0.22745098
v -0.00993 1.05057 -0.44622 0.22745098 0.38039216 0.22745098
v 0.00317 1.04932 -0.46147 0.22745098 0.38039216 0.22745098
v -0.00993 1.05057 -0.44622 0.22745098 0.38039216 0.22745098
v -0.01605 1.06454 -0.45114 0.22745098 0.38039216 0.22745098
v 0.00317 1.04932 -0.46147 0.22745098 0.38039216 0.22745098
v -0.00428 1.07705 -0.45534 0.22745098 0.38039216 0.22745098
v -0.01605 1.06454 -0.45114 0.22745098 0.38039216 0.22745098
v 0.00317 1.04932 -0.46147 0.22745098 0.38039216 0.22745098
v -0.01605 1.06454 -0.45114 0.22745098 0.38039216 0.22745098
v -0.00428 1.07705 -0.45534 0.22745098 0.38039216 0.22745098
v 0.00317 1.04932 -0.46147 0.22745098 0.38039216 0.22745098
v 0.00131 1.06673 -0.4614 0.22745098 0.38039216 0.22745098
v -0.00428 1.07705 -0.45534 0.22745098 0.38039216 0.22745098
v 0.00317 1.04932 -0.46147 0.22745098 0.38039216 0.22745098
v -0.00428 1.07705 -0.45534 0.22745098 0.38039216 0.22745098
v 0.00131 1.06673 -0.4614 0.22745098 0.38039216 0.22745098
v 0.00131 1.06673 -0.4614 0.22745098 0.38039216 0.22745098
v 0.00633 1.07485 -0.4497 0.22745098 0.38039216 0.22745098
v -0.00428 1.07705 -0.45534 0.22745098 0.38039216 0.22745098
v 0.00131 1.06673 -0.4614 0.22745098 0.38039216 0.22745098
v -0.00428 1.07705 -0.45534 0.22745098 0.38039216 0.22745098
v 0.00633 1.07485 -0.4497 0.22745098 0.38039216 0.22745098
v 1.46746 0.2384 -0.58676 0.05490196 0.38039216 0.05490196
v 1.42567 0.22407 -0.58221 0.05490196 0.38039216 0.05490196
v 1.45735 0.20473 -0.60938 0.05490196 0.38039216 0.05490196
v 1.46746 0.2384 -0.58676 0.05490196 0.38039216 0.05490196
v 1.45735 0.20473 -0.60938 0.05490196 0.38039216 0.05490196
v 1.42567 0.22407 -0.58221 0.05490196 0.38039216 0.05490196
v 1.46746 0.2384 -0.58676 0.05490196 0.38039216 0.05490196
v 1.42567 0.22407 -0.58221 0.05490196 0.38039216 0.05490196
v 1.48221 0.2334 -0.54082 0.05490196 0.38039216 0.05490196
v 1.46746 0.2384 -0.58676 0.05490196 0.38039216 0.05490196
v 1.48221 0.2334 -0.54082 0.05490196 0.38039216 0.05490196
v 1.42567 0.22407 -0.58221 0.05490196 0.38039216 0.05490196
v 1.48221 0.2334 -0.54082 0.05490196 0.38039216 0.05490196
v 1.4186 0.22689 -0.5495 0.05490196 0.38039216 0.05490196
v 1.42567 0.22407 -0.58221 0.05490196 0.38039216 0.05490196
v 1.48221 0.2334 -0.54082 0.05490196 0.38039216 0.05490196
v 1.42567 0.22407 -0.58221 0.05490196 0.38039216 0.05490196
v 1.4186 0.22689 -0.5495 0.05490196 0.38039216 0.05490196
v 1.48221 0.2334 -0.54082 0.05490196 0.38039216 0.05490196
v 1.44285 0.21205 -0.51764 0.05490196 0.38039216 0.05490196
v 1.4186 0.22689 -0.5495 0.05490196 0.38039216 0.05490196
v 1.48221 0.2334 -0.54082 0.05490196 0.38039216 0.05490196
v 1.4186 0.22689 -0.5495 0.05490196 0.38039216 0.05490196
v 1.44285 0.21205 -0.51764 0.05490196 0.38039216 0.05490196
v 1.48221 0.2334 -0.54082 0.05490196 0.38039216 0.05490196
v 1.47657 0.20685 -0.51864 0.05490196 0.38039216 0.05490196
v 1.44285 0.21205 -0.51764 0.05490196 0.38039216 0.05490196
v 1.48221 0.2334 -0.54082 0.05490196 0.38039216 0.05490196
v 1.44285 0.21205 -0.51764 0.05490196 0.38039216 0.05490196
v 1.47657 0.20685 -0.51864 0.05490196 0.38039216 0.05490196
v 1.48221 0.2334 -0.54082 0.05490196 0.38039216 0.05490196
v 1.49197 0.21442 -0.52146 0.05490196 0.38039216 0.05490196
v 1.47657 0.20685 -0.51864 0.05490196 0.38039216 0.05490196
v 1.48221 0.2334 -0.54082 0.05490196 0.38039216 0.05490196
v 1.47657 0.20685 -0.51864 0.05490196 0.38039216 0.05490196
v 1.49197 0.21442 -0.52146 0.05490196 0.38039216 0.05490196
v 1.48221 0.2334 -0.54082 0.05490196 0.38039216 0.05490196
v 1.51829 0.20484 -0.54245 0.05490196 0.38039216 0.05490196
v 1.50368 0.21341 -0.52696 0.05490196 0.38039216 0.05490196
v 1.48221 0.2334 -0.54082 0.05490196 0.38039216 0.05490196
v 1.50368 0.21341 -0.52696 0.05490196 0.38039216 0.05490196
v 1.51829 0.20484 -0.54245 0.05490196 0.38039216 0.05490196
v 1.48221 0.2334 -0.54082 0.05490196 0.38039216 0.05490196
v 1.52585 0.20886 -0.56542 0.05490196 0.38039216 0.05490196
v 1.51829 0.20484 -0.54245 0.05490196 0.38039216 0.05490196
v 1.48221 0.2334 -0.54082 0.05490196 0.38039216 0.05490196
v 1.51829 0.20484 -0.54245 0.05490196 0.38039216 0.05490196
v 1.52585 0.20886 -0.56542 0.05490196 0.38039216 0.05490196
v 1.48221 0.2334 -0.54082 0.05490196 0.38039216 0.05490196
v 1.52041 0.23054 -0.60379 0.05490196 0.38039216 0.05490196
v 1.52585 0.20886 -0.56542 0.05490196 0.38039216 0.05490196
v 1.48221 0.2334 -0.54082 0.05490196 0.38039216 0.05490196
v 1.52585 0.20886 -0.56542 0.05490196 0.38039216 0.05490196
v 1.52041 0.23054 -0.60379 0.05490196 0.38039216 0.05490196
v 1.48221 0.2334 -0.54082 0.05490196 0.38039216 0.05490196
v 1.47485 0.23086 -0.62178 0.05490196 0.38039216 0.05490196
v 1.52041 0.23054 -0.60379 0.05490196 0.38039216 0.05490196
v 1.48221 0.2334 -0.54082 0.05490196 0.38039216 0.05490196
v 1.52041 0.23054 -0.60379 0.05490196 0.38039216 0.05490196
v 1.47485 0.23086 -0.62178 0.05490196 0.38039216 0.05490196
v 1.48221 0.2334 -0.54082 0.05490196 0.38039216 0.05490196
v 1.46746 0.2384 -0.58676 0.05490196 0.38039216 0.05490196
v 1.47485 0.23086 -0.62178 0.05490196 0.38039216 0.05490196
v 1.48221 0.2334 -0.54082 0.05490196 0.38039216 0.05490196
v 1.47485 0.23086 -0.62178 0.05490196 0.38039216 0.05490196
v 1.46746 0.2384 -0.58676 0.05490196 0.38039216 0.05490196
v 1.46746 0.2384 -0.58676 0.05490196 0.38039216 0.05490196
v 1.45735 0.20473 -0.60938 0.05490196 0.38039216 0.05490196
v 1.47485 0.23086 -0.62178 0.05490196 0.38039216 0.05490196
v 1.46746 0.2384 -0.58676 0.05490196 0.38039216 0.05490196
v 1.47485 0.23086 -0.62178 0.05490196 0.38039216 0.05490196
v 1.45735 0.20473 -0.60938 0.05490196 0.38039216 0.05490196
v 1.66276 0.34376 -0.40226 0.05490196 0.38039216 0.05490196
v 1.70426 0.29127 -0.47937 0.05490196 0.38039216 0.05490196
v 1.68301 0.23177 -0.43973 0.05490196 0.38039216 0.05490196
v 1.66276 0.34376 -0.40226 0.05490196 0.38039216 0.05490196
v 1.68301 0.23177 -0.43973 0.05490196 0.38039216 0.05490196
v 1.70426 0.29127 -0.47937 0.05490196 0.38039216 0.05490196
v 1.66276 0.34376 -0.40226 0.05490196 0.38039216 0.05490196
v 1.70426 0.29127 -0.47937 0.05490196 0.38039216 0.05490196
v 1.62135 0.39074 -0.43966 0.05490196 0.38039216 0.05490196
v 1.66276 0.34376 -0.40226 0.05490196 0.38039216 0.05490196
v 1.62135 0.39074 -0.43966 0.05490196 0.38039216 0.05490196
v 1.70426 0.29127 -0.47937 0.05490196 0.38039216 0.05490196
v 1.62135 0.39074 -0.43966 0.05490196 0.38039216 0.05490196
v 1.68204 0.29763 -0.52371 0.05490196 0.38039216 0.05490196
v 1.70426 0.29127 -0.47937 0.05490196 0.38039216 0.05490196
v 1.62135 0.39074 -0.43966 0.05490196 0.38039216 0.05490196
v 1.70426 0.29127 -0.47937 0.05490196 0.38039216 0.05490196
v 1.68204 0.29763 -0.52371 0.05490196 0.38039216 0.05490196
v 1.62135 0.39074 -0.43966 0.05490196 0.38039216 0.05490196
v 1.60351 0.32787 -0.54418 0.05490196 0.38039216 0.05490196
v 1.68204 0.29763 -0.52371 0.05490196 0.38039216 0.05490196
v 1.62135 0.39074 -0.43966 0.05490196 0.38039216 0.05490196
v 1.68204 0.29763 -0.52371 0.05490196 0.38039216 0.05490196
v 1.60351 0.32787 -0.54418 0.05490196 0.38039216 0.05490196
v 1.62135 0.39074 -0.43966 0.05490196 0.38039216 0.05490196
v 1.56098 0.33445 -0.50374 0.05490196 0.38039216 0.05490196
v 1.60351 0.32787 -0.54418 0.05490196 0.38039216 0.05490196
v 1.62135 0.39074 -0.43966 0.05490196 0.38039216 0.05490196
v 1.60351 0.32787 -0.54418 0.05490196 0.38039216 0.05490196
v 1.56098 0.33445 -0.50374 0.05490196 0.38039216 0.05490196
v 1.62135 0.39074 -0.43966 0.05490196 0.38039216 0.05490196
v 1.55143 0.35442 -0.45937 0.05490196 0.38039216 0.05490196
v 1.56098 0.33445 -0.50374 0.05490196 0.38039216 0.05490196
v 1.62135 0.39074 -0.43966 0.05490196 0.38039216 0.05490196
v 1.56098 0.33445 -0.50374 0.05490196 0.38039216 0.05490196
v 1.55143 0.35442 -0.45937 0.05490196 0.38039216 0.05490196
v 1.62135 0.39074 -0.43966 0.05490196 0.38039216 0.05490196
v 1.52713 0.36028 -0.43619 0.05490196 0.38039216 0.05490196
v 1.54337 0.37124 -0.45286 0.05490196 0.38039216 0.05490196
v 1.62135 0.39074 -0.43966 0.05490196 0.38039216 0.05490196
v 1.54337 0.37124 -0.45286 0.05490196 0.38039216 0.05490196
v 1.52713 0.36028 -0.43619 0.05490196 0.38039216 0.05490196
v 1.62135 0.39074 -0.43966 0.05490196 0.38039216 0.05490196
v 1.52097 0.3477 -0.40631 0.05490196 0.38039216 0.05490196
v 1.52713 0.36028 -0.43619 0.05490196 0.38039216 0.05490196
v 1.62135 0.39074 -0.43966 0.05490196 0.38039216 0.05490196
v 1.52713 0.36028 -0.43619 0.05490196 0.38039216 0.05490196
v 1.52097 0.3477 -0.40631 0.05490196 0.38039216 0.05490196
v 1.62135 0.39074 -0.43966 0.05490196 0.38039216 0.05490196
v 1.58585 0.31572 -0.32145 0.05490196 0.38039216 0.05490196
v 1.52097 0.3477 -0.40631 0.05490196 0.38039216 0.05490196
v 1.62135 0.39074 -0.43966 0.05490196 0.38039216 0.05490196
v 1.52097 0.3477 -0.40631 0.05490196 0.38039216 0.05490196
v 1.58585 0.31572 -0.32145 0.05490196 0.38039216 0.05490196
v 1.62135 0.39074 -0.43966 0.05490196 0.38039216 0.05490196
v 1.64315 0.28299 -0.35249 0.05490196 0.38039216 0.05490196
v 1.58585 0.31572 -0.32145 0.05490196 0.38039216 0.05490196
v 1.62135 0.39074 -0.43966 0.05490196 0.38039216 0.05490196
v 1.58585 0.31572 -0.32145 0.05490196 0.38039216 0.05490196
v 1.64315 0.28299 -0.35249 0.05490196 0.38039216 0.05490196
v 1.62135 0.39074 -0.43966 0.05490196 0.38039216 0.05490196
v 1.66276 0.34376 -0.40226 0.05490196 0.38039216 0.05490196
v 1.64315 0.28299 -0.35249 0.05490196 0.38039216 0.05490196
v 1.62135 0.39074 -0.43966 0.05490196 0.38039216 0.05490196
v 1.64315 0.28299 -0.35249 0.05490196 0.38039216 0.05490196
v 1.66276 0.34376 -0.40226 0.05490196 0.38039216 0.05490196
v 1.66276 0.34376 -0.40226 0.05490196 0.38039216 0.05490196
v 1.68301 0.23177 -0.43973 0.05490196 0.38039216 0.05490196
v 1.64315 0.28299 -0.35249 0.05490196 0.38039216 0.05490196
v 1.66276 0.34376 -0.40226 0.05490196 0.38039216 0.05490196
v 1.64315 0.28299 -0.35249 0.05490196 0.38039216 0.05490196
v 1.68301 0.23177 -0.43973 0.05490196 0.38039216 0.05490196
v 1.32914 0.4828 -0.38362 0.0627451 0.38039216 0.0627451
v 1.24648 0.4635 -0.33241 0.0627451 0.38039216 0.0627451
v 1.29325 0.32336 -0.38107 0.0627451 0.38039216 0.0627451
v 1.32914 0.4828 -0.38362 0.0627451 0.38039216 0.0627451
v 1.29325 0.32336 -0.38107 0.0627451 0.38039216 0.0627451
v 1.24648 0.4635 -0.33241 0.0627451 0.38039216 0.0627451
v 1.32914 0.4828 -0.38362 0.0627451 0.38039216 0.0627451
v 1.24648 0.4635 -0.33241 0.0627451 0.38039216 0.0627451
v 1.38293 0.55563 -0.42194 0.0627451 0.38039216 0.0627451
v 1.32914 0.4828 -0.38362 0.0627451 0.38039216 0.0627451
v 1.38293 0.55563 -0.42194 0.0627451 0.38039216 0.0627451
v 1.24648 0.4635 -0.33241 0.0627451 0.38039216 0.0627451
v 1.38293 0.55563 -0.42194 0.0627451 0.38039216 0.0627451
v 1.34387 0.4063 -0.29548 0.0627451 0.38039216 0.0627451
v 1.24648 0.4635 -0.33241 0.0627451 0.38039216 0.0627451
v 1.38293 0.55563 -0.42194 0.0627451 0.38039216 0.0627451
v 1.24648 0.4635 -0.33241 0.0627451 0.38039216 0.0627451
v 1.34387 0.4063 -0.29548 0.0627451 0.38039216 0.0627451
v 1.38293 0.55563 -0.42194 0.0627451 0.38039216 0.0627451
v 1.46612 0.44615 -0.35955 0.0627451 0.38039216 0.0627451
v 1.34387 0.4063 -0.29548 0.0627451 0.38039216 0.0627451
v 1.38293 0.55563 -0.42194 0.0627451 0.38039216 0.0627451
v 1.34387 0.4063 -0.29548 0.0627451 0.38039216 0.0627451
v 1.46612 0.44615 -0.35955 0.0627451 0.38039216 0.0627451
v 1.38293 0.55563 -0.42194 0.0627451 0.38039216 0.0627451
v 1.45946 0.4745 -0.43425 0.0627451 0.38039216 0.0627451
v 1.46612 0.44615 -0.35955 0.0627451 0.38039216 0.0627451
v 1.38293 0.55563 -0.42194 0.0627451 0.38039216 0.0627451
v 1.46612 0.44615 -0.35955 0.0627451 0.38039216 0.0627451
v 1.45946 0.4745 -0.43425 0.0627451 0.38039216 0.0627451
v 1.38293 0.55563 -0.42194 0.0627451 0.38039216 0.0627451
v 1.44476 0.53772 -0.46148 0.0627451 0.38039216 0.0627451
v 1.45946 0.4745 -0.43425 0.0627451 0.38039216 0.0627451
v 1.38293 0.55563 -0.42194 0.0627451 0.38039216 0.0627451
v 1.45946 0.4745 -0.43425 0.0627451 0.38039216 0.0627451
v 1.44476 0.53772 -0.46148 0.0627451 0.38039216 0.0627451
v 1.38293 0.55563 -0.42194 0.0627451 0.38039216 0.0627451
v 1.43655 0.49259 -0.49574 0.0627451 0.38039216 0.0627451
v 1.45191 0.54691 -0.46173 0.0627451 0.38039216 0.0627451
v 1.38293 0.55563 -0.42194 0.0627451 0.38039216 0.0627451
v 1.45191 0.54691 -0.46173 0.0627451 0.38039216 0.0627451
v 1.43655 0.49259 -0.49574 0.0627451 0.38039216 0.0627451
v 1.38293 0.55563 -0.42194 0.0627451 0.38039216 0.0627451
v 1.39699 0.47326 -0.53279 0.0627451 0.38039216 0.0627451
v 1.43655 0.49259 -0.49574 0.0627451 0.38039216 0.0627451
v 1.38293 0.55563 -0.42194 0.0627451 0.38039216 0.0627451
v 1.43655 0.49259 -0.49574 0.0627451 0.38039216 0.0627451
v 1.39699 0.47326 -0.53279 0.0627451 0.38039216 0.0627451
v 1.38293 0.55563 -0.42194 0.0627451 0.38039216 0.0627451
v 1.30344 0.42381 -0.5224 0.0627451 0.38039216 0.0627451
v 1.39699 0.47326 -0.53279 0.0627451 0.38039216 0.0627451
v 1.38293 0.55563 -0.42194 0.0627451 0.38039216 0.0627451
v 1.39699 0.47326 -0.53279 0.0627451 0.38039216 0.0627451
v 1.30344 0.42381 -0.5224 0.0627451 0.38039216 0.0627451
v 1.38293 0.55563 -0.42194 0.0627451 0.38039216 0.0627451
v 1.33487 0.39794 -0.42128 0.0627451 0.38039216 0.0627451
v 1.30344 0.42381 -0.5224 0.0627451 0.38039216 0.0627451
v 1.38293 0.55563 -0.42194 0.0627451 0.38039216 0.0627451
v 1.30344 0.42381 -0.5224 0.0627451 0.38039216 0.0627451
v 1.33487 0.39794 -0.42128 0.0627451 0.38039216 0.0627451
v 1.38293 0.55563 -0.42194 0.0627451 0.38039216 0.0627451
v 1.32914 0.4828 -0.38362 0.0627451 0.38039216 0.0627451
v 1.33487 0.39794 -0.42128 0.0627451 0.38039216 0.0627451
v 1.38293 0.55563 -0.42194 0.0627451 0.38039216 0.0627451
v 1.33487 0.39794 -0.42128 0.0627451 0.38039216 0.0627451
v 1.32914 0.4828 -0.38362 0.0627451 0.38039216 0.0627451
v 1.32914 0.4828 -0.38362 0.0627451 0.38039216 0.0627451
v 1.29325 0.32336 -0.38107 0.0627451 0.38039216 0.0627451
v 1.33487 0.39794 -0.42128 0.0627451 0.38039216 0.0627451
v 1.32914 0.4828 -0.38362 0.0627451 0.38039216 0.0627451
v 1.33487 0.39794 -0.42128 0.0627451 0.38039216 0.0627451
v 1.29325 0.32336 -0.38107 0.0627451 0.38039216 0.0627451
v 1.55374 0.5835 -0.64412 0.07058824 0.38039216 0.07058824
v 1.52181 0.53067 -0.711 0.07058824 0.38039216 0.07058824
v 1.61937 0.4233 -0.66317 0.07058824 0.38039216 0.07058824
v 1.55374 0.5835 -0.64412 0.07058824 0.38039216 0.07058824
v 1.61937 0.4233 -0.66317 0.07058824 0.38039216 0.07058824
v 1.52181 0.53067 -0.711 0.07058824 0.38039216 0.07058824
v 1.55374 0.5835 -0.64412 0.07058824 0.38039216 0.07058824
v 1.52181 0.53067 -0.711 0.07058824 0.38039216 0.07058824
v 1.54168 0.66502 -0.59081 0.07058824 0.38039216 0.07058824
v 1.55374 0.5835 -0.64412 0.07058824 0.38039216 0.07058824
v 1.54168 0.66502 -0.59081 0.07058824 0.38039216 0.07058824
v 1.52181 0.53067 -0.711 0.07058824 0.38039216 0.07058824
v 1.54168 0.66502 -0.59081 0.07058824 0.38039216 0.07058824
v 1.44113 0.54277 -0.71126 0.07058824 0.38039216 0.07058824
v 1.52181 0.53067 -0.711 0.07058824 0.38039216 0.07058824
v 1.54168 0.66502 -0.59081 0.07058824 0.38039216 0.07058824
v 1.52181 0.53067 -0.711 0.07058824 0.38039216 0.07058824
v 1.44113 0.54277 -0.71126 0.07058824 0.38039216 0.07058824
v 1.54168 0.66502 -0.59081 0.07058824 0.38039216 0.07058824
v 1.41916 0.57877 -0.58499 0.07058824 0.38039216 0.07058824
v 1.44113 0.54277 -0.71126 0.07058824 0.38039216 0.07058824
v 1.54168 0.66502 -0.59081 0.07058824 0.38039216 0.07058824
v 1.44113 0.54277 -0.71126 0.07058824 0.38039216 0.07058824
v 1.41916 0.57877 -0.58499 0.07058824 0.38039216 0.07058824
v 1.54168 0.66502 -0.59081 0.07058824 0.38039216 0.07058824
v 1.45822 0.62969 -0.52373 0.07058824 0.38039216 0.07058824
v 1.41916 0.57877 -0.58499 0.07058824 0.38039216 0.07058824
v 1.54168 0.66502 -0.59081 0.07058824 0.38039216 0.07058824
v 1.41916 0.57877 -0.58499 0.07058824 0.38039216 0.07058824
v 1.45822 0.62969 -0.52373 0.07058824 0.38039216 0.07058824
v 1.54168 0.66502 -0.59081 0.07058824 0.38039216 0.07058824
v 1.4907 0.66626 -0.51532 0.07058824 0.38039216 0.07058824
v 1.45822 0.62969 -0.52373 0.07058824 0.38039216 0.07058824
v 1.54168 0.66502 -0.59081 0.07058824 0.38039216 0.07058824
v 1.45822 0.62969 -0.52373 0.07058824 0.38039216 0.07058824
v 1.4907 0.66626 -0.51532 0.07058824 0.38039216 0.07058824
v 1.54168 0.66502 -0.59081 0.07058824 0.38039216 0.07058824
v 1.54517 0.63536 -0.47362 0.07058824 0.38039216 0.07058824
v 1.52654 0.64827 -0.509 0.07058824 0.38039216 0.07058824
v 1.54168 0.66502 -0.59081 0.07058824 0.38039216 0.07058824
v 1.52654 0.64827 -0.509 0.07058824 0.38039216 0.07058824
v 1.54517 0.63536 -0.47362 0.07058824 0.38039216 0.07058824
v 1.54168 0.66502 -0.59081 0.07058824 0.38039216 0.07058824
v 1.61263 0.57865 -0.48711 0.07058824 0.38039216 0.07058824
v 1.54517 0.63536 -0.47362 0.07058824 0.38039216 0.07058824
v 1.54168 0.66502 -0.59081 0.07058824 0.38039216 0.07058824
v 1.54517 0.63536 -0.47362 0.07058824 0.38039216 0.07058824
v 1.61263 0.57865 -0.48711 0.07058824 0.38039216 0.07058824
v 1.54168 0.66502 -0.59081 0.07058824 0.38039216 0.07058824
v 1.66802 0.52251 -0.5848 0.07058824 0.38039216 0.07058824
v 1.61263 0.57865 -0.48711 0.07058824 0.38039216 0.07058824
v 1.54168 0.66502 -0.59081 0.07058824 0.38039216 0.07058824
v 1.61263 0.57865 -0.48711 0.07058824 0.38039216 0.07058824
v 1.66802 0.52251 -0.5848 0.07058824 0.38039216 0.07058824
v 1.54168 0.66502 -0.59081 0.07058824 0.38039216 0.07058824
v 1.67667 0.57292 -0.6687 0.07058824 0.38039216 0.07058824
v 1.66802 0.52251 -0.5848 0.07058824 0.38039216 0.07058824
v 1.54168 0.66502 -0.59081 0.07058824 0.38039216 0.07058824
v 1.66802 0.52251 -0.5848 0.07058824 0.38039216 0.07058824
v 1.67667 0.57292 -0.6687 0.07058824 0.38039216 0.07058824
v 1.54168 0.66502 -0.59081 0.07058824 0.38039216 0.07058824
v 1.55374 0.5835 -0.64412 0.07058824 0.38039216 0.07058824
v 1.67667 0.57292 -0.6687 0.07058824 0.38039216 0.07058824
v 1.54168 0.66502 -0.59081 0.07058824 0.38039216 0.07058824
v 1.67667 0.57292 -0.6687 0.07058824 0.38039216 0.07058824
v 1.55374 0.5835 -0.64412 0.07058824 0.38039216 0.07058824
v 1.55374 0.5835 -0.64412 0.07058824 0.38039216 0.07058824
v 1.61937 0.4233 -0.66317 0.07058824 0.38039216 0.07058824
v 1.67667 0.57292 -0.6687 0.07058824 0.38039216 0.07058824
v 1.55374 0.5835 -0.64412 0.07058824 0.38039216 0.07058824
v 1.67667 0.57292 -0.6687 0.07058824 0.38039216 0.07058824
v 1.61937 0.4233 -0.66317 0.07058824 0.38039216 0.07058824
v 1.4631 0.69028 -0.33815 0.07450981 0.38039216 0.07450981
v 1.43332 0.67315 -0.25559 0.07450981 0.38039216 0.07450981
v 1.43897 0.54657 -0.31581 0.07450981 0.38039216 0.07450981
v 1.4631 0.69028 -0.33815 0.07450981 0.38039216 0.07450981
v 1.43897 0.54657 -0.31581 0.07450981 0.38039216 0.07450981
v 1.43332 0.67315 -0.25559 0.07450981 0.38039216 0.07450981
v 1.4631 0.69028 -0.33815 0.07450981 0.38039216 0.07450981
v 1.43332 0.67315 -0.25559 0.07450981 0.38039216 0.07450981
v 1.47974 0.75577 -0.39557 0.07450981 0.38039216 0.07450981
v 1.4631 0.69028 -0.33815 0.07450981 0.38039216 0.07450981
v 1.47974 0.75577 -0.39557 0.07450981 0.38039216 0.07450981
v 1.43332 0.67315 -0.25559 0.07450981 0.38039216 0.07450981
v 1.47974 0.75577 -0.39557 0.07450981 0.38039216 0.07450981
v 1.52279 0.62136 -0.28388 0.07450981 0.38039216 0.07450981
v 1.43332 0.67315 -0.25559 0.07450981 0.38039216 0.07450981
v 1.47974 0.75577 -0.39557 0.07450981 0.38039216 0.07450981
v 1.43332 0.67315 -0.25559 0.07450981 0.38039216 0.07450981
v 1.52279 0.62136 -0.28388 0.07450981 0.38039216 0.07450981
v 1.47974 0.75577 -0.39557 0.07450981 0.38039216 0.07450981
v 1.57338 0.6569 -0.39777 0.07450981 0.38039216 0.07450981
v 1.52279 0.62136 -0.28388 0.07450981 0.38039216 0.07450981
v 1.47974 0.75577 -0.39557 0.07450981 0.38039216 0.07450981
v 1.52279 0.62136 -0.28388 0.07450981 0.38039216 0.07450981
v 1.57338 0.6569 -0.39777 0.07450981 0.38039216 0.07450981
v 1.47974 0.75577 -0.39557 0.07450981 0.38039216 0.07450981
v 1.52686 0.68238 -0.44692 0.07450981 0.38039216 0.07450981
v 1.57338 0.6569 -0.39777 0.07450981 0.38039216 0.07450981
v 1.47974 0.75577 -0.39557 0.07450981 0.38039216 0.07450981
v 1.57338 0.6569 -0.39777 0.07450981 0.38039216 0.07450981
v 1.52686 0.68238 -0.44692 0.07450981 0.38039216 0.07450981
v 1.47974 0.75577 -0.39557 0.07450981 0.38039216 0.07450981
v 1.50129 0.7394 -0.45811 0.07450981 0.38039216 0.07450981
v 1.52686 0.68238 -0.44692 0.07450981 0.38039216 0.07450981
v 1.47974 0.75577 -0.39557 0.07450981 0.38039216 0.07450981
v 1.52686 0.68238 -0.44692 0.07450981 0.38039216 0.07450981
v 1.50129 0.7394 -0.45811 0.07450981 0.38039216 0.07450981
v 1.47974 0.75577 -0.39557 0.07450981 0.38039216 0.07450981
v 1.47624 0.69868 -0.47761 0.07450981 0.38039216 0.07450981
v 1.50621 0.74768 -0.46231 0.07450981 0.38039216 0.07450981
v 1.47974 0.75577 -0.39557 0.07450981 0.38039216 0.07450981
v 1.50621 0.74768 -0.46231 0.07450981 0.38039216 0.07450981
v 1.47624 0.69868 -0.47761 0.07450981 0.38039216 0.07450981
v 1.47974 0.75577 -0.39557 0.07450981 0.38039216 0.07450981
v 1.4275 0.68129 -0.48159 0.07450981 0.38039216 0.07450981
v 1.47624 0.69868 -0.47761 0.07450981 0.38039216 0.07450981
v 1.47974 0.75577 -0.39557 0.07450981 0.38039216 0.07450981
v 1.47624 0.69868 -0.47761 0.07450981 0.38039216 0.07450981
v 1.4275 0.68129 -0.48159 0.07450981 0.38039216 0.07450981
v 1.47974 0.75577 -0.39557 0.07450981 0.38039216 0.07450981
v 1.36712 0.63694 -0.42171 0.07450981 0.38039216 0.07450981
v 1.4275 0.68129 -0.48159 0.07450981 0.38039216 0.07450981
v 1.47974 0.75577 -0.39557 0.07450981 0.38039216 0.07450981
v 1.4275 0.68129 -0.48159 0.07450981 0.38039216 0.07450981
v 1.36712 0.63694 -0.42171 0.07450981 0.38039216 0.07450981
v 1.47974 0.75577 -0.39557 0.07450981 0.38039216 0.07450981
v 1.44596 0.61367 -0.36775 0.07450981 0.38039216 0.07450981
v 1.36712 0.63694 -0.42171 0.07450981 0.38039216 0.07450981
v 1.47974 0.75577 -0.39557 0.07450981 0.38039216 0.07450981
v 1.36712 0.63694 -0.42171 0.07450981 0.38039216 0.07450981
v 1.44596 0.61367 -0.36775 0.07450981 0.38039216 0.07450981
v 1.47974 0.75577 -0.39557 0.07450981 0.38039216 0.07450981
v 1.4631 0.69028 -0.33815 0.07450981 0.38039216 0.07450981
v 1.44596 0.61367 -0.36775 0.07450981 0.38039216 0.07450981
v 1.47974 0.75577 -0.39557 0.07450981 0.38039216 0.07450981
v 1.44596 0.61367 -0.36775 0.07450981 0.38039216 0.07450981
v 1.4631 0.69028 -0.33815 0.07450981 0.38039216 0.07450981
v 1.4631 0.69028 -0.33815 0.07450981 0.38039216 0.07450981
v 1.43897 0.54657 -0.31581 0.07450981 0.38039216 0.07450981
v 1.44596 0.61367 -0.36775 0.07450981 0.38039216 0.07450981
v 1.4631 0.69028 -0.33815 0.07450981 0.38039216 0.07450981
v 1.44596 0.61367 -0.36775 0.07450981 0.38039216 0.07450981
v 1.43897 0.54657 -0.31581 0.07450981 0.38039216 0.07450981
v 1.48723 0.80565 -0.58416 0.08627451 0.38039216 0.08627451
v 1.40985 0.75986 -0.58775 0.08627451 0.38039216 0.08627451
v 1.44924 0.70726 -0.5893 0.08627451 0.38039216 0.08627451
v 1.48723 0.80565 -0.58416 0.08627451 0.38039216 0.08627451
v 1.44924 0.70726 -0.5893 0.08627451 0.38039216 0.08627451
v 1.40985 0.75986 -0.58775 0.08627451 0.38039216 0.08627451
v 1.48723 0.80565 -0.58416 0.08627451 0.38039216 0.08627451
v 1.40985 0.75986 -0.58775 0.08627451 0.38039216 0.08627451
v 1.47472 0.845 -0.53488 0.08627451 0.38039216 0.08627451
v 1.48723 0.80565 -0.58416 0.08627451 0.38039216 0.08627451
v 1.47472 0.845 -0.53488 0.08627451 0.38039216 0.08627451
v 1.40985 0.75986 -0.58775 0.08627451 0.38039216 0.08627451
v 1.47472 0.845 -0.53488 0.08627451 0.38039216 0.08627451
v 1.38402 0.76404 -0.55229 0.08627451 0.38039216 0.08627451
v 1.40985 0.75986 -0.58775 0.08627451 0.38039216 0.08627451
v 1.47472 0.845 -0.53488 0.08627451 0.38039216 0.08627451
v 1.40985 0.75986 -0.58775 0.08627451 0.38039216 0.08627451
v 1.38402 0.76404 -0.55229 0.08627451 0.38039216 0.08627451
v 1.47472 0.845 -0.53488 0.08627451 0.38039216 0.08627451
v 1.39963 0.78754 -0.48136 0.08627451 0.38039216 0.08627451
v 1.38402 0.76404 -0.55229 0.08627451 0.38039216 0.08627451
v 1.47472 0.845 -0.53488 0.08627451 0.38039216 0.08627451
v 1.38402 0.76404 -0.55229 0.08627451 0.38039216 0.08627451
v 1.39963 0.78754 -0.48136 0.08627451 0.38039216 0.08627451
v 1.47472 0.845 -0.53488 0.08627451 0.38039216 0.08627451
v 1.44847 0.79236 -0.46402 0.08627451 0.38039216 0.08627451
v 1.39963 0.78754 -0.48136 0.08627451 0.38039216 0.08627451
v 1.47472 0.845 -0.53488 0.08627451 0.38039216 0.08627451
v 1.39963 0.78754 -0.48136 0.08627451 0.38039216 0.08627451
v 1.44847 0.79236 -0.46402 0.08627451 0.38039216 0.08627451
v 1.47472 0.845 -0.53488 0.08627451 0.38039216 0.08627451
v 1.48719 0.81021 -0.47358 0.08627451 0.38039216 0.08627451
v 1.44847 0.79236 -0.46402 0.08627451 0.38039216 0.08627451
v 1.47472 0.845 -0.53488 0.08627451 0.38039216 0.08627451
v 1.44847 0.79236 -0.46402 0.08627451 0.38039216 0.08627451
v 1.48719 0.81021 -0.47358 0.08627451 0.38039216 0.08627451
v 1.47472 0.845 -0.53488 0.08627451 0.38039216 0.08627451
v 1.51516 0.81482 -0.46361 0.08627451 0.38039216 0.08627451
v 1.49561 0.82482 -0.46922 0.08627451 0.38039216 0.08627451
v 1.47472 0.845 -0.53488 0.08627451 0.38039216 0.08627451
v 1.49561 0.82482 -0.46922 0.08627451 0.38039216 0.08627451
v 1.51516 0.81482 -0.46361 0.08627451 0.38039216 0.08627451
v 1.47472 0.845 -0.53488 0.08627451 0.38039216 0.08627451
v 1.54102 0.80393 -0.47126 0.08627451 0.38039216 0.08627451
v 1.51516 0.81482 -0.46361 0.08627451 0.38039216 0.08627451
v 1.47472 0.845 -0.53488 0.08627451 0.38039216 0.08627451
v 1.51516 0.81482 -0.46361 0.08627451 0.38039216 0.08627451
v 1.54102 0.80393 -0.47126 0.08627451 0.38039216 0.08627451
v 1.47472 0.845 -0.53488 0.08627451 0.38039216 0.08627451
v 1.5814 0.7793 -0.5574 0.08627451 0.38039216 0.08627451
v 1.54102 0.80393 -0.47126 0.08627451 0.38039216 0.08627451
v 1.47472 0.845 -0.53488 0.08627451 0.38039216 0.08627451
v 1.54102 0.80393 -0.47126 0.08627451 0.38039216 0.08627451
v 1.5814 0.7793 -0.5574 0.08627451 0.38039216 0.08627451
v 1.47472 0.845 -0.53488 0.08627451 0.38039216 0.08627451
v 1.53391 0.75213 -0.59111 0.08627451 0.38039216 0.08627451
v 1.5814 0.7793 -0.5574 0.08627451 0.38039216 0.08627451
v 1.47472 0.845 -0.53488 0.08627451 0.38039216 0.08627451
v 1.5814 0.7793 -0.5574 0.08627451 0.38039216 0.08627451
v 1.53391 0.75213 -0.59111 0.08627451 0.38039216 0.08627451
v 1.47472 0.845 -0.53488 0.08627451 0.38039216 0.08627451
v 1.48723 0.80565 -0.58416 0.08627451 0.38039216 0.08627451
v 1.53391 0.75213 -0.59111 0.08627451 0.38039216 0.08627451
v 1.47472 0.845 -0.53488 0.08627451 0.38039216 0.08627451
v 1.53391 0.75213 -0.59111 0.08627451 0.38039216 0.08627451
v 1.48723 0.80565 -0.58416 0.08627451 0.38039216 0.08627451
v 1.48723 0.80565 -0.58416 0.08627451 0.38039216 0.08627451
v 1.44924 0.70726 -0.5893 0.08627451 0.38039216 0.08627451
v 1.53391 0.75213 -0.59111 0.08627451 0.38039216 0.08627451
v 1.48723 0.80565 -0.58416 0.08627451 0.38039216 0.08627451
v 1.53391 0.75213 -0.59111 0.08627451 0.38039216 0.08627451
v 1.44924 0.70726 -0.5893 0.08627451 0.38039216 0.08627451
v 1.56832 0.91241 -0.45503 0.10980392 0.38039216 0.10980392
v 1.60394 0.88584 -0.49948 0.10980392 0.38039216 0.10980392
v 1.6066 0.85107 -0.46962 0.10980392 0.38039216 0.10980392
v 1.56832 0.91241 -0.45503 0.10980392 0.38039216 0.10980392
v 1.6066 0.85107 -0.46962 0.10980392 0.38039216 0.10980392
v 1.60394 0.88584 -0.49948 0.10980392 0.38039216 0.10980392
v 1.56832 0.91241 -0.45503 0.10980392 0.38039216 0.10980392
v 1.60394 0.88584 -0.49948 0.10980392 0.38039216 0.10980392
v 1.53325 0.92544 -0.47984 0.10980392 0.38039216 0.10980392
v 1.56832 0.91241 -0.45503 0.10980392 0.38039216 0.10980392
v 1.53325 0.92544 -0.47984 0.10980392 0.38039216 0.10980392
v 1.60394 0.88584 -0.49948 0.10980392 0.38039216 0.10980392
v 1.53325 0.92544 -0.47984 0.10980392 0.38039216 0.10980392
v 1.5895 0.88006 -0.52604 0.10980392 0.38039216 0.10980392
v 1.60394 0.88584 -0.49948 0.10980392 0.38039216 0.10980392
v 1.53325 0.92544 -0.47984 0.10980392 0.38039216 0.10980392
v 1.60394 0.88584 -0.49948 0.10980392 0.38039216 0.10980392
v 1.5895 0.88006 -0.52604 0.10980392 0.38039216 0.10980392
v 1.53325 0.92544 -0.47984 0.10980392 0.38039216 0.10980392
v 1.53759 0.87642 -0.5376 0.10980392 0.38039216 0.10980392
v 1.5895 0.88006 -0.52604 0.10980392 0.38039216 0.10980392
v 1.53325 0.92544 -0.47984 0.10980392 0.38039216 0.10980392
v 1.5895 0.88006 -0.52604 0.10980392 0.38039216 0.10980392
v 1.53759 0.87642 -0.5376 0.10980392 0.38039216 0.10980392
v 1.53325 0.92544 -0.47984 0.10980392 0.38039216 0.10980392
v 1.51222 0.87367 -0.51171 0.10980392 0.38039216 0.10980392
v 1.53759 0.87642 -0.5376 0.10980392 0.38039216 0.10980392
v 1.53325 0.92544 -0.47984 0.10980392 0.38039216 0.10980392
v 1.53759 0.87642 -0.5376 0.10980392 0.38039216 0.10980392
v 1.51222 0.87367 -0.51171 0.10980392 0.38039216 0.10980392
v 1.53325 0.92544 -0.47984 0.10980392 0.38039216 0.10980392
v 1.50232 0.88664 -0.48591 0.10980392 0.38039216 0.10980392
v 1.51222 0.87367 -0.51171 0.10980392 0.38039216 0.10980392
v 1.53325 0.92544 -0.47984 0.10980392 0.38039216 0.10980392
v 1.51222 0.87367 -0.51171 0.10980392 0.38039216 0.10980392
v 1.50232 0.88664 -0.48591 0.10980392 0.38039216 0.10980392
v 1.53325 0.92544 -0.47984 0.10980392 0.38039216 0.10980392
v 1.48731 0.88625 -0.47125 0.10980392 0.38039216 0.10980392
v 1.49373 0.89474 -0.48297 0.10980392 0.38039216 0.10980392
v 1.53325 0.92544 -0.47984 0.10980392 0.38039216 0.10980392
v 1.49373 0.89474 -0.48297 0.10980392 0.38039216 0.10980392
v 1.48731 0.88625 -0.47125 0.10980392 0.38039216 0.10980392
v 1.53325 0.92544 -0.47984 0.10980392 0.38039216 0.10980392
v 1.48709 0.88047 -0.45177 0.10980392 0.38039216 0.10980392
v 1.48731 0.88625 -0.47125 0.10980392 0.38039216 0.10980392
v 1.53325 0.92544 -0.47984 0.10980392 0.38039216 0.10980392
v 1.48731 0.88625 -0.47125 0.10980392 0.38039216 0.10980392
v 1.48709 0.88047 -0.45177 0.10980392 0.38039216 0.10980392
v 1.53325 0.92544 -0.47984 0.10980392 0.38039216 0.10980392
v 1.53217 0.88576 -0.40029 0.10980392 0.38039216 0.10980392
v 1.48709 0.88047 -0.45177 0.10980392 0.38039216 0.10980392
v 1.53325 0.92544 -0.47984 0.10980392 0.38039216 0.10980392
v 1.48709 0.88047 -0.45177 0.10980392 0.38039216 0.10980392
v 1.53217 0.88576 -0.40029 0.10980392 0.38039216 0.10980392
v 1.53325 0.92544 -0.47984 0.10980392 0.38039216 0.10980392
v 1.57229 0.87824 -0.41897 0.10980392 0.38039216 0.10980392
v 1.53217 0.88576 -0.40029 0.10980392 0.38039216 0.10980392
v 1.53325 0.92544 -0.47984 0.10980392 0.38039216 0.10980392
v 1.53217 0.88576 -0.40029 0.10980392 0.38039216 0.10980392
v 1.57229 0.87824 -0.41897 0.10980392 0.38039216 0.10980392
v 1.53325 0.92544 -0.47984 0.10980392 0.38039216 0.10980392
v 1.56832 0.91241 -0.45503 0.10980392 0.38039216 0.10980392
v 1.57229 0.87824 -0.41897 0.10980392 0.38039216 0.10980392
v 1.53325 0.92544 -0.47984 0.10980392 0.38039216 0.10980392
v 1.57229 0.87824 -0.41897 0.10980392 0.38039216 0.10980392
v 1.56832 0.91241 -0.45503 0.10980392 0.38039216 0.10980392
v 1.56832 0.91241 -0.45503 0.10980392 0.38039216 0.10980392
v 1.6066 0.85107 -0.46962 0.10980392 0.38039216 0.10980392
v 1.57229 0.87824 -0.41897 0.10980392 0.38039216 0.10980392
v 1.56832 0.91241 -0.45503 0.10980392 0.38039216 0.10980392
v 1.57229 0.87824 -0.41897 0.10980392 0.38039216 0.10980392
v 1.6066 0.85107 -0.46962 0.10980392 0.38039216 0.10980392
v 1.45502 1.01674 -0.42922 0.15294118 0.38039216 0.15294118
v 1.47783 1.00899 -0.40061 0.15294118 0.38039216 0.15294118
v 1.44105 0.99719 -0.40348 0.15294118 0.38039216 0.15294118
v 1.45502 1.01674 -0.42922 0.15294118 0.38039216 0.15294118
v 1.44105 0.99719 -0.40348 0.15294118 0.38039216 0.15294118
v 1.47783 1.00899 -0.40061 0.15294118 0.38039216 0.15294118
v 1.45502 1.01674 -0.42922 0.15294118 0.38039216 0.15294118
v 1.47783 1.00899 -0.40061 0.15294118 0.38039216 0.15294118
v 1.47624 0.999 -0.45927 0.15294118 0.38039216 0.15294118
v 1.45502 1.01674 -0.42922 0.15294118 0.38039216 0.15294118
v 1.47624 0.999 -0.45927 0.15294118 0.38039216 0.15294118
v 1.47783 1.00899 -0.40061 0.15294118 0.38039216 0.15294118
v 1.47624 0.999 -0.45927 0.15294118 0.38039216 0.15294118
v 1.50302 1.00343 -0.4122 0.15294118 0.38039216 0.15294118
v 1.47783 1.00899 -0.40061 0.15294118 0.38039216 0.15294118
v 1.47624 0.999 -0.45927 0.15294118 0.38039216 0.15294118
v 1.47783 1.00899 -0.40061 0.15294118 0.38039216 0.15294118
v 1.50302 1.00343 -0.4122 0.15294118 0.38039216 0.15294118
v 1.47624 0.999 -0.45927 0.15294118 0.38039216 0.15294118
v 1.50883 0.98051 -0.4393 0.15294118 0.38039216 0.15294118
v 1.50302 1.00343 -0.4122 0.15294118 0.38039216 0.15294118
v 1.47624 0.999 -0.45927 0.15294118 0.38039216 0.15294118
v 1.50302 1.00343 -0.4122 0.15294118 0.38039216 0.15294118
v 1.50883 0.98051 -0.4393 0.15294118 0.38039216 0.15294118
v 1.47624 0.999 -0.45927 0.15294118 0.38039216 0.15294118
v 1.48982 0.97279 -0.45943 0.15294118 0.38039216 0.15294118
v 1.50883 0.98051 -0.4393 0.15294118 0.38039216 0.15294118
v 1.47624 0.999 -0.45927 0.15294118 0.38039216 0.15294118
v 1.50883 0.98051 -0.4393 0.15294118 0.38039216 0.15294118
v 1.48982 0.97279 -0.45943 0.15294118 0.38039216 0.15294118
v 1.47624 0.999 -0.45927 0.15294118 0.38039216 0.15294118
v 1.48099 0.97776 -0.47 0.15294118 0.38039216 0.15294118
v 1.48982 0.97279 -0.45943 0.15294118 0.38039216 0.15294118
v 1.47624 0.999 -0.45927 0.15294118 0.38039216 0.15294118
v 1.48982 0.97279 -0.45943 0.15294118 0.38039216 0.15294118
v 1.48099 0.97776 -0.47 0.15294118 0.38039216 0.15294118
v 1.47624 0.999 -0.45927 0.15294118 0.38039216 0.15294118
v 1.45235 0.97268 -0.47476 0.15294118 0.38039216 0.15294118
v 1.47117 0.97706 -0.47475 0.15294118 0.38039216 0.15294118
v 1.47624 0.999 -0.45927 0.15294118 0.38039216 0.15294118
v 1.47117 0.97706 -0.47475 0.15294118 0.38039216 0.15294118
v 1.45235 0.97268 -0.47476 0.15294118 0.38039216 0.15294118
v 1.47624 0.999 -0.45927 0.15294118 0.38039216 0.15294118
v 1.43414 0.98104 -0.46982 0.15294118 0.38039216 0.15294118
v 1.45235 0.97268 -0.47476 0.15294118 0.38039216 0.15294118
v 1.47624 0.999 -0.45927 0.15294118 0.38039216 0.15294118
v 1.45235 0.97268 -0.47476 0.15294118 0.38039216 0.15294118
v 1.43414 0.98104 -0.46982 0.15294118 0.38039216 0.15294118
v 1.47624 0.999 -0.45927 0.15294118 0.38039216 0.15294118
v 1.41524 1.00892 -0.45358 0.15294118 0.38039216 0.15294118
v 1.43414 0.98104 -0.46982 0.15294118 0.38039216 0.15294118
v 1.47624 0.999 -0.45927 0.15294118 0.38039216 0.15294118
v 1.43414 0.98104 -0.46982 0.15294118 0.38039216 0.15294118
v 1.41524 1.00892 -0.45358 0.15294118 0.38039216 0.15294118
v 1.47624 0.999 -0.45927 0.15294118 0.38039216 0.15294118
v 1.42752 1.01914 -0.41555 0.15294118 0.38039216 0.15294118
v 1.41524 1.00892 -0.45358 0.15294118 0.38039216 0.15294118
v 1.47624 0.999 -0.45927 0.15294118 0.38039216 0.15294118
v 1.41524 1.00892 -0.45358 0.15294118 0.38039216 0.15294118
v 1.42752 1.01914 -0.41555 0.15294118 0.38039216 0.15294118
v 1.47624 0.999 -0.45927 0.15294118 0.38039216 0.15294118
v 1.45502 1.01674 -0.42922 0.15294118 0.38039216 0.15294118
v 1.42752 1.01914 -0.41555 0.15294118 0.38039216 0.15294118
v 1.47624 0.999 -0.45927 0.15294118 0.38039216 0.15294118
v 1.42752 1.01914 -0.41555 0.15294118 0.38039216 0.15294118
v 1.45502 1.01674 -0.42922 0.15294118 0.38039216 0.15294118
v 1.45502 1.01674 -0.42922 0.15294118 0.38039216 0.15294118
v 1.44105 0.99719 -0.40348 0.15294118 0.38039216 0.15294118
v 1.42752 1.01914 -0.41555 0.15294118 0.38039216 0.15294118
v 1.45502 1.01674 -0.42922 0.15294118 0.38039216 0.15294118
v 1.42752 1.01914 -0.41555 0.15294118 0.38039216 0.15294118
v 1.44105 0.99719 -0.40348 0.15294118 0.38039216 0.15294118
v 1.49687 1.04891 -0.4906 0.21568628 0.38039216 0.21568628
v 1.48615 1.05116 -0.51263 0.21568628 0.38039216 0.21568628
v 1.51127 1.05194 -0.50847 0.21568628 0.38039216 0.21568628
v 1.49687 1.04891 -0.4906 0.21568628 0.38039216 0.21568628
v 1.51127 1.05194 -0.50847 0.21568628 0.38039216 0.21568628
v 1.48615 1.05116 -0.51263 0.21568628 0.38039216 0.21568628
v 1.49687 1.04891 -0.4906 0.21568628 0.38039216 0.21568628
v 1.48615 1.05116 -0.51263 0.21568628 0.38039216 0.21568628
v 1.48822 1.02428 -0.48424 0.21568628 0.38039216 0.21568628
v 1.49687 1.04891 -0.4906 0.21568628 0.38039216 0.21568628
v 1.48822 1.02428 -0.48424 0.21568628 0.38039216 0.21568628
v 1.48615 1.05116 -0.51263 0.21568628 0.38039216 0.21568628
v 1.48822 1.02428 -0.48424 0.21568628 0.38039216 0.21568628
v 1.47231 1.03874 -0.51278 0.21568628 0.38039216 0.21568628
v 1.48615 1.05116 -0.51263 0.21568628 0.38039216 0.21568628
v 1.48822 1.02428 -0.48424 0.21568628 0.38039216 0.21568628
v 1.48615 1.05116 -0.51263 0.21568628 0.38039216 0.21568628
v 1.47231 1.03874 -0.51278 0.21568628 0.38039216 0.21568628
v 1.48822 1.02428 -0.48424 0.21568628 0.38039216 0.21568628
v 1.47438 1.0159 -0.50699 0.21568628 0.38039216 0.21568628
v 1.47231 1.03874 -0.51278 0.21568628 0.38039216 0.21568628
v 1.48822 1.02428 -0.48424 0.21568628 0.38039216 0.21568628
v 1.47231 1.03874 -0.51278 0.21568628 0.38039216 0.21568628
v 1.47438 1.0159 -0.50699 0.21568628 0.38039216 0.21568628
v 1.48822 1.02428 -0.48424 0.21568628 0.38039216 0.21568628
v 1.48729 1.00842 -0.49539 0.21568628 0.38039216 0.21568628
v 1.47438 1.0159 -0.50699 0.21568628 0.38039216 0.21568628
v 1.48822 1.02428 -0.48424 0.21568628 0.38039216 0.21568628
v 1.47438 1.0159 -0.50699 0.21568628 0.38039216 0.21568628
v 1.48729 1.00842 -0.49539 0.21568628 0.38039216 0.21568628
v 1.48822 1.02428 -0.48424 0.21568628 0.38039216 0.21568628
v 1.49091 1.00871 -0.48647 0.21568628 0.38039216 0.21568628
v 1.48729 1.00842 -0.49539 0.21568628 0.38039216 0.21568628
v 1.48822 1.02428 -0.48424 0.21568628 0.38039216 0.21568628
v 1.48729 1.00842 -0.49539 0.21568628 0.38039216 0.21568628
v 1.49091 1.00871 -0.48647 0.21568628 0.38039216 0.21568628
v 1.48822 1.02428 -0.48424 0.21568628 0.38039216 0.21568628
v 1.50927 1.01039 -0.48051 0.21568628 0.38039216 0.21568628
v 1.49683 1.00862 -0.48241 0.21568628 0.38039216 0.21568628
v 1.48822 1.02428 -0.48424 0.21568628 0.38039216 0.21568628
v 1.49683 1.00862 -0.48241 0.21568628 0.38039216 0.21568628
v 1.50927 1.01039 -0.48051 0.21568628 0.38039216 0.21568628
v 1.48822 1.02428 -0.48424 0.21568628 0.38039216 0.21568628
v 1.518 1.02021 -0.47709 0.21568628 0.38039216 0.21568628
v 1.50927 1.01039 -0.48051 0.21568628 0.38039216 0.21568628
v 1.48822 1.02428 -0.48424 0.21568628 0.38039216 0.21568628
v 1.50927 1.01039 -0.48051 0.21568628 0.38039216 0.21568628
v 1.518 1.02021 -0.47709 0.21568628 0.38039216 0.21568628
v 1.48822 1.02428 -0.48424 0.21568628 0.38039216 0.21568628
v 1.5221 1.04412 -0.47305 0.21568628 0.38039216 0.21568628
v 1.518 1.02021 -0.47709 0.21568628 0.38039216 0.21568628
v 1.48822 1.02428 -0.48424 0.21568628 0.38039216 0.21568628
v 1.518 1.02021 -0.47709 0.21568628 0.38039216 0.21568628
v 1.5221 1.04412 -0.47305 0.21568628 0.38039216 0.21568628
v 1.48822 1.02428 -0.48424 0.21568628 0.38039216 0.21568628
v 1.51301 1.06104 -0.49221 0.21568628 0.38039216 0.21568628
v 1.5221 1.04412 -0.47305 0.21568628 0.38039216 0.21568628
v 1.48822 1.02428 -0.48424 0.21568628 0.38039216 0.21568628
v 1.5221 1.04412 -0.47305 0.21568628 0.38039216 0.21568628
v 1.51301 1.06104 -0.49221 0.21568628 0.38039216 0.21568628
v 1.48822 1.02428 -0.48424 0.21568628 0.38039216 0.21568628
v 1.49687 1.04891 -0.4906 0.21568628 0.38039216 0.21568628
v 1.51301 1.06104 -0.49221 0.21568628 0.38039216 0.21568628
v 1.48822 1.02428 -0.48424 0.21568628 0.38039216 0.21568628
v 1.51301 1.06104 -0.49221 0.21568628 0.38039216 0.21568628
v 1.49687 1.04891 -0.4906 0.21568628 0.38039216 0.21568628
v 1.49687 1.04891 -0.4906 0.21568628 0.38039216 0.21568628
v 1.51127 1.05194 -0.50847 0.21568628 0.38039216 0.21568628
v 1.51301 1.06104 -0.49221 0.21568628 0.38039216 0.21568628
v 1.49687 1.04891 -0.4906 0.21568628 0.38039216 0.21568628
v 1.51301 1.06104 -0.49221 0.21568628 0.38039216 0.21568628
v 1.51127 1.05194 -0.50847 0.21568628 0.38039216 0.21568628
v 1.48808 1.05339 -0.4702 0.22745098 0.38039216 0.22745098
v 1.5035 1.05756 -0.47167 0.22745098 0.38039216 0.22745098
v 1.49376 1.06151 -0.45881 0.22745098 0.38039216 0.22745098
v 1.48808 1.05339 -0.4702 0.22745098 0.38039216 0.22745098
v 1.49376 1.06151 -0.45881 0.22745098 0.38039216 0.22745098
v 1.5035 1.05756 -0.47167 0.22745098 0.38039216 0.22745098
v 1.48808 1.05339 -0.4702 0.22745098 0.38039216 0.22745098
v 1.5035 1.05756 -0.47167 0.22745098 0.38039216 0.22745098
v 1.48994 1.03598 -0.47038 0.22745098 0.38039216 0.22745098
v 1.48808 1.05339 -0.4702 0.22745098 0.38039216 0.22745098
v 1.48994 1.03598 -0.47038 0.22745098 0.38039216 0.22745098
v 1.5035 1.05756 -0.47167 0.22745098 0.38039216 0.22745098
v 1.48994 1.03598 -0.47038 0.22745098 0.38039216 0.22745098
v 1.5091 1.04785 -0.47628 0.22745098 0.38039216 0.22745098
v 1.5035 1.05756 -0.47167 0.22745098 0.38039216 0.22745098
v 1.48994 1.03598 -0.47038 0.22745098 0.38039216 0.22745098
v 1.5035 1.05756 -0.47167 0.22745098 0.38039216 0.22745098
v 1.5091 1.04785 -0.47628 0.22745098 0.38039216 0.22745098
v 1.48994 1.03598 -0.47038 0.22745098 0.38039216 0.22745098
v 1.50797 1.03348 -0.4708 0.22745098 0.38039216 0.22745098
v 1.5091 1.04785 -0.47628 0.22745098 0.38039216 0.22745098
v 1.48994 1.03598 -0.47038 0.22745098 0.38039216 0.22745098
v 1.5091 1.04785 -0.47628 0.22745098 0.38039216 0.22745098
v 1.50797 1.03348 -0.4708 0.22745098 0.38039216 0.22745098
v 1.48994 1.03598 -0.47038 0.22745098 0.38039216 0.22745098
v 1.49851 1.02883 -0.46441 0.22745098 0.38039216 0.22745098
v 1.50797 1.03348 -0.4708 0.22745098 0.38039216 0.22745098
v 1.48994 1.03598 -0.47038 0.22745098 0.38039216 0.22745098
v 1.50797 1.03348 -0.4708 0.22745098 0.38039216 0.22745098
v 1.49851 1.02883 -0.46441 0.22745098 0.38039216 0.22745098
v 1.48994 1.03598 -0.47038 0.22745098 0.38039216 0.22745098
v 1.49233 1.02772 -0.46452 0.22745098 0.38039216 0.22745098
v 1.49851 1.02883 -0.46441 0.22745098 0.38039216 0.22745098
v 1.48994 1.03598 -0.47038 0.22745098 0.38039216 0.22745098
v 1.49851 1.02883 -0.46441 0.22745098 0.38039216 0.22745098
v 1.49233 1.02772 -0.46452 0.22745098 0.38039216 0.22745098
v 1.48994 1.03598 -0.47038 0.22745098 0.38039216 0.22745098
v 1.4834 1.03064 -0.45606 0.22745098 0.38039216 0.22745098
v 1.4883 1.02783 -0.46212 0.22745098 0.38039216 0.22745098
v 1.48994 1.03598 -0.47038 0.22745098 0.38039216 0.22745098
v 1.4883 1.02783 -0.46212 0.22745098 0.38039216 0.22745098
v 1.4834 1.03064 -0.45606 0.22745098 0.38039216 0.22745098
v 1.48994 1.03598 -0.47038 0.22745098 0.38039216 0.22745098
v 1.47773 1.03723 -0.45441 0.22745098 0.38039216 0.22745098
v 1.4834 1.03064 -0.45606 0.22745098 0.38039216 0.22745098
v 1.48994 1.03598 -0.47038 0.22745098 0.38039216 0.22745098
v 1.4834 1.03064 -0.45606 0.22745098 0.38039216 0.22745098
v 1.47773 1.03723 -0.45441 0.22745098 0.38039216 0.22745098
v 1.48994 1.03598 -0.47038 0.22745098 0.38039216 0.22745098
v 1.47133 1.05121 -0.45897 0.22745098 0.38039216 0.22745098
v 1.47773 1.03723 -0.45441 0.22745098 0.38039216 0.22745098
v 1.48994 1.03598 -0.47038 0.22745098 0.38039216 0.22745098
v 1.47773 1.03723 -0.45441 0.22745098 0.38039216 0.22745098
v 1.47133 1.05121 -0.45897 0.22745098 0.38039216 0.22745098
v 1.48994 1.03598 -0.47038 0.22745098 0.38039216 0.22745098
v 1.48286 1.06371 -0.46383 0.22745098 0.38039216 0.22745098
v 1.47133 1.05121 -0.45897 0.22745098 0.38039216 0.22745098
v 1.48994 1.03598 -0.47038 0.22745098 0.38039216 0.22745098
v 1.47133 1.05121 -0.45897 0.22745098 0.38039216 0.22745098
v 1.48286 1.06371 -0.46383 0.22745098 0.38039216 0.22745098
v 1.48994 1.03598 -0.47038 0.22745098 0.38039216 0.22745098
v 1.48808 1.05339 -0.4702 0.22745098 0.38039216 0.22745098
v 1.48286 1.06371 -0.46383 0.22745098 0.38039216 0.22745098
v 1.48994 1.03598 -0.47038 0.22745098 0.38039216 0.22745098
v 1.48286 1.06371 -0.46383 0.22745098 0.38039216 0.22745098
v 1.48808 1.05339 -0.4702 0.22745098 0.38039216 0.22745098
v 1.48808 1.05339 -0.4702 0.22745098 0.38039216 0.22745098
v 1.49376 1.06151 -0.45881 0.22745098 0.38039216 0.22745098
v 1.48286 1.06371 -0.46383 0.22745098 0.38039216 0.22745098
v 1.48808 1.05339 -0.4702 0.22745098 0.38039216 0.22745098
v 1.48286 1.06371 -0.46383 0.22745098 0.38039216 0.22745098
v 1.49376 1.06151 -0.45881 0.22745098 0.38039216 0.22745098
v -1.51895 0.2384 -1.0907 0.05490196 0.38039216 0.05490196
v -1.56095 0.22407 -1.09257 0.05490196 0.38039216 0.05490196
v -1.52549 0.20473 -1.1146 0.05490196 0.38039216 0.05490196
v -1.51895 0.2384 -1.0907 0.05490196 0.38039216 0.05490196
v -1.52549 0.20473 -1.1146 0.05490196 0.38039216 0.05490196
v -1.56095 0.22407 -1.09257 0.05490196 0.38039216 0.05490196
v -1.51895 0.2384 -1.0907 0.05490196 0.38039216 0.05490196
v -1.56095 0.22407 -1.09257 0.05490196 0.38039216 0.05490196
v -1.51137 0.2334 -1.04305 0.05490196 0.38039216 0.05490196
v -1.51895 0.2384 -1.0907 0.05490196 0.38039216 0.05490196
v -1.51137 0.2334 -1.04305 0.05490196 0.38039216 0.05490196
v -1.56095 0.22407 -1.09257 0.05490196 0.38039216 0.05490196
v -1.51137 0.2334 -1.04305 0.05490196 0.38039216 0.05490196
v -1.57291 0.22689 -1.06132 0.05490196 0.38039216 0.05490196
v -1.56095 0.22407 -1.09257 0.05490196 0.38039216 0.05490196
v -1.51137 0.2334 -1.04305 0.05490196 0.38039216 0.05490196
v -1.56095 0.22407 -1.09257 0.05490196 0.38039216 0.05490196
v -1.57291 0.22689 -1.06132 0.05490196 0.38039216 0.05490196
v -1.51137 0.2334 -1.04305 0.05490196 0.38039216 0.05490196
v -1.55379 0.21205 -1.02613 0.05490196 0.38039216 0.05490196
v -1.57291 0.22689 -1.06132 0.05490196 0.38039216 0.05490196
v -1.51137 0.2334 -1.04305 0.05490196 0.38039216 0.05490196
v -1.57291 0.22689 -1.06132 0.05490196 0.38039216 0.05490196
v -1.55379 0.21205 -1.02613 0.05490196 0.38039216 0.05490196
v -1.51137 0.2334 -1.04305 0.05490196 0.38039216 0.05490196
v -1.52032 0.20685 -1.02199 0.05490196 0.38039216 0.05490196
v -1.55379 0.21205 -1.02613 0.05490196 0.38039216 0.05490196
v -1.51137 0.2334 -1.04305 0.05490196 0.38039216 0.05490196
v -1.55379 0.21205 -1.02613 0.05490196 0.38039216 0.05490196
v -1.52032 0.20685 -1.02199 0.05490196 0.38039216 0.05490196
v -1.51137 0.2334 -1.04305 0.05490196 0.38039216 0.05490196
v -1.50467 0.21442 -1.02243 0.05490196 0.38039216 0.05490196
v -1.52032 0.20685 -1.02199 0.05490196 0.38039216 0.05490196
v -1.51137 0.2334 -1.04305 0.05490196 0.38039216 0.05490196
v -1.52032 0.20685 -1.02199 0.05490196 0.38039216 0.05490196
v -1.50467 0.21442 -1.02243 0.05490196 0.38039216 0.05490196
v -1.51137 0.2334 -1.04305 0.05490196 0.38039216 0.05490196
v -1.47546 0.20484 -1.03917 0.05490196 0.38039216 0.05490196
v -1.49226 0.21341 -1.02608 0.05490196 0.38039216 0.05490196
v -1.51137 0.2334 -1.04305 0.05490196 0.38039216 0.05490196
v -1.49226 0.21341 -1.02608 0.05490196 0.38039216 0.05490196
v -1.47546 0.20484 -1.03917 0.05490196 0.38039216 0.05490196
v -1.51137 0.2334 -1.04305 0.05490196 0.38039216 0.05490196
v -1.46449 0.20886 -1.06072 0.05490196 0.38039216 0.05490196
v -1.47546 0.20484 -1.03917 0.05490196 0.38039216 0.05490196
v -1.51137 0.2334 -1.04305 0.05490196 0.38039216 0.05490196
v -1.47546 0.20484 -1.03917 0.05490196 0.38039216 0.05490196
v -1.46449 0.20886 -1.06072 0.05490196 0.38039216 0.05490196
v -1.51137 0.2334 -1.04305 0.05490196 0.38039216 0.05490196
v -1.46402 0.23054 -1.09947 0.05490196 0.38039216 0.05490196
v -1.46449 0.20886 -1.06072 0.05490196 0.38039216 0.05490196
v -1.51137 0.2334 -1.04305 0.05490196 0.38039216 0.05490196
v -1.46449 0.20886 -1.06072 0.05490196 0.38039216 0.05490196
v -1.46402 0.23054 -1.09947 0.05490196 0.38039216 0.05490196
v -1.51137 0.2334 -1.04305 0.05490196 0.38039216 0.05490196
v -1.50631 0.23086 -1.12419 0.05490196 0.38039216 0.05490196
v -1.46402 0.23054 -1.09947 0.05490196 0.38039216 0.05490196
v -1.51137 0.2334 -1.04305 0.05490196 0.38039216 0.05490196
v -1.46402 0.23054 -1.09947 0.05490196 0.38039216 0.05490196
v -1.50631 0.23086 -1.12419 0.05490196 0.38039216 0.05490196
v -1.51137 0.2334 -1.04305 0.05490196 0.38039216 0.05490196
v -1.51895 0.2384 -1.0907 0.05490196 0.38039216 0.05490196
v -1.50631 0.23086 -1.12419 0.05490196 0.38039216 0.05490196
v -1.51137 0.2334 -1.04305 0.05490196 0.38039216 0.05490196
v -1.50631 0.23086 -1.12419 0.05490196 0.38039216 0.05490196
v -1.51895 0.2384 -1.0907 0.05490196 0.38039216 0.05490196
v -1.51895 0.2384 -1.0907 0.05490196 0.38039216 0.05490196
v -1.52549 0.20473 -1.1146 0.05490196 0.38039216 0.05490196
v -1.50631 0.23086 -1.12419 0.05490196 0.38039216 0.05490196
v -1.51895 0.2384 -1.0907 0.05490196 0.38039216 0.05490196
v -1.50631 0.23086 -1.12419 0.05490196 0.38039216 0.05490196
v -1.52549 0.20473 -1.1146 0.05490196 0.38039216 0.05490196
v -1.35299 0.34373 -0.88149 0.05490196 0.38039216 0.05490196
v -1.3028 0.29123 -0.95324 0.05490196 0.38039216 0.05490196
v -1.32852 0.23174 -0.91635 0.05490196 0.38039216 0.05490196
v -1.35299 0.34373 -0.88149 0.05490196 0.38039216 0.05490196
v -1.32852 0.23174 -0.91635 0.05490196 0.38039216 0.05490196
v -1.3028 0.29123 -0.95324 0.05490196 0.38039216 0.05490196
v -1.35299 0.34373 -0.88149 0.05490196 0.38039216 0.05490196
v -1.3028 0.29123 -0.95324 0.05490196 0.38039216 0.05490196
v -1.38977 0.3907 -0.92345 0.05490196 0.38039216 0.05490196
v -1.35299 0.34373 -0.88149 0.05490196 0.38039216 0.05490196
v -1.38977 0.3907 -0.92345 0.05490196 0.38039216 0.05490196
v -1.3028 0.29123 -0.95324 0.05490196 0.38039216 0.05490196
v -1.38977 0.3907 -0.92345 0.05490196 0.38039216 0.05490196
v -1.31971 0.29759 -0.99987 0.05490196 0.38039216 0.05490196
v -1.3028 0.29123 -0.95324 0.05490196 0.38039216 0.05490196
v -1.38977 0.3907 -0.92345 0.05490196 0.38039216 0.05490196
v -1.3028 0.29123 -0.95324 0.05490196 0.38039216 0.05490196
v -1.31971 0.29759 -0.99987 0.05490196 0.38039216 0.05490196
v -1.38977 0.3907 -0.92345 0.05490196 0.38039216 0.05490196
v -1.39533 0.32783 -1.02934 0.05490196 0.38039216 0.05490196
v -1.31971 0.29759 -0.99987 0.05490196 0.38039216 0.05490196
v -1.38977 0.3907 -0.92345 0.05490196 0.38039216 0.05490196
v -1.31971 0.29759 -0.99987 0.05490196 0.38039216 0.05490196
v -1.39533 0.32783 -1.02934 0.05490196 0.38039216 0.05490196
v -1.38977 0.3907 -0.92345 0.05490196 0.38039216 0.05490196
v -1.44228 0.33441 -0.99412 0.05490196 0.38039216 0.05490196
v -1.39533 0.32783 -1.02934 0.05490196 0.38039216 0.05490196
v -1.38977 0.3907 -0.92345 0.05490196 0.38039216 0.05490196
v -1.39533 0.32783 -1.02934 0.05490196 0.38039216 0.05490196
v -1.44228 0.33441 -0.99412 0.05490196 0.38039216 0.05490196
v -1.38977 0.3907 -0.92345 0.05490196 0.38039216 0.05490196
v -1.45692 0.35438 -0.95116 0.05490196 0.38039216 0.05490196
v -1.44228 0.33441 -0.99412 0.05490196 0.38039216 0.05490196
v -1.38977 0.3907 -0.92345 0.05490196 0.38039216 0.05490196
v -1.44228 0.33441 -0.99412 0.05490196 0.38039216 0.05490196
v -1.45692 0.35438 -0.95116 0.05490196 0.38039216 0.05490196
v -1.38977 0.3907 -0.92345 0.05490196 0.38039216 0.05490196
v -1.48375 0.36025 -0.93097 0.05490196 0.38039216 0.05490196
v -1.46569 0.3712 -0.94564 0.05490196 0.38039216 0.05490196
v -1.38977 0.3907 -0.92345 0.05490196 0.38039216 0.05490196
v -1.46569 0.3712 -0.94564 0.05490196 0.38039216 0.05490196
v -1.48375 0.36025 -0.93097 0.05490196 0.38039216 0.05490196
v -1.38977 0.3907 -0.92345 0.05490196 0.38039216 0.05490196
v -1.49335 0.34766 -0.90201 0.05490196 0.38039216 0.05490196
v -1.48375 0.36025 -0.93097 0.05490196 0.38039216 0.05490196
v -1.38977 0.3907 -0.92345 0.05490196 0.38039216 0.05490196
v -1.48375 0.36025 -0.93097 0.05490196 0.38039216 0.05490196
v -1.49335 0.34766 -0.90201 0.05490196 0.38039216 0.05490196
v -1.38977 0.3907 -0.92345 0.05490196 0.38039216 0.05490196
v -1.43878 0.31569 -0.81018 0.05490196 0.38039216 0.05490196
v -1.49335 0.34766 -0.90201 0.05490196 0.38039216 0.05490196
v -1.38977 0.3907 -0.92345 0.05490196 0.38039216 0.05490196
v -1.49335 0.34766 -0.90201 0.05490196 0.38039216 0.05490196
v -1.43878 0.31569 -0.81018 0.05490196 0.38039216 0.05490196
v -1.38977 0.3907 -0.92345 0.05490196 0.38039216 0.05490196
v -1.37826 0.28296 -0.83433 0.05490196 0.38039216 0.05490196
v -1.43878 0.31569 -0.81018 0.05490196 0.38039216 0.05490196
v -1.38977 0.3907 -0.92345 0.05490196 0.38039216 0.05490196
v -1.43878 0.31569 -0.81018 0.05490196 0.38039216 0.05490196
v -1.37826 0.28296 -0.83433 0.05490196 0.38039216 0.05490196
v -1.38977 0.3907 -0.92345 0.05490196 0.38039216 0.05490196
v -1.35299 0.34373 -0.88149 0.05490196 0.38039216 0.05490196
v -1.37826 0.28296 -0.83433 0.05490196 0.38039216 0.05490196
v -1.38977 0.3907 -0.92345 0.05490196 0.38039216 0.05490196
v -1.37826 0.28296 -0.83433 0.05490196 0.38039216 0.05490196
v -1.35299 0.34373 -0.88149 0.05490196 0.38039216 0.05490196
v -1.35299 0.34373 -0.88149 0.05490196 0.38039216 0.05490196
v -1.32852 0.23174 -0.91635 0.05490196 0.38039216 0.05490196
v -1.37826 0.28296 -0.83433 0.05490196 0.38039216 0.05490196
v -1.35299 0.34373 -0.88149 0.05490196 0.38039216 0.05490196
v -1.37826 0.28296 -0.83433 0.05490196 0.38039216 0.05490196
v -1.32852 0.23174 -0.91635 0.05490196 0.38039216 0.05490196
v -1.6966 0.47783 -0.92845 0.0627451 0.38039216 0.0627451
v -1.78909 0.45853 -0.89843 0.0627451 0.38039216 0.0627451
v -1.73206 0.31839 -0.93454 0.0627451 0.38039216 0.0627451
v -1.6966 0.47783 -0.92845 0.0627451 0.38039216 0.0627451
v -1.73206 0.31839 -0.93454 0.0627451 0.38039216 0.0627451
v -1.78909 0.45853 -0.89843 0.0627451 0.38039216 0.0627451
v -1.6966 0.47783 -0.92845 0.0627451 0.38039216 0.0627451
v -1.78909 0.45853 -0.89843 0.0627451 0.38039216 0.0627451
v -1.63522 0.55065 -0.95284 0.0627451 0.38039216 0.0627451
v -1.6966 0.47783 -0.92845 0.0627451 0.38039216 0.0627451
v -1.63522 0.55065 -0.95284 0.0627451 0.38039216 0.0627451
v -1.78909 0.45853 -0.89843 0.0627451 0.38039216 0.0627451
v -1.63522 0.55065 -0.95284 0.0627451 0.38039216 0.0627451
v -1.70332 0.40132 -0.83934 0.0627451 0.38039216 0.0627451
v -1.78909 0.45853 -0.89843 0.0627451 0.38039216 0.0627451
v -1.63522 0.55065 -0.95284 0.0627451 0.38039216 0.0627451
v -1.78909 0.45853 -0.89843 0.0627451 0.38039216 0.0627451
v -1.70332 0.40132 -0.83934 0.0627451 0.38039216 0.0627451
v -1.63522 0.55065 -0.95284 0.0627451 0.38039216 0.0627451
v -1.56931 0.44118 -0.8724 0.0627451 0.38039216 0.0627451
v -1.70332 0.40132 -0.83934 0.0627451 0.38039216 0.0627451
v -1.63522 0.55065 -0.95284 0.0627451 0.38039216 0.0627451
v -1.70332 0.40132 -0.83934 0.0627451 0.38039216 0.0627451
v -1.56931 0.44118 -0.8724 0.0627451 0.38039216 0.0627451
v -1.63522 0.55065 -0.95284 0.0627451 0.38039216 0.0627451
v -1.55796 0.46953 -0.94653 0.0627451 0.38039216 0.0627451
v -1.56931 0.44118 -0.8724 0.0627451 0.38039216 0.0627451
v -1.63522 0.55065 -0.95284 0.0627451 0.38039216 0.0627451
v -1.56931 0.44118 -0.8724 0.0627451 0.38039216 0.0627451
v -1.55796 0.46953 -0.94653 0.0627451 0.38039216 0.0627451
v -1.63522 0.55065 -0.95284 0.0627451 0.38039216 0.0627451
v -1.56575 0.53274 -0.97648 0.0627451 0.38039216 0.0627451
v -1.55796 0.46953 -0.94653 0.0627451 0.38039216 0.0627451
v -1.63522 0.55065 -0.95284 0.0627451 0.38039216 0.0627451
v -1.55796 0.46953 -0.94653 0.0627451 0.38039216 0.0627451
v -1.56575 0.53274 -0.97648 0.0627451 0.38039216 0.0627451
v -1.63522 0.55065 -0.95284 0.0627451 0.38039216 0.0627451
v -1.56555 0.48762 -1.01172 0.0627451 0.38039216 0.0627451
v -1.55874 0.54194 -0.97502 0.0627451 0.38039216 0.0627451
v -1.63522 0.55065 -0.95284 0.0627451 0.38039216 0.0627451
v -1.55874 0.54194 -0.97502 0.0627451 0.38039216 0.0627451
v -1.56555 0.48762 -1.01172 0.0627451 0.38039216 0.0627451
v -1.63522 0.55065 -0.95284 0.0627451 0.38039216 0.0627451
v -1.59513 0.46829 -1.05713 0.0627451 0.38039216 0.0627451
v -1.56555 0.48762 -1.01172 0.0627451 0.38039216 0.0627451
v -1.63522 0.55065 -0.95284 0.0627451 0.38039216 0.0627451
v -1.56555 0.48762 -1.01172 0.0627451 0.38039216 0.0627451
v -1.59513 0.46829 -1.05713 0.0627451 0.38039216 0.0627451
v -1.63522 0.55065 -0.95284 0.0627451 0.38039216 0.0627451
v -1.68846 0.41883 -1.06936 0.0627451 0.38039216 0.0627451
v -1.59513 0.46829 -1.05713 0.0627451 0.38039216 0.0627451
v -1.63522 0.55065 -0.95284 0.0627451 0.38039216 0.0627451
v -1.59513 0.46829 -1.05713 0.0627451 0.38039216 0.0627451
v -1.68846 0.41883 -1.06936 0.0627451 0.38039216 0.0627451
v -1.63522 0.55065 -0.95284 0.0627451 0.38039216 0.0627451
v -1.68205 0.39297 -0.96365 0.0627451 0.38039216 0.0627451
v -1.68846 0.41883 -1.06936 0.0627451 0.38039216 0.0627451
v -1.63522 0.55065 -0.95284 0.0627451 0.38039216 0.0627451
v -1.68846 0.41883 -1.06936 0.0627451 0.38039216 0.0627451
v -1.68205 0.39297 -0.96365 0.0627451 0.38039216 0.0627451
v -1.63522 0.55065 -0.95284 0.0627451 0.38039216 0.0627451
v -1.6966 0.47783 -0.92845 0.0627451 0.38039216 0.0627451
v -1.68205 0.39297 -0.96365 0.0627451 0.38039216 0.0627451
v -1.63522 0.55065 -0.95284 0.0627451 0.38039216 0.0627451
v -1.68205 0.39297 -0.96365 0.0627451 0.38039216 0.0627451
v -1.6966 0.47783 -0.92845 0.0627451 0.38039216 0.0627451
v -1.6966 0.47783 -0.92845 0.0627451 0.38039216 0.0627451
v -1.73206 0.31839 -0.93454 0.0627451 0.38039216 0.0627451
v -1.68205 0.39297 -0.96365 0.0627451 0.38039216 0.0627451
v -1.6966 0.47783 -0.92845 0.0627451 0.38039216 0.0627451
v -1.68205 0.39297 -0.96365 0.0627451 0.38039216 0.0627451
v -1.73206 0.31839 -0.93454 0.0627451 0.38039216 0.0627451
v -1.40219 0.59328 -1.13517 0.06666667 0.38039216 0.06666667
v -1.41724 0.54045 -1.20774 0.06666667 0.38039216 0.06666667
v -1.33391 0.43307 -1.13802 0.06666667 0.38039216 0.06666667
v -1.40219 0.59328 -1.13517 0.06666667 0.38039216 0.06666667
v -1.33391 0.43307 -1.13802 0.06666667 0.38039216 0.06666667
v -1.41724 0.54045 -1.20774 0.06666667 0.38039216 0.06666667
v -1.40219 0.59328 -1.13517 0.06666667 0.38039216 0.06666667
v -1.41724 0.54045 -1.20774 0.06666667 0.38039216 0.06666667
v -1.42662 0.6748 -1.08627 0.06666667 0.38039216 0.06666667
v -1.40219 0.59328 -1.13517 0.06666667 0.38039216 0.06666667
v -1.42662 0.6748 -1.08627 0.06666667 0.38039216 0.06666667
v -1.41724 0.54045 -1.20774 0.06666667 0.38039216 0.06666667
v -1.42662 0.6748 -1.08627 0.06666667 0.38039216 0.06666667
v -1.49554 0.55255 -1.22723 0.06666667 0.38039216 0.06666667
v -1.41724 0.54045 -1.20774 0.06666667 0.38039216 0.06666667
v -1.42662 0.6748 -1.08627 0.06666667 0.38039216 0.06666667
v -1.41724 0.54045 -1.20774 0.06666667 0.38039216 0.06666667
v -1.49554 0.55255 -1.22723 0.06666667 0.38039216 0.06666667
v -1.42662 0.6748 -1.08627 0.06666667 0.38039216 0.06666667
v -1.547 0.58855 -1.10985 0.06666667 0.38039216 0.06666667
v -1.49554 0.55255 -1.22723 0.06666667 0.38039216 0.06666667
v -1.42662 0.6748 -1.08627 0.06666667 0.38039216 0.06666667
v -1.49554 0.55255 -1.22723 0.06666667 0.38039216 0.06666667
v -1.547 0.58855 -1.10985 0.06666667 0.38039216 0.06666667
v -1.42662 0.6748 -1.08627 0.06666667 0.38039216 0.06666667
v -1.52367 0.63947 -1.04104 0.06666667 0.38039216 0.06666667
v -1.547 0.58855 -1.10985 0.06666667 0.38039216 0.06666667
v -1.42662 0.6748 -1.08627 0.06666667 0.38039216 0.06666667
v -1.547 0.58855 -1.10985 0.06666667 0.38039216 0.06666667
v -1.52367 0.63947 -1.04104 0.06666667 0.38039216 0.06666667
v -1.42662 0.6748 -1.08627 0.06666667 0.38039216 0.06666667
v -1.49414 0.67604 -1.02513 0.06666667 0.38039216 0.06666667
v -1.52367 0.63947 -1.04104 0.06666667 0.38039216 0.06666667
v -1.42662 0.6748 -1.08627 0.06666667 0.38039216 0.06666667
v -1.52367 0.63947 -1.04104 0.06666667 0.38039216 0.06666667
v -1.49414 0.67604 -1.02513 0.06666667 0.38039216 0.06666667
v -1.42662 0.6748 -1.08627 0.06666667 0.38039216 0.06666667
v -1.45118 0.64513 -0.97164 0.06666667 0.38039216 0.06666667
v -1.46084 0.65804 -1.01044 0.06666667 0.38039216 0.06666667
v -1.42662 0.6748 -1.08627 0.06666667 0.38039216 0.06666667
v -1.46084 0.65804 -1.01044 0.06666667 0.38039216 0.06666667
v -1.45118 0.64513 -0.97164 0.06666667 0.38039216 0.06666667
v -1.42662 0.6748 -1.08627 0.06666667 0.38039216 0.06666667
v -1.38245 0.58842 -0.96865 0.06666667 0.38039216 0.06666667
v -1.45118 0.64513 -0.97164 0.06666667 0.38039216 0.06666667
v -1.42662 0.6748 -1.08627 0.06666667 0.38039216 0.06666667
v -1.45118 0.64513 -0.97164 0.06666667 0.38039216 0.06666667
v -1.38245 0.58842 -0.96865 0.06666667 0.38039216 0.06666667
v -1.42662 0.6748 -1.08627 0.06666667 0.38039216 0.06666667
v -1.30536 0.53229 -1.05031 0.06666667 0.38039216 0.06666667
v -1.38245 0.58842 -0.96865 0.06666667 0.38039216 0.06666667
v -1.42662 0.6748 -1.08627 0.06666667 0.38039216 0.06666667
v -1.38245 0.58842 -0.96865 0.06666667 0.38039216 0.06666667
v -1.30536 0.53229 -1.05031 0.06666667 0.38039216 0.06666667
v -1.42662 0.6748 -1.08627 0.06666667 0.38039216 0.06666667
v -1.27695 0.5827 -1.12972 0.06666667 0.38039216 0.06666667
v -1.30536 0.53229 -1.05031 0.06666667 0.38039216 0.06666667
v -1.42662 0.6748 -1.08627 0.06666667 0.38039216 0.06666667
v -1.30536 0.53229 -1.05031 0.06666667 0.38039216 0.06666667
v -1.27695 0.5827 -1.12972 0.06666667 0.38039216 0.06666667
v -1.42662 0.6748 -1.08627 0.06666667 0.38039216 0.06666667
v -1.40219 0.59328 -1.13517 0.06666667 0.38039216 0.06666667
v -1.27695 0.5827 -1.12972 0.06666667 0.38039216 0.06666667
v -1.42662 0.6748 -1.08627 0.06666667 0.38039216 0.06666667
v -1.27695 0.5827 -1.12972 0.06666667 0.38039216 0.06666667
v -1.40219 0.59328 -1.13517 0.06666667 0.38039216 0.06666667
v -1.40219 0.59328 -1.13517 0.06666667 0.38039216 0.06666667
v -1.33391 0.43308 -1.13802 0.06666667 0.38039216 0.06666667
v -1.27695 0.5827 -1.12972 0.06666667 0.38039216 0.06666667
v -1.40219 0.59328 -1.13517 0.06666667 0.38039216 0.06666667
v -1.27695 0.5827 -1.12972 0.06666667 0.38039216 0.06666667
v -1.33391 0.43308 -1.13802 0.06666667 0.38039216 0.06666667
v -1.58526 0.70429 -0.8799 0.08627451 0.38039216 0.08627451
v -1.64947 0.68717 -0.82006 0.08627451 0.38039216 0.08627451
v -1.61693 0.56058 -0.87105 0.08627451 0.38039216 0.08627451
v -1.58526 0.70429 -0.8799 0.08627451 0.38039216 0.08627451
v -1.61693 0.56058 -0.87105 0.08627451 0.38039216 0.08627451
v -1.64947 0.68717 -0.82006 0.08627451 0.38039216 0.08627451
v -1.58526 0.70429 -0.8799 0.08627451 0.38039216 0.08627451
v -1.64947 0.68717 -0.82006 0.08627451 0.38039216 0.08627451
v -1.54421 0.76979 -0.92336 0.08627451 0.38039216 0.08627451
v -1.58526 0.70429 -0.8799 0.08627451 0.38039216 0.08627451
v -1.54421 0.76979 -0.92336 0.08627451 0.38039216 0.08627451
v -1.64947 0.68717 -0.82006 0.08627451 0.38039216 0.08627451
v -1.54421 0.76979 -0.92336 0.08627451 0.38039216 0.08627451
v -1.55696 0.63537 -0.80434 0.08627451 0.38039216 0.08627451
v -1.64947 0.68717 -0.82006 0.08627451 0.38039216 0.08627451
v -1.54421 0.76979 -0.92336 0.08627451 0.38039216 0.08627451
v -1.64947 0.68717 -0.82006 0.08627451 0.38039216 0.08627451
v -1.55696 0.63537 -0.80434 0.08627451 0.38039216 0.08627451
v -1.54421 0.76979 -0.92336 0.08627451 0.38039216 0.08627451
v -1.45992 0.67092 -0.88253 0.08627451 0.38039216 0.08627451
v -1.55696 0.63537 -0.80434 0.08627451 0.38039216 0.08627451
v -1.54421 0.76979 -0.92336 0.08627451 0.38039216 0.08627451
v -1.55696 0.63537 -0.80434 0.08627451 0.38039216 0.08627451
v -1.45992 0.67092 -0.88253 0.08627451 0.38039216 0.08627451
v -1.54421 0.76979 -0.92336 0.08627451 0.38039216 0.08627451
v -1.47884 0.6964 -0.94751 0.08627451 0.38039216 0.08627451
v -1.45992 0.67092 -0.88253 0.08627451 0.38039216 0.08627451
v -1.54421 0.76979 -0.92336 0.08627451 0.38039216 0.08627451
v -1.45992 0.67092 -0.88253 0.08627451 0.38039216 0.08627451
v -1.47884 0.6964 -0.94751 0.08627451 0.38039216 0.08627451
v -1.54421 0.76979 -0.92336 0.08627451 0.38039216 0.08627451
v -1.49648 0.75342 -0.96914 0.08627451 0.38039216 0.08627451
v -1.47884 0.6964 -0.94751 0.08627451 0.38039216 0.08627451
v -1.54421 0.76979 -0.92336 0.08627451 0.38039216 0.08627451
v -1.47884 0.6964 -0.94751 0.08627451 0.38039216 0.08627451
v -1.49648 0.75342 -0.96914 0.08627451 0.38039216 0.08627451
v -1.54421 0.76979 -0.92336 0.08627451 0.38039216 0.08627451
v -1.50985 0.71269 -0.99794 0.08627451 0.38039216 0.08627451
v -1.49017 0.76169 -0.97063 0.08627451 0.38039216 0.08627451
v -1.54421 0.76979 -0.92336 0.08627451 0.38039216 0.08627451
v -1.49017 0.76169 -0.97063 0.08627451 0.38039216 0.08627451
v -1.50985 0.71269 -0.99794 0.08627451 0.38039216 0.08627451
v -1.54421 0.76979 -0.92336 0.08627451 0.38039216 0.08627451
v -1.55138 0.6953 -1.02374 0.08627451 0.38039216 0.08627451
v -1.50985 0.71269 -0.99794 0.08627451 0.38039216 0.08627451
v -1.54421 0.76979 -0.92336 0.08627451 0.38039216 0.08627451
v -1.50985 0.71269 -0.99794 0.08627451 0.38039216 0.08627451
v -1.55138 0.6953 -1.02374 0.08627451 0.38039216 0.08627451
v -1.54421 0.76979 -0.92336 0.08627451 0.38039216 0.08627451
v -1.63245 0.65095 -0.99807 0.08627451 0.38039216 0.08627451
v -1.55138 0.6953 -1.02374 0.08627451 0.38039216 0.08627451
v -1.54421 0.76979 -0.92336 0.08627451 0.38039216 0.08627451
v -1.55138 0.6953 -1.02374 0.08627451 0.38039216 0.08627451
v -1.63245 0.65095 -0.99807 0.08627451 0.38039216 0.08627451
v -1.54421 0.76979 -0.92336 0.08627451 0.38039216 0.08627451
v -1.58698 0.62768 -0.91405 0.08627451 0.38039216 0.08627451
v -1.63245 0.65095 -0.99807 0.08627451 0.38039216 0.08627451
v -1.54421 0.76979 -0.92336 0.08627451 0.38039216 0.08627451
v -1.63245 0.65095 -0.99807 0.08627451 0.38039216 0.08627451
v -1.58698 0.62768 -0.91405 0.08627451 0.38039216 0.08627451
v -1.54421 0.76979 -0.92336 0.08627451 0.38039216 0.08627451
v -1.58526 0.70429 -0.8799 0.08627451 0.38039216 0.08627451
v -1.58698 0.62768 -0.91405 0.08627451 0.38039216 0.08627451
v -1.54421 0.76979 -0.92336 0.08627451 0.38039216 0.08627451
v -1.58698 0.62768 -0.91405 0.08627451 0.38039216 0.08627451
v -1.58526 0.70429 -0.8799 0.08627451 0.38039216 0.08627451
v -1.58526 0.70429 -0.8799 0.08627451 0.38039216 0.08627451
v -1.61693 0.56058 -0.87105 0.08627451 0.38039216 0.08627451
v -1.58698 0.62768 -0.91405 0.08627451 0.38039216 0.08627451
v -1.58526 0.70429 -0.8799 0.08627451 0.38039216 0.08627451
v -1.58698 0.62768 -0.91405 0.08627451 0.38039216 0.08627451
v -1.61693 0.56058 -0.87105 0.08627451 0.38039216 0.08627451
v -1.5697 0.81607 -1.07629 0.08235294 0.38039216 0.08235294
v -1.62585 0.77028 -1.02293 0.08235294 0.38039216 0.08235294
v -1.59972 0.71767 -1.05243 0.08235294 0.38039216 0.08235294
v -1.5697 0.81607 -1.07629 0.08235294 0.38039216 0.08235294
v -1.59972 0.71767 -1.05243 0.08235294 0.38039216 0.08235294
v -1.62585 0.77028 -1.02293 0.08235294 0.38039216 0.08235294
v -1.5697 0.81607 -1.07629 0.08235294 0.38039216 0.08235294
v -1.62585 0.77028 -1.02293 0.08235294 0.38039216 0.08235294
v -1.5428 0.85541 -1.03316 0.08235294 0.38039216 0.08235294
v -1.5697 0.81607 -1.07629 0.08235294 0.38039216 0.08235294
v -1.5428 0.85541 -1.03316 0.08235294 0.38039216 0.08235294
v -1.62585 0.77028 -1.02293 0.08235294 0.38039216 0.08235294
v -1.5428 0.85541 -1.03316 0.08235294 0.38039216 0.08235294
v -1.61814 0.77446 -0.97974 0.08235294 0.38039216 0.08235294
v -1.62585 0.77028 -1.02293 0.08235294 0.38039216 0.08235294
v -1.5428 0.85541 -1.03316 0.08235294 0.38039216 0.08235294
v -1.62585 0.77028 -1.02293 0.08235294 0.38039216 0.08235294
v -1.61814 0.77446 -0.97974 0.08235294 0.38039216 0.08235294
v -1.5428 0.85541 -1.03316 0.08235294 0.38039216 0.08235294
v -1.55615 0.79796 -0.94192 0.08235294 0.38039216 0.08235294
v -1.61814 0.77446 -0.97974 0.08235294 0.38039216 0.08235294
v -1.5428 0.85541 -1.03316 0.08235294 0.38039216 0.08235294
v -1.61814 0.77446 -0.97974 0.08235294 0.38039216 0.08235294
v -1.55615 0.79796 -0.94192 0.08235294 0.38039216 0.08235294
v -1.5428 0.85541 -1.03316 0.08235294 0.38039216 0.08235294
v -1.50982 0.80277 -0.96516 0.08235294 0.38039216 0.08235294
v -1.55615 0.79796 -0.94192 0.08235294 0.38039216 0.08235294
v -1.5428 0.85541 -1.03316 0.08235294 0.38039216 0.08235294
v -1.55615 0.79796 -0.94192 0.08235294 0.38039216 0.08235294
v -1.50982 0.80277 -0.96516 0.08235294 0.38039216 0.08235294
v -1.5428 0.85541 -1.03316 0.08235294 0.38039216 0.08235294
v -1.48992 0.82063 -0.99973 0.08235294 0.38039216 0.08235294
v -1.50982 0.80277 -0.96516 0.08235294 0.38039216 0.08235294
v -1.5428 0.85541 -1.03316 0.08235294 0.38039216 0.08235294
v -1.50982 0.80277 -0.96516 0.08235294 0.38039216 0.08235294
v -1.48992 0.82063 -0.99973 0.08235294 0.38039216 0.08235294
v -1.5428 0.85541 -1.03316 0.08235294 0.38039216 0.08235294
v -1.46337 0.82524 -1.01301 0.08235294 0.38039216 0.08235294
v -1.48095 0.83524 -1.00278 0.08235294 0.38039216 0.08235294
v -1.5428 0.85541 -1.03316 0.08235294 0.38039216 0.08235294
v -1.48095 0.83524 -1.00278 0.08235294 0.38039216 0.08235294
v -1.46337 0.82524 -1.01301 0.08235294 0.38039216 0.08235294
v -1.5428 0.85541 -1.03316 0.08235294 0.38039216 0.08235294
v -1.45099 0.81435 -1.03698 0.08235294 0.38039216 0.08235294
v -1.46337 0.82524 -1.01301 0.08235294 0.38039216 0.08235294
v -1.5428 0.85541 -1.03316 0.08235294 0.38039216 0.08235294
v -1.46337 0.82524 -1.01301 0.08235294 0.38039216 0.08235294
v -1.45099 0.81435 -1.03698 0.08235294 0.38039216 0.08235294
v -1.5428 0.85541 -1.03316 0.08235294 0.38039216 0.08235294
v -1.48522 0.78972 -1.12574 0.08235294 0.38039216 0.08235294
v -1.45099 0.81435 -1.03698 0.08235294 0.38039216 0.08235294
v -1.5428 0.85541 -1.03316 0.08235294 0.38039216 0.08235294
v -1.45099 0.81435 -1.03698 0.08235294 0.38039216 0.08235294
v -1.48522 0.78972 -1.12574 0.08235294 0.38039216 0.08235294
v -1.5428 0.85541 -1.03316 0.08235294 0.38039216 0.08235294
v -1.54242 0.76254 -1.11479 0.08235294 0.38039216 0.08235294
v -1.48522 0.78972 -1.12574 0.08235294 0.38039216 0.08235294
v -1.5428 0.85541 -1.03316 0.08235294 0.38039216 0.08235294
v -1.48522 0.78972 -1.12574 0.08235294 0.38039216 0.08235294
v -1.54242 0.76254 -1.11479 0.08235294 0.38039216 0.08235294
v -1.5428 0.85541 -1.03316 0.08235294 0.38039216 0.08235294
v -1.5697 0.81607 -1.07629 0.08235294 0.38039216 0.08235294
v -1.54242 0.76254 -1.11479 0.08235294 0.38039216 0.08235294
v -1.5428 0.85541 -1.03316 0.08235294 0.38039216 0.08235294
v -1.54242 0.76254 -1.11479 0.08235294 0.38039216 0.08235294
v -1.5697 0.81607 -1.07629 0.08235294 0.38039216 0.08235294
v -1.5697 0.81607 -1.07629 0.08235294 0.38039216 0.08235294
v -1.59972 0.71767 -1.05243 0.08235294 0.38039216 0.08235294
v -1.54242 0.76254 -1.11479 0.08235294 0.38039216 0.08235294
v -1.5697 0.81607 -1.07629 0.08235294 0.38039216 0.08235294
v -1.54242 0.76254 -1.11479 0.08235294 0.38039216 0.08235294
v -1.59972 0.71767 -1.05243 0.08235294 0.38039216 0.08235294
v -1.42839 0.92246 -0.95222 0.11372549 0.38039216 0.11372549
v -1.3859 0.89589 -0.99015 0.11372549 0.38039216 0.11372549
v -1.38823 0.86112 -0.96026 0.11372549 0.38039216 0.11372549
v -1.42839 0.92246 -0.95222 0.11372549 0.38039216 0.11372549
v -1.38823 0.86112 -0.96026 0.11372549 0.38039216 0.11372549
v -1.3859 0.89589 -0.99015 0.11372549 0.38039216 0.11372549
v -1.42839 0.92246 -0.95222 0.11372549 0.38039216 0.11372549
v -1.3859 0.89589 -0.99015 0.11372549 0.38039216 0.11372549
v -1.45887 0.9355 -0.9825 0.11372549 0.38039216 0.11372549
v -1.42839 0.92246 -0.95222 0.11372549 0.38039216 0.11372549
v -1.45887 0.9355 -0.9825 0.11372549 0.38039216 0.11372549
v -1.3859 0.89589 -0.99015 0.11372549 0.38039216 0.11372549
v -1.45887 0.9355 -0.9825 0.11372549 0.38039216 0.11372549
v -1.39574 0.89011 -1.01873 0.11372549 0.38039216 0.11372549
v -1.3859 0.89589 -0.99015 0.11372549 0.38039216 0.11372549
v -1.45887 0.9355 -0.9825 0.11372549 0.38039216 0.11372549
v -1.3859 0.89589 -0.99015 0.11372549 0.38039216 0.11372549
v -1.39574 0.89011 -1.01873 0.11372549 0.38039216 0.11372549
v -1.45887 0.9355 -0.9825 0.11372549 0.38039216 0.11372549
v -1.44501 0.88648 -1.03875 0.11372549 0.38039216 0.11372549
v -1.39574 0.89011 -1.01873 0.11372549 0.38039216 0.11372549
v -1.45887 0.9355 -0.9825 0.11372549 0.38039216 0.11372549
v -1.39574 0.89011 -1.01873 0.11372549 0.38039216 0.11372549
v -1.44501 0.88648 -1.03875 0.11372549 0.38039216 0.11372549
v -1.45887 0.9355 -0.9825 0.11372549 0.38039216 0.11372549
v -1.47432 0.88373 -1.01742 0.11372549 0.38039216 0.11372549
v -1.44501 0.88648 -1.03875 0.11372549 0.38039216 0.11372549
v -1.45887 0.9355 -0.9825 0.11372549 0.38039216 0.11372549
v -1.44501 0.88648 -1.03875 0.11372549 0.38039216 0.11372549
v -1.47432 0.88373 -1.01742 0.11372549 0.38039216 0.11372549
v -1.45887 0.9355 -0.9825 0.11372549 0.38039216 0.11372549
v -1.48836 0.8967 -0.99362 0.11372549 0.38039216 0.11372549
v -1.47432 0.88373 -1.01742 0.11372549 0.38039216 0.11372549
v -1.45887 0.9355 -0.9825 0.11372549 0.38039216 0.11372549
v -1.47432 0.88373 -1.01742 0.11372549 0.38039216 0.11372549
v -1.48836 0.8967 -0.99362 0.11372549 0.38039216 0.11372549
v -1.45887 0.9355 -0.9825 0.11372549 0.38039216 0.11372549
v -1.50559 0.89631 -0.98165 0.11372549 0.38039216 0.11372549
v -1.49732 0.90479 -0.99215 0.11372549 0.38039216 0.11372549
v -1.45887 0.9355 -0.9825 0.11372549 0.38039216 0.11372549
v -1.49732 0.90479 -0.99215 0.11372549 0.38039216 0.11372549
v -1.50559 0.89631 -0.98165 0.11372549 0.38039216 0.11372549
v -1.45887 0.9355 -0.9825 0.11372549 0.38039216 0.11372549
v -1.50904 0.89052 -0.96248 0.11372549 0.38039216 0.11372549
v -1.50559 0.89631 -0.98165 0.11372549 0.38039216 0.11372549
v -1.45887 0.9355 -0.9825 0.11372549 0.38039216 0.11372549
v -1.50559 0.89631 -0.98165 0.11372549 0.38039216 0.11372549
v -1.50904 0.89052 -0.96248 0.11372549 0.38039216 0.11372549
v -1.45887 0.9355 -0.9825 0.11372549 0.38039216 0.11372549
v -1.47312 0.89582 -0.90424 0.11372549 0.38039216 0.11372549
v -1.50904 0.89052 -0.96248 0.11372549 0.38039216 0.11372549
v -1.45887 0.9355 -0.9825 0.11372549 0.38039216 0.11372549
v -1.50904 0.89052 -0.96248 0.11372549 0.38039216 0.11372549
v -1.47312 0.89582 -0.90424 0.11372549 0.38039216 0.11372549
v -1.45887 0.9355 -0.9825 0.11372549 0.38039216 0.11372549
v -1.43046 0.88829 -0.916 0.11372549 0.38039216 0.11372549
v -1.47312 0.89582 -0.90424 0.11372549 0.38039216 0.11372549
v -1.45887 0.9355 -0.9825 0.11372549 0.38039216 0.11372549
v -1.47312 0.89582 -0.90424 0.11372549 0.38039216 0.11372549
v -1.43046 0.88829 -0.916 0.11372549 0.38039216 0.11372549
v -1.45887 0.9355 -0.9825 0.11372549 0.38039216 0.11372549
v -1.42839 0.92246 -0.95222 0.11372549 0.38039216 0.11372549
v -1.43046 0.88829 -0.916 0.11372549 0.38039216 0.11372549
v -1.45887 0.9355 -0.9825 0.11372549 0.38039216 0.11372549
v -1.43046 0.88829 -0.916 0.11372549 0.38039216 0.11372549
v -1.42839 0.92246 -0.95222 0.11372549 0.38039216 0.11372549
v -1.42839 0.92246 -0.95222 0.11372549 0.38039216 0.11372549
v -1.38823 0.86112 -0.96026 0.11372549 0.38039216 0.11372549
v -1.43046 0.88829 -0.916 0.11372549 0.38039216 0.11372549
v -1.42839 0.92246 -0.95222 0.11372549 0.38039216 0.11372549
v -1.43046 0.88829 -0.916 0.11372549 0.38039216 0.11372549
v -1.38823 0.86112 -0.96026 0.11372549 0.38039216 0.11372549
v -1.55964 1.04266 -0.97176 0.14509805 0.38039216 0.14509805
v -1.56235 1.0349 -0.93527 0.14509805 0.38039216 0.14509805
v -1.58738 1.02311 -0.96238 0.14509805 0.38039216 0.14509805
v -1.55964 1.04266 -0.97176 0.14509805 0.38039216 0.14509805
v -1.58738 1.02311 -0.96238 0.14509805 0.38039216 0.14509805
v -1.56235 1.0349 -0.93527 0.14509805 0.38039216 0.14509805
v -1.55964 1.04266 -0.97176 0.14509805 0.38039216 0.14509805
v -1.56235 1.0349 -0.93527 0.14509805 0.38039216 0.14509805
v -1.52364 1.02492 -0.97937 0.14509805 0.38039216 0.14509805
v -1.55964 1.04266 -0.97176 0.14509805 0.38039216 0.14509805
v -1.52364 1.02492 -0.97937 0.14509805 0.38039216 0.14509805
v -1.56235 1.0349 -0.93527 0.14509805 0.38039216 0.14509805
v -1.52364 1.02492 -0.97937 0.14509805 0.38039216 0.14509805
v -1.536 1.02935 -0.92665 0.14509805 0.38039216 0.14509805
v -1.56235 1.0349 -0.93527 0.14509805 0.38039216 0.14509805
v -1.52364 1.02492 -0.97937 0.14509805 0.38039216 0.14509805
v -1.56235 1.0349 -0.93527 0.14509805 0.38039216 0.14509805
v -1.536 1.02935 -0.92665 0.14509805 0.38039216 0.14509805
v -1.52364 1.02492 -0.97937 0.14509805 0.38039216 0.14509805
v -1.51332 1.00643 -0.94258 0.14509805 0.38039216 0.14509805
v -1.536 1.02935 -0.92665 0.14509805 0.38039216 0.14509805
v -1.52364 1.02492 -0.97937 0.14509805 0.38039216 0.14509805
v -1.536 1.02935 -0.92665 0.14509805 0.38039216 0.14509805
v -1.51332 1.00643 -0.94258 0.14509805 0.38039216 0.14509805
v -1.52364 1.02492 -0.97937 0.14509805 0.38039216 0.14509805
v -1.51358 0.99871 -0.97026 0.14509805 0.38039216 0.14509805
v -1.51332 1.00643 -0.94258 0.14509805 0.38039216 0.14509805
v -1.52364 1.02492 -0.97937 0.14509805 0.38039216 0.14509805
v -1.51332 1.00643 -0.94258 0.14509805 0.38039216 0.14509805
v -1.51358 0.99871 -0.97026 0.14509805 0.38039216 0.14509805
v -1.52364 1.02492 -0.97937 0.14509805 0.38039216 0.14509805
v -1.51287 1.00368 -0.98402 0.14509805 0.38039216 0.14509805
v -1.51358 0.99871 -0.97026 0.14509805 0.38039216 0.14509805
v -1.52364 1.02492 -0.97937 0.14509805 0.38039216 0.14509805
v -1.51358 0.99871 -0.97026 0.14509805 0.38039216 0.14509805
v -1.51287 1.00368 -0.98402 0.14509805 0.38039216 0.14509805
v -1.52364 1.02492 -0.97937 0.14509805 0.38039216 0.14509805
v -1.53063 0.9986 -1.00697 0.14509805 0.38039216 0.14509805
v -1.51684 1.00298 -0.99417 0.14509805 0.38039216 0.14509805
v -1.52364 1.02492 -0.97937 0.14509805 0.38039216 0.14509805
v -1.51684 1.00298 -0.99417 0.14509805 0.38039216 0.14509805
v -1.53063 0.9986 -1.00697 0.14509805 0.38039216 0.14509805
v -1.52364 1.02492 -0.97937 0.14509805 0.38039216 0.14509805
v -1.54735 1.00696 -1.01573 0.14509805 0.38039216 0.14509805
v -1.53063 0.9986 -1.00697 0.14509805 0.38039216 0.14509805
v -1.52364 1.02492 -0.97937 0.14509805 0.38039216 0.14509805
v -1.53063 0.9986 -1.00697 0.14509805 0.38039216 0.14509805
v -1.54735 1.00696 -1.01573 0.14509805 0.38039216 0.14509805
v -1.52364 1.02492 -0.97937 0.14509805 0.38039216 0.14509805
v -1.57225 1.03484 -1.01667 0.14509805 0.38039216 0.14509805
v -1.54735 1.00696 -1.01573 0.14509805 0.38039216 0.14509805
v -1.52364 1.02492 -0.97937 0.14509805 0.38039216 0.14509805
v -1.54735 1.00696 -1.01573 0.14509805 0.38039216 0.14509805
v -1.57225 1.03484 -1.01667 0.14509805 0.38039216 0.14509805
v -1.52364 1.02492 -0.97937 0.14509805 0.38039216 0.14509805
v -1.58909 1.04505 -0.98043 0.14509805 0.38039216 0.14509805
v -1.57225 1.03484 -1.01667 0.14509805 0.38039216 0.14509805
v -1.52364 1.02492 -0.97937 0.14509805 0.38039216 0.14509805
v -1.57225 1.03484 -1.01667 0.14509805 0.38039216 0.14509805
v -1.58909 1.04505 -0.98043 0.14509805 0.38039216 0.14509805
v -1.52364 1.02492 -0.97937 0.14509805 0.38039216 0.14509805
v -1.55964 1.04266 -0.97176 0.14509805 0.38039216 0.14509805
v -1.58909 1.04505 -0.98043 0.14509805 0.38039216 0.14509805
v -1.52364 1.02492 -0.97937 0.14509805 0.38039216 0.14509805
v -1.58909 1.04505 -0.98043 0.14509805 0.38039216 0.14509805
v -1.55964 1.04266 -0.97176 0.14509805 0.38039216 0.14509805
v -1.55964 1.04266 -0.97176 0.14509805 0.38039216 0.14509805
v -1.58738 1.02311 -0.96238 0.14509805 0.38039216 0.14509805
v -1.58909 1.04505 -0.98043 0.14509805 0.38039216 0.14509805
v -1.55964 1.04266 -0.97176 0.14509805 0.38039216 0.14509805
v -1.58909 1.04505 -0.98043 0.14509805 0.38039216 0.14509805
v -1.58738 1.02311 -0.96238 0.14509805 0.38039216 0.14509805
v -1.49989 1.07315 -1.01191 0.16078432 0.38039216 0.16078432
v -1.52061 1.07541 -1.02497 0.16078432 0.38039216 0.16078432
v -1.49708 1.07618 -1.03469 0.16078432 0.38039216 0.16078432
v -1.49989 1.07315 -1.01191 0.16078432 0.38039216 0.16078432
v -1.49708 1.07618 -1.03469 0.16078432 0.38039216 0.16078432
v -1.52061 1.07541 -1.02497 0.16078432 0.38039216 0.16078432
v -1.49989 1.07315 -1.01191 0.16078432 0.38039216 0.16078432
v -1.52061 1.07541 -1.02497 0.16078432 0.38039216 0.16078432
v -1.50388 1.04853 -1.00195 0.16078432 0.38039216 0.16078432
v -1.49989 1.07315 -1.01191 0.16078432 0.38039216 0.16078432
v -1.50388 1.04853 -1.00195 0.16078432 0.38039216 0.16078432
v -1.52061 1.07541 -1.02497 0.16078432 0.38039216 0.16078432
v -1.50388 1.04853 -1.00195 0.16078432 0.38039216 0.16078432
v -1.53245 1.06298 -1.0178 0.16078432 0.38039216 0.16078432
v -1.52061 1.07541 -1.02497 0.16078432 0.38039216 0.16078432
v -1.50388 1.04853 -1.00195 0.16078432 0.38039216 0.16078432
v -1.52061 1.07541 -1.02497 0.16078432 0.38039216 0.16078432
v -1.53245 1.06298 -1.0178 0.16078432 0.38039216 0.16078432
v -1.50388 1.04853 -1.00195 0.16078432 0.38039216 0.16078432
v -1.52764 1.04015 -1.01397 0.16078432 0.38039216 0.16078432
v -1.53245 1.06298 -1.0178 0.16078432 0.38039216 0.16078432
v -1.50388 1.04853 -1.00195 0.16078432 0.38039216 0.16078432
v -1.53245 1.06298 -1.0178 0.16078432 0.38039216 0.16078432
v -1.52764 1.04015 -1.01397 0.16078432 0.38039216 0.16078432
v -1.50388 1.04853 -1.00195 0.16078432 0.38039216 0.16078432
v -1.51055 1.03267 -1.01093 0.16078432 0.38039216 0.16078432
v -1.52764 1.04015 -1.01397 0.16078432 0.38039216 0.16078432
v -1.50388 1.04853 -1.00195 0.16078432 0.38039216 0.16078432
v -1.52764 1.04015 -1.01397 0.16078432 0.38039216 0.16078432
v -1.51055 1.03267 -1.01093 0.16078432 0.38039216 0.16078432
v -1.50388 1.04853 -1.00195 0.16078432 0.38039216 0.16078432
v -1.50277 1.03296 -1.00526 0.16078432 0.38039216 0.16078432
v -1.51055 1.03267 -1.01093 0.16078432 0.38039216 0.16078432
v -1.50388 1.04853 -1.00195 0.16078432 0.38039216 0.16078432
v -1.51055 1.03267 -1.01093 0.16078432 0.38039216 0.16078432
v -1.50277 1.03296 -1.00526 0.16078432 0.38039216 0.16078432
v -1.50388 1.04853 -1.00195 0.16078432 0.38039216 0.16078432
v -1.48402 1.03463 -1.00988 0.16078432 0.38039216 0.16078432
v -1.49559 1.03286 -1.00493 0.16078432 0.38039216 0.16078432
v -1.50388 1.04853 -1.00195 0.16078432 0.38039216 0.16078432
v -1.49559 1.03286 -1.00493 0.16078432 0.38039216 0.16078432
v -1.48402 1.03463 -1.00988 0.16078432 0.38039216 0.16078432
v -1.50388 1.04853 -1.00195 0.16078432 0.38039216 0.16078432
v -1.47481 1.04446 -1.01158 0.16078432 0.38039216 0.16078432
v -1.48402 1.03463 -1.00988 0.16078432 0.38039216 0.16078432
v -1.50388 1.04853 -1.00195 0.16078432 0.38039216 0.16078432
v -1.48402 1.03463 -1.00988 0.16078432 0.38039216 0.16078432
v -1.47481 1.04446 -1.01158 0.16078432 0.38039216 0.16078432
v -1.50388 1.04853 -1.00195 0.16078432 0.38039216 0.16078432
v -1.46919 1.06836 -1.01031 0.16078432 0.38039216 0.16078432
v -1.47481 1.04446 -1.01158 0.16078432 0.38039216 0.16078432
v -1.50388 1.04853 -1.00195 0.16078432 0.38039216 0.16078432
v -1.47481 1.04446 -1.01158 0.16078432 0.38039216 0.16078432
v -1.46919 1.06836 -1.01031 0.16078432 0.38039216 0.16078432
v -1.50388 1.04853 -1.00195 0.16078432 0.38039216 0.16078432
v -1.48702 1.08528 -1.02179 0.16078432 0.38039216 0.16078432
v -1.46919 1.06836 -1.01031 0.16078432 0.38039216 0.16078432
v -1.50388 1.04853 -1.00195 0.16078432 0.38039216 0.16078432
v -1.46919 1.06836 -1.01031 0.16078432 0.38039216 0.16078432
v -1.48702 1.08528 -1.02179 0.16078432 0.38039216 0.16078432
v -1.50388 1.04853 -1.00195 0.16078432 0.38039216 0.16078432
v -1.49989 1.07315 -1.01191 0.16078432 0.38039216 0.16078432
v -1.48702 1.08528 -1.02179 0.16078432 0.38039216 0.16078432
v -1.50388 1.04853 -1.00195 0.16078432 0.38039216 0.16078432
v -1.48702 1.08528 -1.02179 0.16078432 0.38039216 0.16078432
v -1.49989 1.07315 -1.01191 0.16078432 0.38039216 0.16078432
v -1.49989 1.07315 -1.01191 0.16078432 0.38039216 0.16078432
v -1.49708 1.07618 -1.03469 0.16078432 0.38039216 0.16078432
v -1.48702 1.08528 -1.02179 0.16078432 0.38039216 0.16078432
v -1.49989 1.07315 -1.01191 0.16078432 0.38039216 0.16078432
v -1.48702 1.08528 -1.02179 0.16078432 0.38039216 0.16078432
v -1.49708 1.07618 -1.03469 0.16078432 0.38039216 0.16078432
v -1.5041 1.07784 -0.98687 0.22745098 0.38039216 0.22745098
v -1.48878 1.08202 -0.98462 0.22745098 0.38039216 0.22745098
v -1.5013 1.08596 -0.97445 0.22745098 0.38039216 0.22745098
v -1.5041 1.07784 -0.98687 0.22745098 0.38039216 0.22745098
v -1.5013 1.08596 -0.97445 0.22745098 0.38039216 0.22745098
v -1.48878 1.08202 -0.98462 0.22745098 0.38039216 0.22745098
v -1.5041 1.07784 -0.98687 0.22745098 0.38039216 0.22745098
v -1.48878 1.08202 -0.98462 0.22745098 0.38039216 0.22745098
v -1.50225 1.06043 -0.9866 0.22745098 0.38039216 0.22745098
v -1.5041 1.07784 -0.98687 0.22745098 0.38039216 0.22745098
v -1.50225 1.06043 -0.9866 0.22745098 0.38039216 0.22745098
v -1.48878 1.08202 -0.98462 0.22745098 0.38039216 0.22745098
v -1.50225 1.06043 -0.9866 0.22745098 0.38039216 0.22745098
v -1.48224 1.0723 -0.98776 0.22745098 0.38039216 0.22745098
v -1.48878 1.08202 -0.98462 0.22745098 0.38039216 0.22745098
v -1.50225 1.06043 -0.9866 0.22745098 0.38039216 0.22745098
v -1.48878 1.08202 -0.98462 0.22745098 0.38039216 0.22745098
v -1.48224 1.0723 -0.98776 0.22745098 0.38039216 0.22745098
v -1.50225 1.06043 -0.9866 0.22745098 0.38039216 0.22745098
v -1.48465 1.05793 -0.98271 0.22745098 0.38039216 0.22745098
v -1.48224 1.0723 -0.98776 0.22745098 0.38039216 0.22745098
v -1.50225 1.06043 -0.9866 0.22745098 0.38039216 0.22745098
v -1.48224 1.0723 -0.98776 0.22745098 0.38039216 0.22745098
v -1.48465 1.05793 -0.98271 0.22745098 0.38039216 0.22745098
v -1.50225 1.06043 -0.9866 0.22745098 0.38039216 0.22745098
v -1.49535 1.05328 -0.97876 0.22745098 0.38039216 0.22745098
v -1.48465 1.05793 -0.98271 0.22745098 0.38039216 0.22745098
v -1.50225 1.06043 -0.9866 0.22745098 0.38039216 0.22745098
v -1.48465 1.05793 -0.98271 0.22745098 0.38039216 0.22745098
v -1.49535 1.05328 -0.97876 0.22745098 0.38039216 0.22745098
v -1.50225 1.06043 -0.9866 0.22745098 0.38039216 0.22745098
v -1.50133 1.05218 -0.98034 0.22745098 0.38039216 0.22745098
v -1.49535 1.05328 -0.97876 0.22745098 0.38039216 0.22745098
v -1.50225 1.06043 -0.9866 0.22745098 0.38039216 0.22745098
v -1.49535 1.05328 -0.97876 0.22745098 0.38039216 0.22745098
v -1.50133 1.05218 -0.98034 0.22745098 0.38039216 0.22745098
v -1.50225 1.06043 -0.9866 0.22745098 0.38039216 0.22745098
v -1.51202 1.05509 -0.97425 0.22745098 0.38039216 0.22745098
v -1.50581 1.05228 -0.97897 0.22745098 0.38039216 0.22745098
v -1.50225 1.06043 -0.9866 0.22745098 0.38039216 0.22745098
v -1.50581 1.05228 -0.97897 0.22745098 0.38039216 0.22745098
v -1.51202 1.05509 -0.97425 0.22745098 0.38039216 0.22745098
v -1.50225 1.06043 -0.9866 0.22745098 0.38039216 0.22745098
v -1.51792 1.06168 -0.974 0.22745098 0.38039216 0.22745098
v -1.51202 1.05509 -0.97425 0.22745098 0.38039216 0.22745098
v -1.50225 1.06043 -0.9866 0.22745098 0.38039216 0.22745098
v -1.51202 1.05509 -0.97425 0.22745098 0.38039216 0.22745098
v -1.51792 1.06168 -0.974 0.22745098 0.38039216 0.22745098
v -1.50225 1.06043 -0.9866 0.22745098 0.38039216 0.22745098
v -1.52304 1.07566 -0.97996 0.22745098 0.38039216 0.22745098
v -1.51792 1.06168 -0.974 0.22745098 0.38039216 0.22745098
v -1.50225 1.06043 -0.9866 0.22745098 0.38039216 0.22745098
v -1.51792 1.06168 -0.974 0.22745098 0.38039216 0.22745098
v -1.52304 1.07566 -0.97996 0.22745098 0.38039216 0.22745098
v -1.50225 1.06043 -0.9866 0.22745098 0.38039216 0.22745098
v -1.51069 1.08816 -0.98193 0.22745098 0.38039216 0.22745098
v -1.52304 1.07566 -0.97996 0.22745098 0.38039216 0.22745098
v -1.50225 1.06043 -0.9866 0.22745098 0.38039216 0.22745098
v -1.52304 1.07566 -0.97996 0.22745098 0.38039216 0.22745098
v -1.51069 1.08816 -0.98193 0.22745098 0.38039216 0.22745098
v -1.50225 1.06043 -0.9866 0.22745098 0.38039216 0.22745098
v -1.5041 1.07784 -0.98687 0.22745098 0.38039216 0.22745098
v -1.51069 1.08816 -0.98193 0.22745098 0.38039216 0.22745098
v -1.50225 1.06043 -0.9866 0.22745098 0.38039216 0.22745098
v -1.51069 1.08816 -0.98193 0.22745098 0.38039216 0.22745098
v -1.5041 1.07784 -0.98687 0.22745098 0.38039216 0.22745098
v -1.5041 1.07784 -0.98687 0.22745098 0.38039216 0.22745098
v -1.5013 1.08596 -0.97445 0.22745098 0.38039216 0.22745098
v -1.51069 1.08816 -0.98193 0.22745098 0.38039216 0.22745098
v -1.5041 1.07784 -0.98687 0.22745098 0.38039216 0.22745098
v -1.51069 1.08816 -0.98193 0.22745098 0.38039216 0.22745098
v -1.5013 1.08596 -0.97445 0.22745098 0.38039216 0.22745098
v -0.05876 0.2384 -1.07164 0.050980393 0.38039216 0.050980393
v -0.09686 0.22407 -1.05387 0.050980393 0.38039216 0.050980393
v -0.07562 0.20473 -1.08981 0.050980393 0.38039216 0.050980393
v -0.05876 0.2384 -1.07164 0.050980393 0.38039216 0.050980393
v -0.07562 0.20473 -1.08981 0.050980393 0.38039216 0.050980393
v -0.09686 0.22407 -1.05387 0.050980393 0.38039216 0.050980393
v -0.05876 0.2384 -1.07164 0.050980393 0.38039216 0.050980393
v -0.09686 0.22407 -1.05387 0.050980393 0.38039216 0.050980393
v -0.03 0.2334 -1.03291 0.050980393 0.38039216 0.050980393
v -0.05876 0.2384 -1.07164 0.050980393 0.38039216 0.050980393
v -0.03 0.2334 -1.03291 0.050980393 0.38039216 0.050980393
v -0.09686 0.22407 -1.05387 0.050980393 0.38039216 0.050980393
v -0.03 0.2334 -1.03291 0.050980393 0.38039216 0.050980393
v -0.09301 0.22689 -1.02063 0.050980393 0.38039216 0.050980393
v -0.09686 0.22407 -1.05387 0.050980393 0.38039216 0.050980393
v -0.03 0.2334 -1.03291 0.050980393 0.38039216 0.050980393
v -0.09686 0.22407 -1.05387 0.050980393 0.38039216 0.050980393
v -0.09301 0.22689 -1.02063 0.050980393 0.38039216 0.050980393
v -0.03 0.2334 -1.03291 0.050980393 0.38039216 0.050980393
v -0.05978 0.21205 -0.99828 0.050980393 0.38039216 0.050980393
v -0.09301 0.22689 -1.02063 0.050980393 0.38039216 0.050980393
v -0.03 0.2334 -1.03291 0.050980393 0.38039216 0.050980393
v -0.09301 0.22689 -1.02063 0.050980393 0.38039216 0.050980393
v -0.05978 0.21205 -0.99828 0.050980393 0.38039216 0.050980393
v -0.03 0.2334 -1.03291 0.050980393 0.38039216 0.050980393
v -0.02818 0.20685 -1.01009 0.050980393 0.38039216 0.050980393
v -0.05978 0.21205 -0.99828 0.050980393 0.38039216 0.050980393
v -0.03 0.2334 -1.03291 0.050980393 0.38039216 0.050980393
v -0.05978 0.21205 -0.99828 0.050980393 0.38039216 0.050980393
v -0.02818 0.20685 -1.01009 0.050980393 0.38039216 0.050980393
v -0.03 0.2334 -1.03291 0.050980393 0.38039216 0.050980393
v -0.01451 0.21442 -1.01773 0.050980393 0.38039216 0.050980393
v -0.02818 0.20685 -1.01009 0.050980393 0.38039216 0.050980393
v -0.03 0.2334 -1.03291 0.050980393 0.38039216 0.050980393
v -0.02818 0.20685 -1.01009 0.050980393 0.38039216 0.050980393
v -0.01451 0.21442 -1.01773 0.050980393 0.38039216 0.050980393
v -0.03 0.2334 -1.03291 0.050980393 0.38039216 0.050980393
v 0.00363 0.20484 -1.04607 0.050980393 0.38039216 0.050980393
v -0.0052 0.21341 -1.02671 0.050980393 0.38039216 0.050980393
v -0.03 0.2334 -1.03291 0.050980393 0.38039216 0.050980393
v -0.0052 0.21341 -1.02671 0.050980393 0.38039216 0.050980393
v 0.00363 0.20484 -1.04607 0.050980393 0.38039216 0.050980393
v -0.03 0.2334 -1.03291 0.050980393 0.38039216 0.050980393
v 0.00339 0.20886 -1.07026 0.050980393 0.38039216 0.050980393
v 0.00363 0.20484 -1.04607 0.050980393 0.38039216 0.050980393
v -0.03 0.2334 -1.03291 0.050980393 0.38039216 0.050980393
v 0.00363 0.20484 -1.04607 0.050980393 0.38039216 0.050980393
v 0.00339 0.20886 -1.07026 0.050980393 0.38039216 0.050980393
v -0.03 0.2334 -1.03291 0.050980393 0.38039216 0.050980393
v -0.01413 0.23054 -1.10483 0.050980393 0.38039216 0.050980393
v 0.00339 0.20886 -1.07026 0.050980393 0.38039216 0.050980393
v -0.03 0.2334 -1.03291 0.050980393 0.38039216 0.050980393
v 0.00339 0.20886 -1.07026 0.050980393 0.38039216 0.050980393
v -0.01413 0.23054 -1.10483 0.050980393 0.38039216 0.050980393
v -0.03 0.2334 -1.03291 0.050980393 0.38039216 0.050980393
v -0.06306 0.23086 -1.10717 0.050980393 0.38039216 0.050980393
v -0.01413 0.23054 -1.10483 0.050980393 0.38039216 0.050980393
v -0.03 0.2334 -1.03291 0.050980393 0.38039216 0.050980393
v -0.01413 0.23054 -1.10483 0.050980393 0.38039216 0.050980393
v -0.06306 0.23086 -1.10717 0.050980393 0.38039216 0.050980393
v -0.03 0.2334 -1.03291 0.050980393 0.38039216 0.050980393
v -0.05876 0.2384 -1.07164 0.050980393 0.38039216 0.050980393
v -0.06306 0.23086 -1.10717 0.050980393 0.38039216 0.050980393
v -0.03 0.2334 -1.03291 0.050980393 0.38039216 0.050980393
v -0.06306 0.23086 -1.10717 0.050980393 0.38039216 0.050980393
v -0.05876 0.2384 -1.07164 0.050980393 0.38039216 0.050980393
v -0.05876 0.2384 -1.07164 0.050980393 0.38039216 0.050980393
v -0.07562 0.20473 -1.08981 0.050980393 0.38039216 0.050980393
v -0.06306 0.23086 -1.10717 0.050980393 0.38039216 0.050980393
v -0.05876 0.2384 -1.07164 0.050980393 0.38039216 0.050980393
v -0.06306 0.23086 -1.10717 0.050980393 0.38039216 0.050980393
v -0.07562 0.20473 -1.08981 0.050980393 0.38039216 0.050980393
v 0.07874 0.34204 -0.82763 0.05490196 0.38039216 0.05490196
v 0.16224 0.28954 -0.85403 0.05490196 0.38039216 0.05490196
v 0.11938 0.23005 -0.8404 0.05490196 0.38039216 0.05490196
v 0.07874 0.34204 -0.82763 0.05490196 0.38039216 0.05490196
v 0.11938 0.23005 -0.8404 0.05490196 0.38039216 0.05490196
v 0.16224 0.28954 -0.85403 0.05490196 0.38039216 0.05490196
v 0.07874 0.34204 -0.82763 0.05490196 0.38039216 0.05490196
v 0.16224 0.28954 -0.85403 0.05490196 0.38039216 0.05490196
v 0.07509 0.38901 -0.88331 0.05490196 0.38039216 0.05490196
v 0.07874 0.34204 -0.82763 0.05490196 0.38039216 0.05490196
v 0.07509 0.38901 -0.88331 0.05490196 0.38039216 0.05490196
v 0.16224 0.28954 -0.85403 0.05490196 0.38039216 0.05490196
v 0.07509 0.38901 -0.88331 0.05490196 0.38039216 0.05490196
v 0.17719 0.2959 -0.90133 0.05490196 0.38039216 0.05490196
v 0.16224 0.28954 -0.85403 0.05490196 0.38039216 0.05490196
v 0.07509 0.38901 -0.88331 0.05490196 0.38039216 0.05490196
v 0.16224 0.28954 -0.85403 0.05490196 0.38039216 0.05490196
v 0.17719 0.2959 -0.90133 0.05490196 0.38039216 0.05490196
v 0.07509 0.38901 -0.88331 0.05490196 0.38039216 0.05490196
v 0.13511 0.32614 -0.97072 0.05490196 0.38039216 0.05490196
v 0.17719 0.2959 -0.90133 0.05490196 0.38039216 0.05490196
v 0.07509 0.38901 -0.88331 0.05490196 0.38039216 0.05490196
v 0.17719 0.2959 -0.90133 0.05490196 0.38039216 0.05490196
v 0.13511 0.32614 -0.97072 0.05490196 0.38039216 0.05490196
v 0.07509 0.38901 -0.88331 0.05490196 0.38039216 0.05490196
v 0.07643 0.33272 -0.97134 0.05490196 0.38039216 0.05490196
v 0.13511 0.32614 -0.97072 0.05490196 0.38039216 0.05490196
v 0.07509 0.38901 -0.88331 0.05490196 0.38039216 0.05490196
v 0.13511 0.32614 -0.97072 0.05490196 0.38039216 0.05490196
v 0.07643 0.33272 -0.97134 0.05490196 0.38039216 0.05490196
v 0.07509 0.38901 -0.88331 0.05490196 0.38039216 0.05490196
v 0.03866 0.35269 -0.94616 0.05490196 0.38039216 0.05490196
v 0.07643 0.33272 -0.97134 0.05490196 0.38039216 0.05490196
v 0.07509 0.38901 -0.88331 0.05490196 0.38039216 0.05490196
v 0.07643 0.33272 -0.97134 0.05490196 0.38039216 0.05490196
v 0.03866 0.35269 -0.94616 0.05490196 0.38039216 0.05490196
v 0.07509 0.38901 -0.88331 0.05490196 0.38039216 0.05490196
v 0.00508 0.35856 -0.94647 0.05490196 0.38039216 0.05490196
v 0.02835 0.36951 -0.94711 0.05490196 0.38039216 0.05490196
v 0.07509 0.38901 -0.88331 0.05490196 0.38039216 0.05490196
v 0.02835 0.36951 -0.94711 0.05490196 0.38039216 0.05490196
v 0.00508 0.35856 -0.94647 0.05490196 0.38039216 0.05490196
v 0.07509 0.38901 -0.88331 0.05490196 0.38039216 0.05490196
v -0.02016 0.34597 -0.92932 0.05490196 0.38039216 0.05490196
v 0.00508 0.35856 -0.94647 0.05490196 0.38039216 0.05490196
v 0.07509 0.38901 -0.88331 0.05490196 0.38039216 0.05490196
v 0.00508 0.35856 -0.94647 0.05490196 0.38039216 0.05490196
v -0.02016 0.34597 -0.92932 0.05490196 0.38039216 0.05490196
v 0.07509 0.38901 -0.88331 0.05490196 0.38039216 0.05490196
v -0.03273 0.314 -0.82324 0.05490196 0.38039216 0.05490196
v -0.02016 0.34597 -0.92932 0.05490196 0.38039216 0.05490196
v 0.07509 0.38901 -0.88331 0.05490196 0.38039216 0.05490196
v -0.02016 0.34597 -0.92932 0.05490196 0.38039216 0.05490196
v -0.03273 0.314 -0.82324 0.05490196 0.38039216 0.05490196
v 0.07509 0.38901 -0.88331 0.05490196 0.38039216 0.05490196
v 0.02999 0.28127 -0.80558 0.05490196 0.38039216 0.05490196
v -0.03273 0.314 -0.82324 0.05490196 0.38039216 0.05490196
v 0.07509 0.38901 -0.88331 0.05490196 0.38039216 0.05490196
v -0.03273 0.314 -0.82324 0.05490196 0.38039216 0.05490196
v 0.02999 0.28127 -0.80558 0.05490196 0.38039216 0.05490196
v 0.07509 0.38901 -0.88331 0.05490196 0.38039216 0.05490196
v 0.07874 0.34204 -0.82763 0.05490196 0.38039216 0.05490196
v 0.02999 0.28127 -0.80558 0.05490196 0.38039216 0.05490196
v 0.07509 0.38901 -0.88331 0.05490196 0.38039216 0.05490196
v 0.02999 0.28127 -0.80558 0.05490196 0.38039216 0.05490196
v 0.07874 0.34204 -0.82763 0.05490196 0.38039216 0.05490196
v 0.07874 0.34204 -0.82763 0.05490196 0.38039216 0.05490196
v 0.11938 0.23005 -0.8404 0.05490196 0.38039216 0.05490196
v 0.02999 0.28127 -0.80558 0.05490196 0.38039216 0.05490196
v 0.07874 0.34204 -0.82763 0.05490196 0.38039216 0.05490196
v 0.02999 0.28127 -0.80558 0.05490196 0.38039216 0.05490196
v 0.11938 0.23005 -0.8404 0.05490196 0.38039216 0.05490196
v -0.16116 0.47893 -0.88466 0.0627451 0.38039216 0.0627451
v -0.24547 0.45963 -0.8362 0.0627451 0.38039216 0.0627451
v -0.19712 0.3195 -0.88329 0.0627451 0.38039216 0.0627451
v -0.16116 0.47893 -0.88466 0.0627451 0.38039216 0.0627451
v -0.19712 0.3195 -0.88329 0.0627451 0.38039216 0.0627451
v -0.24547 0.45963 -0.8362 0.0627451 0.38039216 0.0627451
v -0.16116 0.47893 -0.88466 0.0627451 0.38039216 0.0627451
v -0.24547 0.45963 -0.8362 0.0627451 0.38039216 0.0627451
v -0.10613 0.55176 -0.92118 0.0627451 0.38039216 0.0627451
v -0.16116 0.47893 -0.88466 0.0627451 0.38039216 0.0627451
v -0.10613 0.55176 -0.92118 0.0627451 0.38039216 0.0627451
v -0.24547 0.45963 -0.8362 0.0627451 0.38039216 0.0627451
v -0.10613 0.55176 -0.92118 0.0627451 0.38039216 0.0627451
v -0.14936 0.40243 -0.79608 0.0627451 0.38039216 0.0627451
v -0.24547 0.45963 -0.8362 0.0627451 0.38039216 0.0627451
v -0.10613 0.55176 -0.92118 0.0627451 0.38039216 0.0627451
v -0.24547 0.45963 -0.8362 0.0627451 0.38039216 0.0627451
v -0.14936 0.40243 -0.79608 0.0627451 0.38039216 0.0627451
v -0.10613 0.55176 -0.92118 0.0627451 0.38039216 0.0627451
v -0.02505 0.44228 -0.85607 0.0627451 0.38039216 0.0627451
v -0.14936 0.40243 -0.79608 0.0627451 0.38039216 0.0627451
v -0.10613 0.55176 -0.92118 0.0627451 0.38039216 0.0627451
v -0.14936 0.40243 -0.79608 0.0627451 0.38039216 0.0627451
v -0.02505 0.44228 -0.85607 0.0627451 0.38039216 0.0627451
v -0.10613 0.55176 -0.92118 0.0627451 0.38039216 0.0627451
v -0.02924 0.47063 -0.93095 0.0627451 0.38039216 0.0627451
v -0.02505 0.44228 -0.85607 0.0627451 0.38039216 0.0627451
v -0.10613 0.55176 -0.92118 0.0627451 0.38039216 0.0627451
v -0.02505 0.44228 -0.85607 0.0627451 0.38039216 0.0627451
v -0.02924 0.47063 -0.93095 0.0627451 0.38039216 0.0627451
v -0.10613 0.55176 -0.92118 0.0627451 0.38039216 0.0627451
v -0.04303 0.53385 -0.95865 0.0627451 0.38039216 0.0627451
v -0.02924 0.47063 -0.93095 0.0627451 0.38039216 0.0627451
v -0.10613 0.55176 -0.92118 0.0627451 0.38039216 0.0627451
v -0.02924 0.47063 -0.93095 0.0627451 0.38039216 0.0627451
v -0.04303 0.53385 -0.95865 0.0627451 0.38039216 0.0627451
v -0.10613 0.55176 -0.92118 0.0627451 0.38039216 0.0627451
v -0.05011 0.48873 -0.99317 0.0627451 0.38039216 0.0627451
v -0.03588 0.54304 -0.95866 0.0627451 0.38039216 0.0627451
v -0.10613 0.55176 -0.92118 0.0627451 0.38039216 0.0627451
v -0.03588 0.54304 -0.95866 0.0627451 0.38039216 0.0627451
v -0.05011 0.48873 -0.99317 0.0627451 0.38039216 0.0627451
v -0.10613 0.55176 -0.92118 0.0627451 0.38039216 0.0627451
v -0.08842 0.46939 -1.0315 0.0627451 0.38039216 0.0627451
v -0.05011 0.48873 -0.99317 0.0627451 0.38039216 0.0627451
v -0.10613 0.55176 -0.92118 0.0627451 0.38039216 0.0627451
v -0.05011 0.48873 -0.99317 0.0627451 0.38039216 0.0627451
v -0.08842 0.46939 -1.0315 0.0627451 0.38039216 0.0627451
v -0.10613 0.55176 -0.92118 0.0627451 0.38039216 0.0627451
v -0.18227 0.41994 -1.02421 0.0627451 0.38039216 0.0627451
v -0.08842 0.46939 -1.0315 0.0627451 0.38039216 0.0627451
v -0.10613 0.55176 -0.92118 0.0627451 0.38039216 0.0627451
v -0.08842 0.46939 -1.0315 0.0627451 0.38039216 0.0627451
v -0.18227 0.41994 -1.02421 0.0627451 0.38039216 0.0627451
v -0.10613 0.55176 -0.92118 0.0627451 0.38039216 0.0627451
v -0.15419 0.39407 -0.9221 0.0627451 0.38039216 0.0627451
v -0.18227 0.41994 -1.02421 0.0627451 0.38039216 0.0627451
v -0.10613 0.55176 -0.92118 0.0627451 0.38039216 0.0627451
v -0.18227 0.41994 -1.02421 0.0627451 0.38039216 0.0627451
v -0.15419 0.39407 -0.9221 0.0627451 0.38039216 0.0627451
v -0.10613 0.55176 -0.92118 0.0627451 0.38039216 0.0627451
v -0.16116 0.47893 -0.88466 0.0627451 0.38039216 0.0627451
v -0.15419 0.39407 -0.9221 0.0627451 0.38039216 0.0627451
v -0.10613 0.55176 -0.92118 0.0627451 0.38039216 0.0627451
v -0.15419 0.39407 -0.9221 0.0627451 0.38039216 0.0627451
v -0.16116 0.47893 -0.88466 0.0627451 0.38039216 0.0627451
v -0.16116 0.47893 -0.88466 0.0627451 0.38039216 0.0627451
v -0.19712 0.3195 -0.88329 0.0627451 0.38039216 0.0627451
v -0.15419 0.39407 -0.9221 0.0627451 0.38039216 0.0627451
v -0.16116 0.47893 -0.88466 0.0627451 0.38039216 0.0627451
v -0.15419 0.39407 -0.9221 0.0627451 0.38039216 0.0627451
v -0.19712 0.3195 -0.88329 0.0627451 0.38039216 0.0627451
v 0.04922 0.59542 -1.15871 0.07058824 0.38039216 0.07058824
v 0.00752 0.54259 -1.21998 0.07058824 0.38039216 0.07058824
v 0.11121 0.43522 -1.18749 0.07058824 0.38039216 0.07058824
v 0.04922 0.59542 -1.15871 0.07058824 0.38039216 0.07058824
v 0.11121 0.43522 -1.18749 0.07058824 0.38039216 0.07058824
v 0.00752 0.54259 -1.21998 0.07058824 0.38039216 0.07058824
v 0.04922 0.59542 -1.15871 0.07058824 0.38039216 0.07058824
v 0.00752 0.54259 -1.21998 0.07058824 0.38039216 0.07058824
v 0.04539 0.67694 -1.10418 0.07058824 0.38039216 0.07058824
v 0.04922 0.59542 -1.15871 0.07058824 0.38039216 0.07058824
v 0.04539 0.67694 -1.10418 0.07058824 0.38039216 0.07058824
v 0.00752 0.54259 -1.21998 0.07058824 0.38039216 0.07058824
v 0.04539 0.67694 -1.10418 0.07058824 0.38039216 0.07058824
v -0.07227 0.5547 -1.208 0.07058824 0.38039216 0.07058824
v 0.00752 0.54259 -1.21998 0.07058824 0.38039216 0.07058824
v 0.04539 0.67694 -1.10418 0.07058824 0.38039216 0.07058824
v 0.00752 0.54259 -1.21998 0.07058824 0.38039216 0.07058824
v -0.07227 0.5547 -1.208 0.07058824 0.38039216 0.07058824
v 0.04539 0.67694 -1.10418 0.07058824 0.38039216 0.07058824
v -0.07484 0.59069 -1.07986 0.07058824 0.38039216 0.07058824
v -0.07227 0.5547 -1.208 0.07058824 0.38039216 0.07058824
v 0.04539 0.67694 -1.10418 0.07058824 0.38039216 0.07058824
v -0.07227 0.5547 -1.208 0.07058824 0.38039216 0.07058824
v -0.07484 0.59069 -1.07986 0.07058824 0.38039216 0.07058824
v 0.04539 0.67694 -1.10418 0.07058824 0.38039216 0.07058824
v -0.02694 0.64161 -1.02523 0.07058824 0.38039216 0.07058824
v -0.07484 0.59069 -1.07986 0.07058824 0.38039216 0.07058824
v 0.04539 0.67694 -1.10418 0.07058824 0.38039216 0.07058824
v -0.07484 0.59069 -1.07986 0.07058824 0.38039216 0.07058824
v -0.02694 0.64161 -1.02523 0.07058824 0.38039216 0.07058824
v 0.04539 0.67694 -1.10418 0.07058824 0.38039216 0.07058824
v 0.00643 0.67818 -1.02184 0.07058824 0.38039216 0.07058824
v -0.02694 0.64161 -1.02523 0.07058824 0.38039216 0.07058824
v 0.04539 0.67694 -1.10418 0.07058824 0.38039216 0.07058824
v -0.02694 0.64161 -1.02523 0.07058824 0.38039216 0.07058824
v 0.00643 0.67818 -1.02184 0.07058824 0.38039216 0.07058824
v 0.04539 0.67694 -1.10418 0.07058824 0.38039216 0.07058824
v 0.0666 0.64728 -0.98888 0.07058824 0.38039216 0.07058824
v 0.04282 0.66019 -1.02103 0.07058824 0.38039216 0.07058824
v 0.04539 0.67694 -1.10418 0.07058824 0.38039216 0.07058824
v 0.04282 0.66019 -1.02103 0.07058824 0.38039216 0.07058824
v 0.0666 0.64728 -0.98888 0.07058824 0.38039216 0.07058824
v 0.04539 0.67694 -1.10418 0.07058824 0.38039216 0.07058824
v 0.13124 0.59057 -1.01244 0.07058824 0.38039216 0.07058824
v 0.0666 0.64728 -0.98888 0.07058824 0.38039216 0.07058824
v 0.04539 0.67694 -1.10418 0.07058824 0.38039216 0.07058824
v 0.0666 0.64728 -0.98888 0.07058824 0.38039216 0.07058824
v 0.13124 0.59057 -1.01244 0.07058824 0.38039216 0.07058824
v 0.04539 0.67694 -1.10418 0.07058824 0.38039216 0.07058824
v 0.17117 0.53443 -1.1174 0.07058824 0.38039216 0.07058824
v 0.13124 0.59057 -1.01244 0.07058824 0.38039216 0.07058824
v 0.04539 0.67694 -1.10418 0.07058824 0.38039216 0.07058824
v 0.13124 0.59057 -1.01244 0.07058824 0.38039216 0.07058824
v 0.17117 0.53443 -1.1174 0.07058824 0.38039216 0.07058824
v 0.04539 0.67694 -1.10418 0.07058824 0.38039216 0.07058824
v 0.167 0.58485 -1.20164 0.07058824 0.38039216 0.07058824
v 0.17117 0.53443 -1.1174 0.07058824 0.38039216 0.07058824
v 0.04539 0.67694 -1.10418 0.07058824 0.38039216 0.07058824
v 0.17117 0.53443 -1.1174 0.07058824 0.38039216 0.07058824
v 0.167 0.58485 -1.20164 0.07058824 0.38039216 0.07058824
v 0.04539 0.67694 -1.10418 0.07058824 0.38039216 0.07058824
v 0.04922 0.59542 -1.15871 0.07058824 0.38039216 0.07058824
v 0.167 0.58485 -1.20164 0.07058824 0.38039216 0.07058824
v 0.04539 0.67694 -1.10418 0.07058824 0.38039216 0.07058824
v 0.167 0.58485 -1.20164 0.07058824 0.38039216 0.07058824
v 0.04922 0.59542 -1.15871 0.07058824 0.38039216 0.07058824
v 0.04922 0.59542 -1.15871 0.07058824 0.38039216 0.07058824
v 0.11121 0.43522 -1.18749 0.07058824 0.38039216 0.07058824
v 0.167 0.58485 -1.20164 0.07058824 0.38039216 0.07058824
v 0.04922 0.59542 -1.15871 0.07058824 0.38039216 0.07058824
v 0.167 0.58485 -1.20164 0.07058824 0.38039216 0.07058824
v 0.11121 0.43522 -1.18749 0.07058824 0.38039216 0.07058824
v 0.10327 0.70631 -0.87554 0.08627451 0.38039216 0.08627451
v 0.15423 0.68918 -0.80409 0.08627451 0.38039216 0.08627451
v 0.10792 0.5626 -0.84299 0.08627451 0.38039216 0.08627451
v 0.10327 0.70631 -0.87554 0.08627451 0.38039216 0.08627451
v 0.10792 0.5626 -0.84299 0.08627451 0.38039216 0.08627451
v 0.15423 0.68918 -0.80409 0.08627451 0.38039216 0.08627451
v 0.10327 0.70631 -0.87554 0.08627451 0.38039216 0.08627451
v 0.15423 0.68918 -0.80409 0.08627451 0.38039216 0.08627451
v 0.06552 0.7718 -0.92189 0.08627451 0.38039216 0.08627451
v 0.10327 0.70631 -0.87554 0.08627451 0.38039216 0.08627451
v 0.06552 0.7718 -0.92189 0.08627451 0.38039216 0.08627451
v 0.15423 0.68918 -0.80409 0.08627451 0.38039216 0.08627451
v 0.06552 0.7718 -0.92189 0.08627451 0.38039216 0.08627451
v 0.18186 0.63739 -0.89376 0.08627451 0.38039216 0.08627451
v 0.15423 0.68918 -0.80409 0.08627451 0.38039216 0.08627451
v 0.06552 0.7718 -0.92189 0.08627451 0.38039216 0.08627451
v 0.15423 0.68918 -0.80409 0.08627451 0.38039216 0.08627451
v 0.18186 0.63739 -0.89376 0.08627451 0.38039216 0.08627451
v 0.06552 0.7718 -0.92189 0.08627451 0.38039216 0.08627451
v 0.11698 0.67293 -1.00015 0.08627451 0.38039216 0.08627451
v 0.18186 0.63739 -0.89376 0.08627451 0.38039216 0.08627451
v 0.06552 0.7718 -0.92189 0.08627451 0.38039216 0.08627451
v 0.18186 0.63739 -0.89376 0.08627451 0.38039216 0.08627451
v 0.11698 0.67293 -1.00015 0.08627451 0.38039216 0.08627451
v 0.06552 0.7718 -0.92189 0.08627451 0.38039216 0.08627451
v 0.05009 0.69841 -0.98986 0.08627451 0.38039216 0.08627451
v 0.11698 0.67293 -1.00015 0.08627451 0.38039216 0.08627451
v 0.06552 0.7718 -0.92189 0.08627451 0.38039216 0.08627451
v 0.11698 0.67293 -1.00015 0.08627451 0.38039216 0.08627451
v 0.05009 0.69841 -0.98986 0.08627451 0.38039216 0.08627451
v 0.06552 0.7718 -0.92189 0.08627451 0.38039216 0.08627451
v 0.02634 0.75543 -0.97519 0.08627451 0.38039216 0.08627451
v 0.05009 0.69841 -0.98986 0.08627451 0.38039216 0.08627451
v 0.06552 0.7718 -0.92189 0.08627451 0.38039216 0.08627451
v 0.05009 0.69841 -0.98986 0.08627451 0.38039216 0.08627451
v 0.02634 0.75543 -0.97519 0.08627451 0.38039216 0.08627451
v 0.06552 0.7718 -0.92189 0.08627451 0.38039216 0.08627451
v -0.00395 0.71471 -0.96568 0.08627451 0.38039216 0.08627451
v 0.02568 0.76371 -0.98163 0.08627451 0.38039216 0.08627451
v 0.06552 0.7718 -0.92189 0.08627451 0.38039216 0.08627451
v 0.02568 0.76371 -0.98163 0.08627451 0.38039216 0.08627451
v -0.00395 0.71471 -0.96568 0.08627451 0.38039216 0.08627451
v 0.06552 0.7718 -0.92189 0.08627451 0.38039216 0.08627451
v -0.03495 0.69732 -0.92785 0.08627451 0.38039216 0.08627451
v -0.00395 0.71471 -0.96568 0.08627451 0.38039216 0.08627451
v 0.06552 0.7718 -0.92189 0.08627451 0.38039216 0.08627451
v -0.00395 0.71471 -0.96568 0.08627451 0.38039216 0.08627451
v -0.03495 0.69732 -0.92785 0.08627451 0.38039216 0.08627451
v 0.06552 0.7718 -0.92189 0.08627451 0.38039216 0.08627451
v -0.02005 0.65297 -0.84413 0.08627451 0.38039216 0.08627451
v -0.03495 0.69732 -0.92785 0.08627451 0.38039216 0.08627451
v 0.06552 0.7718 -0.92189 0.08627451 0.38039216 0.08627451
v -0.03495 0.69732 -0.92785 0.08627451 0.38039216 0.08627451
v -0.02005 0.65297 -0.84413 0.08627451 0.38039216 0.08627451
v 0.06552 0.7718 -0.92189 0.08627451 0.38039216 0.08627451
v 0.06918 0.6297 -0.87828 0.08627451 0.38039216 0.08627451
v -0.02005 0.65297 -0.84413 0.08627451 0.38039216 0.08627451
v 0.06552 0.7718 -0.92189 0.08627451 0.38039216 0.08627451
v -0.02005 0.65297 -0.84413 0.08627451 0.38039216 0.08627451
v 0.06918 0.6297 -0.87828 0.08627451 0.38039216 0.08627451
v 0.06552 0.7718 -0.92189 0.08627451 0.38039216 0.08627451
v 0.10327 0.70631 -0.87554 0.08627451 0.38039216 0.08627451
v 0.06918 0.6297 -0.87828 0.08627451 0.38039216 0.08627451
v 0.06552 0.7718 -0.92189 0.08627451 0.38039216 0.08627451
v 0.06918 0.6297 -0.87828 0.08627451 0.38039216 0.08627451
v 0.10327 0.70631 -0.87554 0.08627451 0.38039216 0.08627451
v 0.10327 0.70631 -0.87554 0.08627451 0.38039216 0.08627451
v 0.10792 0.5626 -0.84299 0.08627451 0.38039216 0.08627451
v 0.06918 0.6297 -0.87828 0.08627451 0.38039216 0.08627451
v 0.10327 0.70631 -0.87554 0.08627451 0.38039216 0.08627451
v 0.06918 0.6297 -0.87828 0.08627451 0.38039216 0.08627451
v 0.10792 0.5626 -0.84299 0.08627451 0.38039216 0.08627451
v -0.08495 0.82087 -1.05222 0.08627451 0.38039216 0.08627451
v -0.11638 0.77508 -0.98142 0.08627451 0.38039216 0.08627451
v -0.10354 0.72248 -1.01868 0.08627451 0.38039216 0.08627451
v -0.08495 0.82087 -1.05222 0.08627451 0.38039216 0.08627451
v -0.10354 0.72248 -1.01868 0.08627451 0.38039216 0.08627451
v -0.11638 0.77508 -0.98142 0.08627451 0.38039216 0.08627451
v -0.08495 0.82087 -1.05222 0.08627451 0.38039216 0.08627451
v -0.11638 0.77508 -0.98142 0.08627451 0.38039216 0.08627451
v -0.04358 0.86022 -1.02268 0.08627451 0.38039216 0.08627451
v -0.08495 0.82087 -1.05222 0.08627451 0.38039216 0.08627451
v -0.04358 0.86022 -1.02268 0.08627451 0.38039216 0.08627451
v -0.11638 0.77508 -0.98142 0.08627451 0.38039216 0.08627451
v -0.04358 0.86022 -1.02268 0.08627451 0.38039216 0.08627451
v -0.09272 0.77926 -0.94448 0.08627451 0.38039216 0.08627451
v -0.11638 0.77508 -0.98142 0.08627451 0.38039216 0.08627451
v -0.04358 0.86022 -1.02268 0.08627451 0.38039216 0.08627451
v -0.11638 0.77508 -0.98142 0.08627451 0.38039216 0.08627451
v -0.09272 0.77926 -0.94448 0.08627451 0.38039216 0.08627451
v -0.04358 0.86022 -1.02268 0.08627451 0.38039216 0.08627451
v -0.02097 0.80276 -0.93328 0.08627451 0.38039216 0.08627451
v -0.09272 0.77926 -0.94448 0.08627451 0.38039216 0.08627451
v -0.04358 0.86022 -1.02268 0.08627451 0.38039216 0.08627451
v -0.09272 0.77926 -0.94448 0.08627451 0.38039216 0.08627451
v -0.02097 0.80276 -0.93328 0.08627451 0.38039216 0.08627451
v -0.04358 0.86022 -1.02268 0.08627451 0.38039216 0.08627451
v 0.01292 0.80758 -0.97249 0.08627451 0.38039216 0.08627451
v -0.02097 0.80276 -0.93328 0.08627451 0.38039216 0.08627451
v -0.04358 0.86022 -1.02268 0.08627451 0.38039216 0.08627451
v -0.02097 0.80276 -0.93328 0.08627451 0.38039216 0.08627451
v 0.01292 0.80758 -0.97249 0.08627451 0.38039216 0.08627451
v -0.04358 0.86022 -1.02268 0.08627451 0.38039216 0.08627451
v 0.01807 0.82543 -1.01205 0.08627451 0.38039216 0.08627451
v 0.01292 0.80758 -0.97249 0.08627451 0.38039216 0.08627451
v -0.04358 0.86022 -1.02268 0.08627451 0.38039216 0.08627451
v 0.01292 0.80758 -0.97249 0.08627451 0.38039216 0.08627451
v 0.01807 0.82543 -1.01205 0.08627451 0.38039216 0.08627451
v -0.04358 0.86022 -1.02268 0.08627451 0.38039216 0.08627451
v 0.03751 0.83004 -1.03449 0.08627451 0.38039216 0.08627451
v 0.02518 0.84004 -1.01831 0.08627451 0.38039216 0.08627451
v -0.04358 0.86022 -1.02268 0.08627451 0.38039216 0.08627451
v 0.02518 0.84004 -1.01831 0.08627451 0.38039216 0.08627451
v 0.03751 0.83004 -1.03449 0.08627451 0.38039216 0.08627451
v -0.04358 0.86022 -1.02268 0.08627451 0.38039216 0.08627451
v 0.03977 0.81915 -1.06137 0.08627451 0.38039216 0.08627451
v 0.03751 0.83004 -1.03449 0.08627451 0.38039216 0.08627451
v -0.04358 0.86022 -1.02268 0.08627451 0.38039216 0.08627451
v 0.03751 0.83004 -1.03449 0.08627451 0.38039216 0.08627451
v 0.03977 0.81915 -1.06137 0.08627451 0.38039216 0.08627451
v -0.04358 0.86022 -1.02268 0.08627451 0.38039216 0.08627451
v -0.02585 0.79452 -1.13026 0.08627451 0.38039216 0.08627451
v 0.03977 0.81915 -1.06137 0.08627451 0.38039216 0.08627451
v -0.04358 0.86022 -1.02268 0.08627451 0.38039216 0.08627451
v 0.03977 0.81915 -1.06137 0.08627451 0.38039216 0.08627451
v -0.02585 0.79452 -1.13026 0.08627451 0.38039216 0.08627451
v -0.04358 0.86022 -1.02268 0.08627451 0.38039216 0.08627451
v -0.0745 0.76735 -1.09824 0.08627451 0.38039216 0.08627451
v -0.02585 0.79452 -1.13026 0.08627451 0.38039216 0.08627451
v -0.04358 0.86022 -1.02268 0.08627451 0.38039216 0.08627451
v -0.02585 0.79452 -1.13026 0.08627451 0.38039216 0.08627451
v -0.0745 0.76735 -1.09824 0.08627451 0.38039216 0.08627451
v -0.04358 0.86022 -1.02268 0.08627451 0.38039216 0.08627451
v -0.08495 0.82087 -1.05222 0.08627451 0.38039216 0.08627451
v -0.0745 0.76735 -1.09824 0.08627451 0.38039216 0.08627451
v -0.04358 0.86022 -1.02268 0.08627451 0.38039216 0.08627451
v -0.0745 0.76735 -1.09824 0.08627451 0.38039216 0.08627451
v -0.08495 0.82087 -1.05222 0.08627451 0.38039216 0.08627451
v -0.08495 0.82087 -1.05222 0.08627451 0.38039216 0.08627451
v -0.10354 0.72248 -1.01868 0.08627451 0.38039216 0.08627451
v -0.0745 0.76735 -1.09824 0.08627451 0.38039216 0.08627451
v -0.08495 0.82087 -1.05222 0.08627451 0.38039216 0.08627451
v -0.0745 0.76735 -1.09824 0.08627451 0.38039216 0.08627451
v -0.10354 0.72248 -1.01868 0.08627451 0.38039216 0.08627451
v 0.09274 0.92748 -1.02782 0.09019608 0.38039216 0.09019608
v 0.08657 0.90091 -1.08444 0.09019608 0.38039216 0.09019608
v 0.10954 0.86614 -1.06517 0.09019608 0.38039216 0.09019608
v 0.09274 0.92748 -1.02782 0.09019608 0.38039216 0.09019608
v 0.10954 0.86614 -1.06517 0.09019608 0.38039216 0.09019608
v 0.08657 0.90091 -1.08444 0.09019608 0.38039216 0.09019608
v 0.09274 0.92748 -1.02782 0.09019608 0.38039216 0.09019608
v 0.08657 0.90091 -1.08444 0.09019608 0.38039216 0.09019608
v 0.05039 0.94051 -1.02061 0.09019608 0.38039216 0.09019608
v 0.09274 0.92748 -1.02782 0.09019608 0.38039216 0.09019608
v 0.05039 0.94051 -1.02061 0.09019608 0.38039216 0.09019608
v 0.08657 0.90091 -1.08444 0.09019608 0.38039216 0.09019608
v 0.05039 0.94051 -1.02061 0.09019608 0.38039216 0.09019608
v 0.05759 0.89513 -1.09304 0.09019608 0.38039216 0.09019608
v 0.08657 0.90091 -1.08444 0.09019608 0.38039216 0.09019608
v 0.05039 0.94051 -1.02061 0.09019608 0.38039216 0.09019608
v 0.08657 0.90091 -1.08444 0.09019608 0.38039216 0.09019608
v 0.05759 0.89513 -1.09304 0.09019608 0.38039216 0.09019608
v 0.05039 0.94051 -1.02061 0.09019608 0.38039216 0.09019608
v 0.01267 0.8915 -1.06457 0.09019608 0.38039216 0.09019608
v 0.05759 0.89513 -1.09304 0.09019608 0.38039216 0.09019608
v 0.05039 0.94051 -1.02061 0.09019608 0.38039216 0.09019608
v 0.05759 0.89513 -1.09304 0.09019608 0.38039216 0.09019608
v 0.01267 0.8915 -1.06457 0.09019608 0.38039216 0.09019608
v 0.05039 0.94051 -1.02061 0.09019608 0.38039216 0.09019608
v 0.01299 0.88874 -1.02832 0.09019608 0.38039216 0.09019608
v 0.01267 0.8915 -1.06457 0.09019608 0.38039216 0.09019608
v 0.05039 0.94051 -1.02061 0.09019608 0.38039216 0.09019608
v 0.01267 0.8915 -1.06457 0.09019608 0.38039216 0.09019608
v 0.01299 0.88874 -1.02832 0.09019608 0.38039216 0.09019608
v 0.05039 0.94051 -1.02061 0.09019608 0.38039216 0.09019608
v 0.0242 0.90171 -1.00306 0.09019608 0.38039216 0.09019608
v 0.01299 0.88874 -1.02832 0.09019608 0.38039216 0.09019608
v 0.05039 0.94051 -1.02061 0.09019608 0.38039216 0.09019608
v 0.01299 0.88874 -1.02832 0.09019608 0.38039216 0.09019608
v 0.0242 0.90171 -1.00306 0.09019608 0.38039216 0.09019608
v 0.05039 0.94051 -1.02061 0.09019608 0.38039216 0.09019608
v 0.02393 0.90133 -0.98209 0.09019608 0.38039216 0.09019608
v 0.02019 0.90981 -0.99492 0.09019608 0.38039216 0.09019608
v 0.05039 0.94051 -1.02061 0.09019608 0.38039216 0.09019608
v 0.02019 0.90981 -0.99492 0.09019608 0.38039216 0.09019608
v 0.02393 0.90133 -0.98209 0.09019608 0.38039216 0.09019608
v 0.05039 0.94051 -1.02061 0.09019608 0.38039216 0.09019608
v 0.03753 0.89554 -0.96814 0.09019608 0.38039216 0.09019608
v 0.02393 0.90133 -0.98209 0.09019608 0.38039216 0.09019608
v 0.05039 0.94051 -1.02061 0.09019608 0.38039216 0.09019608
v 0.02393 0.90133 -0.98209 0.09019608 0.38039216 0.09019608
v 0.03753 0.89554 -0.96814 0.09019608 0.38039216 0.09019608
v 0.05039 0.94051 -1.02061 0.09019608 0.38039216 0.09019608
v 0.1058 0.90083 -0.96353 0.09019608 0.38039216 0.09019608
v 0.03753 0.89554 -0.96814 0.09019608 0.38039216 0.09019608
v 0.05039 0.94051 -1.02061 0.09019608 0.38039216 0.09019608
v 0.03753 0.89554 -0.96814 0.09019608 0.38039216 0.09019608
v 0.1058 0.90083 -0.96353 0.09019608 0.38039216 0.09019608
v 0.05039 0.94051 -1.02061 0.09019608 0.38039216 0.09019608
v 0.12102 0.89331 -1.00508 0.09019608 0.38039216 0.09019608
v 0.1058 0.90083 -0.96353 0.09019608 0.38039216 0.09019608
v 0.05039 0.94051 -1.02061 0.09019608 0.38039216 0.09019608
v 0.1058 0.90083 -0.96353 0.09019608 0.38039216 0.09019608
v 0.12102 0.89331 -1.00508 0.09019608 0.38039216 0.09019608
v 0.05039 0.94051 -1.02061 0.09019608 0.38039216 0.09019608
v 0.09274 0.92748 -1.02782 0.09019608 0.38039216 0.09019608
v 0.12102 0.89331 -1.00508 0.09019608 0.38039216 0.09019608
v 0.05039 0.94051 -1.02061 0.09019608 0.38039216 0.09019608
v 0.12102 0.89331 -1.00508 0.09019608 0.38039216 0.09019608
v 0.09274 0.92748 -1.02782 0.09019608 0.38039216 0.09019608
v 0.09274 0.92748 -1.02782 0.09019608 0.38039216 0.09019608
v 0.10954 0.86614 -1.06517 0.09019608 0.38039216 0.09019608
v 0.12102 0.89331 -1.00508 0.09019608 0.38039216 0.09019608
v 0.09274 0.92748 -1.02782 0.09019608 0.38039216 0.09019608
v 0.12102 0.89331 -1.00508 0.09019608 0.38039216 0.09019608
v 0.10954 0.86614 -1.06517 0.09019608 0.38039216 0.09019608
v -0.04956 1.04283 -0.95732 0.10980392 0.38039216 0.10980392
v -0.04314 1.03508 -0.92131 0.10980392 0.38039216 0.10980392
v -0.07411 1.02329 -0.94136 0.10980392 0.38039216 0.10980392
v -0.04956 1.04283 -0.95732 0.10980392 0.38039216 0.10980392
v -0.07411 1.02329 -0.94136 0.10980392 0.38039216 0.10980392
v -0.04314 1.03508 -0.92131 0.10980392 0.38039216 0.10980392
v -0.04956 1.04283 -0.95732 0.10980392 0.38039216 0.10980392
v -0.04314 1.03508 -0.92131 0.10980392 0.38039216 0.10980392
v -0.01658 1.02509 -0.97363 0.10980392 0.38039216 0.10980392
v -0.04956 1.04283 -0.95732 0.10980392 0.38039216 0.10980392
v -0.01658 1.02509 -0.97363 0.10980392 0.38039216 0.10980392
v -0.04314 1.03508 -0.92131 0.10980392 0.38039216 0.10980392
v -0.01658 1.02509 -0.97363 0.10980392 0.38039216 0.10980392
v -0.01547 1.02952 -0.91949 0.10980392 0.38039216 0.10980392
v -0.04314 1.03508 -0.92131 0.10980392 0.38039216 0.10980392
v -0.01658 1.02509 -0.97363 0.10980392 0.38039216 0.10980392
v -0.04314 1.03508 -0.92131 0.10980392 0.38039216 0.10980392
v -0.01547 1.02952 -0.91949 0.10980392 0.38039216 0.10980392
v -0.01658 1.02509 -0.97363 0.10980392 0.38039216 0.10980392
v 0.00255 1.00661 -0.94055 0.10980392 0.38039216 0.10980392
v -0.01547 1.02952 -0.91949 0.10980392 0.38039216 0.10980392
v -0.01658 1.02509 -0.97363 0.10980392 0.38039216 0.10980392
v -0.01547 1.02952 -0.91949 0.10980392 0.38039216 0.10980392
v 0.00255 1.00661 -0.94055 0.10980392 0.38039216 0.10980392
v -0.01658 1.02509 -0.97363 0.10980392 0.38039216 0.10980392
v -0.00457 0.99889 -0.9673 0.10980392 0.38039216 0.10980392
v 0.00255 1.00661 -0.94055 0.10980392 0.38039216 0.10980392
v -0.01658 1.02509 -0.97363 0.10980392 0.38039216 0.10980392
v 0.00255 1.00661 -0.94055 0.10980392 0.38039216 0.10980392
v -0.00457 0.99889 -0.9673 0.10980392 0.38039216 0.10980392
v -0.01658 1.02509 -0.97363 0.10980392 0.38039216 0.10980392
v -0.00729 1.00386 -0.98081 0.10980392 0.38039216 0.10980392
v -0.00457 0.99889 -0.9673 0.10980392 0.38039216 0.10980392
v -0.01658 1.02509 -0.97363 0.10980392 0.38039216 0.10980392
v -0.00457 0.99889 -0.9673 0.10980392 0.38039216 0.10980392
v -0.00729 1.00386 -0.98081 0.10980392 0.38039216 0.10980392
v -0.01658 1.02509 -0.97363 0.10980392 0.38039216 0.10980392
v -0.0302 0.99878 -0.99864 0.10980392 0.38039216 0.10980392
v -0.01366 1.00316 -0.98966 0.10980392 0.38039216 0.10980392
v -0.01658 1.02509 -0.97363 0.10980392 0.38039216 0.10980392
v -0.01366 1.00316 -0.98966 0.10980392 0.38039216 0.10980392
v -0.0302 0.99878 -0.99864 0.10980392 0.38039216 0.10980392
v -0.01658 1.02509 -0.97363 0.10980392 0.38039216 0.10980392
v -0.04857 1.00714 -1.00297 0.10980392 0.38039216 0.10980392
v -0.0302 0.99878 -0.99864 0.10980392 0.38039216 0.10980392
v -0.01658 1.02509 -0.97363 0.10980392 0.38039216 0.10980392
v -0.0302 0.99878 -0.99864 0.10980392 0.38039216 0.10980392
v -0.04857 1.00714 -1.00297 0.10980392 0.38039216 0.10980392
v -0.01658 1.02509 -0.97363 0.10980392 0.38039216 0.10980392
v -0.07292 1.03502 -0.9977 0.10980392 0.38039216 0.10980392
v -0.04857 1.00714 -1.00297 0.10980392 0.38039216 0.10980392
v -0.01658 1.02509 -0.97363 0.10980392 0.38039216 0.10980392
v -0.04857 1.00714 -1.00297 0.10980392 0.38039216 0.10980392
v -0.07292 1.03502 -0.9977 0.10980392 0.38039216 0.10980392
v -0.01658 1.02509 -0.97363 0.10980392 0.38039216 0.10980392
v -0.08025 1.04523 -0.95842 0.10980392 0.38039216 0.10980392
v -0.07292 1.03502 -0.9977 0.10980392 0.38039216 0.10980392
v -0.01658 1.02509 -0.97363 0.10980392 0.38039216 0.10980392
v -0.07292 1.03502 -0.9977 0.10980392 0.38039216 0.10980392
v -0.08025 1.04523 -0.95842 0.10980392 0.38039216 0.10980392
v -0.01658 1.02509 -0.97363 0.10980392 0.38039216 0.10980392
v -0.04956 1.04283 -0.95732 0.10980392 0.38039216 0.10980392
v -0.08025 1.04523 -0.95842 0.10980392 0.38039216 0.10980392
v -0.01658 1.02509 -0.97363 0.10980392 0.38039216 0.10980392
v -0.08025 1.04523 -0.95842 0.10980392 0.38039216 0.10980392
v -0.04956 1.04283 -0.95732 0.10980392 0.38039216 0.10980392
v -0.04956 1.04283 -0.95732 0.10980392 0.38039216 0.10980392
v -0.07411 1.02329 -0.94136 0.10980392 0.38039216 0.10980392
v -0.08025 1.04523 -0.95842 0.10980392 0.38039216 0.10980392
v -0.04956 1.04283 -0.95732 0.10980392 0.38039216 0.10980392
v -0.08025 1.04523 -0.95842 0.10980392 0.38039216 0.10980392
v -0.07411 1.02329 -0.94136 0.10980392 0.38039216 0.10980392
v -0.0062 1.07358 -1.01086 0.16470589 0.38039216 0.16470589
v -0.03034 1.07584 -1.01499 0.16470589 0.38039216 0.16470589
v -0.01232 1.07661 -1.03298 0.16470589 0.38039216 0.16470589
v -0.0062 1.07358 -1.01086 0.16470589 0.38039216 0.16470589
v -0.01232 1.07661 -1.03298 0.16470589 0.38039216 0.16470589
v -0.03034 1.07584 -1.01499 0.16470589 0.38039216 0.16470589
v -0.0062 1.07358 -1.01086 0.16470589 0.38039216 0.16470589
v -0.03034 1.07584 -1.01499 0.16470589 0.38039216 0.16470589
v -0.00606 1.04896 -1.00013 0.16470589 0.38039216 0.16470589
v -0.0062 1.07358 -1.01086 0.16470589 0.38039216 0.16470589
v -0.00606 1.04896 -1.00013 0.16470589 0.38039216 0.16470589
v -0.03034 1.07584 -1.01499 0.16470589 0.38039216 0.16470589
v -0.00606 1.04896 -1.00013 0.16470589 0.38039216 0.16470589
v -0.03853 1.06341 -1.00383 0.16470589 0.38039216 0.16470589
v -0.03034 1.07584 -1.01499 0.16470589 0.38039216 0.16470589
v -0.00606 1.04896 -1.00013 0.16470589 0.38039216 0.16470589
v -0.03034 1.07584 -1.01499 0.16470589 0.38039216 0.16470589
v -0.03853 1.06341 -1.00383 0.16470589 0.38039216 0.16470589
v -0.00606 1.04896 -1.00013 0.16470589 0.38039216 0.16470589
v -0.03262 1.04058 -1.00213 0.16470589 0.38039216 0.16470589
v -0.03853 1.06341 -1.00383 0.16470589 0.38039216 0.16470589
v -0.00606 1.04896 -1.00013 0.16470589 0.38039216 0.16470589
v -0.03853 1.06341 -1.00383 0.16470589 0.38039216 0.16470589
v -0.03262 1.04058 -1.00213 0.16470589 0.38039216 0.16470589
v -0.00606 1.04896 -1.00013 0.16470589 0.38039216 0.16470589
v -0.01567 1.0331 -1.00587 0.16470589 0.38039216 0.16470589
v -0.03262 1.04058 -1.00213 0.16470589 0.38039216 0.16470589
v -0.00606 1.04896 -1.00013 0.16470589 0.38039216 0.16470589
v -0.03262 1.04058 -1.00213 0.16470589 0.38039216 0.16470589
v -0.01567 1.0331 -1.00587 0.16470589 0.38039216 0.16470589
v -0.00606 1.04896 -1.00013 0.16470589 0.38039216 0.16470589
v -0.00631 1.03339 -1.00361 0.16470589 0.38039216 0.16470589
v -0.01567 1.0331 -1.00587 0.16470589 0.38039216 0.16470589
v -0.00606 1.04896 -1.00013 0.16470589 0.38039216 0.16470589
v -0.01567 1.0331 -1.00587 0.16470589 0.38039216 0.16470589
v -0.00631 1.03339 -1.00361 0.16470589 0.38039216 0.16470589
v -0.00606 1.04896 -1.00013 0.16470589 0.38039216 0.16470589
v 0.00924 1.03506 -1.01506 0.16470589 0.38039216 0.16470589
v 0.00045 1.03329 -1.00605 0.16470589 0.38039216 0.16470589
v -0.00606 1.04896 -1.00013 0.16470589 0.38039216 0.16470589
v 0.00045 1.03329 -1.00605 0.16470589 0.38039216 0.16470589
v 0.00924 1.03506 -1.01506 0.16470589 0.38039216 0.16470589
v -0.00606 1.04896 -1.00013 0.16470589 0.38039216 0.16470589
v 0.0171 1.04489 -1.02016 0.16470589 0.38039216 0.16470589
v 0.00924 1.03506 -1.01506 0.16470589 0.38039216 0.16470589
v -0.00606 1.04896 -1.00013 0.16470589 0.38039216 0.16470589
v 0.00924 1.03506 -1.01506 0.16470589 0.38039216 0.16470589
v 0.0171 1.04489 -1.02016 0.16470589 0.38039216 0.16470589
v -0.00606 1.04896 -1.00013 0.16470589 0.38039216 0.16470589
v 0.02277 1.06879 -1.02113 0.16470589 0.38039216 0.16470589
v 0.0171 1.04489 -1.02016 0.16470589 0.38039216 0.16470589
v -0.00606 1.04896 -1.00013 0.16470589 0.38039216 0.16470589
v 0.0171 1.04489 -1.02016 0.16470589 0.38039216 0.16470589
v 0.02277 1.06879 -1.02113 0.16470589 0.38039216 0.16470589
v -0.00606 1.04896 -1.00013 0.16470589 0.38039216 0.16470589
v 0.00191 1.08571 -1.02491 0.16470589 0.38039216 0.16470589
v 0.02277 1.06879 -1.02113 0.16470589 0.38039216 0.16470589
v -0.00606 1.04896 -1.00013 0.16470589 0.38039216 0.16470589
v 0.02277 1.06879 -1.02113 0.16470589 0.38039216 0.16470589
v 0.00191 1.08571 -1.02491 0.16470589 0.38039216 0.16470589
v -0.00606 1.04896 -1.00013 0.16470589 0.38039216 0.16470589
v -0.0062 1.07358 -1.01086 0.16470589 0.38039216 0.16470589
v 0.00191 1.08571 -1.02491 0.16470589 0.38039216 0.16470589
v -0.00606 1.04896 -1.00013 0.16470589 0.38039216 0.16470589
v 0.00191 1.08571 -1.02491 0.16470589 0.38039216 0.16470589
v -0.0062 1.07358 -1.01086 0.16470589 0.38039216 0.16470589
v -0.0062 1.07358 -1.01086 0.16470589 0.38039216 0.16470589
v -0.01232 1.07661 -1.03298 0.16470589 0.38039216 0.16470589
v 0.00191 1.08571 -1.02491 0.16470589 0.38039216 0.16470589
v -0.0062 1.07358 -1.01086 0.16470589 0.38039216 0.16470589
v 0.00191 1.08571 -1.02491 0.16470589 0.38039216 0.16470589
v -0.01232 1.07661 -1.03298 0.16470589 0.38039216 0.16470589
v -0.00192 1.07913 -0.98817 0.22745098 0.38039216 0.22745098
v 0.01309 1.08331 -0.99196 0.22745098 0.38039216 0.22745098
v 0.00542 1.08726 -0.97777 0.22745098 0.38039216 0.22745098
v -0.00192 1.07913 -0.98817 0.22745098 0.38039216 0.22745098
v 0.00542 1.08726 -0.97777 0.22745098 0.38039216 0.22745098
v 0.01309 1.08331 -0.99196 0.22745098 0.38039216 0.22745098
v -0.00192 1.07913 -0.98817 0.22745098 0.38039216 0.22745098
v 0.01309 1.08331 -0.99196 0.22745098 0.38039216 0.22745098
v -0.00012 1.06172 -0.98863 0.22745098 0.38039216 0.22745098
v -0.00192 1.07913 -0.98817 0.22745098 0.38039216 0.22745098
v -0.00012 1.06172 -0.98863 0.22745098 0.38039216 0.22745098
v 0.01309 1.08331 -0.99196 0.22745098 0.38039216 0.22745098
v -0.00012 1.06172 -0.98863 0.22745098 0.38039216 0.22745098
v 0.01793 1.07359 -0.99736 0.22745098 0.38039216 0.22745098
v 0.01309 1.08331 -0.99196 0.22745098 0.38039216 0.22745098
v -0.00012 1.06172 -0.98863 0.22745098 0.38039216 0.22745098
v 0.01309 1.08331 -0.99196 0.22745098 0.38039216 0.22745098
v 0.01793 1.07359 -0.99736 0.22745098 0.38039216 0.22745098
v -0.00012 1.06172 -0.98863 0.22745098 0.38039216 0.22745098
v 0.01764 1.05922 -0.99178 0.22745098 0.38039216 0.22745098
v 0.01793 1.07359 -0.99736 0.22745098 0.38039216 0.22745098
v -0.00012 1.06172 -0.98863 0.22745098 0.38039216 0.22745098
v 0.01793 1.07359 -0.99736 0.22745098 0.38039216 0.22745098
v 0.01764 1.05922 -0.99178 0.22745098 0.38039216 0.22745098
v -0.00012 1.06172 -0.98863 0.22745098 0.38039216 0.22745098
v 0.00926 1.05457 -0.98403 0.22745098 0.38039216 0.22745098
v 0.01764 1.05922 -0.99178 0.22745098 0.38039216 0.22745098
v -0.00012 1.06172 -0.98863 0.22745098 0.38039216 0.22745098
v 0.01764 1.05922 -0.99178 0.22745098 0.38039216 0.22745098
v 0.00926 1.05457 -0.98403 0.22745098 0.38039216 0.22745098
v -0.00012 1.06172 -0.98863 0.22745098 0.38039216 0.22745098
v 0.00314 1.05347 -0.98319 0.22745098 0.38039216 0.22745098
v 0.00926 1.05457 -0.98403 0.22745098 0.38039216 0.22745098
v -0.00012 1.06172 -0.98863 0.22745098 0.38039216 0.22745098
v 0.00926 1.05457 -0.98403 0.22745098 0.38039216 0.22745098
v 0.00314 1.05347 -0.98319 0.22745098 0.38039216 0.22745098
v -0.00012 1.06172 -0.98863 0.22745098 0.38039216 0.22745098
v -0.0044 1.05638 -0.97348 0.22745098 0.38039216 0.22745098
v -0.00048 1.05358 -0.98022 0.22745098 0.38039216 0.22745098
v -0.00012 1.06172 -0.98863 0.22745098 0.38039216 0.22745098
v -0.00048 1.05358 -0.98022 0.22745098 0.38039216 0.22745098
v -0.0044 1.05638 -0.97348 0.22745098 0.38039216 0.22745098
v -0.00012 1.06172 -0.98863 0.22745098 0.38039216 0.22745098
v -0.00976 1.06298 -0.97099 0.22745098 0.38039216 0.22745098
v -0.0044 1.05638 -0.97348 0.22745098 0.38039216 0.22745098
v -0.00012 1.06172 -0.98863 0.22745098 0.38039216 0.22745098
v -0.0044 1.05638 -0.97348 0.22745098 0.38039216 0.22745098
v -0.00976 1.06298 -0.97099 0.22745098 0.38039216 0.22745098
v -0.00012 1.06172 -0.98863 0.22745098 0.38039216 0.22745098
v -0.01678 1.07695 -0.97453 0.22745098 0.38039216 0.22745098
v -0.00976 1.06298 -0.97099 0.22745098 0.38039216 0.22745098
v -0.00012 1.06172 -0.98863 0.22745098 0.38039216 0.22745098
v -0.00976 1.06298 -0.97099 0.22745098 0.38039216 0.22745098
v -0.01678 1.07695 -0.97453 0.22745098 0.38039216 0.22745098
v -0.00012 1.06172 -0.98863 0.22745098 0.38039216 0.22745098
v -0.00612 1.08946 -0.98108 0.22745098 0.38039216 0.22745098
v -0.01678 1.07695 -0.97453 0.22745098 0.38039216 0.22745098
v -0.00012 1.06172 -0.98863 0.22745098 0.38039216 0.22745098
v -0.01678 1.07695 -0.97453 0.22745098 0.38039216 0.22745098
v -0.00612 1.08946 -0.98108 0.22745098 0.38039216 0.22745098
v -0.00012 1.06172 -0.98863 0.22745098 0.38039216 0.22745098
v -0.00192 1.07913 -0.98817 0.22745098 0.38039216 0.22745098
v -0.00612 1.08946 -0.98108 0.22745098 0.38039216 0.22745098
v -0.00012 1.06172 -0.98863 0.22745098 0.38039216 0.22745098
v -0.00612 1.08946 -0.98108 0.22745098 0.38039216 0.22745098
v -0.00192 1.07913 -0.98817 0.22745098 0.38039216 0.22745098
v -0.00192 1.07913 -0.98817 0.22745098 0.38039216 0.22745098
v 0.00542 1.08726 -0.97777 0.22745098 0.38039216 0.22745098
v -0.00612 1.08946 -0.98108 0.22745098 0.38039216 0.22745098
v -0.00192 1.07913 -0.98817 0.22745098 0.38039216 0.22745098
v -0.00612 1.08946 -0.98108 0.22745098 0.38039216 0.22745098
v 0.00542 1.08726 -0.97777 0.22745098 0.38039216 0.22745098
v 1.54382 0.2384 -1.08164 0.050980393 0.38039216 0.050980393
v 1.51286 0.22407 -1.11008 0.050980393 0.38039216 0.050980393
v 1.55418 0.20473 -1.10415 0.050980393 0.38039216 0.050980393
v 1.54382 0.2384 -1.08164 0.050980393 0.38039216 0.050980393
v 1.55418 0.20473 -1.10415 0.050980393 0.38039216 0.050980393
v 1.51286 0.22407 -1.11008 0.050980393 0.38039216 0.050980393
v 1.54382 0.2384 -1.08164 0.050980393 0.38039216 0.050980393
v 1.51286 0.22407 -1.11008 0.050980393 0.38039216 0.050980393
v 1.51898 0.2334 -1.04028 0.050980393 0.38039216 0.050980393
v 1.54382 0.2384 -1.08164 0.050980393 0.38039216 0.050980393
v 1.51898 0.2334 -1.04028 0.050980393 0.38039216 0.050980393
v 1.51286 0.22407 -1.11008 0.050980393 0.38039216 0.050980393
v 1.51898 0.2334 -1.04028 0.050980393 0.38039216 0.050980393
v 1.4836 0.22689 -1.09385 0.050980393 0.38039216 0.050980393
v 1.51286 0.22407 -1.11008 0.050980393 0.38039216 0.050980393
v 1.51898 0.2334 -1.04028 0.050980393 0.38039216 0.050980393
v 1.51286 0.22407 -1.11008 0.050980393 0.38039216 0.050980393
v 1.4836 0.22689 -1.09385 0.050980393 0.38039216 0.050980393
v 1.51898 0.2334 -1.04028 0.050980393 0.38039216 0.050980393
v 1.47561 0.21205 -1.05461 0.050980393 0.38039216 0.050980393
v 1.4836 0.22689 -1.09385 0.050980393 0.38039216 0.050980393
v 1.51898 0.2334 -1.04028 0.050980393 0.38039216 0.050980393
v 1.4836 0.22689 -1.09385 0.050980393 0.38039216 0.050980393
v 1.47561 0.21205 -1.05461 0.050980393 0.38039216 0.050980393
v 1.51898 0.2334 -1.04028 0.050980393 0.38039216 0.050980393
v 1.49858 0.20685 -1.0299 0.050980393 0.38039216 0.050980393
v 1.47561 0.21205 -1.05461 0.050980393 0.38039216 0.050980393
v 1.51898 0.2334 -1.04028 0.050980393 0.38039216 0.050980393
v 1.47561 0.21205 -1.05461 0.050980393 0.38039216 0.050980393
v 1.49858 0.20685 -1.0299 0.050980393 0.38039216 0.050980393
v 1.51898 0.2334 -1.04028 0.050980393 0.38039216 0.050980393
v 1.51085 0.21442 -1.02018 0.050980393 0.38039216 0.050980393
v 1.49858 0.20685 -1.0299 0.050980393 0.38039216 0.050980393
v 1.51898 0.2334 -1.04028 0.050980393 0.38039216 0.050980393
v 1.49858 0.20685 -1.0299 0.050980393 0.38039216 0.050980393
v 1.51085 0.21442 -1.02018 0.050980393 0.38039216 0.050980393
v 1.51898 0.2334 -1.04028 0.050980393 0.38039216 0.050980393
v 1.54398 0.20484 -1.01421 0.050980393 0.38039216 0.050980393
v 1.5227 0.21341 -1.01499 0.050980393 0.38039216 0.050980393
v 1.51898 0.2334 -1.04028 0.050980393 0.38039216 0.050980393
v 1.5227 0.21341 -1.01499 0.050980393 0.38039216 0.050980393
v 1.54398 0.20484 -1.01421 0.050980393 0.38039216 0.050980393
v 1.51898 0.2334 -1.04028 0.050980393 0.38039216 0.050980393
v 1.56624 0.20886 -1.02366 0.050980393 0.38039216 0.050980393
v 1.54398 0.20484 -1.01421 0.050980393 0.38039216 0.050980393
v 1.51898 0.2334 -1.04028 0.050980393 0.38039216 0.050980393
v 1.54398 0.20484 -1.01421 0.050980393 0.38039216 0.050980393
v 1.56624 0.20886 -1.02366 0.050980393 0.38039216 0.050980393
v 1.51898 0.2334 -1.04028 0.050980393 0.38039216 0.050980393
v 1.59152 0.23054 -1.05304 0.050980393 0.38039216 0.050980393
v 1.56624 0.20886 -1.02366 0.050980393 0.38039216 0.050980393
v 1.51898 0.2334 -1.04028 0.050980393 0.38039216 0.050980393
v 1.56624 0.20886 -1.02366 0.050980393 0.38039216 0.050980393
v 1.59152 0.23054 -1.05304 0.050980393 0.38039216 0.050980393
v 1.51898 0.2334 -1.04028 0.050980393 0.38039216 0.050980393
v 1.57503 0.23086 -1.09916 0.050980393 0.38039216 0.050980393
v 1.59152 0.23054 -1.05304 0.050980393 0.38039216 0.050980393
v 1.51898 0.2334 -1.04028 0.050980393 0.38039216 0.050980393
v 1.59152 0.23054 -1.05304 0.050980393 0.38039216 0.050980393
v 1.57503 0.23086 -1.09916 0.050980393 0.38039216 0.050980393
v 1.51898 0.2334 -1.04028 0.050980393 0.38039216 0.050980393
v 1.54382 0.2384 -1.08164 0.050980393 0.38039216 0.050980393
v 1.57503 0.23086 -1.09916 0.050980393 0.38039216 0.050980393
v 1.51898 0.2334 -1.04028 0.050980393 0.38039216 0.050980393
v 1.57503 0.23086 -1.09916 0.050980393 0.38039216 0.050980393
v 1.54382 0.2384 -1.08164 0.050980393 0.38039216 0.050980393
v 1.54382 0.2384 -1.08164 0.050980393 0.38039216 0.050980393
v 1.55418 0.20473 -1.10415 0.050980393 0.38039216 0.050980393
v 1.57503 0.23086 -1.09916 0.050980393 0.38039216 0.050980393
v 1.54382 0.2384 -1.08164 0.050980393 0.38039216 0.050980393
v 1.57503 0.23086 -1.09916 0.050980393 0.38039216 0.050980393
v 1.55418 0.20473 -1.10415 0.050980393 0.38039216 0.050980393
v 1.60353 0.3444 -0.84227 0.05490196 0.38039216 0.05490196
v 1.67737 0.2919 -0.88934 0.05490196 0.38039216 0.05490196
v 1.63949 0.23241 -0.8651 0.05490196 0.38039216 0.05490196
v 1.60353 0.3444 -0.84227 0.05490196 0.38039216 0.05490196
v 1.63949 0.23241 -0.8651 0.05490196 0.38039216 0.05490196
v 1.67737 0.2919 -0.88934 0.05490196 0.38039216 0.05490196
v 1.60353 0.3444 -0.84227 0.05490196 0.38039216 0.05490196
v 1.67737 0.2919 -0.88934 0.05490196 0.38039216 0.05490196
v 1.58562 0.39137 -0.89511 0.05490196 0.38039216 0.05490196
v 1.60353 0.3444 -0.84227 0.05490196 0.38039216 0.05490196
v 1.58562 0.39137 -0.89511 0.05490196 0.38039216 0.05490196
v 1.67737 0.2919 -0.88934 0.05490196 0.38039216 0.05490196
v 1.58562 0.39137 -0.89511 0.05490196 0.38039216 0.05490196
v 1.67959 0.29826 -0.93889 0.05490196 0.38039216 0.05490196
v 1.67737 0.2919 -0.88934 0.05490196 0.38039216 0.05490196
v 1.58562 0.39137 -0.89511 0.05490196 0.38039216 0.05490196
v 1.67737 0.2919 -0.88934 0.05490196 0.38039216 0.05490196
v 1.67959 0.29826 -0.93889 0.05490196 0.38039216 0.05490196
v 1.58562 0.39137 -0.89511 0.05490196 0.38039216 0.05490196
v 1.62102 0.3285 -0.99506 0.05490196 0.38039216 0.05490196
v 1.67959 0.29826 -0.93889 0.05490196 0.38039216 0.05490196
v 1.58562 0.39137 -0.89511 0.05490196 0.38039216 0.05490196
v 1.67959 0.29826 -0.93889 0.05490196 0.38039216 0.05490196
v 1.62102 0.3285 -0.99506 0.05490196 0.38039216 0.05490196
v 1.58562 0.39137 -0.89511 0.05490196 0.38039216 0.05490196
v 1.56417 0.33508 -0.9805 0.05490196 0.38039216 0.05490196
v 1.62102 0.3285 -0.99506 0.05490196 0.38039216 0.05490196
v 1.58562 0.39137 -0.89511 0.05490196 0.38039216 0.05490196
v 1.62102 0.3285 -0.99506 0.05490196 0.38039216 0.05490196
v 1.56417 0.33508 -0.9805 0.05490196 0.38039216 0.05490196
v 1.58562 0.39137 -0.89511 0.05490196 0.38039216 0.05490196
v 1.53419 0.35505 -0.94641 0.05490196 0.38039216 0.05490196
v 1.56417 0.33508 -0.9805 0.05490196 0.38039216 0.05490196
v 1.58562 0.39137 -0.89511 0.05490196 0.38039216 0.05490196
v 1.56417 0.33508 -0.9805 0.05490196 0.38039216 0.05490196
v 1.53419 0.35505 -0.94641 0.05490196 0.38039216 0.05490196
v 1.58562 0.39137 -0.89511 0.05490196 0.38039216 0.05490196
v 1.50167 0.36092 -0.93803 0.05490196 0.38039216 0.05490196
v 1.52398 0.37187 -0.94467 0.05490196 0.38039216 0.05490196
v 1.58562 0.39137 -0.89511 0.05490196 0.38039216 0.05490196
v 1.52398 0.37187 -0.94467 0.05490196 0.38039216 0.05490196
v 1.50167 0.36092 -0.93803 0.05490196 0.38039216 0.05490196
v 1.58562 0.39137 -0.89511 0.05490196 0.38039216 0.05490196
v 1.48172 0.34834 -0.91495 0.05490196 0.38039216 0.05490196
v 1.50167 0.36092 -0.93803 0.05490196 0.38039216 0.05490196
v 1.58562 0.39137 -0.89511 0.05490196 0.38039216 0.05490196
v 1.50167 0.36092 -0.93803 0.05490196 0.38039216 0.05490196
v 1.48172 0.34834 -0.91495 0.05490196 0.38039216 0.05490196
v 1.58562 0.39137 -0.89511 0.05490196 0.38039216 0.05490196
v 1.49698 0.31636 -0.80923 0.05490196 0.38039216 0.05490196
v 1.48172 0.34834 -0.91495 0.05490196 0.38039216 0.05490196
v 1.58562 0.39137 -0.89511 0.05490196 0.38039216 0.05490196
v 1.48172 0.34834 -0.91495 0.05490196 0.38039216 0.05490196
v 1.49698 0.31636 -0.80923 0.05490196 0.38039216 0.05490196
v 1.58562 0.39137 -0.89511 0.05490196 0.38039216 0.05490196
v 1.56214 0.28363 -0.80837 0.05490196 0.38039216 0.05490196
v 1.49698 0.31636 -0.80923 0.05490196 0.38039216 0.05490196
v 1.58562 0.39137 -0.89511 0.05490196 0.38039216 0.05490196
v 1.49698 0.31636 -0.80923 0.05490196 0.38039216 0.05490196
v 1.56214 0.28363 -0.80837 0.05490196 0.38039216 0.05490196
v 1.58562 0.39137 -0.89511 0.05490196 0.38039216 0.05490196
v 1.60353 0.3444 -0.84227 0.05490196 0.38039216 0.05490196
v 1.56214 0.28363 -0.80837 0.05490196 0.38039216 0.05490196
v 1.58562 0.39137 -0.89511 0.05490196 0.38039216 0.05490196
v 1.56214 0.28363 -0.80837 0.05490196 0.38039216 0.05490196
v 1.60353 0.3444 -0.84227 0.05490196 0.38039216 0.05490196
v 1.60353 0.3444 -0.84227 0.05490196 0.38039216 0.05490196
v 1.63949 0.23241 -0.8651 0.05490196 0.38039216 0.05490196
v 1.56214 0.28363 -0.80837 0.05490196 0.38039216 0.05490196
v 1.60353 0.3444 -0.84227 0.05490196 0.38039216 0.05490196
v 1.56214 0.28363 -0.80837 0.05490196 0.38039216 0.05490196
v 1.63949 0.23241 -0.8651 0.05490196 0.38039216 0.05490196
v 1.31891 0.48188 -0.91199 0.0627451 0.38039216 0.0627451
v 1.2293 0.46258 -0.87424 0.0627451 0.38039216 0.0627451
v 1.28306 0.32244 -0.91504 0.0627451 0.38039216 0.0627451
v 1.31891 0.48188 -0.91199 0.0627451 0.38039216 0.0627451
v 1.28306 0.32244 -0.91504 0.0627451 0.38039216 0.0627451
v 1.2293 0.46258 -0.87424 0.0627451 0.38039216 0.0627451
v 1.31891 0.48188 -0.91199 0.0627451 0.38039216 0.0627451
v 1.2293 0.46258 -0.87424 0.0627451 0.38039216 0.0627451
v 1.37801 0.55471 -0.94148 0.0627451 0.38039216 0.0627451
v 1.31891 0.48188 -0.91199 0.0627451 0.38039216 0.0627451
v 1.37801 0.55471 -0.94148 0.0627451 0.38039216 0.0627451
v 1.2293 0.46258 -0.87424 0.0627451 0.38039216 0.0627451
v 1.37801 0.55471 -0.94148 0.0627451 0.38039216 0.0627451
v 1.31976 0.40537 -0.82262 0.0627451 0.38039216 0.0627451
v 1.2293 0.46258 -0.87424 0.0627451 0.38039216 0.0627451
v 1.37801 0.55471 -0.94148 0.0627451 0.38039216 0.0627451
v 1.2293 0.46258 -0.87424 0.0627451 0.38039216 0.0627451
v 1.31976 0.40537 -0.82262 0.0627451 0.38039216 0.0627451
v 1.37801 0.55471 -0.94148 0.0627451 0.38039216 0.0627451
v 1.45049 0.44523 -0.86691 0.0627451 0.38039216 0.0627451
v 1.31976 0.40537 -0.82262 0.0627451 0.38039216 0.0627451
v 1.37801 0.55471 -0.94148 0.0627451 0.38039216 0.0627451
v 1.31976 0.40537 -0.82262 0.0627451 0.38039216 0.0627451
v 1.45049 0.44523 -0.86691 0.0627451 0.38039216 0.0627451
v 1.37801 0.55471 -0.94148 0.0627451 0.38039216 0.0627451
v 1.45552 0.47358 -0.94174 0.0627451 0.38039216 0.0627451
v 1.45049 0.44523 -0.86691 0.0627451 0.38039216 0.0627451
v 1.37801 0.55471 -0.94148 0.0627451 0.38039216 0.0627451
v 1.45049 0.44523 -0.86691 0.0627451 0.38039216 0.0627451
v 1.45552 0.47358 -0.94174 0.0627451 0.38039216 0.0627451
v 1.37801 0.55471 -0.94148 0.0627451 0.38039216 0.0627451
v 1.44523 0.5368 -0.97092 0.0627451 0.38039216 0.0627451
v 1.45552 0.47358 -0.94174 0.0627451 0.38039216 0.0627451
v 1.37801 0.55471 -0.94148 0.0627451 0.38039216 0.0627451
v 1.45552 0.47358 -0.94174 0.0627451 0.38039216 0.0627451
v 1.44523 0.5368 -0.97092 0.0627451 0.38039216 0.0627451
v 1.37801 0.55471 -0.94148 0.0627451 0.38039216 0.0627451
v 1.44245 0.49167 -1.00605 0.0627451 0.38039216 0.0627451
v 1.45233 0.54599 -0.97006 0.0627451 0.38039216 0.0627451
v 1.37801 0.55471 -0.94148 0.0627451 0.38039216 0.0627451
v 1.45233 0.54599 -0.97006 0.0627451 0.38039216 0.0627451
v 1.44245 0.49167 -1.00605 0.0627451 0.38039216 0.0627451
v 1.37801 0.55471 -0.94148 0.0627451 0.38039216 0.0627451
v 1.40912 0.47234 -1.04879 0.0627451 0.38039216 0.0627451
v 1.44245 0.49167 -1.00605 0.0627451 0.38039216 0.0627451
v 1.37801 0.55471 -0.94148 0.0627451 0.38039216 0.0627451
v 1.44245 0.49167 -1.00605 0.0627451 0.38039216 0.0627451
v 1.40912 0.47234 -1.04879 0.0627451 0.38039216 0.0627451
v 1.37801 0.55471 -0.94148 0.0627451 0.38039216 0.0627451
v 1.31509 0.42288 -1.05308 0.0627451 0.38039216 0.0627451
v 1.40912 0.47234 -1.04879 0.0627451 0.38039216 0.0627451
v 1.37801 0.55471 -0.94148 0.0627451 0.38039216 0.0627451
v 1.40912 0.47234 -1.04879 0.0627451 0.38039216 0.0627451
v 1.31509 0.42288 -1.05308 0.0627451 0.38039216 0.0627451
v 1.37801 0.55471 -0.94148 0.0627451 0.38039216 0.0627451
v 1.33042 0.39702 -0.94829 0.0627451 0.38039216 0.0627451
v 1.31509 0.42288 -1.05308 0.0627451 0.38039216 0.0627451
v 1.37801 0.55471 -0.94148 0.0627451 0.38039216 0.0627451
v 1.31509 0.42288 -1.05308 0.0627451 0.38039216 0.0627451
v 1.33042 0.39702 -0.94829 0.0627451 0.38039216 0.0627451
v 1.37801 0.55471 -0.94148 0.0627451 0.38039216 0.0627451
v 1.31891 0.48188 -0.91199 0.0627451 0.38039216 0.0627451
v 1.33042 0.39702 -0.94829 0.0627451 0.38039216 0.0627451
v 1.37801 0.55471 -0.94148 0.0627451 0.38039216 0.0627451
v 1.33042 0.39702 -0.94829 0.0627451 0.38039216 0.0627451
v 1.31891 0.48188 -0.91199 0.0627451 0.38039216 0.0627451
v 1.31891 0.48188 -0.91199 0.0627451 0.38039216 0.0627451
v 1.28306 0.32244 -0.91504 0.0627451 0.38039216 0.0627451
v 1.33042 0.39702 -0.94829 0.0627451 0.38039216 0.0627451
v 1.31891 0.48188 -0.91199 0.0627451 0.38039216 0.0627451
v 1.33042 0.39702 -0.94829 0.0627451 0.38039216 0.0627451
v 1.28306 0.32244 -0.91504 0.0627451 0.38039216 0.0627451
v 1.67848 0.59401 -1.02051 0.07058824 0.38039216 0.07058824
v 1.72851 0.54118 -1.07519 0.07058824 0.38039216 0.07058824
v 1.72076 0.4338 -0.96681 0.07058824 0.38039216 0.07058824
v 1.67848 0.59401 -1.02051 0.07058824 0.38039216 0.07058824
v 1.72076 0.4338 -0.96681 0.07058824 0.38039216 0.07058824
v 1.72851 0.54118 -1.07519 0.07058824 0.38039216 0.07058824
v 1.67848 0.59401 -1.02051 0.07058824 0.38039216 0.07058824
v 1.72851 0.54118 -1.07519 0.07058824 0.38039216 0.07058824
v 1.62454 0.67553 -1.01169 0.07058824 0.38039216 0.07058824
v 1.67848 0.59401 -1.02051 0.07058824 0.38039216 0.07058824
v 1.62454 0.67553 -1.01169 0.07058824 0.38039216 0.07058824
v 1.72851 0.54118 -1.07519 0.07058824 0.38039216 0.07058824
v 1.62454 0.67553 -1.01169 0.07058824 0.38039216 0.07058824
v 1.69848 0.55328 -1.15008 0.07058824 0.38039216 0.07058824
v 1.72851 0.54118 -1.07519 0.07058824 0.38039216 0.07058824
v 1.62454 0.67553 -1.01169 0.07058824 0.38039216 0.07058824
v 1.72851 0.54118 -1.07519 0.07058824 0.38039216 0.07058824
v 1.69848 0.55328 -1.15008 0.07058824 0.38039216 0.07058824
v 1.62454 0.67553 -1.01169 0.07058824 0.38039216 0.07058824
v 1.57319 0.58928 -1.12308 0.07058824 0.38039216 0.07058824
v 1.69848 0.55328 -1.15008 0.07058824 0.38039216 0.07058824
v 1.62454 0.67553 -1.01169 0.07058824 0.38039216 0.07058824
v 1.69848 0.55328 -1.15008 0.07058824 0.38039216 0.07058824
v 1.57319 0.58928 -1.12308 0.07058824 0.38039216 0.07058824
v 1.62454 0.67553 -1.01169 0.07058824 0.38039216 0.07058824
v 1.53106 0.6402 -1.06389 0.07058824 0.38039216 0.07058824
v 1.57319 0.58928 -1.12308 0.07058824 0.38039216 0.07058824
v 1.62454 0.67553 -1.01169 0.07058824 0.38039216 0.07058824
v 1.57319 0.58928 -1.12308 0.07058824 0.38039216 0.07058824
v 1.53106 0.6402 -1.06389 0.07058824 0.38039216 0.07058824
v 1.62454 0.67553 -1.01169 0.07058824 0.38039216 0.07058824
v 1.53545 0.67677 -1.03063 0.07058824 0.38039216 0.07058824
v 1.53106 0.6402 -1.06389 0.07058824 0.38039216 0.07058824
v 1.62454 0.67553 -1.01169 0.07058824 0.38039216 0.07058824
v 1.53106 0.6402 -1.06389 0.07058824 0.38039216 0.07058824
v 1.53545 0.67677 -1.03063 0.07058824 0.38039216 0.07058824
v 1.62454 0.67553 -1.01169 0.07058824 0.38039216 0.07058824
v 1.51722 0.64586 -0.9645 0.07058824 0.38039216 0.07058824
v 1.54303 0.65877 -0.99504 0.07058824 0.38039216 0.07058824
v 1.62454 0.67553 -1.01169 0.07058824 0.38039216 0.07058824
v 1.54303 0.65877 -0.99504 0.07058824 0.38039216 0.07058824
v 1.51722 0.64586 -0.9645 0.07058824 0.38039216 0.07058824
v 1.62454 0.67553 -1.01169 0.07058824 0.38039216 0.07058824
v 1.55503 0.58915 -0.90702 0.07058824 0.38039216 0.07058824
v 1.51722 0.64586 -0.9645 0.07058824 0.38039216 0.07058824
v 1.62454 0.67553 -1.01169 0.07058824 0.38039216 0.07058824
v 1.51722 0.64586 -0.9645 0.07058824 0.38039216 0.07058824
v 1.55503 0.58915 -0.90702 0.07058824 0.38039216 0.07058824
v 1.62454 0.67553 -1.01169 0.07058824 0.38039216 0.07058824
v 1.66637 0.53302 -0.89232 0.07058824 0.38039216 0.07058824
v 1.55503 0.58915 -0.90702 0.07058824 0.38039216 0.07058824
v 1.62454 0.67553 -1.01169 0.07058824 0.38039216 0.07058824
v 1.55503 0.58915 -0.90702 0.07058824 0.38039216 0.07058824
v 1.66637 0.53302 -0.89232 0.07058824 0.38039216 0.07058824
v 1.62454 0.67553 -1.01169 0.07058824 0.38039216 0.07058824
v 1.74738 0.58343 -0.91577 0.07058824 0.38039216 0.07058824
v 1.66637 0.53302 -0.89232 0.07058824 0.38039216 0.07058824
v 1.62454 0.67553 -1.01169 0.07058824 0.38039216 0.07058824
v 1.66637 0.53302 -0.89232 0.07058824 0.38039216 0.07058824
v 1.74738 0.58343 -0.91577 0.07058824 0.38039216 0.07058824
v 1.62454 0.67553 -1.01169 0.07058824 0.38039216 0.07058824
v 1.67848 0.59401 -1.02051 0.07058824 0.38039216 0.07058824
v 1.74738 0.58343 -0.91577 0.07058824 0.38039216 0.07058824
v 1.62454 0.67553 -1.01169 0.07058824 0.38039216 0.07058824
v 1.74738 0.58343 -0.91577 0.07058824 0.38039216 0.07058824
v 1.67848 0.59401 -1.02051 0.07058824 0.38039216 0.07058824
v 1.67848 0.59401 -1.02051 0.07058824 0.38039216 0.07058824
v 1.72076 0.4338 -0.96681 0.07058824 0.38039216 0.07058824
v 1.74738 0.58343 -0.91577 0.07058824 0.38039216 0.07058824
v 1.67848 0.59401 -1.02051 0.07058824 0.38039216 0.07058824
v 1.74738 0.58343 -0.91577 0.07058824 0.38039216 0.07058824
v 1.72076 0.4338 -0.96681 0.07058824 0.38039216 0.07058824
v 1.50264 0.69019 -0.85617 0.07450981 0.38039216 0.07450981
v 1.48932 0.67307 -0.76943 0.07450981 0.38039216 0.07450981
v 1.48326 0.54648 -0.8296 0.07450981 0.38039216 0.07450981
v 1.50264 0.69019 -0.85617 0.07450981 0.38039216 0.07450981
v 1.48326 0.54648 -0.8296 0.07450981 0.38039216 0.07450981
v 1.48932 0.67307 -0.76943 0.07450981 0.38039216 0.07450981
v 1.50264 0.69019 -0.85617 0.07450981 0.38039216 0.07450981
v 1.48932 0.67307 -0.76943 0.07450981 0.38039216 0.07450981
v 1.50792 0.75569 -0.91572 0.07450981 0.38039216 0.07450981
v 1.50264 0.69019 -0.85617 0.07450981 0.38039216 0.07450981
v 1.50792 0.75569 -0.91572 0.07450981 0.38039216 0.07450981
v 1.48932 0.67307 -0.76943 0.07450981 0.38039216 0.07450981
v 1.50792 0.75569 -0.91572 0.07450981 0.38039216 0.07450981
v 1.57167 0.62128 -0.8144 0.07450981 0.38039216 0.07450981
v 1.48932 0.67307 -0.76943 0.07450981 0.38039216 0.07450981
v 1.50792 0.75569 -0.91572 0.07450981 0.38039216 0.07450981
v 1.48932 0.67307 -0.76943 0.07450981 0.38039216 0.07450981
v 1.57167 0.62128 -0.8144 0.07450981 0.38039216 0.07450981
v 1.50792 0.75569 -0.91572 0.07450981 0.38039216 0.07450981
v 1.59939 0.65682 -0.9359 0.07450981 0.38039216 0.07450981
v 1.57167 0.62128 -0.8144 0.07450981 0.38039216 0.07450981
v 1.50792 0.75569 -0.91572 0.07450981 0.38039216 0.07450981
v 1.57167 0.62128 -0.8144 0.07450981 0.38039216 0.07450981
v 1.59939 0.65682 -0.9359 0.07450981 0.38039216 0.07450981
v 1.50792 0.75569 -0.91572 0.07450981 0.38039216 0.07450981
v 1.54428 0.6823 -0.97518 0.07450981 0.38039216 0.07450981
v 1.59939 0.65682 -0.9359 0.07450981 0.38039216 0.07450981
v 1.50792 0.75569 -0.91572 0.07450981 0.38039216 0.07450981
v 1.59939 0.65682 -0.9359 0.07450981 0.38039216 0.07450981
v 1.54428 0.6823 -0.97518 0.07450981 0.38039216 0.07450981
v 1.50792 0.75569 -0.91572 0.07450981 0.38039216 0.07450981
v 1.51703 0.73932 -0.98123 0.07450981 0.38039216 0.07450981
v 1.54428 0.6823 -0.97518 0.07450981 0.38039216 0.07450981
v 1.50792 0.75569 -0.91572 0.07450981 0.38039216 0.07450981
v 1.54428 0.6823 -0.97518 0.07450981 0.38039216 0.07450981
v 1.51703 0.73932 -0.98123 0.07450981 0.38039216 0.07450981
v 1.50792 0.75569 -0.91572 0.07450981 0.38039216 0.07450981
v 1.48869 0.69859 -0.99555 0.07450981 0.38039216 0.07450981
v 1.52105 0.74759 -0.98631 0.07450981 0.38039216 0.07450981
v 1.50792 0.75569 -0.91572 0.07450981 0.38039216 0.07450981
v 1.52105 0.74759 -0.98631 0.07450981 0.38039216 0.07450981
v 1.48869 0.69859 -0.99555 0.07450981 0.38039216 0.07450981
v 1.50792 0.75569 -0.91572 0.07450981 0.38039216 0.07450981
v 1.4401 0.68121 -0.99007 0.07450981 0.38039216 0.07450981
v 1.48869 0.69859 -0.99555 0.07450981 0.38039216 0.07450981
v 1.50792 0.75569 -0.91572 0.07450981 0.38039216 0.07450981
v 1.48869 0.69859 -0.99555 0.07450981 0.38039216 0.07450981
v 1.4401 0.68121 -0.99007 0.07450981 0.38039216 0.07450981
v 1.50792 0.75569 -0.91572 0.07450981 0.38039216 0.07450981
v 1.39237 0.63686 -0.91969 0.07450981 0.38039216 0.07450981
v 1.4401 0.68121 -0.99007 0.07450981 0.38039216 0.07450981
v 1.50792 0.75569 -0.91572 0.07450981 0.38039216 0.07450981
v 1.4401 0.68121 -0.99007 0.07450981 0.38039216 0.07450981
v 1.39237 0.63686 -0.91969 0.07450981 0.38039216 0.07450981
v 1.50792 0.75569 -0.91572 0.07450981 0.38039216 0.07450981
v 1.48012 0.61358 -0.88192 0.07450981 0.38039216 0.07450981
v 1.39237 0.63686 -0.91969 0.07450981 0.38039216 0.07450981
v 1.50792 0.75569 -0.91572 0.07450981 0.38039216 0.07450981
v 1.39237 0.63686 -0.91969 0.07450981 0.38039216 0.07450981
v 1.48012 0.61358 -0.88192 0.07450981 0.38039216 0.07450981
v 1.50792 0.75569 -0.91572 0.07450981 0.38039216 0.07450981
v 1.50264 0.69019 -0.85617 0.07450981 0.38039216 0.07450981
v 1.48012 0.61358 -0.88192 0.07450981 0.38039216 0.07450981
v 1.50792 0.75569 -0.91572 0.07450981 0.38039216 0.07450981
v 1.48012 0.61358 -0.88192 0.07450981 0.38039216 0.07450981
v 1.50264 0.69019 -0.85617 0.07450981 0.38039216 0.07450981
v 1.50264 0.69019 -0.85617 0.07450981 0.38039216 0.07450981
v 1.48326 0.54648 -0.8296 0.07450981 0.38039216 0.07450981
v 1.48012 0.61358 -0.88192 0.07450981 0.38039216 0.07450981
v 1.50264 0.69019 -0.85617 0.07450981 0.38039216 0.07450981
v 1.48012 0.61358 -0.88192 0.07450981 0.38039216 0.07450981
v 1.48326 0.54648 -0.8296 0.07450981 0.38039216 0.07450981
v 1.45139 0.80745 -1.0915 0.08627451 0.38039216 0.08627451
v 1.38976 0.76166 -1.04457 0.08627451 0.38039216 0.08627451
v 1.41896 0.70905 -1.07105 0.08627451 0.38039216 0.08627451
v 1.45139 0.80745 -1.0915 0.08627451 0.38039216 0.08627451
v 1.41896 0.70905 -1.07105 0.08627451 0.38039216 0.08627451
v 1.38976 0.76166 -1.04457 0.08627451 0.38039216 0.08627451
v 1.45139 0.80745 -1.0915 0.08627451 0.38039216 0.08627451
v 1.38976 0.76166 -1.04457 0.08627451 0.38039216 0.08627451
v 1.47344 0.84679 -1.04569 0.08627451 0.38039216 0.08627451
v 1.45139 0.80745 -1.0915 0.08627451 0.38039216 0.08627451
v 1.47344 0.84679 -1.04569 0.08627451 0.38039216 0.08627451
v 1.38976 0.76166 -1.04457 0.08627451 0.38039216 0.08627451
v 1.47344 0.84679 -1.04569 0.08627451 0.38039216 0.08627451
v 1.39272 0.76584 -1.0008 0.08627451 0.38039216 0.08627451
v 1.38976 0.76166 -1.04457 0.08627451 0.38039216 0.08627451
v 1.47344 0.84679 -1.04569 0.08627451 0.38039216 0.08627451
v 1.38976 0.76166 -1.04457 0.08627451 0.38039216 0.08627451
v 1.39272 0.76584 -1.0008 0.08627451 0.38039216 0.08627451
v 1.47344 0.84679 -1.04569 0.08627451 0.38039216 0.08627451
v 1.45022 0.78934 -0.95645 0.08627451 0.38039216 0.08627451
v 1.39272 0.76584 -1.0008 0.08627451 0.38039216 0.08627451
v 1.47344 0.84679 -1.04569 0.08627451 0.38039216 0.08627451
v 1.39272 0.76584 -1.0008 0.08627451 0.38039216 0.08627451
v 1.45022 0.78934 -0.95645 0.08627451 0.38039216 0.08627451
v 1.47344 0.84679 -1.04569 0.08627451 0.38039216 0.08627451
v 1.4988 0.79416 -0.9745 0.08627451 0.38039216 0.08627451
v 1.45022 0.78934 -0.95645 0.08627451 0.38039216 0.08627451
v 1.47344 0.84679 -1.04569 0.08627451 0.38039216 0.08627451
v 1.45022 0.78934 -0.95645 0.08627451 0.38039216 0.08627451
v 1.4988 0.79416 -0.9745 0.08627451 0.38039216 0.08627451
v 1.47344 0.84679 -1.04569 0.08627451 0.38039216 0.08627451
v 1.52236 0.81201 -1.0067 0.08627451 0.38039216 0.08627451
v 1.4988 0.79416 -0.9745 0.08627451 0.38039216 0.08627451
v 1.47344 0.84679 -1.04569 0.08627451 0.38039216 0.08627451
v 1.4988 0.79416 -0.9745 0.08627451 0.38039216 0.08627451
v 1.52236 0.81201 -1.0067 0.08627451 0.38039216 0.08627451
v 1.47344 0.84679 -1.04569 0.08627451 0.38039216 0.08627451
v 1.5502 0.81662 -1.01701 0.08627451 0.38039216 0.08627451
v 1.5316 0.82662 -1.00876 0.08627451 0.38039216 0.08627451
v 1.47344 0.84679 -1.04569 0.08627451 0.38039216 0.08627451
v 1.5316 0.82662 -1.00876 0.08627451 0.38039216 0.08627451
v 1.5502 0.81662 -1.01701 0.08627451 0.38039216 0.08627451
v 1.47344 0.84679 -1.04569 0.08627451 0.38039216 0.08627451
v 1.56512 0.80573 -1.03948 0.08627451 0.38039216 0.08627451
v 1.5502 0.81662 -1.01701 0.08627451 0.38039216 0.08627451
v 1.47344 0.84679 -1.04569 0.08627451 0.38039216 0.08627451
v 1.5502 0.81662 -1.01701 0.08627451 0.38039216 0.08627451
v 1.56512 0.80573 -1.03948 0.08627451 0.38039216 0.08627451
v 1.47344 0.84679 -1.04569 0.08627451 0.38039216 0.08627451
v 1.54077 0.7811 -1.13145 0.08627451 0.38039216 0.08627451
v 1.56512 0.80573 -1.03948 0.08627451 0.38039216 0.08627451
v 1.47344 0.84679 -1.04569 0.08627451 0.38039216 0.08627451
v 1.56512 0.80573 -1.03948 0.08627451 0.38039216 0.08627451
v 1.54077 0.7811 -1.13145 0.08627451 0.38039216 0.08627451
v 1.47344 0.84679 -1.04569 0.08627451 0.38039216 0.08627451
v 1.48271 0.75392 -1.1268 0.08627451 0.38039216 0.08627451
v 1.54077 0.7811 -1.13145 0.08627451 0.38039216 0.08627451
v 1.47344 0.84679 -1.04569 0.08627451 0.38039216 0.08627451
v 1.54077 0.7811 -1.13145 0.08627451 0.38039216 0.08627451
v 1.48271 0.75392 -1.1268 0.08627451 0.38039216 0.08627451
v 1.47344 0.84679 -1.04569 0.08627451 0.38039216 0.08627451
v 1.45139 0.80745 -1.0915 0.08627451 0.38039216 0.08627451
v 1.48271 0.75392 -1.1268 0.08627451 0.38039216 0.08627451
v 1.47344 0.84679 -1.04569 0.08627451 0.38039216 0.08627451
v 1.48271 0.75392 -1.1268 0.08627451 0.38039216 0.08627451
v 1.45139 0.80745 -1.0915 0.08627451 0.38039216 0.08627451
v 1.45139 0.80745 -1.0915 0.08627451 0.38039216 0.08627451
v 1.41896 0.70905 -1.07105 0.08627451 0.38039216 0.08627451
v 1.48271 0.75392 -1.1268 0.08627451 0.38039216 0.08627451
v 1.45139 0.80745 -1.0915 0.08627451 0.38039216 0.08627451
v 1.48271 0.75392 -1.1268 0.08627451 0.38039216 0.08627451
v 1.41896 0.70905 -1.07105 0.08627451 0.38039216 0.08627451
v 1.60084 0.91375 -1.00371 0.11764706 0.38039216 0.11764706
v 1.61119 0.88718 -1.05972 0.11764706 0.38039216 0.11764706
v 1.62766 0.85241 -1.03467 0.11764706 0.38039216 0.11764706
v 1.60084 0.91375 -1.00371 0.11764706 0.38039216 0.11764706
v 1.62766 0.85241 -1.03467 0.11764706 0.38039216 0.11764706
v 1.61119 0.88718 -1.05972 0.11764706 0.38039216 0.11764706
v 1.60084 0.91375 -1.00371 0.11764706 0.38039216 0.11764706
v 1.61119 0.88718 -1.05972 0.11764706 0.38039216 0.11764706
v 1.5582 0.92678 -1.00897 0.11764706 0.38039216 0.11764706
v 1.60084 0.91375 -1.00371 0.11764706 0.38039216 0.11764706
v 1.5582 0.92678 -1.00897 0.11764706 0.38039216 0.11764706
v 1.61119 0.88718 -1.05972 0.11764706 0.38039216 0.11764706
v 1.5582 0.92678 -1.00897 0.11764706 0.38039216 0.11764706
v 1.5859 0.8814 -1.07628 0.11764706 0.38039216 0.11764706
v 1.61119 0.88718 -1.05972 0.11764706 0.38039216 0.11764706
v 1.5582 0.92678 -1.00897 0.11764706 0.38039216 0.11764706
v 1.61119 0.88718 -1.05972 0.11764706 0.38039216 0.11764706
v 1.5859 0.8814 -1.07628 0.11764706 0.38039216 0.11764706
v 1.5582 0.92678 -1.00897 0.11764706 0.38039216 0.11764706
v 1.53469 0.87776 -1.06191 0.11764706 0.38039216 0.11764706
v 1.5859 0.8814 -1.07628 0.11764706 0.38039216 0.11764706
v 1.5582 0.92678 -1.00897 0.11764706 0.38039216 0.11764706
v 1.5859 0.8814 -1.07628 0.11764706 0.38039216 0.11764706
v 1.53469 0.87776 -1.06191 0.11764706 0.38039216 0.11764706
v 1.5582 0.92678 -1.00897 0.11764706 0.38039216 0.11764706
v 1.52459 0.87501 -1.0271 0.11764706 0.38039216 0.11764706
v 1.53469 0.87776 -1.06191 0.11764706 0.38039216 0.11764706
v 1.5582 0.92678 -1.00897 0.11764706 0.38039216 0.11764706
v 1.53469 0.87776 -1.06191 0.11764706 0.38039216 0.11764706
v 1.52459 0.87501 -1.0271 0.11764706 0.38039216 0.11764706
v 1.5582 0.92678 -1.00897 0.11764706 0.38039216 0.11764706
v 1.52807 0.88798 -0.99969 0.11764706 0.38039216 0.11764706
v 1.52459 0.87501 -1.0271 0.11764706 0.38039216 0.11764706
v 1.5582 0.92678 -1.00897 0.11764706 0.38039216 0.11764706
v 1.52459 0.87501 -1.0271 0.11764706 0.38039216 0.11764706
v 1.52807 0.88798 -0.99969 0.11764706 0.38039216 0.11764706
v 1.5582 0.92678 -1.00897 0.11764706 0.38039216 0.11764706
v 1.52179 0.8876 -0.97967 0.11764706 0.38039216 0.11764706
v 1.5219 0.89608 -0.99304 0.11764706 0.38039216 0.11764706
v 1.5582 0.92678 -1.00897 0.11764706 0.38039216 0.11764706
v 1.5219 0.89608 -0.99304 0.11764706 0.38039216 0.11764706
v 1.52179 0.8876 -0.97967 0.11764706 0.38039216 0.11764706
v 1.5582 0.92678 -1.00897 0.11764706 0.38039216 0.11764706
v 1.53081 0.88181 -0.96241 0.11764706 0.38039216 0.11764706
v 1.52179 0.8876 -0.97967 0.11764706 0.38039216 0.11764706
v 1.5582 0.92678 -1.00897 0.11764706 0.38039216 0.11764706
v 1.52179 0.8876 -0.97967 0.11764706 0.38039216 0.11764706
v 1.53081 0.88181 -0.96241 0.11764706 0.38039216 0.11764706
v 1.5582 0.92678 -1.00897 0.11764706 0.38039216 0.11764706
v 1.59488 0.8871 -0.93838 0.11764706 0.38039216 0.11764706
v 1.53081 0.88181 -0.96241 0.11764706 0.38039216 0.11764706
v 1.5582 0.92678 -1.00897 0.11764706 0.38039216 0.11764706
v 1.53081 0.88181 -0.96241 0.11764706 0.38039216 0.11764706
v 1.59488 0.8871 -0.93838 0.11764706 0.38039216 0.11764706
v 1.5582 0.92678 -1.00897 0.11764706 0.38039216 0.11764706
v 1.6214 0.87958 -0.97382 0.11764706 0.38039216 0.11764706
v 1.59488 0.8871 -0.93838 0.11764706 0.38039216 0.11764706
v 1.5582 0.92678 -1.00897 0.11764706 0.38039216 0.11764706
v 1.59488 0.8871 -0.93838 0.11764706 0.38039216 0.11764706
v 1.6214 0.87958 -0.97382 0.11764706 0.38039216 0.11764706
v 1.5582 0.92678 -1.00897 0.11764706 0.38039216 0.11764706
v 1.60084 0.91375 -1.00371 0.11764706 0.38039216 0.11764706
v 1.6214 0.87958 -0.97382 0.11764706 0.38039216 0.11764706
v 1.5582 0.92678 -1.00897 0.11764706 0.38039216 0.11764706
v 1.6214 0.87958 -0.97382 0.11764706 0.38039216 0.11764706
v 1.60084 0.91375 -1.00371 0.11764706 0.38039216 0.11764706
v 1.60084 0.91375 -1.00371 0.11764706 0.38039216 0.11764706
v 1.62766 0.85241 -1.03467 0.11764706 0.38039216 0.11764706
v 1.6214 0.87958 -0.97382 0.11764706 0.38039216 0.11764706
v 1.60084 0.91375 -1.00371 0.11764706 0.38039216 0.11764706
v 1.6214 0.87958 -0.97382 0.11764706 0.38039216 0.11764706
v 1.62766 0.85241 -1.03467 0.11764706 0.38039216 0.11764706
v 1.45606 1.02635 -0.95506 0.11764706 0.38039216 0.11764706
v 1.47109 1.0186 -0.9217 0.11764706 0.38039216 0.11764706
v 1.43616 1.00681 -0.93358 0.11764706 0.38039216 0.11764706
v 1.45606 1.02635 -0.95506 0.11764706 0.38039216 0.11764706
v 1.43616 1.00681 -0.93358 0.11764706 0.38039216 0.11764706
v 1.47109 1.0186 -0.9217 0.11764706 0.38039216 0.11764706
v 1.45606 1.02635 -0.95506 0.11764706 0.38039216 0.11764706
v 1.47109 1.0186 -0.9217 0.11764706 0.38039216 0.11764706
v 1.48406 1.00861 -0.97893 0.11764706 0.38039216 0.11764706
v 1.45606 1.02635 -0.95506 0.11764706 0.38039216 0.11764706
v 1.48406 1.00861 -0.97893 0.11764706 0.38039216 0.11764706
v 1.47109 1.0186 -0.9217 0.11764706 0.38039216 0.11764706
v 1.48406 1.00861 -0.97893 0.11764706 0.38039216 0.11764706
v 1.49836 1.01304 -0.9267 0.11764706 0.38039216 0.11764706
v 1.47109 1.0186 -0.9217 0.11764706 0.38039216 0.11764706
v 1.48406 1.00861 -0.97893 0.11764706 0.38039216 0.11764706
v 1.47109 1.0186 -0.9217 0.11764706 0.38039216 0.11764706
v 1.49836 1.01304 -0.9267 0.11764706 0.38039216 0.11764706
v 1.48406 1.00861 -0.97893 0.11764706 0.38039216 0.11764706
v 1.51069 0.99013 -0.95152 0.11764706 0.38039216 0.11764706
v 1.49836 1.01304 -0.9267 0.11764706 0.38039216 0.11764706
v 1.48406 1.00861 -0.97893 0.11764706 0.38039216 0.11764706
v 1.49836 1.01304 -0.9267 0.11764706 0.38039216 0.11764706
v 1.51069 0.99013 -0.95152 0.11764706 0.38039216 0.11764706
v 1.48406 1.00861 -0.97893 0.11764706 0.38039216 0.11764706
v 1.49725 0.98241 -0.97572 0.11764706 0.38039216 0.11764706
v 1.51069 0.99013 -0.95152 0.11764706 0.38039216 0.11764706
v 1.48406 1.00861 -0.97893 0.11764706 0.38039216 0.11764706
v 1.51069 0.99013 -0.95152 0.11764706 0.38039216 0.11764706
v 1.49725 0.98241 -0.97572 0.11764706 0.38039216 0.11764706
v 1.48406 1.00861 -0.97893 0.11764706 0.38039216 0.11764706
v 1.49131 0.98738 -0.98815 0.11764706 0.38039216 0.11764706
v 1.49725 0.98241 -0.97572 0.11764706 0.38039216 0.11764706
v 1.48406 1.00861 -0.97893 0.11764706 0.38039216 0.11764706
v 1.49725 0.98241 -0.97572 0.11764706 0.38039216 0.11764706
v 1.49131 0.98738 -0.98815 0.11764706 0.38039216 0.11764706
v 1.48406 1.00861 -0.97893 0.11764706 0.38039216 0.11764706
v 1.46475 0.9823 -0.99985 0.11764706 0.38039216 0.11764706
v 1.48298 0.98668 -0.99518 0.11764706 0.38039216 0.11764706
v 1.48406 1.00861 -0.97893 0.11764706 0.38039216 0.11764706
v 1.48298 0.98668 -0.99518 0.11764706 0.38039216 0.11764706
v 1.46475 0.9823 -0.99985 0.11764706 0.38039216 0.11764706
v 1.48406 1.00861 -0.97893 0.11764706 0.38039216 0.11764706
v 1.44587 0.99066 -0.99956 0.11764706 0.38039216 0.11764706
v 1.46475 0.9823 -0.99985 0.11764706 0.38039216 0.11764706
v 1.48406 1.00861 -0.97893 0.11764706 0.38039216 0.11764706
v 1.46475 0.9823 -0.99985 0.11764706 0.38039216 0.11764706
v 1.44587 0.99066 -0.99956 0.11764706 0.38039216 0.11764706
v 1.48406 1.00861 -0.97893 0.11764706 0.38039216 0.11764706
v 1.42354 1.01854 -0.98851 0.11764706 0.38039216 0.11764706
v 1.44587 0.99066 -0.99956 0.11764706 0.38039216 0.11764706
v 1.48406 1.00861 -0.97893 0.11764706 0.38039216 0.11764706
v 1.44587 0.99066 -0.99956 0.11764706 0.38039216 0.11764706
v 1.42354 1.01854 -0.98851 0.11764706 0.38039216 0.11764706
v 1.48406 1.00861 -0.97893 0.11764706 0.38039216 0.11764706
v 1.42604 1.02875 -0.94862 0.11764706 0.38039216 0.11764706
v 1.42354 1.01854 -0.98851 0.11764706 0.38039216 0.11764706
v 1.48406 1.00861 -0.97893 0.11764706 0.38039216 0.11764706
v 1.42354 1.01854 -0.98851 0.11764706 0.38039216 0.11764706
v 1.42604 1.02875 -0.94862 0.11764706 0.38039216 0.11764706
v 1.48406 1.00861 -0.97893 0.11764706 0.38039216 0.11764706
v 1.45606 1.02635 -0.95506 0.11764706 0.38039216 0.11764706
v 1.42604 1.02875 -0.94862 0.11764706 0.38039216 0.11764706
v 1.48406 1.00861 -0.97893 0.11764706 0.38039216 0.11764706
v 1.42604 1.02875 -0.94862 0.11764706 0.38039216 0.11764706
v 1.45606 1.02635 -0.95506 0.11764706 0.38039216 0.11764706
v 1.45606 1.02635 -0.95506 0.11764706 0.38039216 0.11764706
v 1.43616 1.00681 -0.93358 0.11764706 0.38039216 0.11764706
v 1.42604 1.02875 -0.94862 0.11764706 0.38039216 0.11764706
v 1.45606 1.02635 -0.95506 0.11764706 0.38039216 0.11764706
v 1.42604 1.02875 -0.94862 0.11764706 0.38039216 0.11764706
v 1.43616 1.00681 -0.93358 0.11764706 0.38039216 0.11764706
v 1.50202 1.05707 -1.01677 0.17254902 0.38039216 0.17254902
v 1.48027 1.05932 -1.02803 0.17254902 0.38039216 0.17254902
v 1.50289 1.0601 -1.03971 0.17254902 0.38039216 0.17254902
v 1.50202 1.05707 -1.01677 0.17254902 0.38039216 0.17254902
v 1.50289 1.0601 -1.03971 0.17254902 0.38039216 0.17254902
v 1.48027 1.05932 -1.02803 0.17254902 0.38039216 0.17254902
v 1.50202 1.05707 -1.01677 0.17254902 0.38039216 0.17254902
v 1.48027 1.05932 -1.02803 0.17254902 0.38039216 0.17254902
v 1.49889 1.03245 -1.00651 0.17254902 0.38039216 0.17254902
v 1.50202 1.05707 -1.01677 0.17254902 0.38039216 0.17254902
v 1.49889 1.03245 -1.00651 0.17254902 0.38039216 0.17254902
v 1.48027 1.05932 -1.02803 0.17254902 0.38039216 0.17254902
v 1.49889 1.03245 -1.00651 0.17254902 0.38039216 0.17254902
v 1.46908 1.0469 -1.01989 0.17254902 0.38039216 0.17254902
v 1.48027 1.05932 -1.02803 0.17254902 0.38039216 0.17254902
v 1.49889 1.03245 -1.00651 0.17254902 0.38039216 0.17254902
v 1.48027 1.05932 -1.02803 0.17254902 0.38039216 0.17254902
v 1.46908 1.0469 -1.01989 0.17254902 0.38039216 0.17254902
v 1.49889 1.03245 -1.00651 0.17254902 0.38039216 0.17254902
v 1.47419 1.02407 -1.01648 0.17254902 0.38039216 0.17254902
v 1.46908 1.0469 -1.01989 0.17254902 0.38039216 0.17254902
v 1.49889 1.03245 -1.00651 0.17254902 0.38039216 0.17254902
v 1.46908 1.0469 -1.01989 0.17254902 0.38039216 0.17254902
v 1.47419 1.02407 -1.01648 0.17254902 0.38039216 0.17254902
v 1.49889 1.03245 -1.00651 0.17254902 0.38039216 0.17254902
v 1.49148 1.01659 -1.01489 0.17254902 0.38039216 0.17254902
v 1.47419 1.02407 -1.01648 0.17254902 0.38039216 0.17254902
v 1.49889 1.03245 -1.00651 0.17254902 0.38039216 0.17254902
v 1.47419 1.02407 -1.01648 0.17254902 0.38039216 0.17254902
v 1.49148 1.01659 -1.01489 0.17254902 0.38039216 0.17254902
v 1.49889 1.03245 -1.00651 0.17254902 0.38039216 0.17254902
v 1.49971 1.01688 -1.0099 0.17254902 0.38039216 0.17254902
v 1.49148 1.01659 -1.01489 0.17254902 0.38039216 0.17254902
v 1.49889 1.03245 -1.00651 0.17254902 0.38039216 0.17254902
v 1.49148 1.01659 -1.01489 0.17254902 0.38039216 0.17254902
v 1.49971 1.01688 -1.0099 0.17254902 0.38039216 0.17254902
v 1.49889 1.03245 -1.00651 0.17254902 0.38039216 0.17254902
v 1.518 1.01855 -1.01609 0.17254902 0.38039216 0.17254902
v 1.50689 1.01678 -1.01018 0.17254902 0.38039216 0.17254902
v 1.49889 1.03245 -1.00651 0.17254902 0.38039216 0.17254902
v 1.50689 1.01678 -1.01018 0.17254902 0.38039216 0.17254902
v 1.518 1.01855 -1.01609 0.17254902 0.38039216 0.17254902
v 1.49889 1.03245 -1.00651 0.17254902 0.38039216 0.17254902
v 1.52704 1.02837 -1.01857 0.17254902 0.38039216 0.17254902
v 1.518 1.01855 -1.01609 0.17254902 0.38039216 0.17254902
v 1.49889 1.03245 -1.00651 0.17254902 0.38039216 0.17254902
v 1.518 1.01855 -1.01609 0.17254902 0.38039216 0.17254902
v 1.52704 1.02837 -1.01857 0.17254902 0.38039216 0.17254902
v 1.49889 1.03245 -1.00651 0.17254902 0.38039216 0.17254902
v 1.53274 1.05228 -1.01777 0.17254902 0.38039216 0.17254902
v 1.52704 1.02837 -1.01857 0.17254902 0.38039216 0.17254902
v 1.49889 1.03245 -1.00651 0.17254902 0.38039216 0.17254902
v 1.52704 1.02837 -1.01857 0.17254902 0.38039216 0.17254902
v 1.53274 1.05228 -1.01777 0.17254902 0.38039216 0.17254902
v 1.49889 1.03245 -1.00651 0.17254902 0.38039216 0.17254902
v 1.514 1.0692 -1.0277 0.17254902 0.38039216 0.17254902
v 1.53274 1.05228 -1.01777 0.17254902 0.38039216 0.17254902
v 1.49889 1.03245 -1.00651 0.17254902 0.38039216 0.17254902
v 1.53274 1.05228 -1.01777 0.17254902 0.38039216 0.17254902
v 1.514 1.0692 -1.0277 0.17254902 0.38039216 0.17254902
v 1.49889 1.03245 -1.00651 0.17254902 0.38039216 0.17254902
v 1.50202 1.05707 -1.01677 0.17254902 0.38039216 0.17254902
v 1.514 1.0692 -1.0277 0.17254902 0.38039216 0.17254902
v 1.49889 1.03245 -1.00651 0.17254902 0.38039216 0.17254902
v 1.514 1.0692 -1.0277 0.17254902 0.38039216 0.17254902
v 1.50202 1.05707 -1.01677 0.17254902 0.38039216 0.17254902
v 1.50202 1.05707 -1.01677 0.17254902 0.38039216 0.17254902
v 1.50289 1.0601 -1.03971 0.17254902 0.38039216 0.17254902
v 1.514 1.0692 -1.0277 0.17254902 0.38039216 0.17254902
v 1.50202 1.05707 -1.01677 0.17254902 0.38039216 0.17254902
v 1.514 1.0692 -1.0277 0.17254902 0.38039216 0.17254902
v 1.50289 1.0601 -1.03971 0.17254902 0.38039216 0.17254902
v 1.49958 1.06222 -0.99263 0.22745098 0.38039216 0.22745098
v 1.51504 1.06639 -0.99169 0.22745098 0.38039216 0.22745098
v 1.50342 1.07034 -0.9805 0.22745098 0.38039216 0.22745098
v 1.49958 1.06222 -0.99263 0.22745098 0.38039216 0.22745098
v 1.50342 1.07034 -0.9805 0.22745098 0.38039216 0.22745098
v 1.51504 1.06639 -0.99169 0.22745098 0.38039216 0.22745098
v 1.49958 1.06222 -0.99263 0.22745098 0.38039216 0.22745098
v 1.51504 1.06639 -0.99169 0.22745098 0.38039216 0.22745098
v 1.50144 1.04481 -0.99252 0.22745098 0.38039216 0.22745098
v 1.49958 1.06222 -0.99263 0.22745098 0.38039216 0.22745098
v 1.50144 1.04481 -0.99252 0.22745098 0.38039216 0.22745098
v 1.51504 1.06639 -0.99169 0.22745098 0.38039216 0.22745098
v 1.50144 1.04481 -0.99252 0.22745098 0.38039216 0.22745098
v 1.52128 1.05668 -0.99537 0.22745098 0.38039216 0.22745098
v 1.51504 1.06639 -0.99169 0.22745098 0.38039216 0.22745098
v 1.50144 1.04481 -0.99252 0.22745098 0.38039216 0.22745098
v 1.51504 1.06639 -0.99169 0.22745098 0.38039216 0.22745098
v 1.52128 1.05668 -0.99537 0.22745098 0.38039216 0.22745098
v 1.50144 1.04481 -0.99252 0.22745098 0.38039216 0.22745098
v 1.51932 1.04231 -0.99014 0.22745098 0.38039216 0.22745098
v 1.52128 1.05668 -0.99537 0.22745098 0.38039216 0.22745098
v 1.50144 1.04481 -0.99252 0.22745098 0.38039216 0.22745098
v 1.52128 1.05668 -0.99537 0.22745098 0.38039216 0.22745098
v 1.51932 1.04231 -0.99014 0.22745098 0.38039216 0.22745098
v 1.50144 1.04481 -0.99252 0.22745098 0.38039216 0.22745098
v 1.50898 1.03766 -0.9853 0.22745098 0.38039216 0.22745098
v 1.51932 1.04231 -0.99014 0.22745098 0.38039216 0.22745098
v 1.50144 1.04481 -0.99252 0.22745098 0.38039216 0.22745098
v 1.51932 1.04231 -0.99014 0.22745098 0.38039216 0.22745098
v 1.50898 1.03766 -0.9853 0.22745098 0.38039216 0.22745098
v 1.50144 1.04481 -0.99252 0.22745098 0.38039216 0.22745098
v 1.50289 1.03656 -0.98636 0.22745098 0.38039216 0.22745098
v 1.50898 1.03766 -0.9853 0.22745098 0.38039216 0.22745098
v 1.50144 1.04481 -0.99252 0.22745098 0.38039216 0.22745098
v 1.50898 1.03766 -0.9853 0.22745098 0.38039216 0.22745098
v 1.50289 1.03656 -0.98636 0.22745098 0.38039216 0.22745098
v 1.50144 1.04481 -0.99252 0.22745098 0.38039216 0.22745098
v 1.49276 1.03947 -0.97939 0.22745098 0.38039216 0.22745098
v 1.49854 1.03666 -0.98462 0.22745098 0.38039216 0.22745098
v 1.50144 1.04481 -0.99252 0.22745098 0.38039216 0.22745098
v 1.49854 1.03666 -0.98462 0.22745098 0.38039216 0.22745098
v 1.49276 1.03947 -0.97939 0.22745098 0.38039216 0.22745098
v 1.50144 1.04481 -0.99252 0.22745098 0.38039216 0.22745098
v 1.4869 1.04606 -0.97864 0.22745098 0.38039216 0.22745098
v 1.49276 1.03947 -0.97939 0.22745098 0.38039216 0.22745098
v 1.50144 1.04481 -0.99252 0.22745098 0.38039216 0.22745098
v 1.49276 1.03947 -0.97939 0.22745098 0.38039216 0.22745098
v 1.4869 1.04606 -0.97864 0.22745098 0.38039216 0.22745098
v 1.50144 1.04481 -0.99252 0.22745098 0.38039216 0.22745098
v 1.48129 1.06004 -0.98415 0.22745098 0.38039216 0.22745098
v 1.4869 1.04606 -0.97864 0.22745098 0.38039216 0.22745098
v 1.50144 1.04481 -0.99252 0.22745098 0.38039216 0.22745098
v 1.4869 1.04606 -0.97864 0.22745098 0.38039216 0.22745098
v 1.48129 1.06004 -0.98415 0.22745098 0.38039216 0.22745098
v 1.50144 1.04481 -0.99252 0.22745098 0.38039216 0.22745098
v 1.49343 1.07254 -0.98715 0.22745098 0.38039216 0.22745098
v 1.48129 1.06004 -0.98415 0.22745098 0.38039216 0.22745098
v 1.50144 1.04481 -0.99252 0.22745098 0.38039216 0.22745098
v 1.48129 1.06004 -0.98415 0.22745098 0.38039216 0.22745098
v 1.49343 1.07254 -0.98715 0.22745098 0.38039216 0.22745098
v 1.50144 1.04481 -0.99252 0.22745098 0.38039216 0.22745098
v 1.49958 1.06222 -0.99263 0.22745098 0.38039216 0.22745098
v 1.49343 1.07254 -0.98715 0.22745098 0.38039216 0.22745098
v 1.50144 1.04481 -0.99252 0.22745098 0.38039216 0.22745098
v 1.49343 1.07254 -0.98715 0.22745098 0.38039216 0.22745098
v 1.49958 1.06222 -0.99263 0.22745098 0.38039216 0.22745098
v 1.49958 1.06222 -0.99263 0.22745098 0.38039216 0.22745098
v 1.50342 1.07034 -0.9805 0.22745098 0.38039216 0.22745098
v 1.49343 1.07254 -0.98715 0.22745098 0.38039216 0.22745098
v 1.49958 1.06222 -0.99263 0.22745098 0.38039216 0.22745098
v 1.49343 1.07254 -0.98715 0.22745098 0.38039216 0.22745098
v 1.50342 1.07034 -0.9805 0.22745098 0.38039216 0.22745098
f 1 3 2
f 4 6 5
f 7 9 8
f 10 12 11
f 13 15 14
f 16 18 17
f 19 21 20
f 22 24 23
f 25 27 26
f 28 30 29
f 31 33 32
f 34 36 35
f 37 39 38
f 40 42 41
f 43 45 44
f 46 48 47
f 49 51 50
f 52 54 53
f 55 57 56
f 58 60 59
f 61 63 62
f 64 66 65
f 67 69 68
f 70 72 71
f 73 75 74
f 76 78 77
f 79 81 80
f 82 84 83
f 85 87 86
f 88 90 89
f 91 93 92
f 94 96 95
f 97 99 98
f 100 102 101
f 103 105 104
f 106 108 107
f 109 111 110
f 112 114 113
f 115 117 116
f 118 120 119
f 121 123 122
f 124 126 125
f 127 129 128
f 130 132 131
f 133 135 134
f 136 138 137
f 139 141 140
f 142 144 143
f 145 147 146
f 148 150 149
f 151 153 152
f 154 156 155
f 157 159 158
f 160 162 161
f 163 165 164
f 166 168 167
f 169 171 170
f 172 174 173
f 175 177 176
f 178 180 179
f 181 183 182
f 184 186 185
f 187 189 188
f 190 192 191
f 193 195 194
f 196 198 197
f 199 201 200
f 202 204 203
f 205 207 206
f 208 210 209
f 211 213 212
f 214 216 215
f 217 219 218
f 220 222 221
f 223 225 224
f 226 228 227
f 229 231 230
f 232 234 233
f 235 237 236
f 238 240 239
f 241 243 242
f 244 246 245
f 247 249 248
f 250 252 251
f 253 255 254
f 256 258 257
f 259 261 260
f 262 264 263
f 265 267 266
f 268 270 269
f 271 273 272
f 274 276 275
f 277 279 278
f 280 282 281
f 283 285 284
f 286 288 287
f 289 291 290
f 292 294 293
f 295 297 296
f 298 300 299
f 301 303 302
f 304 306 305
f 307 309 308
f 310 312 311
f 313 315 314
f 316 318 317
f 319 321 320
f 322 324 323
f 325 327 326
f 328 330 329
f 331 333 332
f 334 336 335
f 337 339 338
f 340 342 341
f 343 345 344
f 346 348 347
f 349 351 350
f 352 354 353
f 355 357 356
f 358 360 359
f 361 363 362
f 364 366 365
f 367 369 368
f 370 372 371
f 373 375 374
f 376 378 377
f 379 381 380
f 382 384 383
f 385 387 386
f 388 390 389
f 391 393 392
f 394 396 395
f 397 399 398
f 400 402 401
f 403 405 404
f 406 408 407
f 409 411 410
f 412 414 413
f 415 417 416
f 418 420 419
f 421 423 422
f 424 426 425
f 427 429 428
f 430 432 431
f 433 435 434
f 436 438 437
f 439 441 440
f 442 444 443
f 445 447 446
f 448 450 449
f 451 453 452
f 454 456 455
f 457 459 458
f 460 462 461
f 463 465 464
f 466 468 467
f 469 471 470
f 472 474 473
f 475 477 476
f 478 480 479
f 481 483 482
f 484 486 485
f 487 489 488
f 490 492 491
f 493 495 494
f 496 498 497
f 499 501 500
f 502 504 503
f 505 507 506
f 508 510 509
f 511 513 512
f 514 516 515
f 517 519 518
f 520 522 521
f 523 525 524
f 526 528 527
f 529 531 530
f 532 534 533
f 535 537 536
f 538 540 539
f 541 543 542
f 544 546 545
f 547 549 548
f 550 552 551
f 553 555 554
f 556 558 557
f 559 561 560
f 562 564 563
f 565 567 566
f 568 570 569
f 571 573 572
f 574 576 575
f 577 579 578
f 580 582 581
f 583 585 584
f 586 588 587
f 589 591 590
f 592 594 593
f 595 597 596
f 598 600 599
f 601 603 602
f 604 606 605
f 607 609 608
f 610 612 611
f 613 615 614
f 616 618 617
f 619 621 620
f 622 624 623
f 625 627 626
f 628 630 629
f 631 633 632
f 634 636 635
f 637 639 638
f 640 642 641
f 643 645 644
f 646 648 647
f 649 651 650
f 652 654 653
f 655 657 656
f 658 660 659
f 661 663 662
f 664 666 665
f 667 669 668
f 670 672 671
f 673 675 674
f 676 678 677
f 679 681 680
f 682 684 683
f 685 687 686
f 688 690 689
f 691 693 692
f 694 696 695
f 697 699 698
f 700 702 701
f 703 705 704
f 706 708 707
f 709 711 710
f 712 714 713
f 715 717 716
f 718 720 719
f 721 723 722
f 724 726 725
f 727 729 728
f 730 732 731
f 733 735 734
f 736 738 737
f 739 741 740
f 742 744 743
f 745 747 746
f 748 750 749
f 751 753 752
f 754 756 755
f 757 759 758
f 760 762 761
f 763 765 764
f 766 768 767
f 769 771 770
f 772 774 773
f 775 777 776
f 778 780 779
f 781 783 782
f 784 786 785
f 787 789 788
f 790 792 791
f 793 795 794
f 796 798 797
f 799 801 800
f 802 804 803
f 805 807 806
f 808 810 809
f 811 813 812
f 814 816 815
f 817 819 818
f 820 822 821
f 823 825 824
f 826 828 827
f 829 831 830
f 832 834 833
f 835 837 836
f 838 840 839
f 841 843 842
f 844 846 845
f 847 849 848
f 850 852 851
f 853 855 854
f 856 858 857
f 859 861 860
f 862 864 863
f 865 867 866
f 868 870 869
f 871 873 872
f 874 876 875
f 877 879 878
f 880 882 881
f 883 885 884
f 886 888 887
f 889 891 890
f 892 894 893
f 895 897 896
f 898 900 899
f 901 903 902
f 904 906 905
f 907 909 908
f 910 912 911
f 913 915 914
f 916 918 917
f 919 921 920
f 922 924 923
f 925 927 926
f 928 930 929
f 931 933 932
f 934 936 935
f 937 939 938
f 940 942 941
f 943 945 944
f 946 948 947
f 949 951 950
f 952 954 953
f 955 957 956
f 958 960 959
f 961 963 962
f 964 966 965
f 967 969 968
f 970 972 971
f 973 975 974
f 976 978 977
f 979 981 980
f 982 984 983
f 985 987 986
f 988 990 989
f 991 993 992
f 994 996 995
f 997 999 998
f 1000 1002 1001
f 1003 1005 1004
f 1006 1008 1007
f 1009 1011 1010
f 1012 1014 1013
f 1015 1017 1016
f 1018 1020 1019
f 1021 1023 1022
f 1024 1026 1025
f 1027 1029 1028
f 1030 1032 1031
f 1033 1035 1034
f 1036 1038 1037
f 1039 1041 1040
f 1042 1044 1043
f 1045 1047 1046
f 1048 1050 1049
f 1051 1053 1052
f 1054 1056 1055
f 1057 1059 1058
f 1060 1062 1061
f 1063 1065 1064
f 1066 1068 1067
f 1069 1071 1070
f 1072 1074 1073
f 1075 1077 1076
f 1078 1080 1079
f 1081 1083 1082
f 1084 1086 1085
f 1087 1089 1088
f 1090 1092 1091
f 1093 1095 1094
f 1096 1098 1097
f 1099 1101 1100
f 1102 1104 1103
f 1105 1107 1106
f 1108 1110 1109
f 1111 1113 1112
f 1114 1116 1115
f 1117 1119 1118
f 1120 1122 1121
f 1123 1125 1124
f 1126 1128 1127
f 1129 1131 1130
f 1132 1134 1133
f 1135 1137 1136
f 1138 1140 1139
f 1141 1143 1142
f 1144 1146 1145
f 1147 1149 1148
f 1150 1152 1151
f 1153 1155 1154
f 1156 1158 1157
f 1159 1161 1160
f 1162 1164 1163
f 1165 1167 1166
f 1168 1170 1169
f 1171 1173 1172
f 1174 1176 1175
f 1177 1179 1178
f 1180 1182 1181
f 1183 1185 1184
f 1186 1188 1187
f 1189 1191 1190
f 1192 1194 1193
f 1195 1197 1196
f 1198 1200 1199
f 1201 1203 1202
f 1204 1206 1205
f 1207 1209 1208
f 1210 1212 1211
f 1213 1215 1214
f 1216 1218 1217
f 1219 1221 1220
f 1222 1224 1223
f 1225 1227 1226
f 1228 1230 1229
f 1231 1233 1232
f 1234 1236 1235
f 1237 1239 1238
f 1240 1242 1241
f 1243 1245 1244
f 1246 1248 1247
f 1249 1251 1250
f 1252 1254 1253
f 1255 1257 1256
f 1258 1260 1259
f 1261 1263 1262
f 1264 1266 1265
f 1267 1269 1268
f 1270 1272 1271
f 1273 1275 1274
f 1276 1278 1277
f 1279 1281 1280
f 1282 1284 1283
f 1285 1287 1286
f 1288 1290 1289
f 1291 1293 1292
f 1294 1296 1295
f 1297 1299 1298
f 1300 1302 1301
f 1303 1305 1304
f 1306 1308 1307
f 1309 1311 1310
f 1312 1314 1313
f 1315 1317 1316
f 1318 1320 1319
f 1321 1323 1322
f 1324 1326 1325
f 1327 1329 1328
f 1330 1332 1331
f 1333 1335 1334
f 1336 1338 1337
f 1339 1341 1340
f 1342 1344 1343
f 1345 1347 1346
f 1348 1350 1349
f 1351 1353 1352
f 1354 1356 1355
f 1357 1359 1358
f 1360 1362 1361
f 1363 1365 1364
f 1366 1368 1367
f 1369 1371 1370
f 1372 1374 1373
f 1375 1377 1376
f 1378 1380 1379
f 1381 1383 1382
f 1384 1386 1385
f 1387 1389 1388
f 1390 1392 1391
f 1393 1395 1394
f 1396 1398 1397
f 1399 1401 1400
f 1402 1404 1403
f 1405 1407 1406
f 1408 1410 1409
f 1411 1413 1412
f 1414 1416 1415
f 1417 1419 1418
f 1420 1422 1421
f 1423 1425 1424
f 1426 1428 1427
f 1429 1431 1430
f 1432 1434 1433
f 1435 1437 1436
f 1438 1440 1439
f 1441 1443 1442
f 1444 1446 1445
f 1447 1449 1448
f 1450 1452 1451
f 1453 1455 1454
f 1456 1458 1457
f 1459 1461 1460
f 1462 1464 1463
f 1465 1467 1466
f 1468 1470 1469
f 1471 1473 1472
f 1474 1476 1475
f 1477 1479 1478
f 1480 1482 1481
f 1483 1485 1484
f 1486 1488 1487
f 1489 1491 1490
f 1492 1494 1493
f 1495 1497 1496
f 1498 1500 1499
f 1501 1503 1502
f 1504 1506 1505
f 1507 1509 1508
f 1510 1512 1511
f 1513 1515 1514
f 1516 1518 1517
f 1519 1521 1520
f 1522 1524 1523
f 1525 1527 1526
f 1528 1530 1529
f 1531 1533 1532
f 1534 1536 1535
f 1537 1539 1538
f 1540 1542 1541
f 1543 1545 1544
f 1546 1548 1547
f 1549 1551 1550
f 1552 1554 1553
f 1555 1557 1556
f 1558 1560 1559
f 1561 1563 1562
f 1564 1566 1565
f 1567 1569 1568
f 1570 1572 1571
f 1573 1575 1574
f 1576 1578 1577
f 1579 1581 1580
f 1582 1584 1583
f 1585 1587 1586
f 1588 1590 1589
f 1591 1593 1592
f 1594 1596 1595
f 1597 1599 1598
f 1600 1602 1601
f 1603 1605 1604
f 1606 1608 1607
f 1609 1611 1610
f 1612 1614 1613
f 1615 1617 1616
f 1618 1620 1619
f 1621 1623 1622
f 1624 1626 1625
f 1627 1629 1628
f 1630 1632 1631
f 1633 1635 1634
f 1636 1638 1637
f 1639 1641 1640
f 1642 1644 1643
f 1645 1647 1646
f 1648 1650 1649
f 1651 1653 1652
f 1654 1656 1655
f 1657 1659 1658
f 1660 1662 1661
f 1663 1665 1664
f 1666 1668 1667
f 1669 1671 1670
f 1672 1674 1673
f 1675 1677 1676
f 1678 1680 1679
f 1681 1683 1682
f 1684 1686 1685
f 1687 1689 1688
f 1690 1692 1691
f 1693 1695 1694
f 1696 1698 1697
f 1699 1701 1700
f 1702 1704 1703
f 1705 1707 1706
f 1708 1710 1709
f 1711 1713 1712
f 1714 1716 1715
f 1717 1719 1718
f 1720 1722 1721
f 1723 1725 1724
f 1726 1728 1727
f 1729 1731 1730
f 1732 1734 1733
f 1735 1737 1736
f 1738 1740 1739
f 1741 1743 1742
f 1744 1746 1745
f 1747 1749 1748
f 1750 1752 1751
f 1753 1755 1754
f 1756 1758 1757
f 1759 1761 1760
f 1762 1764 1763
f 1765 1767 1766
f 1768 1770 1769
f 1771 1773 1772
f 1774 1776 1775
f 1777 1779 1778
f 1780 1782 1781
f 1783 1785 1784
f 1786 1788 1787
f 1789 1791 1790
f 1792 1794 1793
f 1795 1797 1796
f 1798 1800 1799
f 1801 1803 1802
f 1804 1806 1805
f 1807 1809 1808
f 1810 1812 1811
f 1813 1815 1814
f 1816 1818 1817
f 1819 1821 1820
f 1822 1824 1823
f 1825 1827 1826
f 1828 1830 1829
f 1831 1833 1832
f 1834 1836 1835
f 1837 1839 1838
f 1840 1842 1841
f 1843 1845 1844
f 1846 1848 1847
f 1849 1851 1850
f 1852 1854 1853
f 1855 1857 1856
f 1858 1860 1859
f 1861 1863 1862
f 1864 1866 1865
f 1867 1869 1868
f 1870 1872 1871
f 1873 1875 1874
f 1876 1878 1877
f 1879 1881 1880
f 1882 1884 1883
f 1885 1887 1886
f 1888 1890 1889
f 1891 1893 1892
f 1894 1896 1895
f 1897 1899 1898
f 1900 1902 1901
f 1903 1905 1904
f 1906 1908 1907
f 1909 1911 1910
f 1912 1914 1913
f 1915 1917 1916
f 1918 1920 1919
f 1921 1923 1922
f 1924 1926 1925
f 1927 1929 1928
f 1930 1932 1931
f 1933 1935 1934
f 1936 1938 1937
f 1939 1941 1940
f 1942 1944 1943
f 1945 1947 1946
f 1948 1950 1949
f 1951 1953 1952
f 1954 1956 1955
f 1957 1959 1958
f 1960 1962 1961
f 1963 1965 1964
f 1966 1968 1967
f 1969 1971 1970
f 1972 1974 1973
f 1975 1977 1976
f 1978 1980 1979
f 1981 1983 1982
f 1984 1986 1985
f 1987 1989 1988
f 1990 1992 1991
f 1993 1995 1994
f 1996 1998 1997
f 1999 2001 2000
f 2002 2004 2003
f 2005 2007 2006
f 2008 2010 2009
f 2011 2013 2012
f 2014 2016 2015
f 2017 2019 2018
f 2020 2022 2021
f 2023 2025 2024
f 2026 2028 2027
f 2029 2031 2030
f 2032 2034 2033
f 2035 2037 2036
f 2038 2040 2039
f 2041 2043 2042
f 2044 2046 2045
f 2047 2049 2048
f 2050 2052 2051
f 2053 2055 2054
f 2056 2058 2057
f 2059 2061 2060
f 2062 2064 2063
f 2065 2067 2066
f 2068 2070 2069
f 2071 2073 2072
f 2074 2076 2075
f 2077 2079 2078
f 2080 2082 2081
f 2083 2085 2084
f 2086 2088 2087
f 2089 2091 2090
f 2092 2094 2093
f 2095 2097 2096
f 2098 2100 2099
f 2101 2103 2102
f 2104 2106 2105
f 2107 2109 2108
f 2110 2112 2111
f 2113 2115 2114
f 2116 2118 2117
f 2119 2121 2120
f 2122 2124 2123
f 2125 2127 2126
f 2128 2130 2129
f 2131 2133 2132
f 2134 2136 2135
f 2137 2139 2138
f 2140 2142 2141
f 2143 2145 2144
f 2146 2148 2147
f 2149 2151 2150
f 2152 2154 2153
f 2155 2157 2156
f 2158 2160 2159
f 2161 2163 2162
f 2164 2166 2165
f 2167 2169 2168
f 2170 2172 2171
f 2173 2175 2174
f 2176 2178 2177
f 2179 2181 2180
f 2182 2184 2183
f 2185 2187 2186
f 2188 2190 2189
f 2191 2193 2192
f 2194 2196 2195
f 2197 2199 2198
f 2200 2202 2201
f 2203 2205 2204
f 2206 2208 2207
f 2209 2211 2210
f 2212 2214 2213
f 2215 2217 2216
f 2218 2220 2219
f 2221 2223 2222
f 2224 2226 2225
f 2227 2229 2228
f 2230 2232 2231
f 2233 2235 2234
f 2236 2238 2237
f 2239 2241 2240
f 2242 2244 2243
f 2245 2247 2246
f 2248 2250 2249
f 2251 2253 2252
f 2254 2256 2255
f 2257 2259 2258
f 2260 2262 2261
f 2263 2265 2264
f 2266 2268 2267
f 2269 2271 2270
f 2272 2274 2273
f 2275 2277 2276
f 2278 2280 2279
f 2281 2283 2282
f 2284 2286 2285
f 2287 2289 2288
f 2290 2292 2291
f 2293 2295 2294
f 2296 2298 2297
f 2299 2301 2300
f 2302 2304 2303
f 2305 2307 2306
f 2308 2310 2309
f 2311 2313 2312
f 2314 2316 2315
f 2317 2319 2318
f 2320 2322 2321
f 2323 2325 2324
f 2326 2328 2327
f 2329 2331 2330
f 2332 2334 2333
f 2335 2337 2336
f 2338 2340 2339
f 2341 2343 2342
f 2344 2346 2345
f 2347 2349 2348
f 2350 2352 2351
f 2353 2355 2354
f 2356 2358 2357
f 2359 2361 2360
f 2362 2364 2363
f 2365 2367 2366
f 2368 2370 2369
f 2371 2373 2372
f 2374 2376 2375
f 2377 2379 2378
f 2380 2382 2381
f 2383 2385 2384
f 2386 2388 2387
f 2389 2391 2390
f 2392 2394 2393
f 2395 2397 2396
f 2398 2400 2399
f 2401 2403 2402
f 2404 2406 2405
f 2407 2409 2408
f 2410 2412 2411
f 2413 2415 2414
f 2416 2418 2417
f 2419 2421 2420
f 2422 2424 2423
f 2425 2427 2426
f 2428 2430 2429
f 2431 2433 2432
f 2434 2436 2435
f 2437 2439 2438
f 2440 2442 2441
f 2443 2445 2444
f 2446 2448 2447
f 2449 2451 2450
f 2452 2454 2453
f 2455 2457 2456
f 2458 2460 2459
f 2461 2463 2462
f 2464 2466 2465
f 2467 2469 2468
f 2470 2472 2471
f 2473 2475 2474
f 2476 2478 2477
f 2479 2481 2480
f 2482 2484 2483
f 2485 2487 2486
f 2488 2490 2489
f 2491 2493 2492
f 2494 2496 2495
f 2497 2499 2498
f 2500 2502 2501
f 2503 2505 2504
f 2506 2508 2507
f 2509 2511 2510
f 2512 2514 2513
f 2515 2517 2516
f 2518 2520 2519
f 2521 2523 2522
f 2524 2526 2525
f 2527 2529 2528
f 2530 2532 2531
f 2533 2535 2534
f 2536 2538 2537
f 2539 2541 2540
f 2542 2544 2543
f 2545 2547 2546
f 2548 2550 2549
f 2551 2553 2552
f 2554 2556 2555
f 2557 2559 2558
f 2560 2562 2561
f 2563 2565 2564
f 2566 2568 2567
f 2569 2571 2570
f 2572 2574 2573
f 2575 2577 2576
f 2578 2580 2579
f 2581 2583 2582
f 2584 2586 2585
f 2587 2589 2588
f 2590 2592 2591
f 2593 2595 2594
f 2596 2598 2597
f 2599 2601 2600
f 2602 2604 2603
f 2605 2607 2606
f 2608 2610 2609
f 2611 2613 2612
f 2614 2616 2615
f 2617 2619 2618
f 2620 2622 2621
f 2623 2625 2624
f 2626 2628 2627
f 2629 2631 2630
f 2632 2634 2633
f 2635 2637 2636
f 2638 2640 2639
f 2641 2643 2642
f 2644 2646 2645
f 2647 2649 2648
f 2650 2652 2651
f 2653 2655 2654
f 2656 2658 2657
f 2659 2661 2660
f 2662 2664 2663
f 2665 2667 2666
f 2668 2670 2669
f 2671 2673 2672
f 2674 2676 2675
f 2677 2679 2678
f 2680 2682 2681
f 2683 2685 2684
f 2686 2688 2687
f 2689 2691 2690
f 2692 2694 2693
f 2695 2697 2696
f 2698 2700 2699
f 2701 2703 2702
f 2704 2706 2705
f 2707 2709 2708
f 2710 2712 2711
f 2713 2715 2714
f 2716 2718 2717
f 2719 2721 2720
f 2722 2724 2723
f 2725 2727 2726
f 2728 2730 2729
f 2731 2733 2732
f 2734 2736 2735
f 2737 2739 2738
f 2740 2742 2741
f 2743 2745 2744
f 2746 2748 2747
f 2749 2751 2750
f 2752 2754 2753
f 2755 2757 2756
f 2758 2760 2759
f 2761 2763 2762
f 2764 2766 2765
f 2767 2769 2768
f 2770 2772 2771
f 2773 2775 2774
f 2776 2778 2777
f 2779 2781 2780
f 2782 2784 2783
f 2785 2787 2786
f 2788 2790 2789
f 2791 2793 2792
f 2794 2796 2795
f 2797 2799 2798
f 2800 2802 2801
f 2803 2805 2804
f 2806 2808 2807
f 2809 2811 2810
f 2812 2814 2813
f 2815 2817 2816
f 2818 2820 2819
f 2821 2823 2822
f 2824 2826 2825
f 2827 2829 2828
f 2830 2832 2831
f 2833 2835 2834
f 2836 2838 2837
f 2839 2841 2840
f 2842 2844 2843
f 2845 2847 2846
f 2848 2850 2849
f 2851 2853 2852
f 2854 2856 2855
f 2857 2859 2858
f 2860 2862 2861
f 2863 2865 2864
f 2866 2868 2867
f 2869 2871 2870
f 2872 2874 2873
f 2875 2877 2876
f 2878 2880 2879
f 2881 2883 2882
f 2884 2886 2885
f 2887 2889 2888
f 2890 2892 2891
f 2893 2895 2894
f 2896 2898 2897
f 2899 2901 2900
f 2902 2904 2903
f 2905 2907 2906
f 2908 2910 2909
f 2911 2913 2912
f 2914 2916 2915
f 2917 2919 2918
f 2920 2922 2921
f 2923 2925 2924
f 2926 2928 2927
f 2929 2931 2930
f 2932 2934 2933
f 2935 2937 2936
f 2938 2940 2939
f 2941 2943 2942
f 2944 2946 2945
f 2947 2949 2948
f 2950 2952 2951
f 2953 2955 2954
f 2956 2958 2957
f 2959 2961 2960
f 2962 2964 2963
f 2965 2967 2966
f 2968 2970 2969
f 2971 2973 2972
f 2974 2976 2975
f 2977 2979 2978
f 2980 2982 2981
f 2983 2985 2984
f 2986 2988 2987
f 2989 2991 2990
f 2992 2994 2993
f 2995 2997 2996
f 2998 3000 2999
f 3001 3003 3002
f 3004 3006 3005
f 3007 3009 3008
f 3010 3012 3011
f 3013 3015 3014
f 3016 3018 3017
f 3019 3021 3020
f 3022 3024 3023
f 3025 3027 3026
f 3028 3030 3029
f 3031 3033 3032
f 3034 3036 3035
f 3037 3039 3038
f 3040 3042 3041
f 3043 3045 3044
f 3046 3048 3047
f 3049 3051 3050
f 3052 3054 3053
f 3055 3057 3056
f 3058 3060 3059
f 3061 3063 3062
f 3064 3066 3065
f 3067 3069 3068
f 3070 3072 3071
f 3073 3075 3074
f 3076 3078 3077
f 3079 3081 3080
f 3082 3084 3083
f 3085 3087 3086
f 3088 3090 3089
f 3091 3093 3092
f 3094 3096 3095
f 3097 3099 3098
f 3100 3102 3101
f 3103 3105 3104
f 3106 3108 3107
f 3109 3111 3110
f 3112 3114 3113
f 3115 3117 3116
f 3118 3120 3119
f 3121 3123 3122
f 3124 3126 3125
f 3127 3129 3128
f 3130 3132 3131
f 3133 3135 3134
f 3136 3138 3137
f 3139 3141 3140
f 3142 3144 3143
f 3145 3147 3146
f 3148 3150 3149
f 3151 3153 3152
f 3154 3156 3155
f 3157 3159 3158
f 3160 3162 3161
f 3163 3165 3164
f 3166 3168 3167
f 3169 3171 3170
f 3172 3174 3173
f 3175 3177 3176
f 3178 3180 3179
f 3181 3183 3182
f 3184 3186 3185
f 3187 3189 3188
f 3190 3192 3191
f 3193 3195 3194
f 3196 3198 3197
f 3199 3201 3200
f 3202 3204 3203
f 3205 3207 3206
f 3208 3210 3209
f 3211 3213 3212
f 3214 3216 3215
f 3217 3219 3218
f 3220 3222 3221
f 3223 3225 3224
f 3226 3228 3227
f 3229 3231 3230
f 3232 3234 3233
f 3235 3237 3236
f 3238 3240 3239
f 3241 3243 3242
f 3244 3246 3245
f 3247 3249 3248
f 3250 3252 3251
f 3253 3255 3254
f 3256 3258 3257
f 3259 3261 3260
f 3262 3264 3263
f 3265 3267 3266
f 3268 3270 3269
f 3271 3273 3272
f 3274 3276 3275
f 3277 3279 3278
f 3280 3282 3281
f 3283 3285 3284
f 3286 3288 3287
f 3289 3291 3290
f 3292 3294 3293
f 3295 3297 3296
f 3298 3300 3299
f 3301 3303 3302
f 3304 3306 3305
f 3307 3309 3308
f 3310 3312 3311
f 3313 3315 3314
f 3316 3318 3317
f 3319 3321 3320
f 3322 3324 3323
f 3325 3327 3326
f 3328 3330 3329
f 3331 3333 3332
f 3334 3336 3335
f 3337 3339 3338
f 3340 3342 3341
f 3343 3345 3344
f 3346 3348 3347
f 3349 3351 3350
f 3352 3354 3353
f 3355 3357 3356
f 3358 3360 3359
f 3361 3363 3362
f 3364 3366 3365
f 3367 3369 3368
f 3370 3372 3371
f 3373 3375 3374
f 3376 3378 3377
f 3379 3381 3380
f 3382 3384 3383
f 3385 3387 3386
f 3388 3390 3389
f 3391 3393 3392
f 3394 3396 3395
f 3397 3399 3398
f 3400 3402 3401
f 3403 3405 3404
f 3406 3408 3407
f 3409 3411 3410
f 3412 3414 3413
f 3415 3417 3416
f 3418 3420 3419
f 3421 3423 3422
f 3424 3426 3425
f 3427 3429 3428
f 3430 3432 3431
f 3433 3435 3434
f 3436 3438 3437
f 3439 3441 3440
f 3442 3444 3443
f 3445 3447 3446
f 3448 3450 3449
f 3451 3453 3452
f 3454 3456 3455
f 3457 3459 3458
f 3460 3462 3461
f 3463 3465 3464
f 3466 3468 3467
f 3469 3471 3470
f 3472 3474 3473
f 3475 3477 3476
f 3478 3480 3479
f 3481 3483 3482
f 3484 3486 3485
f 3487 3489 3488
f 3490 3492 3491
f 3493 3495 3494
f 3496 3498 3497
f 3499 3501 3500
f 3502 3504 3503
f 3505 3507 3506
f 3508 3510 3509
f 3511 3513 3512
f 3514 3516 3515
f 3517 3519 3518
f 3520 3522 3521
f 3523 3525 3524
f 3526 3528 3527
f 3529 3531 3530
f 3532 3534 3533
f 3535 3537 3536
f 3538 3540 3539
f 3541 3543 3542
f 3544 3546 3545
f 3547 3549 3548
f 3550 3552 3551
f 3553 3555 3554
f 3556 3558 3557
f 3559 3561 3560
f 3562 3564 3563
f 3565 3567 3566
f 3568 3570 3569
f 3571 3573 3572
f 3574 3576 3575
f 3577 3579 3578
f 3580 3582 3581
f 3583 3585 3584
f 3586 3588 3587
f 3589 3591 3590
f 3592 3594 3593
f 3595 3597 3596
f 3598 3600 3599
f 3601 3603 3602
f 3604 3606 3605
f 3607 3609 3608
f 3610 3612 3611
f 3613 3615 3614
f 3616 3618 3617
f 3619 3621 3620
f 3622 3624 3623
f 3625 3627 3626
f 3628 3630 3629
f 3631 3633 3632
f 3634 3636 3635
f 3637 3639 3638
f 3640 3642 3641
f 3643 3645 3644
f 3646 3648 3647
f 3649 3651 3650
f 3652 3654 3653
f 3655 3657 3656
f 3658 3660 3659
f 3661 3663 3662
f 3664 3666 3665
f 3667 3669 3668
f 3670 3672 3671
f 3673 3675 3674
f 3676 3678 3677
f 3679 3681 3680
f 3682 3684 3683
f 3685 3687 3686
f 3688 3690 3689
f 3691 3693 3692
f 3694 3696 3695
f 3697 3699 3698
f 3700 3702 3701
f 3703 3705 3704
f 3706 3708 3707
f 3709 3711 3710
f 3712 3714 3713
f 3715 3717 3716
f 3718 3720 3719
f 3721 3723 3722
f 3724 3726 3725
f 3727 3729 3728
f 3730 3732 3731
f 3733 3735 3734
f 3736 3738 3737
f 3739 3741 3740
f 3742 3744 3743
f 3745 3747 3746
f 3748 3750 3749
f 3751 3753 3752
f 3754 3756 3755
f 3757 3759 3758
f 3760 3762 3761
f 3763 3765 3764
f 3766 3768 3767
f 3769 3771 3770
f 3772 3774 3773
f 3775 3777 3776
f 3778 3780 3779
f 3781 3783 3782
f 3784 3786 3785
f 3787 3789 3788
f 3790 3792 3791
f 3793 3795 3794
f 3796 3798 3797
f 3799 3801 3800
f 3802 3804 3803
f 3805 3807 3806
f 3808 3810 3809
f 3811 3813 3812
f 3814 3816 3815
f 3817 3819 3818
f 3820 3822 3821
f 3823 3825 3824
f 3826 3828 3827
f 3829 3831 3830
f 3832 3834 3833
f 3835 3837 3836
f 3838 3840 3839
f 3841 3843 3842
f 3844 3846 3845
f 3847 3849 3848
f 3850 3852 3851
f 3853 3855 3854
f 3856 3858 3857
f 3859 3861 3860
f 3862 3864 3863
f 3865 3867 3866
f 3868 3870 3869
f 3871 3873 3872
f 3874 3876 3875
f 3877 3879 3878
f 3880 3882 3881
f 3883 3885 3884
f 3886 3888 3887
f 3889 3891 3890
f 3892 3894 3893
f 3895 3897 3896
f 3898 3900 3899
f 3901 3903 3902
f 3904 3906 3905
f 3907 3909 3908
f 3910 3912 3911
f 3913 3915 3914
f 3916 3918 3917
f 3919 3921 3920
f 3922 3924 3923
f 3925 3927 3926
f 3928 3930 3929
f 3931 3933 3932
f 3934 3936 3935
f 3937 3939 3938
f 3940 3942 3941
f 3943 3945 3944
f 3946 3948 3947
f 3949 3951 3950
f 3952 3954 3953
f 3955 3957 3956
f 3958 3960 3959
f 3961 3963 3962
f 3964 3966 3965
f 3967 3969 3968
f 3970 3972 3971
f 3973 3975 3974
f 3976 3978 3977
f 3979 3981 3980
f 3982 3984 3983
f 3985 3987 3986
f 3988 3990 3989
f 3991 3993 3992
f 3994 3996 3995
f 3997 3999 3998
f 4000 4002 4001
f 4003 4005 4004
f 4006 4008 4007
f 4009 4011 4010
f 4012 4014 4013
f 4015 4017 4016
f 4018 4020 4019
f 4021 4023 4022
f 4024 4026 4025
f 4027 4029 4028
f 4030 4032 4031
f 4033 4035 4034
f 4036 4038 4037
f 4039 4041 4040
f 4042 4044 4043
f 4045 4047 4046
f 4048 4050 4049
f 4051 4053 4052
f 4054 4056 4055
f 4057 4059 4058
f 4060 4062 4061
f 4063 4065 4064
f 4066 4068 4067
f 4069 4071 4070
f 4072 4074 4073
f 4075 4077 4076
f 4078 4080 4079
f 4081 4083 4082
f 4084 4086 4085
f 4087 4089 4088
f 4090 4092 4091
f 4093 4095 4094
f 4096 4098 4097
f 4099 4101 4100
f 4102 4104 4103
f 4105 4107 4106
f 4108 4110 4109
f 4111 4113 4112
f 4114 4116 4115
f 4117 4119 4118
f 4120 4122 4121
f 4123 4125 4124
f 4126 4128 4127
f 4129 4131 4130
f 4132 4134 4133
f 4135 4137 4136
f 4138 4140 4139
f 4141 4143 4142
f 4144 4146 4145
f 4147 4149 4148
f 4150 4152 4151
f 4153 4155 4154
f 4156 4158 4157
f 4159 4161 4160
f 4162 4164 4163
f 4165 4167 4166
f 4168 4170 4169
f 4171 4173 4172
f 4174 4176 4175
f 4177 4179 4178
f 4180 4182 4181
f 4183 4185 4184
f 4186 4188 4187
f 4189 4191 4190
f 4192 4194 4193
f 4195 4197 4196
f 4198 4200 4199
f 4201 4203 4202
f 4204 4206 4205
f 4207 4209 4208
f 4210 4212 4211
f 4213 4215 4214
f 4216 4218 4217
f 4219 4221 4220
f 4222 4224 4223
f 4225 4227 4226
f 4228 4230 4229
f 4231 4233 4232
f 4234 4236 4235
f 4237 4239 4238
f 4240 4242 4241
f 4243 4245 4244
f 4246 4248 4247
f 4249 4251 4250
f 4252 4254 4253
f 4255 4257 4256
f 4258 4260 4259
f 4261 4263 4262
f 4264 4266 4265
f 4267 4269 4268
f 4270 4272 4271
f 4273 4275 4274
f 4276 4278 4277
f 4279 4281 4280
f 4282 4284 4283
f 4285 4287 4286
f 4288 4290 4289
f 4291 4293 4292
f 4294 4296 4295
f 4297 4299 4298
f 4300 4302 4301
f 4303 4305 4304
f 4306 4308 4307
f 4309 4311 4310
f 4312 4314 4313
f 4315 4317 4316
f 4318 4320 4319
f 4321 4323 4322
f 4324 4326 4325
f 4327 4329 4328
f 4330 4332 4331
f 4333 4335 4334
f 4336 4338 4337
f 4339 4341 4340
f 4342 4344 4343
f 4345 4347 4346
f 4348 4350 4349
f 4351 4353 4352
f 4354 4356 4355
f 4357 4359 4358
f 4360 4362 4361
f 4363 4365 4364
f 4366 4368 4367
f 4369 4371 4370
f 4372 4374 4373
f 4375 4377 4376
f 4378 4380 4379
f 4381 4383 4382
f 4384 4386 4385
f 4387 4389 4388
f 4390 4392 4391
f 4393 4395 4394
f 4396 4398 4397
f 4399 4401 4400
f 4402 4404 4403
f 4405 4407 4406
f 4408 4410 4409
f 4411 4413 4412
f 4414 4416 4415
f 4417 4419 4418
f 4420 4422 4421
f 4423 4425 4424
f 4426 4428 4427
f 4429 4431 4430
f 4432 4434 4433
f 4435 4437 4436
f 4438 4440 4439
f 4441 4443 4442
f 4444 4446 4445
f 4447 4449 4448
f 4450 4452 4451
f 4453 4455 4454
f 4456 4458 4457
f 4459 4461 4460
f 4462 4464 4463
f 4465 4467 4466
f 4468 4470 4469
f 4471 4473 4472
f 4474 4476 4475
f 4477 4479 4478
f 4480 4482 4481
f 4483 4485 4484
f 4486 4488 4487
f 4489 4491 4490
f 4492 4494 4493
f 4495 4497 4496
f 4498 4500 4499
f 4501 4503 4502
f 4504 4506 4505
f 4507 4509 4508
f 4510 4512 4511
f 4513 4515 4514
f 4516 4518 4517
f 4519 4521 4520
f 4522 4524 4523
f 4525 4527 4526
f 4528 4530 4529
f 4531 4533 4532
f 4534 4536 4535
f 4537 4539 4538
f 4540 4542 4541
f 4543 4545 4544
f 4546 4548 4547
f 4549 4551 4550
f 4552 4554 4553
f 4555 4557 4556
f 4558 4560 4559
f 4561 4563 4562
f 4564 4566 4565
f 4567 4569 4568
f 4570 4572 4571
f 4573 4575 4574
f 4576 4578 4577
f 4579 4581 4580
f 4582 4584 4583
f 4585 4587 4586
f 4588 4590 4589
f 4591 4593 4592
f 4594 4596 4595
f 4597 4599 4598
f 4600 4602 4601
f 4603 4605 4604
f 4606 4608 4607
f 4609 4611 4610
f 4612 4614 4613
f 4615 4617 4616
f 4618 4620 4619
f 4621 4623 4622
f 4624 4626 4625
f 4627 4629 4628
f 4630 4632 4631
f 4633 4635 4634
f 4636 4638 4637
f 4639 4641 4640
f 4642 4644 4643
f 4645 4647 4646
f 4648 4650 4649
f 4651 4653 4652
f 4654 4656 4655
f 4657 4659 4658
f 4660 4662 4661
f 4663 4665 4664
f 4666 4668 4667
f 4669 4671 4670
f 4672 4674 4673
f 4675 4677 4676
f 4678 4680 4679
f 4681 4683 4682
f 4684 4686 4685
f 4687 4689 4688
f 4690 4692 4691
f 4693 4695 4694
f 4696 4698 4697
f 4699 4701 4700
f 4702 4704 4703
f 4705 4707 4706
f 4708 4710 4709
f 4711 4713 4712
f 4714 4716 4715
f 4717 4719 4718
f 4720 4722 4721
f 4723 4725 4724
f 4726 4728 4727
f 4729 4731 4730
f 4732 4734 4733
f 4735 4737 4736
f 4738 4740 4739
f 4741 4743 4742
f 4744 4746 4745
f 4747 4749 4748
f 4750 4752 4751
f 4753 4755 4754
f 4756 4758 4757
f 4759 4761 4760
f 4762 4764 4763
f 4765 4767 4766
f 4768 4770 4769
f 4771 4773 4772
f 4774 4776 4775
f 4777 4779 4778
f 4780 4782 4781
f 4783 4785 4784
f 4786 4788 4787
f 4789 4791 4790
f 4792 4794 4793
f 4795 4797 4796
f 4798 4800 4799
f 4801 4803 4802
f 4804 4806 4805
f 4807 4809 4808
f 4810 4812 4811
f 4813 4815 4814
f 4816 4818 4817
f 4819 4821 4820
f 4822 4824 4823
f 4825 4827 4826
f 4828 4830 4829
f 4831 4833 4832
f 4834 4836 4835
f 4837 4839 4838
f 4840 4842 4841
f 4843 4845 4844
f 4846 4848 4847
f 4849 4851 4850
f 4852 4854 4853
f 4855 4857 4856
f 4858 4860 4859
f 4861 4863 4862
f 4864 4866 4865
f 4867 4869 4868
f 4870 4872 4871
f 4873 4875 4874
f 4876 4878 4877
f 4879 4881 4880
f 4882 4884 4883
f 4885 4887 4886
f 4888 4890 4889
f 4891 4893 4892
f 4894 4896 4895
f 4897 4899 4898
f 4900 4902 4901
f 4903 4905 4904
f 4906 4908 4907
f 4909 4911 4910
f 4912 4914 4913
f 4915 4917 4916
f 4918 4920 4919
f 4921 4923 4922
f 4924 4926 4925
f 4927 4929 4928
f 4930 4932 4931
f 4933 4935 4934
f 4936 4938 4937
f 4939 4941 4940
f 4942 4944 4943
f 4945 4947 4946
f 4948 4950 4949
f 4951 4953 4952
f 4954 4956 4955
f 4957 4959 4958
f 4960 4962 4961
f 4963 4965 4964
f 4966 4968 4967
f 4969 4971 4970
f 4972 4974 4973
f 4975 4977 4976
f 4978 4980 4979
f 4981 4983 4982
f 4984 4986 4985
f 4987 4989 4988
f 4990 4992 4991
f 4993 4995 4994
f 4996 4998 4997
f 4999 5001 5000
f 5002 5004 5003
f 5005 5007 5006
f 5008 5010 5009
f 5011 5013 5012
f 5014 5016 5015
f 5017 5019 5018
f 5020 5022 5021
f 5023 5025 5024
f 5026 5028 5027
f 5029 5031 5030
f 5032 5034 5033
f 5035 5037 5036
f 5038 5040 5039
f 5041 5043 5042
f 5044 5046 5045
f 5047 5049 5048
f 5050 5052 5051
f 5053 5055 5054
f 5056 5058 5057
f 5059 5061 5060
f 5062 5064 5063
f 5065 5067 5066
f 5068 5070 5069
f 5071 5073 5072
f 5074 5076 5075
f 5077 5079 5078
f 5080 5082 5081
f 5083 5085 5084
f 5086 5088 5087
f 5089 5091 5090
f 5092 5094 5093
f 5095 5097 5096
f 5098 5100 5099
f 5101 5103 5102
f 5104 5106 5105
f 5107 5109 5108
f 5110 5112 5111
f 5113 5115 5114
f 5116 5118 5117
f 5119 5121 5120
f 5122 5124 5123
f 5125 5127 5126
f 5128 5130 5129
f 5131 5133 5132
f 5134 5136 5135
f 5137 5139 5138
f 5140 5142 5141
f 5143 5145 5144
f 5146 5148 5147
f 5149 5151 5150
f 5152 5154 5153
f 5155 5157 5156
f 5158 5160 5159
f 5161 5163 5162
f 5164 5166 5165
f 5167 5169 5168
f 5170 5172 5171
f 5173 5175 5174
f 5176 5178 5177
f 5179 5181 5180
f 5182 5184 5183
f 5185 5187 5186
f 5188 5190 5189
f 5191 5193 5192
f 5194 5196 5195
f 5197 5199 5198
f 5200 5202 5201
f 5203 5205 5204
f 5206 5208 5207
f 5209 5211 5210
f 5212 5214 5213
f 5215 5217 5216
f 5218 5220 5219
f 5221 5223 5222
f 5224 5226 5225
f 5227 5229 5228
f 5230 5232 5231
f 5233 5235 5234
f 5236 5238 5237
f 5239 5241 5240
f 5242 5244 5243
f 5245 5247 5246
f 5248 5250 5249
f 5251 5253 5252
f 5254 5256 5255
f 5257 5259 5258
f 5260 5262 5261
f 5263 5265 5264
f 5266 5268 5267
f 5269 5271 5270
f 5272 5274 5273
f 5275 5277 5276
f 5278 5280 5279
f 5281 5283 5282
f 5284 5286 5285
f 5287 5289 5288
f 5290 5292 5291
f 5293 5295 5294
f 5296 5298 5297
f 5299 5301 5300
f 5302 5304 5303
f 5305 5307 5306
f 5308 5310 5309
f 5311 5313 5312
f 5314 5316 5315
f 5317 5319 5318
f 5320 5322 5321
f 5323 5325 5324
f 5326 5328 5327
f 5329 5331 5330
f 5332 5334 5333
f 5335 5337 5336
f 5338 5340 5339
f 5341 5343 5342
f 5344 5346 5345
f 5347 5349 5348
f 5350 5352 5351
f 5353 5355 5354
f 5356 5358 5357
f 5359 5361 5360
f 5362 5364 5363
f 5365 5367 5366
f 5368 5370 5369
f 5371 5373 5372
f 5374 5376 5375
f 5377 5379 5378
f 5380 5382 5381
f 5383 5385 5384
f 5386 5388 5387
f 5389 5391 5390
f 5392 5394 5393
f 5395 5397 5396
f 5398 5400 5399
f 5401 5403 5402
f 5404 5406 5405
f 5407 5409 5408
f 5410 5412 5411
f 5413 5415 5414
f 5416 5418 5417
f 5419 5421 5420
f 5422 5424 5423
f 5425 5427 5426
f 5428 5430 5429
f 5431 5433 5432
f 5434 5436 5435
f 5437 5439 5438
f 5440 5442 5441
f 5443 5445 5444
f 5446 5448 5447
f 5449 5451 5450
f 5452 5454 5453
f 5455 5457 5456
f 5458 5460 5459
f 5461 5463 5462
f 5464 5466 5465
f 5467 5469 5468
f 5470 5472 5471
f 5473 5475 5474
f 5476 5478 5477
f 5479 5481 5480
f 5482 5484 5483
f 5485 5487 5486
f 5488 5490 5489
f 5491 5493 5492
f 5494 5496 5495
f 5497 5499 5498
f 5500 5502 5501
f 5503 5505 5504
f 5506 5508 5507
f 5509 5511 5510
f 5512 5514 5513
f 5515 5517 5516
f 5518 5520 5519
f 5521 5523 5522
f 5524 5526 5525
f 5527 5529 5528
f 5530 5532 5531
f 5533 5535 5534
f 5536 5538 5537
f 5539 5541 5540
f 5542 5544 5543
f 5545 5547 5546
f 5548 5550 5549
f 5551 5553 5552
f 5554 5556 5555
f 5557 5559 5558
f 5560 5562 5561
f 5563 5565 5564
f 5566 5568 5567
f 5569 5571 5570
f 5572 5574 5573
f 5575 5577 5576
f 5578 5580 5579
f 5581 5583 5582
f 5584 5586 5585
f 5587 5589 5588
f 5590 5592 5591
f 5593 5595 5594
f 5596 5598 5597
f 5599 5601 5600
f 5602 5604 5603
f 5605 5607 5606
f 5608 5610 5609
f 5611 5613 5612
f 5614 5616 5615
f 5617 5619 5618
f 5620 5622 5621
f 5623 5625 5624
f 5626 5628 5627
f 5629 5631 5630
f 5632 5634 5633
f 5635 5637 5636
f 5638 5640 5639
f 5641 5643 5642
f 5644 5646 5645
f 5647 5649 5648
f 5650 5652 5651
f 5653 5655 5654
f 5656 5658 5657
f 5659 5661 5660
f 5662 5664 5663
f 5665 5667 5666
f 5668 5670 5669
f 5671 5673 5672
f 5674 5676 5675
f 5677 5679 5678
f 5680 5682 5681
f 5683 5685 5684
f 5686 5688 5687
f 5689 5691 5690
f 5692 5694 5693
f 5695 5697 5696
f 5698 5700 5699
f 5701 5703 5702
f 5704 5706 5705
f 5707 5709 5708
f 5710 5712 5711
f 5713 5715 5714
f 5716 5718 5717
f 5719 5721 5720
f 5722 5724 5723
f 5725 5727 5726
f 5728 5730 5729
f 5731 5733 5732
f 5734 5736 5735
f 5737 5739 5738
f 5740 5742 5741
f 5743 5745 5744
f 5746 5748 5747
f 5749 5751 5750
f 5752 5754 5753
f 5755 5757 5756
f 5758 5760 5759
f 5761 5763 5762
f 5764 5766 5765
f 5767 5769 5768
f 5770 5772 5771
f 5773 5775 5774
f 5776 5778 5777
f 5779 5781 5780
f 5782 5784 5783
f 5785 5787 5786
f 5788 5790 5789
f 5791 5793 5792
f 5794 5796 5795
f 5797 5799 5798
f 5800 5802 5801
f 5803 5805 5804
f 5806 5808 5807
f 5809 5811 5810
f 5812 5814 5813
f 5815 5817 5816
f 5818 5820 5819
f 5821 5823 5822
f 5824 5826 5825
f 5827 5829 5828
f 5830 5832 5831
f 5833 5835 5834
f 5836 5838 5837
f 5839 5841 5840
f 5842 5844 5843
f 5845 5847 5846
f 5848 5850 5849
f 5851 5853 5852
f 5854 5856 5855
f 5857 5859 5858
f 5860 5862 5861
f 5863 5865 5864
f 5866 5868 5867
f 5869 5871 5870
f 5872 5874 5873
f 5875 5877 5876
f 5878 5880 5879
f 5881 5883 5882
f 5884 5886 5885
f 5887 5889 5888
f 5890 5892 5891
f 5893 5895 5894
f 5896 5898 5897
f 5899 5901 5900
f 5902 5904 5903
f 5905 5907 5906
f 5908 5910 5909
f 5911 5913 5912
f 5914 5916 5915
f 5917 5919 5918
f 5920 5922 5921
f 5923 5925 5924
f 5926 5928 5927
f 5929 5931 5930
f 5932 5934 5933
f 5935 5937 5936
f 5938 5940 5939
f 5941 5943 5942
f 5944 5946 5945
f 5947 5949 5948
f 5950 5952 5951
f 5953 5955 5954
f 5956 5958 5957
f 5959 5961 5960
f 5962 5964 5963
f 5965 5967 5966
f 5968 5970 5969
f 5971 5973 5972
f 5974 5976 5975
f 5977 5979 5978
f 5980 5982 5981
f 5983 5985 5984
f 5986 5988 5987
f 5989 5991 5990
f 5992 5994 5993
f 5995 5997 5996
f 5998 6000 5999
f 6001 6003 6002
f 6004 6006 6005
f 6007 6009 6008
f 6010 6012 6011
f 6013 6015 6014
f 6016 6018 6017
f 6019 6021 6020
f 6022 6024 6023
f 6025 6027 6026
f 6028 6030 6029
f 6031 6033 6032
f 6034 6036 6035
f 6037 6039 6038
f 6040 6042 6041
f 6043 6045 6044
f 6046 6048 6047
f 6049 6051 6050
f 6052 6054 6053
f 6055 6057 6056
f 6058 6060 6059
f 6061 6063 6062
f 6064 6066 6065
f 6067 6069 6068
f 6070 6072 6071
f 6073 6075 6074
f 6076 6078 6077
f 6079 6081 6080
f 6082 6084 6083
f 6085 6087 6086
f 6088 6090 6089
f 6091 6093 6092
f 6094 6096 6095
f 6097 6099 6098
f 6100 6102 6101
f 6103 6105 6104
f 6106 6108 6107
f 6109 6111 6110
f 6112 6114 6113
f 6115 6117 6116
f 6118 6120 6119
f 6121 6123 6122
f 6124 6126 6125
f 6127 6129 6128
f 6130 6132 6131
f 6133 6135 6134
f 6136 6138 6137
f 6139 6141 6140
f 6142 6144 6143
f 6145 6147 6146
f 6148 6150 6149
f 6151 6153 6152
f 6154 6156 6155
f 6157 6159 6158
f 6160 6162 6161
f 6163 6165 6164
f 6166 6168 6167
f 6169 6171 6170
f 6172 6174 6173
f 6175 6177 6176
f 6178 6180 6179
f 6181 6183 6182
f 6184 6186 6185
f 6187 6189 6188
f 6190 6192 6191
f 6193 6195 6194
f 6196 6198 6197
f 6199 6201 6200
f 6202 6204 6203
f 6205 6207 6206
f 6208 6210 6209
f 6211 6213 6212
f 6214 6216 6215
f 6217 6219 6218
f 6220 6222 6221
f 6223 6225 6224
f 6226 6228 6227
f 6229 6231 6230
f 6232 6234 6233
f 6235 6237 6236
f 6238 6240 6239
f 6241 6243 6242
f 6244 6246 6245
f 6247 6249 6248
f 6250 6252 6251
f 6253 6255 6254
f 6256 6258 6257
f 6259 6261 6260
f 6262 6264 6263
f 6265 6267 6266
f 6268 6270 6269
f 6271 6273 6272
f 6274 6276 6275
f 6277 6279 6278
f 6280 6282 6281
f 6283 6285 6284
f 6286 6288 6287
f 6289 6291 6290
f 6292 6294 6293
f 6295 6297 6296
f 6298 6300 6299
f 6301 6303 6302
f 6304 6306 6305
f 6307 6309 6308
f 6310 6312 6311
f 6313 6315 6314
f 6316 6318 6317
f 6319 6321 6320
f 6322 6324 6323
f 6325 6327 6326
f 6328 6330 6329
f 6331 6333 6332
f 6334 6336 6335
f 6337 6339 6338
f 6340 6342 6341
f 6343 6345 6344
f 6346 6348 6347
f 6349 6351 6350
f 6352 6354 6353
f 6355 6357 6356
f 6358 6360 6359
f 6361 6363 6362
f 6364 6366 6365
f 6367 6369 6368
f 6370 6372 6371
f 6373 6375 6374
f 6376 6378 6377
f 6379 6381 6380
f 6382 6384 6383
f 6385 6387 6386
f 6388 6390 6389
f 6391 6393 6392
f 6394 6396 6395
f 6397 6399 6398
f 6400 6402 6401
f 6403 6405 6404
f 6406 6408 6407
f 6409 6411 6410
f 6412 6414 6413
f 6415 6417 6416
f 6418 6420 6419
f 6421 6423 6422
f 6424 6426 6425
f 6427 6429 6428
f 6430 6432 6431
f 6433 6435 6434
f 6436 6438 6437
f 6439 6441 6440
f 6442 6444 6443
f 6445 6447 6446
f 6448 6450 6449
f 6451 6453 6452
f 6454 6456 6455
f 6457 6459 6458
f 6460 6462 6461
f 6463 6465 6464
f 6466 6468 6467
f 6469 6471 6470
f 6472 6474 6473
f 6475 6477 6476
f 6478 6480 6479
f 6481 6483 6482
f 6484 6486 6485
f 6487 6489 6488
f 6490 6492 6491
f 6493 6495 6494
f 6496 6498 6497
f 6499 6501 6500
f 6502 6504 6503
f 6505 6507 6506
f 6508 6510 6509
f 6511 6513 6512
f 6514 6516 6515
f 6517 6519 6518
f 6520 6522 6521
f 6523 6525 6524
f 6526 6528 6527
f 6529 6531 6530
f 6532 6534 6533
f 6535 6537 6536
f 6538 6540 6539
f 6541 6543 6542
f 6544 6546 6545
f 6547 6549 6548
f 6550 6552 6551
f 6553 6555 6554
f 6556 6558 6557
f 6559 6561 6560
f 6562 6564 6563
f 6565 6567 6566
f 6568 6570 6569
f 6571 6573 6572
f 6574 6576 6575
f 6577 6579 6578
f 6580 6582 6581
f 6583 6585 6584
f 6586 6588 6587
f 6589 6591 6590
f 6592 6594 6593
f 6595 6597 6596
f 6598 6600 6599
f 6601 6603 6602
f 6604 6606 6605
f 6607 6609 6608
f 6610 6612 6611
f 6613 6615 6614
f 6616 6618 6617
f 6619 6621 6620
f 6622 6624 6623
f 6625 6627 6626
f 6628 6630 6629
f 6631 6633 6632
f 6634 6636 6635
f 6637 6639 6638
f 6640 6642 6641
f 6643 6645 6644
f 6646 6648 6647
f 6649 6651 6650
f 6652 6654 6653
f 6655 6657 6656
f 6658 6660 6659
f 6661 6663 6662
f 6664 6666 6665
f 6667 6669 6668
f 6670 6672 6671
f 6673 6675 6674
f 6676 6678 6677
f 6679 6681 6680
f 6682 6684 6683
f 6685 6687 6686
f 6688 6690 6689
f 6691 6693 6692
f 6694 6696 6695
f 6697 6699 6698
f 6700 6702 6701
f 6703 6705 6704
f 6706 6708 6707
f 6709 6711 6710
f 6712 6714 6713
f 6715 6717 6716
f 6718 6720 6719
f 6721 6723 6722
f 6724 6726 6725
f 6727 6729 6728
f 6730 6732 6731
f 6733 6735 6734
f 6736 6738 6737
f 6739 6741 6740
f 6742 6744 6743
f 6745 6747 6746
f 6748 6750 6749
f 6751 6753 6752
f 6754 6756 6755
f 6757 6759 6758
f 6760 6762 6761
f 6763 6765 6764
f 6766 6768 6767
f 6769 6771 6770
f 6772 6774 6773
f 6775 6777 6776
f 6778 6780 6779
f 6781 6783 6782
f 6784 6786 6785
f 6787 6789 6788
f 6790 6792 6791
f 6793 6795 6794
f 6796 6798 6797
f 6799 6801 6800
f 6802 6804 6803
f 6805 6807 6806
f 6808 6810 6809
f 6811 6813 6812
f 6814 6816 6815
f 6817 6819 6818
f 6820 6822 6821
f 6823 6825 6824
f 6826 6828 6827
f 6829 6831 6830
f 6832 6834 6833
f 6835 6837 6836
f 6838 6840 6839
f 6841 6843 6842
f 6844 6846 6845
f 6847 6849 6848
f 6850 6852 6851
f 6853 6855 6854
f 6856 6858 6857
f 6859 6861 6860
f 6862 6864 6863
f 6865 6867 6866
f 6868 6870 6869
f 6871 6873 6872
f 6874 6876 6875
f 6877 6879 6878
f 6880 6882 6881
f 6883 6885 6884
f 6886 6888 6887
f 6889 6891 6890
f 6892 6894 6893
f 6895 6897 6896
f 6898 6900 6899
f 6901 6903 6902
f 6904 6906 6905
f 6907 6909 6908
f 6910 6912 6911
f 6913 6915 6914
f 6916 6918 6917
f 6919 6921 6920
f 6922 6924 6923
f 6925 6927 6926
f 6928 6930 6929
f 6931 6933 6932
f 6934 6936 6935
f 6937 6939 6938
f 6940 6942 6941
f 6943 6945 6944
f 6946 6948 6947
f 6949 6951 6950
f 6952 6954 6953
f 6955 6957 6956
f 6958 6960 6959
f 6961 6963 6962
f 6964 6966 6965
f 6967 6969 6968
f 6970 6972 6971
f 6973 6975 6974
f 6976 6978 6977
f 6979 6981 6980
f 6982 6984 6983
f 6985 6987 6986
f 6988 6990 6989
f 6991 6993 6992
f 6994 6996 6995
f 6997 6999 6998
f 7000 7002 7001
f 7003 7005 7004
f 7006 7008 7007
f 7009 7011 7010
f 7012 7014 7013
f 7015 7017 7016
f 7018 7020 7019
f 7021 7023 7022
f 7024 7026 7025
f 7027 7029 7028
f 7030 7032 7031
f 7033 7035 7034
f 7036 7038 7037
f 7039 7041 7040
f 7042 7044 7043
f 7045 7047 7046
f 7048 7050 7049
f 7051 7053 7052
f 7054 7056 7055
f 7057 7059 7058
f 7060 7062 7061
f 7063 7065 7064
f 7066 7068 7067
f 7069 7071 7070
f 7072 7074 7073
f 7075 7077 7076
f 7078 7080 7079
f 7081 7083 7082
f 7084 7086 7085
f 7087 7089 7088
f 7090 7092 7091
f 7093 7095 7094
f 7096 7098 7097
f 7099 7101 7100
f 7102 7104 7103
f 7105 7107 7106
f 7108 7110 7109
f 7111 7113 7112
f 7114 7116 7115
f 7117 7119 7118
f 7120 7122 7121
f 7123 7125 7124
f 7126 7128 7127
f 7129 7131 7130
f 7132 7134 7133
f 7135 7137 7136
f 7138 7140 7139
f 7141 7143 7142
f 7144 7146 7145
f 7147 7149 7148
f 7150 7152 7151
f 7153 7155 7154
f 7156 7158 7157
f 7159 7161 7160
f 7162 7164 7163
f 7165 7167 7166
f 7168 7170 7169
f 7171 7173 7172
f 7174 7176 7175
f 7177 7179 7178
f 7180 7182 7181
f 7183 7185 7184
f 7186 7188 7187
f 7189 7191 7190
f 7192 7194 7193
f 7195 7197 7196
f 7198 7200 7199
f 7201 7203 7202
f 7204 7206 7205
f 7207 7209 7208
f 7210 7212 7211
f 7213 7215 7214
f 7216 7218 7217
f 7219 7221 7220
f 7222 7224 7223
f 7225 7227 7226
f 7228 7230 7229
f 7231 7233 7232
f 7234 7236 7235
f 7237 7239 7238
f 7240 7242 7241
f 7243 7245 7244
f 7246 7248 7247
f 7249 7251 7250
f 7252 7254 7253
f 7255 7257 7256
f 7258 7260 7259
f 7261 7263 7262
f 7264 7266 7265
f 7267 7269 7268
f 7270 7272 7271
f 7273 7275 7274
f 7276 7278 7277
f 7279 7281 7280
f 7282 7284 7283
f 7285 7287 7286
f 7288 7290 7289
f 7291 7293 7292
f 7294 7296 7295
f 7297 7299 7298
f 7300 7302 7301
f 7303 7305 7304
f 7306 7308 7307
f 7309 7311 7310
f 7312 7314 7313
f 7315 7317 7316
f 7318 7320 7319
f 7321 7323 7322
f 7324 7326 7325
f 7327 7329 7328
f 7330 7332 7331
f 7333 7335 7334
f 7336 7338 7337
f 7339 7341 7340
f 7342 7344 7343
f 7345 7347 7346
f 7348 7350 7349
f 7351 7353 7352
f 7354 7356 7355
f 7357 7359 7358
f 7360 7362 7361
f 7363 7365 7364
f 7366 7368 7367
f 7369 7371 7370
f 7372 7374 7373
f 7375 7377 7376
f 7378 7380 7379
f 7381 7383 7382
f 7384 7386 7385
f 7387 7389 7388
f 7390 7392 7391
f 7393 7395 7394
f 7396 7398 7397
f 7399 7401 7400
f 7402 7404 7403
f 7405 7407 7406
f 7408 7410 7409
f 7411 7413 7412
f 7414 7416 7415
f 7417 7419 7418
f 7420 7422 7421
f 7423 7425 7424
f 7426 7428 7427
f 7429 7431 7430
f 7432 7434 7433
f 7435 7437 7436
f 7438 7440 7439
f 7441 7443 7442
f 7444 7446 7445
f 7447 7449 7448
f 7450 7452 7451
f 7453 7455 7454
f 7456 7458 7457
f 7459 7461 7460
f 7462 7464 7463
f 7465 7467 7466
f 7468 7470 7469
f 7471 7473 7472
f 7474 7476 7475
f 7477 7479 7478
f 7480 7482 7481
f 7483 7485 7484
f 7486 7488 7487
f 7489 7491 7490
f 7492 7494 7493
f 7495 7497 7496
f 7498 7500 7499
f 7501 7503 7502
f 7504 7506 7505
f 7507 7509 7508
f 7510 7512 7511
f 7513 7515 7514
f 7516 7518 7517
f 7519 7521 7520
f 7522 7524 7523
f 7525 7527 7526
f 7528 7530 7529
f 7531 7533 7532
f 7534 7536 7535
f 7537 7539 7538
f 7540 7542 7541
f 7543 7545 7544
f 7546 7548 7547
f 7549 7551 7550
f 7552 7554 7553
f 7555 7557 7556
f 7558 7560 7559
f 7561 7563 7562
f 7564 7566 7565
f 7567 7569 7568
f 7570 7572 7571
f 7573 7575 7574
f 7576 7578 7577
f 7579 7581 7580
f 7582 7584 7583
f 7585 7587 7586
f 7588 7590 7589
f 7591 7593 7592
f 7594 7596 7595
f 7597 7599 7598
f 7600 7602 7601
f 7603 7605 7604
f 7606 7608 7607
f 7609 7611 7610
f 7612 7614 7613
f 7615 7617 7616
f 7618 7620 7619
f 7621 7623 7622
f 7624 7626 7625
f 7627 7629 7628
f 7630 7632 7631
f 7633 7635 7634
f 7636 7638 7637
f 7639 7641 7640
f 7642 7644 7643
f 7645 7647 7646
f 7648 7650 7649
f 7651 7653 7652
f 7654 7656 7655
f 7657 7659 7658
f 7660 7662 7661
f 7663 7665 7664
f 7666 7668 7667
f 7669 7671 7670
f 7672 7674 7673
f 7675 7677 7676
f 7678 7680 7679
f 7681 7683 7682
f 7684 7686 7685
f 7687 7689 7688
f 7690 7692 7691
f 7693 7695 7694
f 7696 7698 7697
f 7699 7701 7700
f 7702 7704 7703
f 7705 7707 7706
f 7708 7710 7709
f 7711 7713 7712
f 7714 7716 7715
f 7717 7719 7718
f 7720 7722 7721
f 7723 7725 7724
f 7726 7728 7727
f 7729 7731 7730
f 7732 7734 7733
f 7735 7737 7736
f 7738 7740 7739
f 7741 7743 7742
f 7744 7746 7745
f 7747 7749 7748
f 7750 7752 7751
f 7753 7755 7754
f 7756 7758 7757
f 7759 7761 7760
f 7762 7764 7763
f 7765 7767 7766
f 7768 7770 7769
f 7771 7773 7772
f 7774 7776 7775
f 7777 7779 7778
f 7780 7782 7781
f 7783 7785 7784
f 7786 7788 7787
f 7789 7791 7790
f 7792 7794 7793
f 7795 7797 7796
f 7798 7800 7799
f 7801 7803 7802
f 7804 7806 7805
f 7807 7809 7808
f 7810 7812 7811
f 7813 7815 7814
f 7816 7818 7817
f 7819 7821 7820
f 7822 7824 7823
f 7825 7827 7826
f 7828 7830 7829
f 7831 7833 7832
f 7834 7836 7835
f 7837 7839 7838
f 7840 7842 7841
f 7843 7845 7844
f 7846 7848 7847
f 7849 7851 7850
f 7852 7854 7853
f 7855 7857 7856
f 7858 7860 7859
f 7861 7863 7862
f 7864 7866 7865
f 7867 7869 7868
f 7870 7872 7871
f 7873 7875 7874
f 7876 7878 7877
f 7879 7881 7880
f 7882 7884 7883
f 7885 7887 7886
f 7888 7890 7889
f 7891 7893 7892
f 7894 7896 7895
f 7897 7899 7898
f 7900 7902 7901
f 7903 7905 7904
f 7906 7908 7907
f 7909 7911 7910
f 7912 7914 7913
f 7915 7917 7916
f 7918 7920 7919
f 7921 7923 7922
f 7924 7926 7925
f 7927 7929 7928
f 7930 7932 7931
f 7933 7935 7934
f 7936 7938 7937
f 7939 7941 7940
f 7942 7944 7943
f 7945 7947 7946
f 7948 7950 7949
f 7951 7953 7952
f 7954 7956 7955
f 7957 7959 7958
f 7960 7962 7961
f 7963 7965 7964
f 7966 7968 7967
f 7969 7971 7970
f 7972 7974 7973
f 7975 7977 7976
f 7978 7980 7979
f 7981 7983 7982
f 7984 7986 7985
f 7987 7989 7988
f 7990 7992 7991
f 7993 7995 7994
f 7996 7998 7997
f 7999 8001 8000
f 8002 8004 8003
f 8005 8007 8006
f 8008 8010 8009
f 8011 8013 8012
f 8014 8016 8015
f 8017 8019 8018
f 8020 8022 8021
f 8023 8025 8024
f 8026 8028 8027
f 8029 8031 8030
f 8032 8034 8033
f 8035 8037 8036
f 8038 8040 8039
f 8041 8043 8042
f 8044 8046 8045
f 8047 8049 8048
f 8050 8052 8051
f 8053 8055 8054
f 8056 8058 8057
f 8059 8061 8060
f 8062 8064 8063
f 8065 8067 8066
f 8068 8070 8069
f 8071 8073 8072
f 8074 8076 8075
f 8077 8079 8078
f 8080 8082 8081
f 8083 8085 8084
f 8086 8088 8087
f 8089 8091 8090
f 8092 8094 8093
f 8095 8097 8096
f 8098 8100 8099
f 8101 8103 8102
f 8104 8106 8105
f 8107 8109 8108
f 8110 8112 8111
f 8113 8115 8114
f 8116 8118 8117
f 8119 8121 8120
f 8122 8124 8123
f 8125 8127 8126
f 8128 8130 8129
f 8131 8133 8132
f 8134 8136 8135
f 8137 8139 8138
f 8140 8142 8141
f 8143 8145 8144
f 8146 8148 8147
f 8149 8151 8150
f 8152 8154 8153
f 8155 8157 8156
f 8158 8160 8159
f 8161 8163 8162
f 8164 8166 8165
f 8167 8169 8168
f 8170 8172 8171
f 8173 8175 8174
f 8176 8178 8177
f 8179 8181 8180
f 8182 8184 8183
f 8185 8187 8186
f 8188 8190 8189
f 8191 8193 8192
f 8194 8196 8195
f 8197 8199 8198
f 8200 8202 8201
f 8203 8205 8204
f 8206 8208 8207
f 8209 8211 8210
f 8212 8214 8213
f 8215 8217 8216
f 8218 8220 8219
f 8221 8223 8222
f 8224 8226 8225
f 8227 8229 8228
f 8230 8232 8231
f 8233 8235 8234
f 8236 8238 8237
f 8239 8241 8240
f 8242 8244 8243
f 8245 8247 8246
f 8248 8250 8249
f 8251 8253 8252
f 8254 8256 8255
f 8257 8259 8258
f 8260 8262 8261
f 8263 8265 8264
f 8266 8268 8267
f 8269 8271 8270
f 8272 8274 8273
f 8275 8277 8276
f 8278 8280 8279
f 8281 8283 8282
f 8284 8286 8285
f 8287 8289 8288
f 8290 8292 8291
f 8293 8295 8294
f 8296 8298 8297
f 8299 8301 8300
f 8302 8304 8303
f 8305 8307 8306
f 8308 8310 8309
f 8311 8313 8312
f 8314 8316 8315
f 8317 8319 8318
f 8320 8322 8321
f 8323 8325 8324
f 8326 8328 8327
f 8329 8331 8330
f 8332 8334 8333
f 8335 8337 8336
f 8338 8340 8339
f 8341 8343 8342
f 8344 8346 8345
f 8347 8349 8348
f 8350 8352 8351
f 8353 8355 8354
f 8356 8358 8357
f 8359 8361 8360
f 8362 8364 8363
f 8365 8367 8366
f 8368 8370 8369
f 8371 8373 8372
f 8374 8376 8375
f 8377 8379 8378
f 8380 8382 8381
f 8383 8385 8384
f 8386 8388 8387
f 8389 8391 8390
f 8392 8394 8393
f 8395 8397 8396
f 8398 8400 8399
f 8401 8403 8402
f 8404 8406 8405
f 8407 8409 8408
f 8410 8412 8411
f 8413 8415 8414
f 8416 8418 8417
f 8419 8421 8420
f 8422 8424 8423
f 8425 8427 8426
f 8428 8430 8429
f 8431 8433 8432
f 8434 8436 8435
f 8437 8439 8438
f 8440 8442 8441
f 8443 8445 8444
f 8446 8448 8447
f 8449 8451 8450
f 8452 8454 8453
f 8455 8457 8456
f 8458 8460 8459
f 8461 8463 8462
f 8464 8466 8465
f 8467 8469 8468
f 8470 8472 8471
f 8473 8475 8474
f 8476 8478 8477
f 8479 8481 8480
f 8482 8484 8483
f 8485 8487 8486
f 8488 8490 8489
f 8491 8493 8492
f 8494 8496 8495
f 8497 8499 8498
f 8500 8502 8501
f 8503 8505 8504
f 8506 8508 8507
f 8509 8511 8510
f 8512 8514 8513
f 8515 8517 8516
f 8518 8520 8519
f 8521 8523 8522
f 8524 8526 8525
f 8527 8529 8528
f 8530 8532 8531
f 8533 8535 8534
f 8536 8538 8537
f 8539 8541 8540
f 8542 8544 8543
f 8545 8547 8546
f 8548 8550 8549
f 8551 8553 8552
f 8554 8556 8555
f 8557 8559 8558
f 8560 8562 8561
f 8563 8565 8564
f 8566 8568 8567
f 8569 8571 8570
f 8572 8574 8573
f 8575 8577 8576
f 8578 8580 8579
f 8581 8583 8582
f 8584 8586 8585
f 8587 8589 8588
f 8590 8592 8591
f 8593 8595 8594
f 8596 8598 8597
f 8599 8601 8600
f 8602 8604 8603
f 8605 8607 8606
f 8608 8610 8609
f 8611 8613 8612
f 8614 8616 8615
f 8617 8619 8618
f 8620 8622 8621
f 8623 8625 8624
f 8626 8628 8627
f 8629 8631 8630
f 8632 8634 8633
f 8635 8637 8636
f 8638 8640 8639
f 8641 8643 8642
f 8644 8646 8645
f 8647 8649 8648
f 8650 8652 8651
f 8653 8655 8654
f 8656 8658 8657
f 8659 8661 8660
f 8662 8664 8663
f 8665 8667 8666
f 8668 8670 8669
f 8671 8673 8672
f 8674 8676 8675
f 8677 8679 8678
f 8680 8682 8681
f 8683 8685 8684
f 8686 8688 8687
f 8689 8691 8690
f 8692 8694 8693
f 8695 8697 8696
f 8698 8700 8699
f 8701 8703 8702
f 8704 8706 8705
f 8707 8709 8708
f 8710 8712 8711
f 8713 8715 8714
f 8716 8718 8717
f 8719 8721 8720
f 8722 8724 8723
f 8725 8727 8726
f 8728 8730 8729
f 8731 8733 8732
f 8734 8736 8735
f 8737 8739 8738
f 8740 8742 8741
f 8743 8745 8744
f 8746 8748 8747
f 8749 8751 8750
f 8752 8754 8753
f 8755 8757 8756
f 8758 8760 8759
f 8761 8763 8762
f 8764 8766 8765
f 8767 8769 8768
f 8770 8772 8771
f 8773 8775 8774
f 8776 8778 8777
f 8779 8781 8780
f 8782 8784 8783
f 8785 8787 8786
f 8788 8790 8789
f 8791 8793 8792
f 8794 8796 8795
f 8797 8799 8798
f 8800 8802 8801
f 8803 8805 8804
f 8806 8808 8807
f 8809 8811 8810
f 8812 8814 8813
f 8815 8817 8816
f 8818 8820 8819
f 8821 8823 8822
f 8824 8826 8825
f 8827 8829 8828
f 8830 8832 8831
f 8833 8835 8834
f 8836 8838 8837
f 8839 8841 8840
f 8842 8844 8843
f 8845 8847 8846
f 8848 8850 8849
f 8851 8853 8852
f 8854 8856 8855
f 8857 8859 8858
f 8860 8862 8861
f 8863 8865 8864
f 8866 8868 8867
f 8869 8871 8870
f 8872 8874 8873
f 8875 8877 8876
f 8878 8880 8879
f 8881 8883 8882
f 8884 8886 8885
f 8887 8889 8888
f 8890 8892 8891
f 8893 8895 8894
f 8896 8898 8897
f 8899 8901 8900
f 8902 8904 8903
f 8905 8907 8906
f 8908 8910 8909
f 8911 8913 8912
f 8914 8916 8915
f 8917 8919 8918
f 8920 8922 8921
f 8923 8925 8924
f 8926 8928 8927
f 8929 8931 8930
f 8932 8934 8933
f 8935 8937 8936
f 8938 8940 8939
f 8941 8943 8942
f 8944 8946 8945
f 8947 8949 8948
f 8950 8952 8951
f 8953 8955 8954
f 8956 8958 8957
f 8959 8961 8960
f 8962 8964 8963
f 8965 8967 8966
f 8968 8970 8969
f 8971 8973 8972
f 8974 8976 8975
f 8977 8979 8978
f 8980 8982 8981
f 8983 8985 8984
f 8986 8988 8987
f 8989 8991 8990
f 8992 8994 8993
f 8995 8997 8996
f 8998 9000 8999
f 9001 9003 9002
f 9004 9006 9005
f 9007 9009 9008
f 9010 9012 9011
f 9013 9015 9014
f 9016 9018 9017
f 9019 9021 9020
f 9022 9024 9023
f 9025 9027 9026
f 9028 9030 9029
f 9031 9033 9032
f 9034 9036 9035
f 9037 9039 9038
f 9040 9042 9041
f 9043 9045 9044
f 9046 9048 9047
f 9049 9051 9050
f 9052 9054 9053
f 9055 9057 9056
f 9058 9060 9059
f 9061 9063 9062
f 9064 9066 9065
f 9067 9069 9068
f 9070 9072 9071
f 9073 9075 9074
f 9076 9078 9077
f 9079 9081 9080
f 9082 9084 9083
f 9085 9087 9086
f 9088 9090 9089
f 9091 9093 9092
f 9094 9096 9095
f 9097 9099 9098
f 9100 9102 9101
f 9103 9105 9104
f 9106 9108 9107
f 9109 9111 9110
f 9112 9114 9113
f 9115 9117 9116
f 9118 9120 9119
f 9121 9123 9122
f 9124 9126 9125
f 9127 9129 9128
f 9130 9132 9131
f 9133 9135 9134
f 9136 9138 9137
f 9139 9141 9140
f 9142 9144 9143
f 9145 9147 9146
f 9148 9150 9149
f 9151 9153 9152
f 9154 9156 9155
f 9157 9159 9158
f 9160 9162 9161
f 9163 9165 9164
f 9166 9168 9167
f 9169 9171 9170
f 9172 9174 9173
f 9175 9177 9176
f 9178 9180 9179
f 9181 9183 9182
f 9184 9186 9185
f 9187 9189 9188
f 9190 9192 9191
f 9193 9195 9194
f 9196 9198 9197
f 9199 9201 9200
f 9202 9204 9203
f 9205 9207 9206
f 9208 9210 9209
f 9211 9213 9212
f 9214 9216 9215
f 9217 9219 9218
f 9220 9222 9221
f 9223 9225 9224
f 9226 9228 9227
f 9229 9231 9230
f 9232 9234 9233
f 9235 9237 9236
f 9238 9240 9239
f 9241 9243 9242
f 9244 9246 9245
f 9247 9249 9248
f 9250 9252 9251
f 9253 9255 9254
f 9256 9258 9257
f 9259 9261 9260
f 9262 9264 9263
f 9265 9267 9266
f 9268 9270 9269
f 9271 9273 9272
f 9274 9276 9275
f 9277 9279 9278
f 9280 9282 9281
f 9283 9285 9284
f 9286 9288 9287
f 9289 9291 9290
f 9292 9294 9293
f 9295 9297 9296
f 9298 9300 9299
f 9301 9303 9302
f 9304 9306 9305
f 9307 9309 9308
f 9310 9312 9311
f 9313 9315 9314
f 9316 9318 9317
f 9319 9321 9320
f 9322 9324 9323
f 9325 9327 9326
f 9328 9330 9329
f 9331 9333 9332
f 9334 9336 9335
f 9337 9339 9338
f 9340 9342 9341
f 9343 9345 9344
f 9346 9348 9347
f 9349 9351 9350
f 9352 9354 9353
f 9355 9357 9356
f 9358 9360 9359
f 9361 9363 9362
f 9364 9366 9365
f 9367 9369 9368
f 9370 9372 9371
f 9373 9375 9374
f 9376 9378 9377
f 9379 9381 9380
f 9382 9384 9383
f 9385 9387 9386
f 9388 9390 9389
f 9391 9393 9392
f 9394 9396 9395
f 9397 9399 9398
f 9400 9402 9401
f 9403 9405 9404
f 9406 9408 9407
f 9409 9411 9410
f 9412 9414 9413
f 9415 9417 9416
f 9418 9420 9419
f 9421 9423 9422
f 9424 9426 9425
f 9427 9429 9428
f 9430 9432 9431
f 9433 9435 9434
f 9436 9438 9437
f 9439 9441 9440
f 9442 9444 9443
f 9445 9447 9446
f 9448 9450 9449
f 9451 9453 9452
f 9454 9456 9455
f 9457 9459 9458
f 9460 9462 9461
f 9463 9465 9464
f 9466 9468 9467
f 9469 9471 9470
f 9472 9474 9473
f 9475 9477 9476
f 9478 9480 9479
f 9481 9483 9482
f 9484 9486 9485
f 9487 9489 9488
f 9490 9492 9491
f 9493 9495 9494
f 9496 9498 9497
f 9499 9501 9500
f 9502 9504 9503
f 9505 9507 9506
f 9508 9510 9509
f 9511 9513 9512
f 9514 9516 9515
f 9517 9519 9518
f 9520 9522 9521
f 9523 9525 9524
f 9526 9528 9527
f 9529 9531 9530
f 9532 9534 9533
f 9535 9537 9536
f 9538 9540 9539
f 9541 9543 9542
f 9544 9546 9545
f 9547 9549 9548
f 9550 9552 9551
f 9553 9555 9554
f 9556 9558 9557
f 9559 9561 9560
f 9562 9564 9563
f 9565 9567 9566
f 9568 9570 9569
f 9571 9573 9572
f 9574 9576 9575
f 9577 9579 9578
f 9580 9582 9581
f 9583 9585 9584
f 9586 9588 9587
f 9589 9591 9590
f 9592 9594 9593
f 9595 9597 9596
f 9598 9600 9599
f 9601 9603 9602
f 9604 9606 9605
f 9607 9609 9608
f 9610 9612 9611
f 9613 9615 9614
f 9616 9618 9617
f 9619 9621 9620
f 9622 9624 9623
f 9625 9627 9626
f 9628 9630 9629
f 9631 9633 9632
f 9634 9636 9635
f 9637 9639 9638
f 9640 9642 9641
f 9643 9645 9644
f 9646 9648 9647
f 9649 9651 9650
f 9652 9654 9653
f 9655 9657 9656
f 9658 9660 9659
f 9661 9663 9662
f 9664 9666 9665
f 9667 9669 9668
f 9670 9672 9671
f 9673 9675 9674
f 9676 9678 9677
f 9679 9681 9680
f 9682 9684 9683
f 9685 9687 9686
f 9688 9690 9689
f 9691 9693 9692
f 9694 9696 9695
f 9697 9699 9698
f 9700 9702 9701
f 9703 9705 9704
f 9706 9708 9707
f 9709 9711 9710
f 9712 9714 9713
f 9715 9717 9716
f 9718 9720 9719
f 9721 9723 9722
f 9724 9726 9725
f 9727 9729 9728
f 9730 9732 9731
f 9733 9735 9734
f 9736 9738 9737
f 9739 9741 9740
f 9742 9744 9743
f 9745 9747 9746
f 9748 9750 9749
f 9751 9753 9752
f 9754 9756 9755
f 9757 9759 9758
f 9760 9762 9761
f 9763 9765 9764
f 9766 9768 9767
f 9769 9771 9770
f 9772 9774 9773
f 9775 9777 9776
f 9778 9780 9779
f 9781 9783 9782
f 9784 9786 9785
f 9787 9789 9788
f 9790 9792 9791
f 9793 9795 9794
f 9796 9798 9797
f 9799 9801 9800
f 9802 9804 9803
f 9805 9807 9806
f 9808 9810 9809
f 9811 9813 9812
f 9814 9816 9815
f 9817 9819 9818
f 9820 9822 9821
f 9823 9825 9824
f 9826 9828 9827
f 9829 9831 9830
f 9832 9834 9833
f 9835 9837 9836
f 9838 9840 9839
f 9841 9843 9842
f 9844 9846 9845
f 9847 9849 9848
f 9850 9852 9851
f 9853 9855 9854
f 9856 9858 9857
f 9859 9861 9860
f 9862 9864 9863
f 9865 9867 9866
f 9868 9870 9869
f 9871 9873 9872
f 9874 9876 9875
f 9877 9879 9878
f 9880 9882 9881
f 9883 9885 9884
f 9886 9888 9887
f 9889 9891 9890
f 9892 9894 9893
f 9895 9897 9896
f 9898 9900 9899
f 9901 9903 9902
f 9904 9906 9905
f 9907 9909 9908
f 9910 9912 9911
f 9913 9915 9914
f 9916 9918 9917
f 9919 9921 9920
f 9922 9924 9923
f 9925 9927 9926
f 9928 9930 9929
f 9931 9933 9932
f 9934 9936 9935
f 9937 9939 9938
f 9940 9942 9941
f 9943 9945 9944
f 9946 9948 9947
f 9949 9951 9950
f 9952 9954 9953
f 9955 9957 9956
f 9958 9960 9959
f 9961 9963 9962
f 9964 9966 9965
f 9967 9969 9968
f 9970 9972 9971
f 9973 9975 9974
f 9976 9978 9977
f 9979 9981 9980
f 9982 9984 9983
f 9985 9987 9986
f 9988 9990 9989
f 9991 9993 9992
f 9994 9996 9995
f 9997 9999 9998
f 10000 10002 10001
f 10003 10005 10004
f 10006 10008 10007
f 10009 10011 10010
f 10012 10014 10013
f 10015 10017 10016
f 10018 10020 10019
f 10021 10023 10022
f 10024 10026 10025
f 10027 10029 10028
f 10030 10032 10031
f 10033 10035 10034
f 10036 10038 10037
f 10039 10041 10040
f 10042 10044 10043
f 10045 10047 10046
f 10048 10050 10049
f 10051 10053 10052
f 10054 10056 10055
f 10057 10059 10058
f 10060 10062 10061
f 10063 10065 10064
f 10066 10068 10067
f 10069 10071 10070
f 10072 10074 10073
f 10075 10077 10076
f 10078 10080 10079
f 10081 10083 10082
f 10084 10086 10085
f 10087 10089 10088
f 10090 10092 10091
f 10093 10095 10094
f 10096 10098 10097
f 10099 10101 10100
f 10102 10104 10103
f 10105 10107 10106
f 10108 10110 10109
f 10111 10113 10112
f 10114 10116 10115
f 10117 10119 10118
f 10120 10122 10121
f 10123 10125 10124
f 10126 10128 10127
f 10129 10131 10130
f 10132 10134 10133
f 10135 10137 10136
f 10138 10140 10139
f 10141 10143 10142
f 10144 10146 10145
f 10147 10149 10148
f 10150 10152 10151
f 10153 10155 10154
f 10156 10158 10157
f 10159 10161 10160
f 10162 10164 10163
f 10165 10167 10166
f 10168 10170 10169
f 10171 10173 10172
f 10174 10176 10175
f 10177 10179 10178
f 10180 10182 10181
f 10183 10185 10184
f 10186 10188 10187
f 10189 10191 10190
f 10192 10194 10193
f 10195 10197 10196
f 10198 10200 10199
f 10201 10203 10202
f 10204 10206 10205
f 10207 10209 10208
f 10210 10212 10211
f 10213 10215 10214
f 10216 10218 10217
f 10219 10221 10220
f 10222 10224 10223
f 10225 10227 10226
f 10228 10230 10229
f 10231 10233 10232
f 10234 10236 10235
f 10237 10239 10238
f 10240 10242 10241
f 10243 10245 10244
f 10246 10248 10247
f 10249 10251 10250
f 10252 10254 10253
f 10255 10257 10256
f 10258 10260 10259
f 10261 10263 10262
f 10264 10266 10265
f 10267 10269 10268
f 10270 10272 10271
f 10273 10275 10274
f 10276 10278 10277
f 10279 10281 10280
f 10282 10284 10283
f 10285 10287 10286
f 10288 10290 10289
f 10291 10293 10292
f 10294 10296 10295
f 10297 10299 10298
f 10300 10302 10301
f 10303 10305 10304
f 10306 10308 10307
f 10309 10311 10310
f 10312 10314 10313
f 10315 10317 10316
f 10318 10320 10319
f 10321 10323 10322
f 10324 10326 10325
f 10327 10329 10328
f 10330 10332 10331
f 10333 10335 10334
f 10336 10338 10337
f 10339 10341 10340
f 10342 10344 10343
f 10345 10347 10346
f 10348 10350 10349
f 10351 10353 10352
f 10354 10356 10355
f 10357 10359 10358
f 10360 10362 10361
f 10363 10365 10364
f 10366 10368 10367
f 10369 10371 10370
f 10372 10374 10373
f 10375 10377 10376
f 10378 10380 10379
f 10381 10383 10382
f 10384 10386 10385
f 10387 10389 10388
f 10390 10392 10391
f 10393 10395 10394
f 10396 10398 10397
f 10399 10401 10400
f 10402 10404 10403
f 10405 10407 10406
f 10408 10410 10409
f 10411 10413 10412
f 10414 10416 10415
f 10417 10419 10418
f 10420 10422 10421
f 10423 10425 10424
f 10426 10428 10427
f 10429 10431 10430
f 10432 10434 10433
f 10435 10437 10436
f 10438 10440 10439
f 10441 10443 10442
f 10444 10446 10445
f 10447 10449 10448
f 10450 10452 10451
f 10453 10455 10454
f 10456 10458 10457
f 10459 10461 10460
f 10462 10464 10463
f 10465 10467 10466
f 10468 10470 10469
f 10471 10473 10472
f 10474 10476 10475
f 10477 10479 10478
f 10480 10482 10481
f 10483 10485 10484
f 10486 10488 10487
f 10489 10491 10490
f 10492 10494 10493
f 10495 10497 10496
f 10498 10500 10499
f 10501 10503 10502
f 10504 10506 10505
f 10507 10509 10508
f 10510 10512 10511
f 10513 10515 10514
f 10516 10518 10517
f 10519 10521 10520
f 10522 10524 10523
f 10525 10527 10526
f 10528 10530 10529
f 10531 10533 10532
f 10534 10536 10535
f 10537 10539 10538
f 10540 10542 10541
f 10543 10545 10544
f 10546 10548 10547
f 10549 10551 10550
f 10552 10554 10553
f 10555 10557 10556
f 10558 10560 10559
f 10561 10563 10562
f 10564 10566 10565
f 10567 10569 10568
f 10570 10572 10571
f 10573 10575 10574
f 10576 10578 10577
f 10579 10581 10580
f 10582 10584 10583
f 10585 10587 10586
f 10588 10590 10589
f 10591 10593 10592
f 10594 10596 10595
f 10597 10599 10598
f 10600 10602 10601
f 10603 10605 10604
f 10606 10608 10607
f 10609 10611 10610
f 10612 10614 10613
f 10615 10617 10616
f 10618 10620 10619
f 10621 10623 10622
f 10624 10626 10625
f 10627 10629 10628
f 10630 10632 10631
f 10633 10635 10634
f 10636 10638 10637
f 10639 10641 10640
f 10642 10644 10643
f 10645 10647 10646
f 10648 10650 10649
f 10651 10653 10652
f 10654 10656 10655
f 10657 10659 10658
f 10660 10662 10661
f 10663 10665 10664
f 10666 10668 10667
f 10669 10671 10670
f 10672 10674 10673
f 10675 10677 10676
f 10678 10680 10679
f 10681 10683 10682
f 10684 10686 10685
f 10687 10689 10688
f 10690 10692 10691
f 10693 10695 10694
f 10696 10698 10697
f 10699 10701 10700
f 10702 10704 10703
f 10705 10707 10706
f 10708 10710 10709
f 10711 10713 10712
f 10714 10716 10715
f 10717 10719 10718
f 10720 10722 10721
f 10723 10725 10724
f 10726 10728 10727
f 10729 10731 10730
f 10732 10734 10733
f 10735 10737 10736
f 10738 10740 10739
f 10741 10743 10742
f 10744 10746 10745
f 10747 10749 10748
f 10750 10752 10751
f 10753 10755 10754
f 10756 10758 10757
f 10759 10761 10760
f 10762 10764 10763
f 10765 10767 10766
f 10768 10770 10769
f 10771 10773 10772
f 10774 10776 10775
f 10777 10779 10778
f 10780 10782 10781
f 10783 10785 10784
f 10786 10788 10787
f 10789 10791 10790
f 10792 10794 10793
f 10795 10797 10796
f 10798 10800 10799
